{
    "participantID": "hh",
    "modelType": "logLinearMismatch_LapseFree_sharedPrior",
    "fittedParams": [
        0.27039703126246073,
        0.01,
        0.5054529557029364,
        0.9990375972632,
        2.1308123367226153,
        0.35339822261183085,
        0.28751260504236315
    ],
    "AIC": 1457.754949989295,
    "BIC": 1473.8293228472799,
    "logLikelihood": -724.8774749946475,
    "n_conditions": 411
}