{
    "participantID": "hh",
    "modelType": "probabilityMatchingLogNorm_LapseFree_sharedPrior",
    "fittedParams": [
        0.2418516990616918,
        0.0070710678118654745,
        0.3574092125483299,
        7.450579597723106e-10,
        1.5067118527325143,
        0.34461921915151184,
        0.25363237972110514
    ],
    "AIC": 1391.719377907192,
    "BIC": 1407.7937507651768,
    "logLikelihood": -691.859688953596,
    "n_conditions": 411
}