{
    "participantID": "hh",
    "modelType": "switchingFree_LapseFree_sharedPrior",
    "fittedParams": [
        0.0010000000000011111,
        0.0070710678118654745,
        0.3574092125483299,
        0.31638832039767945,
        1.5067118527325143,
        0.0010000000000011111,
        0.021888370678355112,
        0.9999992618988544
    ],
    "AIC": 1265.795861759944,
    "BIC": 1285.8888278324252,
    "logLikelihood": -627.897930879972,
    "n_conditions": 411
}