{
    "participantID": "dt",
    "modelType": "selection_LapseFix_sharedPrior",
    "fittedParams": [
        0.22296012866417725,
        0.10493936655208624,
        0.2497489669674211,
        0.9999998330916242,
        0.29004711940058403
    ],
    "AIC": 2546.3943082555506,
    "BIC": 2566.962719154712,
    "logLikelihood": -1268.1971541277753,
    "n_conditions": 452
}