{
    "participantID": "dt",
    "modelType": "switchingFree_LapseFree_sharedPrior",
    "fittedParams": [
        0.298504192352295,
        0.15780466930389392,
        0.2839282761383055,
        0.1467357635498046,
        0.3205429614257811,
        0.22271726684570314,
        0.19869315757751466,
        0.4803596496582031
    ],
    "AIC": 2550.3567172357516,
    "BIC": 2583.2661746744093,
    "logLikelihood": -1267.1783586178758,
    "n_conditions": 452
}