{
    "participantID": "dt",
    "modelType": "lognorm_LapseFix_sharedPrior",
    "fittedParams": [
        0.24687551211220563,
        0.21707272236524666,
        0.3353227284497615,
        0.6085857903584838,
        0.5820827941356488
    ],
    "AIC": 2549.546214996778,
    "BIC": 2570.1146258959393,
    "logLikelihood": -1269.773107498389,
    "n_conditions": 452
}