{
    "participantID": "dt",
    "modelType": "selection_LapseFree_sharedPrior",
    "fittedParams": [
        0.2353286753914192,
        0.11204261481100286,
        0.27305168795384793,
        0.68279483680235,
        0.30963608404209264,
        0.21397656959150482,
        0.1651568613226886
    ],
    "AIC": 2553.8996350246953,
    "BIC": 2582.6954102835207,
    "logLikelihood": -1269.9498175123476,
    "n_conditions": 452
}