{
    "participantID": "ln2",
    "modelType": "lognorm_LapseFree_contextualPrior",
    "fittedParams": [
        0.0233234786987305,
        0.19769694328308102,
        0.6199657249450683,
        0.95,
        0.4482359313964844,
        5.551115123125783e-17,
        0.07358154296875002,
        0.19053527669906617,
        0.015725040435790982,
        5.148455014870644
    ],
    "AIC": 2181.599121856172,
    "BIC": 2223.5227467509208,
    "logLikelihood": -1080.799560928086,
    "n_conditions": 489
}