{
    "participantID": "ln2",
    "modelType": "probabilityMatching_LapseFree_sharedPrior",
    "fittedParams": [
        0.020038985044357097,
        0.10000059251556193,
        0.4728416185101286,
        0.3347241527007395,
        0.22440945783280764,
        2.0499054371653225e-05,
        0.13342576150324023,
        0.9977816830792108,
        5.66177184783809
    ],
    "AIC": 2197.2696919636132,
    "BIC": 2235.000954368887,
    "logLikelihood": -1089.6348459818066,
    "n_conditions": 489
}