{
    "participantID": "ln2",
    "modelType": "lognorm_LapseFree_sharedPrior",
    "fittedParams": [
        0.0010216173600052503,
        0.20076194300094352,
        0.47724691999399504,
        0.06705379601953604,
        0.5025128115939516,
        0.001000330330475474,
        0.072215474091157,
        0.01601134064520013,
        0.5000000000069127
    ],
    "AIC": 2176.8440620092915,
    "BIC": 2214.5753244145653,
    "logLikelihood": -1079.4220310046458,
    "n_conditions": 489
}