{
    "participantID": "ln2",
    "modelType": "probabilityMatchingLogNorm_LapseFree_sharedPrior",
    "fittedParams": [
        0.001901742184162114,
        0.19513171368598925,
        1.152963029243946,
        0.27700114250183105,
        0.4590367807161809,
        0.001040494042634954,
        0.08042694919705391
    ],
    "AIC": 2177.0554877721884,
    "BIC": 2206.4020251985125,
    "logLikelihood": -1081.5277438860942,
    "n_conditions": 489
}