{
    "participantID": "ln2",
    "modelType": "logLinearMismatch_LapseFree_sharedPrior",
    "fittedParams": [
        0.04406406818988372,
        0.1790073529021806,
        2.176801322693298,
        0.7972264119518434,
        0.3694652968337954,
        0.007297825237719643,
        0.02795115346189392
    ],
    "AIC": 2178.7159407277145,
    "BIC": 2208.0624781540387,
    "logLikelihood": -1082.3579703638572,
    "n_conditions": 489
}