{
    "participantID": "ln2",
    "modelType": "gaussian_LapseFree_sharedPrior",
    "fittedParams": [
        0.10942255584886816,
        0.08783119286522656,
        0.2932883605032448,
        0.6158542136359813,
        0.21209895385051247,
        0.0010000738092160455,
        0.12588498100301465
    ],
    "AIC": 2191.962494937793,
    "BIC": 2221.3090323641172,
    "logLikelihood": -1088.9812474688965,
    "n_conditions": 489
}