{
    "participantID": "ln2",
    "modelType": "lognorm_LapseFree_contextualPrior",
    "fittedParams": [
        0.0010991377807496872,
        0.18964278819597435,
        0.8280605587566288,
        0.9497060732459432,
        0.44896395706210124,
        0.0010484861367049125,
        0.10289813751698712,
        0.16015489792644072,
        0.37136955476486033,
        9.323567750555819
    ],
    "AIC": 2187.9720302559194,
    "BIC": 2229.895655150668,
    "logLikelihood": -1083.9860151279597,
    "n_conditions": 489
}