{
    "participantID": "ln2",
    "modelType": "lognorm_LapseFree_sharedPrior",
    "fittedParams": [
        0.0010000011891126426,
        0.2077764273449777,
        0.07412026678293926,
        0.17584776282310483,
        0.47576609967440375,
        0.0010000011891126426,
        0.07285161779224872
    ],
    "AIC": 2175.788623650893,
    "BIC": 2205.135161077217,
    "logLikelihood": -1080.8943118254465,
    "n_conditions": 489
}