{
    "participantID": "ln2",
    "modelType": "lognorm_LapseFree_sharedPrior",
    "fittedParams": [
        0.0599635304212221,
        0.18836278380664695,
        1.0506597160984714,
        0.9678884119319264,
        0.42758112474503096,
        0.0012397202542749897,
        0.08462305549983284
    ],
    "AIC": 2176.423332126018,
    "BIC": 2205.7698695523422,
    "logLikelihood": -1081.211666063009,
    "n_conditions": 489
}