{
    "participantID": "ln2",
    "modelType": "probabilityMatchingLogNorm_LapseFree_sharedPrior",
    "fittedParams": [
        0.053132914920523744,
        0.19102446240451176,
        1.320027982019931,
        0.05268281362950794,
        0.44252705161761485,
        0.0010000002972781474,
        0.05314363655485213
    ],
    "AIC": 2184.2506877946507,
    "BIC": 2213.597225220975,
    "logLikelihood": -1085.1253438973254,
    "n_conditions": 489
}