{
    "participantID": "ln2",
    "modelType": "lognorm_LapseFree_sharedPrior",
    "fittedParams": [
        0.0010001464306326202,
        0.20303030558922985,
        0.46827322030400864,
        0.32079588051751096,
        0.48682399076182414,
        0.0068777908945968635,
        0.0693899971766381,
        0.1238322550330895,
        3.5394230340964414
    ],
    "AIC": 2183.7841567249425,
    "BIC": 2221.5154191302163,
    "logLikelihood": -1082.8920783624712,
    "n_conditions": 489
}