{
    "participantID": "ln2",
    "modelType": "switchingFree_LapseFix_sharedPrior",
    "fittedParams": [
        0.0010119113406951707,
        0.1576512807817586,
        0.5162695275900169,
        0.12809480863650147,
        0.40586182568417795,
        0.09004408522166607
    ],
    "AIC": 2176.225785998263,
    "BIC": 2201.379960935112,
    "logLikelihood": -1082.1128929991314,
    "n_conditions": 489
}