{
    "participantID": "ln2",
    "modelType": "lognorm_LapseFree_sharedPrior",
    "fittedParams": [
        0.0412192163825263,
        0.19144540050957068,
        3.2898828723909763,
        0.6672389824031184,
        0.44532404088925603,
        0.023892156047632583,
        0.022698292174467966
    ],
    "AIC": 2179.3155663982466,
    "BIC": 2208.6621038245707,
    "logLikelihood": -1082.6577831991233,
    "n_conditions": 489
}