{
    "participantID": "ln2",
    "modelType": "gaussian_LapseFree_sharedPrior",
    "fittedParams": [
        0.12423579150154107,
        0.10631971831774924,
        0.3017559411718761,
        0.5932094415564676,
        0.2204625271351781,
        0.021707791292389846,
        0.12444119060675474
    ],
    "AIC": 2195.7456317997976,
    "BIC": 2225.0921692261218,
    "logLikelihood": -1090.8728158998988,
    "n_conditions": 489
}