{
    "participantID": "ln2",
    "modelType": "selection_LapseFree_sharedPrior",
    "fittedParams": [
        0.016913124643248734,
        0.1061945679661005,
        0.5111587509387054,
        0.7863523203254772,
        0.21110829911214002,
        0.0016604348540786296,
        0.10142631157547212
    ],
    "AIC": 2199.2048722726986,
    "BIC": 2228.5514096990228,
    "logLikelihood": -1092.6024361363493,
    "n_conditions": 489
}