{
    "participantID": "ln2",
    "modelType": "probabilityMatchingLogNorm_LapseFree_sharedPrior",
    "fittedParams": [
        0.056122100668515015,
        0.19483364640889014,
        2.356973592887287,
        0.12369284499537815,
        0.36445826694810146,
        0.017928848827462127,
        0.10563573710686457,
        2.87790809766162,
        6.881744061936177
    ],
    "AIC": 2184.9958411683533,
    "BIC": 2222.727103573627,
    "logLikelihood": -1083.4979205841767,
    "n_conditions": 489
}