{
    "participantID": "ln2",
    "modelType": "switchingFree_LapseFree_sharedPrior",
    "fittedParams": [
        0.001000019025802601,
        0.2506429154720393,
        0.7633140129829991,
        4.768371575369912e-08,
        2.724685171841831,
        0.001000019025802601,
        0.032129380869865415,
        0.8257532835006715
    ],
    "AIC": 2244.899978992215,
    "BIC": 2265.8617914395895,
    "logLikelihood": -1117.4499894961075,
    "n_conditions": 489
}