{
    "participantID": "ln2",
    "modelType": "probabilityMatching_LapseFree_sharedPrior",
    "fittedParams": [
        0.0703845034076697,
        0.1007883854649632,
        0.5152654016825252,
        0.30132352045288646,
        0.2114387059049778,
        0.05239685411146895,
        0.12984197144292534,
        -1.8292844476123917,
        6.610326647531126
    ],
    "AIC": 2205.0669111461084,
    "BIC": 2242.798173551382,
    "logLikelihood": -1093.5334555730542,
    "n_conditions": 489
}