{
    "participantID": "ln2",
    "modelType": "fusionOnly_LapseFree_sharedPrior",
    "fittedParams": [
        0.05060010336536971,
        0.0933823787511923,
        1.4516399185595925,
        0.26416549327115846,
        1.9197252731477088,
        2.300289771897484
    ],
    "AIC": 2202.9099576729586,
    "BIC": 2228.064132609808,
    "logLikelihood": -1095.4549788364793,
    "n_conditions": 489
}