{
    "participantID": "ln2",
    "modelType": "fusionOnlyLogNorm_LapseFree_sharedPrior",
    "fittedParams": [
        0.0010000002972781474,
        0.19983552420884365,
        1.1018408349081872,
        0.46640401702746737,
        0.0010000002972781474,
        0.08899224052764475
    ],
    "AIC": 2176.608995521396,
    "BIC": 2201.7631704582454,
    "logLikelihood": -1082.304497760698,
    "n_conditions": 489
}