{
    "participantID": "ln2",
    "modelType": "lognorm_LapseFree_contextualPrior",
    "fittedParams": [
        0.08149732446936928,
        0.19751993630637743,
        0.47379652673029815,
        0.25021304243152254,
        0.4717049368766405,
        0.001000000000004525,
        0.11565565517661736,
        0.14467073994353535,
        0.03499334309353119,
        7.826288475840029
    ],
    "AIC": 2187.850426681351,
    "BIC": 2229.7740515760997,
    "logLikelihood": -1083.9252133406756,
    "n_conditions": 489
}