{
    "participantID": "ln2",
    "modelType": "selection_LapseFree_sharedPrior",
    "fittedParams": [
        0.0754249019457493,
        0.0867190089796086,
        0.5090778574584074,
        0.6714893131051213,
        0.20100481095552902,
        0.0010000000185798608,
        0.1639858461672673
    ],
    "AIC": 2195.712508706191,
    "BIC": 2225.059046132515,
    "logLikelihood": -1090.8562543530954,
    "n_conditions": 489
}