{
    "participantID": "ln2",
    "modelType": "selection_LapseFree_sharedPrior",
    "fittedParams": [
        0.022762156552026486,
        0.10473106065805038,
        0.5704753769359785,
        0.5734740380308722,
        0.23999142187336475,
        0.0010003894392236201,
        0.08123980819940152,
        0.25051643051156136,
        9.954083891247944
    ],
    "AIC": 2205.454246989258,
    "BIC": 2243.185509394532,
    "logLikelihood": -1093.727123494629,
    "n_conditions": 489
}