{
    "participantID": "ln2",
    "modelType": "gaussian_LapseFree_sharedPrior",
    "fittedParams": [
        0.04151449668499935,
        0.10006966895185543,
        0.41801166249806554,
        0.611856705400994,
        0.23827440303808545,
        2.031912117700374e-06,
        0.11880625229845466,
        0.9916796471078669,
        1.2175930872045324
    ],
    "AIC": 2199.0578339145677,
    "BIC": 2236.7890963198415,
    "logLikelihood": -1090.5289169572839,
    "n_conditions": 489
}