{
    "participantID": "ln2",
    "modelType": "lognorm_LapseFree_sharedPrior",
    "fittedParams": [
        0.06084179551081406,
        0.1849782494155363,
        0.9445265040798592,
        0.6793707729667858,
        0.4191716557923737,
        0.0010452835343475742,
        0.10658474271982132
    ],
    "AIC": 2175.866914926019,
    "BIC": 2205.213452352343,
    "logLikelihood": -1080.9334574630095,
    "n_conditions": 489
}