{
    "participantID": "ln2",
    "modelType": "fusionOnlyLogNorm_LapseFree_sharedPrior",
    "fittedParams": [
        0.053113675012870246,
        0.21213616250608003,
        0.9307294875816173,
        0.43167229462605533,
        0.6480168328258429,
        6.263998787154072
    ],
    "AIC": 2175.843075720977,
    "BIC": 2200.9972506578265,
    "logLikelihood": -1081.9215378604886,
    "n_conditions": 489
}