{
    "participantID": "ln2",
    "modelType": "selection_LapseFree_sharedPrior",
    "fittedParams": [
        0.15717203993043533,
        0.09026360557153457,
        0.3921757965627688,
        0.9999999999999546,
        0.20436757648325232,
        0.0010002701603876452,
        0.25095279254033204
    ],
    "AIC": 2200.8254077181286,
    "BIC": 2230.171945144453,
    "logLikelihood": -1093.4127038590643,
    "n_conditions": 489
}