{
    "participantID": "ln2",
    "modelType": "selection_LapseFree_sharedPrior",
    "fittedParams": [
        0.0010194824218749954,
        0.2506429154720393,
        0.7633140129829991,
        0.9701416015625001,
        2.724685171841831,
        0.0010194824218749954,
        0.0010194824218749954
    ],
    "AIC": 2370.2150611340594,
    "BIC": 2386.9845110919587,
    "logLikelihood": -1181.1075305670297,
    "n_conditions": 489
}