{
    "participantID": "ln2",
    "modelType": "probabilityMatchingLogNorm_LapseFree_sharedPrior",
    "fittedParams": [
        0.0010000761032104288,
        0.2506429154720393,
        0.7633140129829991,
        0.054732131958007746,
        2.724685171841831,
        0.0010000761032104288,
        0.05591470680236815
    ],
    "AIC": 2231.034602989855,
    "BIC": 2247.8040529477544,
    "logLikelihood": -1111.5173014949276,
    "n_conditions": 489
}