{
    "participantID": "ln2",
    "modelType": "selection_LapseFree_sharedPrior",
    "fittedParams": [
        0.13119827949338825,
        0.07964738204215797,
        2.50469067407477,
        0.9830543122351423,
        0.17158371320411298,
        0.08050435947614756,
        0.18129361817058187
    ],
    "AIC": 2203.4455661006155,
    "BIC": 2232.7921035269396,
    "logLikelihood": -1094.7227830503077,
    "n_conditions": 489
}