{
    "participantID": "ln2",
    "modelType": "probabilityMatchingLogNorm_LapseFree_sharedPrior",
    "fittedParams": [
        0.03544410222074437,
        0.17554173268037632,
        0.8637789089589932,
        0.45720201864278354,
        0.420380214075467,
        0.022534506196267096,
        0.1282756024396087,
        0.004352843465458167,
        6.889610460947172
    ],
    "AIC": 2179.0610330072545,
    "BIC": 2216.7922954125283,
    "logLikelihood": -1080.5305165036273,
    "n_conditions": 489
}