{
    "participantID": "ln2",
    "modelType": "lognorm_LapseFree_sharedPrior",
    "fittedParams": [
        0.040613263845443726,
        0.1934314346313476,
        0.9479425168037413,
        0.6145271569252013,
        0.4472673797607422,
        0.00043213844299319626,
        0.08731104850769046,
        0.6630163192749023,
        1.3564187645912176
    ],
    "AIC": 2178.555452357611,
    "BIC": 2216.286714762885,
    "logLikelihood": -1080.2777261788056,
    "n_conditions": 489
}