{
    "participantID": "ln2",
    "modelType": "switchingFree_LapseFree_sharedPrior",
    "fittedParams": [
        0.044148265576942125,
        0.08543453706586109,
        0.10736668209766911,
        0.1879521127177087,
        0.19196915669233072,
        0.032810412857181614,
        0.10796476243659467,
        0.007275987222234555
    ],
    "AIC": 2200.676276054811,
    "BIC": 2234.21517597061,
    "logLikelihood": -1092.3381380274054,
    "n_conditions": 489
}