{
    "participantID": "ln2",
    "modelType": "lognorm_LapseFree_sharedPrior",
    "fittedParams": [
        0.08151605586161963,
        0.17205638655139913,
        3.512999012689559,
        0.5578354173948632,
        0.40748386563360856,
        0.027689885372318698,
        0.10101191201039958
    ],
    "AIC": 2183.437909707739,
    "BIC": 2212.784447134063,
    "logLikelihood": -1084.7189548538695,
    "n_conditions": 489
}