{
    "participantID": "ln2",
    "modelType": "fusionOnly_LapseFree_sharedPrior",
    "fittedParams": [
        0.14288725602030755,
        0.08182100665569303,
        0.4014759988188743,
        0.19487730234861367,
        0.04912558458447455,
        0.19408220199346543
    ],
    "AIC": 2195.2477483568255,
    "BIC": 2220.401923293675,
    "logLikelihood": -1091.6238741784127,
    "n_conditions": 489
}