{
    "participantID": "ln2",
    "modelType": "switchingFree_LapseFree_sharedPrior",
    "fittedParams": [
        0.00882647228898627,
        0.17311005119861345,
        0.052016205651035666,
        0.09495427593150818,
        0.4674891584046019,
        0.022496457838395982,
        0.07680832517505584,
        0.06796695067096567
    ],
    "AIC": 2177.2823029728956,
    "BIC": 2210.8212028886946,
    "logLikelihood": -1080.6411514864478,
    "n_conditions": 489
}