{
    "participantID": "ln2",
    "modelType": "selection_LapseFree_sharedPrior",
    "fittedParams": [
        0.08465713708529715,
        0.09236665259792219,
        0.6779999652386203,
        0.6134781679448146,
        0.20713273914613697,
        0.017893619662852966,
        0.1093986378501524,
        1.6280069154862797,
        12.6854158031246
    ],
    "AIC": 2199.691245874357,
    "BIC": 2237.4225082796306,
    "logLikelihood": -1090.8456229371784,
    "n_conditions": 489
}