{
    "participantID": "ln2",
    "modelType": "switchingFree_LapseFree_sharedPrior",
    "fittedParams": [
        0.02305927357649387,
        0.17661862089238,
        0.0820067905480687,
        0.11380842889930132,
        0.43583928086372614,
        0.001008885910010554,
        0.08109148702787543,
        0.06430263159991223
    ],
    "AIC": 2170.0540209009955,
    "BIC": 2203.5929208167945,
    "logLikelihood": -1077.0270104504978,
    "n_conditions": 489
}