{
    "participantID": "ln2",
    "modelType": "probabilityMatching_LapseFree_sharedPrior",
    "fittedParams": [
        0.04639696241220226,
        0.10044163324648381,
        0.43230627432882773,
        0.15521285135182544,
        0.204274577196617,
        0.001000000004644952,
        0.11448882372641819
    ],
    "AIC": 2197.4304021870034,
    "BIC": 2226.7769396133276,
    "logLikelihood": -1091.7152010935017,
    "n_conditions": 489
}