{
    "participantID": "ln2",
    "modelType": "selection_LapseFree_sharedPrior",
    "fittedParams": [
        0.0010000761032104288,
        0.2506429154720393,
        0.7633140129829991,
        0.5080223083496094,
        2.724685171841831,
        0.0010000761032104288,
        0.0010000761032104288
    ],
    "AIC": 2370.622826175311,
    "BIC": 2387.39227613321,
    "logLikelihood": -1181.3114130876554,
    "n_conditions": 489
}