{
    "participantID": "ln2",
    "modelType": "probabilityMatchingLogNorm_LapseFree_sharedPrior",
    "fittedParams": [
        0.024507874476253994,
        0.17950076471466037,
        1.0010949735271095,
        0.07887571964078566,
        0.44086233503278294,
        0.0010039500910130617,
        0.1505339461111064
    ],
    "AIC": 2180.1038293682805,
    "BIC": 2209.4503667946046,
    "logLikelihood": -1083.0519146841402,
    "n_conditions": 489
}