{
    "participantID": "ln2",
    "modelType": "lognorm_LapseFree_sharedPrior",
    "fittedParams": [
        0.04760637334547936,
        0.19303771020844573,
        0.821870232084766,
        0.28289471899578345,
        0.4587126787006855,
        0.0034028985351324537,
        0.05573051933199172,
        0.9610228598117829,
        1.1000000000000005
    ],
    "AIC": 2175.076689619072,
    "BIC": 2212.807952024346,
    "logLikelihood": -1078.538344809536,
    "n_conditions": 489
}