{
    "participantID": "ln2",
    "modelType": "switchingWithConflict_LapseFree_sharedPrior",
    "fittedParams": [
        0.08867351983636618,
        0.08924696117639541,
        1.3074733696132896,
        0.000849851965904147,
        0.19771322675049308,
        0.0010897893026471095,
        0.13468366645276547,
        0.2994430504739287,
        0.33022656917572024,
        8.310308746171163
    ],
    "AIC": 2208.6360895097787,
    "BIC": 2250.5597144045273,
    "logLikelihood": -1094.3180447548893,
    "n_conditions": 489
}