{
    "participantID": "ln2",
    "modelType": "gaussian_LapseFree_sharedPrior",
    "fittedParams": [
        0.0230258050093348,
        0.10127267144305219,
        0.5643303171047541,
        0.7683656019901622,
        0.21665119170643363,
        0.03077480975792691,
        0.04421684993873945,
        2.466201363395988,
        2.8306895660020306
    ],
    "AIC": 2199.935258152168,
    "BIC": 2237.666520557442,
    "logLikelihood": -1090.967629076084,
    "n_conditions": 489
}