{
    "participantID": "ln2",
    "modelType": "switching_LapseFree_sharedPrior",
    "fittedParams": [
        0.0010059757556300508,
        0.18644059104646082,
        0.8903576160321849,
        0.6355505707440898,
        0.3804577435929932,
        0.0010000000185798608,
        0.0010004950424656045
    ],
    "AIC": 2181.6786982918993,
    "BIC": 2211.0252357182235,
    "logLikelihood": -1083.8393491459497,
    "n_conditions": 489
}