{
    "participantID": "ln2",
    "modelType": "logLinearMismatch_LapseFree_sharedPrior",
    "fittedParams": [
        0.05388563255988485,
        0.19636769623587416,
        1.039991327162522,
        0.5226733997528455,
        0.4196502675573712,
        0.03775490578229981,
        0.1450636324768325,
        1.2579260892851496,
        8.63648651993334
    ],
    "AIC": 2187.4395019014114,
    "BIC": 2225.170764306685,
    "logLikelihood": -1084.7197509507057,
    "n_conditions": 489
}