{
    "participantID": "ln2",
    "modelType": "fusionOnlyLogNorm_LapseFree_sharedPrior",
    "fittedParams": [
        0.0436855297088623,
        0.18918178558349608,
        1.5660838270187378,
        0.43420271873474126,
        0.003934425640106182,
        0.045941000556945805
    ],
    "AIC": 2172.429201182594,
    "BIC": 2197.5833761194435,
    "logLikelihood": -1080.214600591297,
    "n_conditions": 489
}