{
    "participantID": "ln2",
    "modelType": "lognorm_LapseFree_sharedPrior",
    "fittedParams": [
        0.060730869936943044,
        0.17906858827829353,
        0.8155558606052398,
        0.3526703357696533,
        0.5185328726077079,
        0.001000019025802601,
        0.08648308334350585
    ],
    "AIC": 2184.583138959638,
    "BIC": 2213.929676385962,
    "logLikelihood": -1085.291569479819,
    "n_conditions": 489
}