{
    "participantID": "ln2",
    "modelType": "lognorm_LapseFree_sharedPrior",
    "fittedParams": [
        0.06385394592285157,
        0.18198265075683595,
        1.3949542999267577,
        0.9999969482421875,
        0.4107110595703125,
        0.00116742706298828,
        0.07980274353027343,
        0.375198974609375,
        7.699827575683594
    ],
    "AIC": 2179.121164520357,
    "BIC": 2216.852426925631,
    "logLikelihood": -1080.5605822601785,
    "n_conditions": 489
}