{
    "participantID": "ln2",
    "modelType": "lognorm_LapseFree_sharedPrior",
    "fittedParams": [
        0.020571944013062275,
        0.1750394133393456,
        2.3305769378116015,
        0.1409797199173135,
        0.3955881727401901,
        0.001366541946607576,
        0.09610340246506993,
        3.5012830364135623,
        8.458713971785173
    ],
    "AIC": 2187.4359785712245,
    "BIC": 2225.1672409764983,
    "logLikelihood": -1084.7179892856122,
    "n_conditions": 489
}