{
    "participantID": "ln2",
    "modelType": "switchingFree_LapseFree_sharedPrior",
    "fittedParams": [
        0.0036368251621867187,
        0.1713328644431571,
        0.6259321152008378,
        0.08195775131321698,
        0.3567053070109598,
        0.002420977699763016,
        0.08960748887829609,
        0.11851555184666218
    ],
    "AIC": 2186.1036326181775,
    "BIC": 2219.6425325339765,
    "logLikelihood": -1085.0518163090887,
    "n_conditions": 489
}