{
    "participantID": "ln2",
    "modelType": "probabilityMatchingLogNorm_LapseFree_sharedPrior",
    "fittedParams": [
        0.001000270645453466,
        0.19924122583569293,
        1.4437370755002223,
        7.981761785957886e-07,
        0.43965095892761674,
        0.001000614189996668,
        0.10850365715454348
    ],
    "AIC": 2185.1207080687263,
    "BIC": 2214.4672454950505,
    "logLikelihood": -1085.5603540343632,
    "n_conditions": 489
}