{
    "participantID": "ln2",
    "modelType": "gaussian_LapseFree_sharedPrior",
    "fittedParams": [
        0.032100345705947234,
        0.10164367486506903,
        0.30052503579216067,
        0.7759329207730559,
        0.2339679656257372,
        0.01526936008860683,
        0.033604634606853534,
        2.308450035505715,
        18.603668550836172
    ],
    "AIC": 2208.5965156876305,
    "BIC": 2246.3277780929043,
    "logLikelihood": -1095.2982578438152,
    "n_conditions": 489
}