{
    "participantID": "ln2",
    "modelType": "logLinearMismatch_LapseFree_sharedPrior",
    "fittedParams": [
        0.0301629279334228,
        0.19761618196048156,
        0.2849055171062731,
        0.2928890220122501,
        0.4192642388708711,
        0.037907802564198886,
        0.1496060083576101
    ],
    "AIC": 2179.413095490035,
    "BIC": 2208.7596329163594,
    "logLikelihood": -1082.7065477450176,
    "n_conditions": 489
}