{
    "participantID": "ln2",
    "modelType": "lognorm_LapseFree_sharedPrior",
    "fittedParams": [
        0.001087495838757585,
        0.2506429154720393,
        0.7633140129829991,
        0.6944275728426874,
        2.724685171841831,
        0.0010000000743195236,
        0.04095212999312206
    ],
    "AIC": 2224.9738815772816,
    "BIC": 2241.743331535181,
    "logLikelihood": -1108.4869407886408,
    "n_conditions": 489
}