{
    "participantID": "ln2",
    "modelType": "fusionOnlyLogNorm_LapseFree_sharedPrior",
    "fittedParams": [
        0.010775211960119315,
        0.2506429154720393,
        0.7633140129829991,
        2.724685171841831,
        0.015307284056224411,
        0.08754365194175227
    ],
    "AIC": 2232.8703486565937,
    "BIC": 2245.447436125018,
    "logLikelihood": -1113.4351743282969,
    "n_conditions": 489
}