{
    "participantID": "ln2",
    "modelType": "switching_LapseFree_sharedPrior",
    "fittedParams": [
        0.1883719243109967,
        0.0852076916162682,
        1.7995641700984049,
        0.5598452640386073,
        0.19056677496939975,
        0.0655570925725643,
        0.10041885285682325,
        6.50192654402382,
        13.108617377736792
    ],
    "AIC": 2215.9717353137703,
    "BIC": 2253.702997719044,
    "logLikelihood": -1098.9858676568851,
    "n_conditions": 489
}