{
    "participantID": "qs",
    "modelType": "logLinearMismatch_LapseFree_sharedPrior",
    "fittedParams": [
        0.09300836131724542,
        0.22198920951174123,
        1.3681449158788268,
        0.8873623134556184,
        0.6604008309898522,
        0.15942116734180217,
        0.08656287576681662
    ],
    "AIC": 2511.6686690632814,
    "BIC": 2540.9865179248595,
    "logLikelihood": -1248.8343345316407,
    "n_conditions": 487
}