{
    "participantID": "qs",
    "modelType": "switchingFree_LapseFix_sharedPrior",
    "fittedParams": [
        0.10629372831570527,
        0.19121505039457642,
        0.3730403179966656,
        0.1367750019169761,
        0.6332349581264878,
        0.17436772864766675
    ],
    "AIC": 2503.1876886105506,
    "BIC": 2528.317273349046,
    "logLikelihood": -1245.5938443052753,
    "n_conditions": 487
}