{
    "participantID": "qs",
    "modelType": "lognorm_LapseFree_sharedPrior",
    "fittedParams": [
        0.12467752779611727,
        0.21872533302410047,
        1.2220265032224789,
        0.654026997410676,
        0.6022964758239889,
        0.06451166544378002,
        0.24165844644540493
    ],
    "AIC": 2506.807724868674,
    "BIC": 2536.125573730252,
    "logLikelihood": -1246.403862434337,
    "n_conditions": 487
}