{
    "participantID": "qs",
    "modelType": "switchingFree_LapseFree_sharedPrior",
    "fittedParams": [
        0.05529096791206908,
        0.19398051117327164,
        0.5124867409020608,
        0.10786245900621899,
        0.5852734019195858,
        0.08173677037129021,
        0.20154451981114865,
        0.27337203780766683
    ],
    "AIC": 2501.977539196471,
    "BIC": 2535.4836521811317,
    "logLikelihood": -1242.9887695982354,
    "n_conditions": 487
}