,standardDur,audNoise,order,preDur,postDur,isiDur,trial_num,totalDur,delta_dur_percents,deltaDurS,testDurS,intensities,current_stair,responses,is_correct,response_rts,stair_num_reversal,stair_is_reversal,response_keys,conflictDur,recordedOnsetVisualTest,recordedOffsetVisualTest,recordedDurVisualTest,recordedOnsetVisualStandard,recordedOffsetVisualStandard,recordedDurVisualStandard,modalityCue,VisualPSE
0,0.50154,1.2,2,0.54334,0.47647,1.20371,0,2.75014,-0.95,-0.47647,0.02508,5,2D1U,1.0,True,1.139,0,False,left,0.45139,2.4635,2.6884,0.2249,0.2138,1.3635,1.1497,A,0.2
1,0.50154,0.1,2,0.30093,0.28421,0.56842,1,2.60804,0.9,0.45139,0.95294,5,lapse_rate,2.0,True,1.905,0,False,right,-0.45139,1.1428,2.3087,1.166,0.4172,0.6847,0.2675,A,0.22
2,0.50154,1.2,1,0.61857,0.326,0.99473,2,2.54951,-0.79,-0.39288,0.10867,5,2D1U,1.0,False,1.333,0,False,left,0.45139,0.5142,0.822,0.3078,1.4888,2.6472,1.1584,A,0.2
3,0.50154,0.1,1,0.326,0.20898,0.62693,3,1.68853,-0.95,-0.47647,0.02508,5,lapse_rate,2.0,True,0.432,0,False,right,-0.45139,0.2168,0.4591,0.2423,1.2007,1.4671,0.2664,A,0.22
4,0.50154,0.1,1,0.33436,0.33436,1.13683,4,2.33217,-0.95,-0.47647,0.02508,5,1D2U,2.0,True,0.758,0,False,right,0.45139,0.2278,0.4693,0.2414,1.2697,2.4365,1.1669,A,0.22
5,0.50154,0.1,1,0.41795,0.27585,0.66037,5,1.88079,-0.95,-0.47647,0.02508,5,1D2U,2.0,True,1.142,0,False,right,-0.45139,0.3045,0.5471,0.2426,1.3216,1.5879,0.2663,A,0.22
6,0.50154,1.2,2,0.30929,0.54334,1.11176,6,2.5746,-0.79,-0.39288,0.10867,5,2D1U,2.0,False,1.966,0,False,right,0.45139,2.1453,2.4536,0.3084,999,1.1368,-997.8632,A,0.2
7,0.50154,0.1,2,0.23405,0.37616,0.7356,7,1.87243,-0.95,-0.47647,0.02508,5,lapse_rate,1.0,True,1.433,0,False,left,-0.45139,1.2397,1.4813,0.2416,0.3487,0.6151,0.2664,A,0.22
8,0.50154,0.1,2,0.51826,0.31765,0.66873,8,2.03126,-0.95,-0.47647,0.02508,5,lapse_rate,1.0,True,0.291,0,False,left,0.45139,1.904,2.1454,0.2414,0.1792,1.3457,1.1664,A,0.22
9,0.50154,1.2,2,0.40959,0.42631,0.79411,9,2.24022,-0.79,-0.39288,0.10867,5,1D2U,1.0,True,0.355,0,False,left,-0.45139,1.4729,1.7812,0.3083,0.5309,0.7814,0.2505,A,0.2
10,0.50154,0.1,1,0.35108,0.33436,0.50154,10,1.75539,-0.87,-0.43467,0.06687,5,2D1U,2.0,True,0.114,1,True,right,0.45139,0.2372,0.5198,0.2826,0.6867,1.8619,1.1751,A,0.22
11,0.50154,0.1,1,0.41795,0.25913,0.71888,11,1.98109,-0.83,-0.41795,0.08359,5,2D1U,2.0,True,0.325,2,True,right,-0.45139,0.3137,0.6135,0.2997,1.447,1.7137,0.2667,A,0.22
12,0.50154,1.2,2,0.30929,0.66873,1.2873,12,3.7198,0.9,0.45139,0.95294,5,lapse_rate,2.0,True,0.925,0,False,right,0.45139,2.3147,3.4644,1.1497,999,1.1313,-997.8687,A,0.2
13,0.50154,1.2,1,0.21734,0.27585,0.63529,13,1.73869,-0.79,-0.39288,0.10867,5,1D2U,2.0,True,0.328,0,False,right,-0.45139,0.1132,0.4214,0.3082,1.1799,1.4303,0.2505,A,0.2
14,0.50154,0.1,2,0.61021,0.41795,0.96129,14,3.44393,0.9,0.45139,0.95294,5,lapse_rate,2.0,True,0.649,0,False,right,0.45139,2.2882,3.4626,1.1744,0.2713,1.4386,1.1673,A,0.22
15,0.50154,1.2,2,0.326,0.30929,0.41795,15,1.66345,-0.79,-0.39288,0.10867,5,2D1U,1.0,True,0.304,2,False,left,-0.45139,1.0152,1.3241,0.3088,0.4486,0.6983,0.2497,A,0.2
16,0.50154,0.1,1,0.45139,0.37616,0.75232,16,2.26531,-0.63,-0.31765,0.1839,5,1D2U,2.0,True,0.642,0,False,right,0.45139,0.3401,0.74,0.4,1.1566,2.3237,1.167,A,0.22
17,0.50154,0.1,1,0.38452,0.35944,0.83591,17,3.03435,0.9,0.45139,0.95294,5,lapse_rate,1.0,True,0.512,0,False,left,-0.45139,0.2706,1.4369,1.1662,2.387,2.654,0.267,A,0.22
18,0.50154,0.1,1,0.30929,0.64365,0.97801,18,2.55788,-0.75,-0.37616,0.12539,5,2D1U,2.0,True,0.866,2,False,right,0.45139,0.1983,0.5404,0.3422,1.1819,2.3486,1.1666,A,0.22
19,0.50154,1.2,2,0.44303,0.40959,0.41795,19,1.95601,-0.63,-0.31765,0.1839,5,1D2U,1.0,True,2.439,0,False,left,-0.45139,1.1355,1.5187,0.3832,0.5683,0.8187,0.2503,A,0.2
20,0.50154,1.2,1,0.46811,0.51826,1.17027,20,2.80028,-0.71,-0.35108,0.1421,5,2D1U,2.0,True,1.116,2,False,right,0.45139,0.3637,0.7058,0.3421,1.5476,2.6971,1.1495,A,0.2
21,0.50154,0.1,2,0.25077,0.34272,0.45975,21,1.82227,-0.47,-0.23405,0.26749,5,1D2U,1.0,True,0.173,0,False,left,-0.45139,0.981,1.4645,0.4835,0.3645,0.631,0.2664,A,0.22
22,0.50154,0.1,2,0.326,0.66037,1.06996,22,3.51081,0.9,0.45139,0.95294,5,lapse_rate,2.0,True,0.517,0,False,right,0.45139,2.1201,3.2867,1.1667,999,1.1617,-997.8383,A,0.22
23,0.50154,0.1,1,0.33436,0.41795,0.61021,23,2.03124,-0.67,-0.33436,0.16718,5,2D1U,1.0,False,5.53,2,False,left,-0.45139,0.2259,0.6089,0.383,1.3343,1.6005,0.2662,A,0.22
24,0.50154,0.1,1,0.3678,0.41795,0.98637,24,2.29874,-0.95,-0.47647,0.02508,5,lapse_rate,2.0,True,1.134,0,False,right,0.45139,0.2535,0.4953,0.2418,1.145,2.3236,1.1786,A,0.22
25,0.50154,1.2,2,0.29257,0.20898,0.71888,25,1.98946,-0.47,-0.23405,0.26749,5,1D2U,1.0,True,4.235,0,False,left,-0.45139,1.2792,1.7457,0.4665,0.4125,0.6625,0.25,A,0.2
26,0.50154,1.2,1,0.43467,0.50154,1.32909,26,3.71978,0.9,0.45139,0.95294,5,lapse_rate,1.0,True,0.624,0,False,left,0.45139,0.3322,1.4815,1.1493,2.4814,3.6314,1.1499,A,0.2
27,0.50154,1.2,1,0.28421,0.20898,0.67709,27,2.01454,-0.31,-0.15882,0.34272,5,1D2U,1.0,False,0.47,0,False,left,-0.45139,0.1826,0.7242,0.5416,1.5242,1.7739,0.2497,A,0.2
28,0.50154,0.1,2,0.54334,0.31765,1.32909,28,2.8588,-0.67,-0.33436,0.16718,5,2D1U,1.0,True,0.241,2,False,left,0.45139,2.5942,2.9773,0.3831,0.2108,1.3771,1.1664,A,0.22
29,0.50154,0.1,2,0.20898,0.35108,0.57678,29,1.82228,-0.63,-0.31765,0.1839,5,2D1U,1.0,True,0.441,2,False,left,-0.45139,1.0544,1.4542,0.3999,0.3214,0.5879,0.2665,A,0.22
30,0.50154,0.1,1,0.45975,0.34272,0.79411,30,2.1232,-0.95,-0.47647,0.02508,5,lapse_rate,2.0,True,17.308,0,False,right,0.45139,0.3474,0.589,0.2416,1.0473,2.2142,1.1669,A,0.22
31,0.50154,1.2,1,0.35944,0.44303,0.45975,31,2.06469,-0.39,-0.19226,0.30093,5,1D2U,2.0,True,0.369,1,True,right,-0.45139,0.2549,0.7554,0.5005,1.3385,1.5886,0.2501,A,0.2
32,0.50154,1.2,2,0.38452,0.38452,0.76904,32,2.99256,0.9,0.45139,0.95294,5,lapse_rate,2.0,True,0.517,0,False,right,0.45139,1.8777,3.0276,1.1499,0.0606,1.2106,1.1499,A,0.2
33,0.50154,1.2,2,0.26749,0.28421,0.53498,33,1.88915,-0.39,-0.19226,0.30093,5,1D2U,1.0,True,5.271,1,True,left,-0.45139,1.0752,1.5751,0.4999,0.3921,0.6418,0.2497,A,0.2
34,0.50154,0.1,2,0.56006,0.3678,0.63529,34,2.27367,-0.59,-0.29257,0.20898,5,2D1U,2.0,False,0.259,2,False,right,0.45139,1.9148,2.348,0.4333,0.2227,1.3893,1.1666,A,0.22
35,0.50154,0.1,1,0.30929,0.39288,0.85263,35,2.38234,-0.35,-0.17554,0.326,5,1D2U,1.0,False,1.55,2,True,left,-0.45139,0.2021,0.744,0.5419,1.7107,1.9773,0.2666,A,0.22
36,0.50154,1.2,2,0.3678,0.46811,0.70216,36,2.99255,0.9,0.45139,0.95294,5,lapse_rate,2.0,True,0.114,0,False,right,0.45139,1.7896,2.9401,1.1505,0.0403,1.1898,1.1495,A,0.2
37,0.50154,1.2,2,0.23405,0.25913,0.5517,37,1.7554,-0.59,-0.29257,0.20898,5,2D1U,1.0,True,0.959,2,False,left,-0.45139,1.0564,1.4643,0.4079,0.3556,0.606,0.2503,A,0.2
38,0.50154,1.2,1,0.37616,0.40124,1.34581,38,2.85045,-0.55,-0.27585,0.2257,5,2D1U,2.0,True,0.392,2,False,right,0.45139,0.2716,0.697,0.4254,1.7131,2.8631,1.15,A,0.2
39,0.50154,0.1,2,0.35108,0.40124,0.63529,39,2.84209,0.9,0.45139,0.95294,5,lapse_rate,2.0,True,0.115,0,False,right,-0.45139,1.2598,2.4261,1.1663,0.4677,0.7348,0.2671,A,0.22
40,0.50154,0.1,1,0.45139,0.34272,0.48483,40,2.08141,-0.39,-0.19226,0.30093,5,1D2U,2.0,True,0.114,3,True,right,0.45139,0.3379,0.8546,0.5167,1.005,2.1716,1.1667,A,0.22
41,0.50154,1.2,1,0.34272,0.27585,0.40124,41,1.54643,-0.95,-0.47647,0.02508,5,lapse_rate,1.0,False,0.373,0,False,left,-0.45139,0.2399,0.4654,0.2255,0.9902,1.2402,0.25,A,0.2
42,0.50154,0.1,2,0.34272,0.66037,1.26222,42,3.00926,-0.51,-0.25913,0.24241,5,2D1U,2.0,False,0.7,2,False,right,0.45139,2.3229,2.7816,0.4587,0.0067,1.173,1.1663,A,0.22
43,0.50154,1.2,2,0.3678,0.3678,0.45975,43,1.99782,-0.39,-0.19226,0.30093,5,1D2U,2.0,False,0.645,3,True,right,-0.45139,1.0989,1.5992,0.5003,0.4905,0.7405,0.25,A,0.2
44,0.50154,1.2,2,0.38452,0.40124,1.19535,44,2.72506,-0.51,-0.25913,0.24241,5,2D1U,2.0,False,0.674,2,False,right,0.45139,2.2985,2.7419,0.4434,0.0565,1.2071,1.1505,A,0.2
45,0.50154,0.1,2,0.42631,0.27585,0.62693,45,2.78357,0.9,0.45139,0.95294,5,lapse_rate,2.0,True,0.25,0,False,right,-0.45139,1.3264,2.4936,1.1672,0.5433,0.8102,0.2668,A,0.22
46,0.50154,0.1,1,0.35108,0.34272,0.53498,46,2.01453,-0.43,-0.21734,0.28421,5,1D2U,2.0,True,0.558,3,False,right,0.45139,0.2398,0.74,0.5002,0.9399,2.1151,1.1752,A,0.22
47,0.50154,0.1,1,0.326,0.24241,0.45975,47,1.7554,-0.55,-0.27585,0.2257,5,2D1U,2.0,True,0.223,3,True,right,-0.45139,0.2136,0.6557,0.4421,1.2303,1.4971,0.2668,A,0.22
48,0.50154,1.2,1,0.33436,0.66037,0.60185,48,3.05106,0.9,0.45139,0.95294,5,lapse_rate,1.0,True,1.408,0,False,left,0.45139,0.2352,1.385,1.1498,1.6599,2.8095,1.1495,A,0.2
49,0.50154,1.2,2,0.42631,0.25077,0.80247,49,2.2653,-0.43,-0.21734,0.28421,5,1D2U,1.0,True,1.359,3,False,left,-0.45139,1.4964,1.9795,0.4831,0.5462,0.7966,0.2503,A,0.2
50,0.50154,1.2,2,0.33436,0.49319,1.23714,50,2.59131,-0.95,-0.47647,0.02508,5,lapse_rate,1.0,True,0.113,0,False,left,0.45139,2.2899,2.5141,0.2243,0.0054,1.1559,1.1505,A,0.2
51,0.50154,1.2,2,0.23405,0.38452,0.7356,51,2.15664,-0.39,-0.19226,0.30093,5,1D2U,2.0,False,0.266,4,True,right,-0.45139,1.2427,1.7424,0.4996,0.3595,0.6091,0.2496,A,0.2
52,0.50154,0.1,1,0.61021,0.48483,0.71052,52,2.54951,-0.51,-0.25913,0.24241,5,2D1U,2.0,True,0.216,4,True,right,0.45139,0.5015,0.96,0.4585,1.3349,2.5013,1.1665,A,0.22
53,0.50154,0.1,1,0.29257,0.43467,0.79411,53,2.29038,-0.47,-0.23405,0.26749,5,2D1U,2.0,True,0.658,4,False,right,-0.45139,0.1791,0.662,0.4829,1.5703,1.8371,0.2668,A,0.22
54,0.50154,1.2,2,0.38452,0.43467,0.81083,54,2.41577,-0.43,-0.21734,0.28421,5,1D2U,1.0,True,0.967,5,True,left,0.45139,1.9186,2.4024,0.4838,0.0602,1.2103,1.1501,A,0.2
55,0.50154,1.2,1,0.31765,0.34272,0.74396,55,2.85881,0.9,0.45139,0.95294,5,lapse_rate,1.0,True,0.347,0,False,left,-0.45139,0.2124,1.3627,1.1503,2.2291,2.4792,0.2502,A,0.2
56,0.50154,1.2,1,0.43467,0.3678,0.74396,56,2.33218,-0.43,-0.21734,0.28421,5,2D1U,1.0,False,0.224,4,False,left,0.45139,0.3342,0.8175,0.4834,1.2343,2.384,1.1497,A,0.2
57,0.50154,0.1,1,0.2257,0.2257,0.7356,57,1.97275,-0.43,-0.21734,0.28421,5,1D2U,2.0,True,2.853,5,True,right,-0.45139,0.1137,0.6135,0.4998,1.4634,1.7303,0.2668,A,0.22
58,0.50154,1.2,1,0.34272,0.54334,0.71888,58,3.05942,0.9,0.45139,0.95294,5,lapse_rate,1.0,True,0.249,0,False,left,0.45139,0.2387,1.3887,1.15,1.7801,2.9299,1.1498,A,0.2
59,0.50154,0.1,1,0.20062,0.21734,0.84427,59,1.78885,-0.95,-0.47647,0.02508,5,lapse_rate,2.0,True,0.393,0,False,right,-0.45139,0.0926,0.3343,0.2417,1.2925,1.5593,0.2669,A,0.22
60,0.50154,0.1,1,0.56006,0.40959,0.96129,60,2.71669,-0.43,-0.21734,0.28421,5,2D1U,2.0,True,0.566,4,False,right,0.45139,0.4498,0.9491,0.4993,1.5744,2.7495,1.1751,A,0.22
61,0.50154,1.2,2,0.35108,0.20062,0.44303,61,1.7972,-0.39,-0.19226,0.30093,5,1D2U,1.0,True,1.076,6,True,left,-0.45139,1.0616,1.5617,0.5001,0.4702,0.7201,0.2499,A,0.2
62,0.50154,1.2,1,0.45975,0.51826,0.60185,62,2.38233,-0.39,-0.19226,0.30093,5,1D2U,2.0,True,0.608,6,True,right,0.45139,0.3576,0.8579,0.5003,1.1326,2.2833,1.1507,A,0.2
63,0.50154,0.1,2,0.24241,0.43467,0.48483,63,2.61639,0.9,0.45139,0.95294,5,lapse_rate,2.0,True,0.11,0,False,right,-0.45139,0.9954,2.1621,1.1667,0.3535,0.6203,0.2668,A,0.22
64,0.50154,0.1,2,0.42631,0.35944,1.12848,64,2.7167,-0.39,-0.19226,0.30093,5,2D1U,1.0,True,0.725,4,False,left,0.45139,2.274,2.7905,0.5165,0.0904,1.2577,1.1673,A,0.22
65,0.50154,0.1,1,0.27585,0.20898,0.40959,65,1.72196,-0.35,-0.17554,0.326,5,2D1U,2.0,True,0.228,4,False,right,-0.45139,0.1693,0.7114,0.5421,1.2361,1.5025,0.2664,A,0.22
66,0.50154,1.2,2,0.60185,0.46811,0.66873,66,2.56623,-0.35,-0.17554,0.326,5,1D2U,1.0,True,0.733,6,False,left,0.45139,1.9877,2.513,0.5253,0.2713,1.4215,1.1502,A,0.2
67,0.50154,0.1,2,0.39288,0.28421,0.81083,67,2.9424,0.9,0.45139,0.95294,5,lapse_rate,2.0,True,1.881,0,False,right,-0.45139,1.4729,2.6393,1.1664,0.5064,0.7728,0.2664,A,0.22
68,0.50154,1.2,2,0.40959,0.40959,1.2873,68,3.56096,0.9,0.45139,0.95294,5,lapse_rate,2.0,True,0.367,0,False,right,0.45139,2.4142,3.5644,1.1501,0.0808,1.231,1.1502,A,0.2
69,0.50154,1.2,1,0.38452,0.29257,0.44303,69,1.94766,-0.35,-0.17554,0.326,5,1D2U,2.0,True,0.507,6,False,right,-0.45139,0.281,0.8058,0.5249,1.3731,1.6229,0.2498,A,0.2
70,0.50154,0.1,2,0.42631,0.66873,0.98637,70,2.92567,-0.31,-0.15882,0.34272,5,2D1U,1.0,True,3.109,4,False,left,0.45139,2.1368,2.6946,0.5578,0.0953,1.2616,1.1664,A,0.22
71,0.50154,0.1,1,0.35108,0.34272,0.7356,71,2.29874,-0.27,-0.13375,0.3678,5,2D1U,2.0,True,2.579,4,False,right,-0.45139,0.2463,0.8295,0.5832,1.6796,1.946,0.2664,A,0.22
72,0.50154,1.2,2,0.33436,0.52662,1.17027,72,2.87551,-0.31,-0.15882,0.34272,5,1D2U,2.0,False,2.766,6,False,right,0.45139,2.2276,2.7695,0.5419,0.0118,1.1612,1.1493,A,0.2
73,0.50154,1.2,1,0.20898,0.25077,0.85263,73,1.839,-0.95,-0.47647,0.02508,5,lapse_rate,1.0,False,1.682,0,False,left,-0.45139,0.1074,0.332,0.2245,1.307,1.5572,0.2501,A,0.2
74,0.50154,1.2,2,0.48483,0.46811,0.81919,74,2.59967,-0.35,-0.17554,0.326,5,1D2U,2.0,False,0.133,7,True,right,0.45139,2.0241,2.5488,0.5248,0.1573,1.3074,1.15,A,0.2
75,0.50154,0.1,1,0.30929,0.23405,0.62693,75,1.69689,-0.95,-0.47647,0.02508,5,lapse_rate,2.0,True,0.622,0,False,right,-0.45139,0.202,0.444,0.2419,1.1856,1.4521,0.2665,A,0.22
76,0.50154,0.1,1,0.50154,0.49319,0.96965,76,2.85044,-0.23,-0.11703,0.38452,5,2D1U,2.0,True,0.113,4,False,right,0.45139,0.3951,0.9947,0.5997,1.628,2.795,1.167,A,0.22
77,0.50154,0.1,1,0.20062,0.20062,0.75232,77,2.05634,-0.19,-0.09195,0.40124,5,2D1U,1.0,False,0.877,4,False,left,-0.45139,0.0894,0.7061,0.6167,1.5729,1.8391,0.2662,A,0.22
78,0.50154,1.2,1,0.326,0.52662,1.02817,78,2.68326,-0.39,-0.19226,0.30093,5,1D2U,2.0,True,1.083,7,False,right,0.45139,0.2232,0.7234,0.5003,1.4232,2.5732,1.1499,A,0.2
79,0.50154,1.2,1,0.31765,0.23405,0.67709,79,1.75541,-0.95,-0.47647,0.02508,5,lapse_rate,2.0,True,0.402,0,False,right,-0.45139,0.2152,0.44,0.2248,1.24,1.4901,0.2501,A,0.2
80,0.50154,1.2,1,0.35108,0.40959,0.61021,80,2.27366,-0.19,-0.09195,0.40124,5,2D1U,2.0,True,0.441,4,False,right,0.45139,0.253,0.8529,0.5999,1.136,2.2861,1.15,A,0.2
81,0.50154,0.1,1,0.2257,0.34272,0.78575,81,1.88079,-0.95,-0.47647,0.02508,5,lapse_rate,2.0,True,0.414,0,False,right,-0.45139,0.1143,0.3558,0.2416,1.2561,1.5224,0.2663,A,0.22
82,0.50154,0.1,2,0.41795,0.45139,0.81083,82,2.48264,-0.39,-0.19226,0.30093,5,1D2U,2.0,False,1.575,7,False,right,0.45139,1.9479,2.4641,0.5162,0.0808,1.2474,1.1666,A,0.22
83,0.50154,1.2,2,0.35944,0.21734,0.76068,83,1.86408,-0.95,-0.47647,0.02508,5,lapse_rate,1.0,True,0.966,0,False,left,-0.45139,1.3944,1.6191,0.2247,0.4859,0.7362,0.2503,A,0.2
84,0.50154,0.1,2,0.42631,0.40959,1.12848,84,2.89223,-0.15,-0.07523,0.42631,5,2D1U,1.0,True,0.675,4,False,left,0.45139,2.2721,2.9139,0.6418,0.089,1.2556,1.1667,A,0.22
85,0.50154,1.2,1,0.27585,0.39288,0.89442,85,2.3489,-0.43,-0.21734,0.28421,5,1D2U,1.0,False,0.542,7,False,left,-0.45139,0.1727,0.6564,0.4837,1.6729,1.923,0.2502,A,0.2
86,0.50154,1.2,2,0.60185,0.45139,1.18699,86,3.00926,-0.47,-0.23405,0.26749,5,1D2U,1.0,True,0.875,7,False,left,0.45139,2.5068,2.9734,0.4665,0.2737,1.4239,1.1501,A,0.2
87,0.50154,1.2,2,0.30929,0.37616,0.63529,87,2.77522,0.9,0.45139,0.95294,5,lapse_rate,1.0,False,0.468,0,False,left,-0.45139,1.2125,2.3627,1.1502,0.4296,0.6794,0.2498,A,0.2
88,0.50154,0.1,2,0.48483,0.38452,1.33745,88,3.15137,-0.11,-0.05851,0.44303,5,2D1U,1.0,True,0.958,4,False,left,0.45139,2.5423,3.2005,0.6581,0.151,1.3174,1.1663,A,0.22
89,0.50154,0.1,1,0.25913,0.37616,0.66037,89,1.82228,-0.95,-0.47647,0.02508,5,lapse_rate,2.0,True,0.288,0,False,right,-0.45139,0.1533,0.3942,0.2409,1.1691,1.4362,0.267,A,0.22
90,0.50154,0.1,1,0.46811,0.44303,0.71052,90,2.59131,-0.07,-0.03344,0.46811,5,2D1U,1.0,False,2.324,4,False,left,0.45139,0.3573,1.0407,0.6834,1.4156,2.5822,1.1667,A,0.22
91,0.50154,1.2,1,0.35944,0.41795,0.41795,91,1.96437,-0.47,-0.23405,0.26749,5,1D2U,2.0,True,2.567,7,False,right,-0.45139,0.2547,0.7216,0.4668,1.2632,1.513,0.2498,A,0.2
92,0.50154,1.2,1,0.43467,0.44303,0.57678,92,2.24023,-0.43,-0.21734,0.28421,5,1D2U,2.0,True,0.666,8,True,right,0.45139,0.3355,0.8194,0.4839,1.069,2.2194,1.1504,A,0.2
93,0.50154,0.1,1,0.34272,0.25913,0.46811,93,1.59658,-0.95,-0.47647,0.02508,5,lapse_rate,2.0,True,2.89,0,False,right,-0.45139,0.2352,0.4775,0.2423,1.0603,1.3268,0.2665,A,0.22
94,0.50154,0.1,1,0.44303,0.40124,0.90278,94,2.7167,-0.07,-0.03344,0.46811,5,2D1U,1.0,False,2.741,4,False,left,0.45139,0.3303,1.0133,0.6831,1.58,2.7467,1.1667,A,0.22
95,0.50154,0.1,2,0.21734,0.30929,0.80247,95,2.11485,-0.43,-0.21734,0.28421,5,1D2U,1.0,True,0.384,8,True,left,-0.45139,1.2881,1.7882,0.5002,0.3297,0.5961,0.2664,A,0.22
96,0.50154,1.2,2,0.326,0.57678,1.27058,96,3.11793,-0.11,-0.05851,0.44303,5,2D1U,1.0,True,0.541,5,True,left,0.45139,2.3194,2.9612,0.6418,0.0014,1.1527,1.1512,A,0.2
97,0.50154,1.2,1,0.2257,0.39288,0.82755,97,1.97275,-0.95,-0.47647,0.02508,5,lapse_rate,1.0,False,5.266,0,False,left,-0.45139,0.1269,0.3523,0.2254,1.3017,1.5518,0.2501,A,0.2
98,0.50154,1.2,2,0.41795,0.33436,0.86099,98,2.13992,-0.95,-0.47647,0.02508,5,lapse_rate,1.0,True,0.875,0,False,left,0.45139,1.9952,2.2199,0.2248,0.0862,1.2367,1.1504,A,0.2
99,0.50154,1.2,1,0.31765,0.2257,0.49319,99,2.00619,-0.07,-0.03344,0.46811,5,2D1U,2.0,True,1.18,6,True,right,-0.45139,0.2184,0.8848,0.6664,1.5012,1.7511,0.2499,A,0.2
100,0.50154,0.1,1,0.326,0.64365,1.30402,100,3.07614,-0.39,-0.19226,0.30093,5,1D2U,2.0,True,0.783,8,False,right,0.45139,0.2125,0.7294,0.5169,1.6957,2.8623,1.1666,A,0.22
101,0.50154,0.1,2,0.35944,0.42631,0.86099,101,2.44921,-0.39,-0.19226,0.30093,5,1D2U,1.0,True,0.336,8,False,left,-0.45139,1.488,2.0049,0.5168,0.4711,0.7379,0.2668,A,0.22
102,0.50154,1.2,2,0.43467,0.44303,0.76904,102,2.63311,-0.03,-0.01672,0.48483,5,2D1U,2.0,False,4.683,6,False,right,0.45139,1.9204,2.6037,0.6833,0.104,1.2538,1.1498,A,0.2
103,0.50154,1.2,2,0.44303,0.34272,0.48483,103,2.72506,0.9,0.45139,0.95294,5,lapse_rate,2.0,True,0.628,0,False,right,-0.45139,1.1984,2.3485,1.1501,0.5651,0.8149,0.2498,A,0.2
104,0.50154,1.2,2,0.40124,0.56842,0.6938,104,3.11794,0.9,0.45139,0.95294,5,lapse_rate,2.0,True,0.7,0,False,right,0.45139,1.8184,2.9684,1.15,0.0769,1.2265,1.1496,A,0.2
105,0.50154,1.2,2,0.20898,0.23405,0.40959,105,1.83899,-0.03,-0.01672,0.48483,5,2D1U,2.0,False,0.604,6,False,right,-0.45139,0.8934,1.5775,0.6841,0.335,0.5852,0.2501,A,0.2
106,0.50154,0.1,1,0.41795,0.41795,0.7356,106,2.39904,-0.35,-0.17554,0.326,5,1D2U,2.0,True,0.175,8,False,right,0.45139,0.3048,0.8471,0.5423,1.2468,2.4221,1.1753,A,0.22
107,0.50154,0.1,2,0.20062,0.326,0.53498,107,1.58822,-0.95,-0.47647,0.02508,5,lapse_rate,1.0,True,0.76,0,False,left,-0.45139,1.0095,1.2512,0.2417,0.3178,0.5846,0.2668,A,0.22
108,0.50154,0.1,2,0.46811,0.5517,0.99473,108,2.84208,-0.35,-0.17554,0.326,5,1D2U,1.0,True,1.899,8,False,left,0.45139,2.1798,2.7215,0.5418,0.1303,1.2966,1.1663,A,0.22
109,0.50154,1.2,1,0.42631,0.3678,0.43467,109,2.19843,-0.07,-0.03344,0.46811,5,2D1U,1.0,False,3.584,7,True,left,-0.45139,0.3225,0.9893,0.6668,1.5472,1.7975,0.2503,A,0.2
110,0.50154,1.2,1,0.46811,0.60185,0.88606,110,2.80028,-0.31,-0.15882,0.34272,5,1D2U,2.0,True,0.113,8,False,right,0.45139,0.368,0.9092,0.5412,1.4675,2.618,1.1504,A,0.2
111,0.50154,1.2,2,0.20062,0.29257,0.61857,111,2.56624,0.9,0.45139,0.95294,5,lapse_rate,2.0,True,0.224,0,False,right,-0.45139,1.0925,2.2424,1.1499,0.3258,0.5764,0.2506,A,0.2
112,0.50154,0.1,1,0.34272,0.3678,0.63529,112,2.31546,-0.07,-0.03344,0.46811,5,2D1U,2.0,True,0.541,7,True,right,0.45139,0.2291,0.9127,0.6835,1.2126,2.3789,1.1664,A,0.22
113,0.50154,0.1,1,0.26749,0.34272,0.77739,113,2.37397,-0.03,-0.01672,0.48483,5,2D1U,1.0,False,0.401,8,True,left,-0.45139,0.1589,0.8584,0.6995,1.7504,2.0173,0.2669,A,0.22
114,0.50154,1.2,1,0.41795,0.44303,0.59349,114,1.98109,-0.95,-0.47647,0.02508,5,lapse_rate,2.0,True,0.342,0,False,right,0.45139,0.314,0.5392,0.2252,0.8057,1.9556,1.1498,A,0.2
115,0.50154,1.2,2,0.37616,0.3678,0.88606,115,2.47428,-0.31,-0.15882,0.34272,5,1D2U,1.0,True,0.401,8,False,left,-0.45139,1.5321,2.0735,0.5413,0.4985,0.7486,0.2501,A,0.2
116,0.50154,1.2,1,0.61021,0.3678,1.17027,116,3.13465,-0.03,-0.01672,0.48483,5,2D1U,2.0,True,0.733,8,True,right,0.45139,0.5047,1.1873,0.6826,2.029,3.1791,1.15,A,0.2
117,0.50154,1.2,2,0.24241,0.40959,0.7356,117,1.91422,-0.95,-0.47647,0.02508,5,lapse_rate,1.0,True,0.805,0,False,left,-0.45139,1.2453,1.4703,0.225,0.362,0.6122,0.2501,A,0.2
118,0.50154,0.1,2,0.40124,0.59349,1.00309,118,2.86716,-0.27,-0.13375,0.3678,5,1D2U,1.0,True,1.308,8,False,left,0.45139,2.1262,2.7094,0.5832,0.0675,1.2345,1.167,A,0.22
119,0.50154,0.1,2,0.25077,0.43467,0.48483,119,2.03961,-0.27,-0.13375,0.3678,5,1D2U,1.0,True,0.542,8,False,left,-0.45139,1.0041,1.5871,0.583,0.3625,0.629,0.2665,A,0.22
120,0.50154,0.1,1,0.33436,0.66037,0.76068,120,3.20989,0.9,0.45139,0.95294,5,lapse_rate,1.0,True,0.114,0,False,left,0.45139,0.2232,1.3899,1.1667,1.8151,2.9817,1.1667,A,0.22
121,0.50154,1.2,1,0.27585,0.26749,0.59349,121,2.13991,0.01,0.00836,0.50154,5,2D1U,2.0,False,0.267,8,False,right,-0.45139,0.1763,0.8764,0.7001,1.5931,1.8428,0.2497,A,0.2
122,0.50154,1.2,1,0.40959,0.48483,0.71052,122,2.491,-0.23,-0.11703,0.38452,5,1D2U,2.0,True,0.583,8,False,right,0.45139,0.3064,0.8896,0.5832,1.2727,2.4225,1.1498,A,0.2
123,0.50154,0.1,2,0.34272,0.39288,0.63529,123,2.82537,0.9,0.45139,0.95294,5,lapse_rate,2.0,True,0.111,0,False,right,-0.45139,1.2489,2.4156,1.1667,0.4574,0.7236,0.2662,A,0.22
124,0.50154,0.1,2,0.39288,0.39288,1.18699,124,3.00091,0.05,0.02508,0.52662,5,2D1U,1.0,False,0.975,8,False,left,0.45139,2.2994,3.0408,0.7414,0.0575,1.2242,1.1667,A,0.22
125,0.50154,0.1,2,0.37616,0.3678,0.74396,125,2.5328,0.09,0.0418,0.54334,5,2D1U,1.0,False,0.308,8,False,left,-0.45139,1.387,2.1452,0.7582,0.487,0.754,0.267,A,0.22
126,0.50154,0.1,2,0.58514,0.40959,1.22043,126,3.66964,0.9,0.45139,0.95294,5,lapse_rate,2.0,True,0.408,0,False,right,0.45139,2.5208,3.6959,1.1751,0.2461,1.4127,1.1666,A,0.22
127,0.50154,1.2,1,0.25077,0.24241,0.5099,127,1.88914,-0.23,-0.11703,0.38452,5,1D2U,1.0,False,0.384,8,False,left,-0.45139,0.1483,0.7311,0.5828,1.3642,1.6144,0.2501,A,0.2
128,0.50154,1.2,2,0.40124,0.45139,1.22878,128,2.95075,-0.27,-0.13375,0.3678,5,1D2U,2.0,False,0.208,9,True,right,0.45139,2.3457,2.912,0.5663,0.0702,1.2204,1.1502,A,0.2
129,0.50154,0.1,1,0.2257,0.40124,0.77739,129,2.47429,0.13,0.06687,0.56842,5,2D1U,1.0,True,0.125,8,False,left,-0.45139,0.1126,0.896,0.7834,1.7873,2.0542,0.2669,A,0.22
130,0.50154,1.2,2,0.56006,0.45975,0.89442,130,2.44085,-0.95,-0.47647,0.02508,5,lapse_rate,1.0,True,0.283,0,False,left,0.45139,2.178,2.4032,0.2252,0.2368,1.3861,1.1493,A,0.2
131,0.50154,0.1,1,0.35944,0.45139,0.81083,131,2.69162,0.13,0.06687,0.56842,5,2D1U,1.0,True,0.201,8,False,left,-0.45139,0.2484,1.0322,0.7838,1.9568,2.2235,0.2667,A,0.22
132,0.50154,1.2,1,0.62693,0.37616,0.72724,132,2.25695,-0.95,-0.47647,0.02508,5,lapse_rate,2.0,True,0.2,0,False,right,0.45139,0.5273,0.7519,0.2246,1.152,2.3103,1.1583,A,0.2
133,0.50154,1.2,2,0.44303,0.40959,0.48483,133,2.18171,-0.31,-0.15882,0.34272,5,1D2U,2.0,False,0.542,9,False,right,-0.45139,1.2017,1.7433,0.5416,0.5684,0.8184,0.2501,A,0.2
134,0.50154,1.2,1,0.34272,0.53498,0.91114,134,2.31546,-0.95,-0.47647,0.02508,5,lapse_rate,2.0,True,0.433,0,False,right,0.45139,0.2452,0.47,0.2248,1.0531,2.2033,1.1502,A,0.2
135,0.50154,1.2,2,0.30929,0.44303,0.41795,135,1.99781,-0.35,-0.17554,0.326,5,1D2U,1.0,True,0.312,9,False,left,-0.45139,0.9965,1.5219,0.5254,0.4298,0.6801,0.2504,A,0.2
136,0.50154,0.1,1,0.44303,0.58514,0.61021,136,2.68326,0.09,0.0418,0.54334,5,2D1U,2.0,False,0.167,9,True,right,0.45139,0.3289,1.0871,0.7582,1.3621,2.5287,1.1666,A,0.22
137,0.50154,0.1,1,0.27585,0.41795,0.84427,137,2.60803,0.13,0.06687,0.56842,5,2D1U,2.0,False,0.379,10,True,right,-0.45139,0.1638,0.9467,0.7829,1.9049,2.1716,0.2667,A,0.22
138,0.50154,0.1,1,0.38452,0.38452,0.67709,138,2.90061,0.9,0.45139,0.95294,5,lapse_rate,1.0,True,0.774,0,False,left,0.45139,0.2731,1.4402,1.1672,1.782,2.9482,1.1662,A,0.22
139,0.50154,1.2,2,0.33436,0.35944,0.40959,139,1.93093,-0.35,-0.17554,0.326,5,1D2U,2.0,False,0.889,9,False,right,-0.45139,1.0191,1.544,0.525,0.4607,0.711,0.2503,A,0.2
140,0.50154,1.2,1,0.46811,0.5099,1.12848,140,2.90896,-0.39,-0.19226,0.30093,5,1D2U,2.0,True,0.308,9,False,right,0.45139,0.3623,0.8702,0.5079,1.6706,2.8206,1.15,A,0.2
141,0.50154,0.1,1,0.26749,0.40124,0.66037,141,2.41578,0.17,0.08359,0.58514,5,2D1U,2.0,False,0.973,10,False,right,-0.45139,0.1599,0.9601,0.8002,1.7353,2.0018,0.2665,A,0.22
142,0.50154,0.1,1,0.40124,0.66873,0.65201,142,2.2486,-0.95,-0.47647,0.02508,5,lapse_rate,2.0,True,0.112,0,False,right,0.45139,0.2891,0.5311,0.242,0.8475,2.0139,1.1664,A,0.22
143,0.50154,0.1,2,0.30929,0.41795,0.5099,143,2.34053,0.21,0.10867,0.60185,5,2D1U,2.0,True,1.217,10,False,right,-0.45139,1.0876,1.9041,0.8165,0.4212,0.6879,0.2667,A,0.22
144,0.50154,0.1,2,0.30929,0.49319,0.90278,144,3.15974,0.9,0.45139,0.95294,5,lapse_rate,2.0,True,0.116,0,False,right,0.45139,1.934,3.1004,1.1664,999,1.1423,-997.8577,A,0.22
145,0.50154,1.2,2,0.2257,0.31765,0.61857,145,1.96439,-0.39,-0.19226,0.30093,5,1D2U,1.0,True,0.873,9,False,left,-0.45139,1.1187,1.6185,0.4998,0.3518,0.6019,0.2502,A,0.2
146,0.50154,0.1,1,0.39288,0.39288,0.80247,146,3.04271,0.9,0.45139,0.95294,5,lapse_rate,1.0,True,0.283,0,False,left,0.45139,0.2845,1.4513,1.1667,1.9177,3.0847,1.1669,A,0.22
147,0.50154,1.2,1,0.21734,0.42631,0.45975,147,2.20679,0.21,0.10867,0.60185,5,2D1U,1.0,True,0.429,10,False,left,-0.45139,0.1114,0.9113,0.7999,1.4945,1.7446,0.2501,A,0.2
148,0.50154,0.1,1,0.40959,0.61857,0.81083,148,2.66653,-0.35,-0.17554,0.326,5,1D2U,2.0,True,0.112,10,True,right,0.45139,0.3013,0.8427,0.5414,1.3177,2.4845,1.1668,A,0.22
149,0.50154,0.1,2,0.3678,0.26749,0.60185,149,2.06468,-0.35,-0.17554,0.326,5,1D2U,2.0,False,0.791,10,True,right,-0.45139,1.2403,1.7819,0.5417,0.4819,0.7489,0.267,A,0.22
150,0.50154,1.2,1,0.40124,0.40124,0.86934,150,2.7585,0.17,0.08359,0.58514,5,2D1U,2.0,False,0.115,11,True,right,0.45139,0.2997,1.0834,0.7837,1.6248,2.7791,1.1543,A,0.2
151,0.50154,1.2,2,0.24241,0.27585,0.86099,151,1.90587,-0.95,-0.47647,0.02508,5,lapse_rate,1.0,True,0.338,0,False,left,-0.45139,1.3723,1.5975,0.2252,0.364,0.6143,0.2502,A,0.2
152,0.50154,1.2,2,0.66037,0.30093,1.2455,152,3.31019,0.21,0.10867,0.60185,5,2D1U,2.0,True,0.666,12,True,right,0.45139,2.6224,3.4223,0.7999,0.3309,1.4802,1.1493,A,0.2
153,0.50154,0.1,1,0.37616,0.31765,0.67709,153,2.17337,-0.39,-0.19226,0.30093,5,1D2U,1.0,False,0.204,11,True,left,-0.45139,0.2618,0.7785,0.5168,1.5697,1.8364,0.2667,A,0.22
154,0.50154,1.2,1,0.49319,0.46811,1.12848,154,3.54426,0.9,0.45139,0.95294,5,lapse_rate,2.0,False,0.112,0,False,right,0.45139,0.3927,1.5428,1.1501,2.3427,3.493,1.1503,A,0.2
155,0.50154,0.1,2,0.21734,0.35944,0.58514,155,2.26531,0.21,0.10867,0.60185,5,2D1U,2.0,True,0.499,12,True,right,-0.45139,1.0772,1.8939,0.8167,0.3356,0.6022,0.2665,A,0.22
156,0.50154,1.2,1,0.50154,0.39288,0.81083,156,2.491,-0.43,-0.21734,0.28421,5,1D2U,2.0,True,0.242,11,False,right,0.45139,0.3965,0.8799,0.4834,1.3631,2.5126,1.1495,A,0.2
157,0.50154,0.1,1,0.23405,0.25913,0.47647,157,1.49627,-0.95,-0.47647,0.02508,5,lapse_rate,2.0,True,0.93,0,False,right,-0.45139,0.1227,0.3645,0.2418,0.956,1.2225,0.2665,A,0.22
158,0.50154,1.2,2,0.31765,0.66037,0.67709,158,2.74179,0.17,0.08359,0.58514,5,2D1U,2.0,True,0.111,13,True,right,0.45139,1.7178,2.5009,0.7831,999,1.1426,-997.8574,A,0.2
159,0.50154,0.1,1,0.20898,0.28421,0.56842,159,1.84736,-0.43,-0.21734,0.28421,5,1D2U,2.0,True,0.734,11,False,right,-0.45139,0.0975,0.5983,0.5007,1.2808,1.5474,0.2667,A,0.22
160,0.50154,1.2,2,0.61021,0.31765,0.89442,160,2.3489,-0.95,-0.47647,0.02508,5,lapse_rate,1.0,True,0.399,0,False,left,0.45139,2.2263,2.4594,0.2332,0.2845,1.4344,1.1499,A,0.2
161,0.50154,0.1,1,0.2257,0.2257,0.44303,161,1.98111,0.17,0.08359,0.58514,5,2D1U,1.0,True,1.383,13,True,left,-0.45139,0.118,0.9186,0.8005,1.4763,1.7431,0.2668,A,0.22
162,0.50154,1.2,1,0.45139,0.48483,1.02817,162,2.76686,-0.39,-0.19226,0.30093,5,1D2U,2.0,True,4.141,12,True,right,0.45139,0.3453,0.8458,0.5005,1.5458,2.6958,1.1499,A,0.2
163,0.50154,0.1,1,0.35108,0.30929,0.45975,163,1.64674,-0.95,-0.47647,0.02508,5,lapse_rate,2.0,True,1.484,0,False,right,-0.45139,0.244,0.4857,0.2417,1.0606,1.3277,0.2671,A,0.22
164,0.50154,1.2,2,0.326,0.62693,0.89442,164,2.64982,-0.39,-0.19226,0.30093,5,1D2U,2.0,False,0.875,12,True,right,0.45139,1.9423,2.4422,0.5,0.0015,1.1507,1.1491,A,0.2
165,0.50154,1.2,2,0.20898,0.20062,0.49319,165,2.35727,0.9,0.45139,0.95294,5,lapse_rate,2.0,True,0.249,0,False,right,-0.45139,0.9715,2.1217,1.1502,0.3297,0.5792,0.2495,A,0.2
166,0.50154,0.1,2,0.48483,0.58514,1.01145,166,3.15138,0.13,0.06687,0.56842,5,2D1U,2.0,True,0.933,13,False,right,0.45139,2.2126,2.9961,0.7834,0.1463,1.3126,1.1662,A,0.22
167,0.50154,0.1,2,0.26749,0.38452,0.51826,167,1.95602,-0.43,-0.21734,0.28421,5,1D2U,1.0,True,0.201,13,True,left,-0.45139,1.0567,1.5564,0.4996,0.3816,0.6487,0.2671,A,0.22
168,0.50154,1.2,1,0.5099,0.40124,1.07832,168,3.05942,0.13,0.06687,0.56842,5,2D1U,1.0,True,0.882,13,False,left,0.45139,0.4036,1.17,0.7664,1.92,3.0752,1.1553,A,0.2
169,0.50154,1.2,2,0.34272,0.30093,0.84427,169,2.5328,0.09,0.0418,0.54334,5,2D1U,1.0,False,2.123,13,False,left,-0.45139,1.4593,2.2007,0.7413,0.4673,0.7178,0.2505,A,0.2
170,0.50154,0.1,2,0.42631,0.56842,0.68544,170,2.46592,-0.43,-0.21734,0.28421,5,1D2U,1.0,True,0.657,13,True,left,0.45139,1.8282,2.3283,0.5001,0.0863,1.2531,1.1669,A,0.22
171,0.50154,0.1,2,0.40124,0.41795,0.79411,171,2.68326,0.13,0.06687,0.56842,5,2D1U,1.0,False,1.941,14,True,left,-0.45139,1.4646,2.248,0.7834,0.5147,0.7812,0.2665,A,0.22
172,0.50154,1.2,1,0.39288,0.45139,0.66037,172,2.30711,-0.39,-0.19226,0.30093,5,1D2U,1.0,False,0.759,14,True,left,0.45139,0.2945,0.7939,0.4995,1.1279,2.2777,1.1497,A,0.2
173,0.50154,1.2,1,0.38452,0.40959,0.68544,173,2.56623,0.17,0.08359,0.58514,5,2D1U,2.0,False,2.634,14,False,right,-0.45139,0.2809,1.0643,0.7833,1.8726,2.1222,0.2496,A,0.2
174,0.50154,0.1,2,0.65201,0.40124,1.21207,174,3.05107,-0.43,-0.21734,0.28421,5,1D2U,1.0,True,1.299,15,True,left,0.45139,2.5808,3.0806,0.4997,0.3146,1.481,1.1664,A,0.22
175,0.50154,0.1,2,0.20898,0.40124,0.79411,175,2.50772,0.21,0.10867,0.60185,5,2D1U,2.0,True,0.481,14,False,right,-0.45139,1.2734,2.0902,0.8167,0.3237,0.5903,0.2666,A,0.22
176,0.50154,1.2,2,0.35108,0.33436,0.77739,176,2.56622,0.21,0.10867,0.60185,5,2D1U,1.0,False,0.349,14,False,left,0.45139,1.8451,2.6535,0.8084,0.0196,1.1699,1.1503,A,0.2
177,0.50154,1.2,1,0.2257,0.40959,0.68544,177,2.4492,0.25,0.12539,0.62693,5,2D1U,1.0,True,0.11,14,False,left,-0.45139,0.1235,0.9477,0.8242,1.7567,2.0065,0.2498,A,0.2
178,0.50154,0.1,2,0.41795,0.42631,0.61021,178,2.24022,-0.43,-0.21734,0.28421,5,1D2U,1.0,True,0.417,15,True,left,0.45139,1.7494,2.2495,0.5001,0.0825,1.2495,1.1669,A,0.22
179,0.50154,0.1,1,0.326,0.25913,0.60185,179,2.31545,0.25,0.12539,0.62693,5,2D1U,1.0,True,0.657,14,False,left,-0.45139,0.2128,1.0545,0.8418,1.7712,2.0378,0.2666,A,0.22
180,0.50154,1.2,2,0.49319,0.44303,0.72724,180,2.46593,-0.39,-0.19226,0.30093,5,1D2U,1.0,True,1.433,16,True,left,0.45139,1.9406,2.4404,0.4999,0.1654,1.3153,1.1499,A,0.2
181,0.50154,1.2,1,0.20062,0.33436,0.7356,181,2.37397,0.21,0.10867,0.60185,5,2D1U,2.0,False,1.991,15,True,right,-0.45139,0.0975,0.8975,0.8,1.7556,2.0053,0.2497,A,0.2
182,0.50154,0.1,2,0.37616,0.326,1.2455,182,2.75013,-0.39,-0.19226,0.30093,5,1D2U,1.0,True,0.974,16,True,left,0.45139,2.3443,2.8607,0.5164,0.0439,1.2106,1.1667,A,0.22
183,0.50154,0.1,1,0.25077,0.23405,0.60185,183,1.91421,-0.35,-0.17554,0.326,5,1D2U,2.0,True,0.864,16,False,right,-0.45139,0.141,0.6833,0.5423,1.4004,1.6664,0.2661,A,0.22
184,0.50154,1.2,2,0.61021,0.39288,1.26222,184,3.39378,0.25,0.12539,0.62693,5,2D1U,2.0,True,0.383,16,True,right,0.45139,2.5867,3.4115,0.8248,0.2788,1.4287,1.1499,A,0.2
185,0.50154,1.2,1,0.20898,0.30093,0.7356,185,2.07305,-0.35,-0.17554,0.326,5,1D2U,2.0,True,0.991,16,False,right,-0.45139,0.1034,0.6283,0.5248,1.4866,1.7365,0.2499,A,0.2
186,0.50154,0.1,1,0.35944,0.45139,1.17027,186,3.10957,0.25,0.12539,0.62693,5,2D1U,1.0,True,0.458,16,True,left,0.45139,0.2475,1.0898,0.8423,1.9228,3.0894,1.1666,A,0.22
187,0.50154,0.1,2,0.33436,0.39288,0.75232,187,2.58295,0.21,0.10867,0.60185,5,2D1U,2.0,True,0.304,17,True,right,-0.45139,1.3567,2.1732,0.8165,0.4482,0.7151,0.2669,A,0.22
188,0.50154,1.2,2,0.40959,0.39288,0.75232,188,2.65818,0.21,0.10867,0.60185,5,2D1U,1.0,False,1.149,17,True,left,0.45139,1.8795,2.6792,0.7997,0.0792,1.2295,1.1503,A,0.2
189,0.50154,1.2,2,0.43467,0.37616,0.66873,189,2.32382,-0.31,-0.15882,0.34272,5,1D2U,2.0,False,1.244,16,False,right,-0.45139,1.3764,1.918,0.5416,0.5599,0.8094,0.2495,A,0.2
190,0.50154,0.1,2,0.59349,0.47647,0.8777,190,3.07613,0.25,0.12539,0.62693,5,2D1U,1.0,False,1.316,18,True,left,0.45139,2.1898,3.0312,0.8414,0.2564,1.4232,1.1668,A,0.22
191,0.50154,0.1,1,0.3678,0.37616,0.56842,191,2.13992,-0.35,-0.17554,0.326,5,1D2U,2.0,True,0.292,17,True,right,-0.45139,0.2597,0.8012,0.5415,1.485,1.7512,0.2662,A,0.22
192,0.50154,1.2,1,0.66037,0.38452,1.21207,192,3.40215,0.29,0.1421,0.64365,5,2D1U,2.0,False,0.509,18,False,right,0.45139,0.5608,1.4026,0.8418,2.286,3.436,1.1499,A,0.2
193,0.50154,1.2,2,0.39288,0.27585,0.65201,193,2.49101,0.33,0.16718,0.66873,5,2D1U,2.0,True,1.215,18,False,right,-0.45139,1.3203,2.1864,0.866,0.5198,0.7694,0.2496,A,0.2
194,0.50154,0.1,2,0.39288,0.35944,0.44303,194,2.36562,0.33,0.16718,0.66873,5,2D1U,2.0,True,1.691,18,False,right,0.45139,1.5564,2.4398,0.8834,0.0567,1.223,1.1663,A,0.22
195,0.50154,0.1,2,0.44303,0.326,0.41795,195,2.01452,-0.35,-0.17554,0.326,5,1D2U,1.0,True,1.576,17,True,left,-0.45139,1.1346,1.6765,0.5418,0.5596,0.8262,0.2667,A,0.22
196,0.50154,1.2,2,0.50154,0.3678,0.91114,196,2.62474,-0.31,-0.15882,0.34272,5,1D2U,1.0,True,0.683,18,True,left,0.45139,2.1289,2.6706,0.5417,0.1706,1.3207,1.1501,A,0.2
197,0.50154,1.2,1,0.20062,0.326,0.60185,197,2.27366,0.29,0.1421,0.64365,5,2D1U,1.0,True,0.382,19,True,left,-0.45139,0.0988,0.9406,0.8418,1.666,1.9153,0.2493,A,0.2
198,0.50154,0.1,2,0.41795,0.5099,0.84427,198,2.61638,-0.31,-0.15882,0.34272,5,1D2U,1.0,True,0.114,18,True,left,0.45139,1.9862,2.5441,0.558,0.0864,1.2525,1.1661,A,0.22
199,0.50154,0.1,2,0.21734,0.38452,0.71888,199,2.19008,-0.27,-0.13375,0.3678,5,1D2U,1.0,True,1.725,18,False,left,-0.45139,1.2094,1.7925,0.5832,0.3338,0.6009,0.2672,A,0.22
200,0.50154,1.2,1,0.62693,0.40959,1.26222,200,3.44393,0.29,0.1421,0.64365,5,2D1U,1.0,True,1.0,19,True,left,0.45139,0.524,1.3655,0.8415,2.2988,3.4487,1.1499,A,0.2
201,0.50154,1.2,2,0.30929,0.45139,0.75232,201,2.64147,0.25,0.12539,0.62693,5,2D1U,2.0,True,0.483,19,False,right,-0.45139,1.3338,2.1588,0.825,0.4338,0.6837,0.2499,A,0.2
202,0.50154,0.1,2,0.49319,0.41795,0.63529,202,2.41577,-0.27,-0.13375,0.3678,5,1D2U,2.0,False,1.058,18,False,right,0.45139,1.8533,2.4403,0.587,0.1615,1.3285,1.167,A,0.22
203,0.50154,0.1,2,0.3678,0.40124,0.84427,203,2.45757,-0.31,-0.15882,0.34272,5,1D2U,2.0,False,1.186,19,True,right,-0.45139,1.484,2.0421,0.5582,0.4835,0.7507,0.2672,A,0.22
204,0.50154,1.2,2,0.42631,0.38452,0.70216,204,2.64146,0.25,0.12539,0.62693,5,2D1U,2.0,True,0.733,19,False,right,0.45139,1.8523,2.6769,0.8246,0.1021,1.2522,1.1502,A,0.2
205,0.50154,1.2,2,0.40124,0.30929,0.45139,205,1.98946,-0.35,-0.17554,0.326,5,1D2U,2.0,False,1.914,19,False,right,-0.45139,1.1235,1.6484,0.5249,0.5237,0.7736,0.2499,A,0.2
206,0.50154,0.1,2,0.38452,0.37616,0.5099,206,2.07305,-0.39,-0.19226,0.30093,5,1D2U,1.0,True,0.683,19,False,left,0.45139,1.6133,2.13,0.5168,0.0468,1.2131,1.1663,A,0.22
207,0.50154,0.1,1,0.34272,0.25913,0.75232,207,2.45756,0.21,0.10867,0.60185,5,2D1U,1.0,True,1.738,19,False,left,-0.45139,0.2344,1.051,0.8166,1.9176,2.1841,0.2665,A,0.22
208,0.50154,1.2,1,0.34272,0.44303,0.67709,208,2.26531,-0.39,-0.19226,0.30093,5,1D2U,2.0,True,1.658,19,False,right,0.45139,0.2424,0.7426,0.5002,1.0927,2.2423,1.1497,A,0.2
209,0.50154,1.2,1,0.27585,0.40959,0.79411,209,2.30709,-0.35,-0.17554,0.326,5,1D2U,1.0,False,4.605,20,True,left,-0.45139,0.1755,0.7008,0.5254,1.6175,1.867,0.2495,A,0.2
210,0.50154,0.1,2,0.45139,0.44303,0.41795,210,2.11484,-0.39,-0.19226,0.30093,5,1D2U,1.0,True,0.342,21,True,left,0.45139,1.5921,2.1091,0.5171,0.1173,1.2839,1.1666,A,0.22
211,0.50154,0.1,2,0.37616,0.35944,0.51826,211,2.35725,0.21,0.10867,0.60185,5,2D1U,2.0,True,0.115,19,False,right,-0.45139,1.1679,1.9843,0.8164,0.4933,0.7592,0.2659,A,0.22
212,0.50154,1.2,2,0.39288,0.66037,0.67709,212,2.53281,-0.39,-0.19226,0.30093,5,1D2U,1.0,True,1.191,21,True,left,0.45139,1.7867,2.2872,0.5005,0.0617,1.2115,1.1498,A,0.2
213,0.50154,1.2,2,0.34272,0.40959,0.54334,213,2.38233,0.17,0.08359,0.58514,5,2D1U,2.0,True,0.358,19,False,right,-0.45139,1.1555,1.9387,0.7833,0.4636,0.7141,0.2505,A,0.2
214,0.50154,0.1,2,0.35108,0.53498,0.90278,214,2.61638,-0.35,-0.17554,0.326,5,1D2U,1.0,True,0.209,22,True,left,0.45139,1.9781,2.5198,0.5417,0.0195,1.186,1.1666,A,0.22
215,0.50154,0.1,2,0.40124,0.30093,0.48483,215,2.01454,-0.35,-0.17554,0.326,5,1D2U,1.0,True,0.439,22,True,left,-0.45139,1.1571,1.6987,0.5416,0.5155,0.7822,0.2667,A,0.22
216,0.50154,1.2,2,0.3678,0.51826,1.11176,216,3.0845,0.17,0.08359,0.58514,5,2D1U,1.0,False,0.899,19,False,left,0.45139,2.1965,2.9794,0.7829,0.0379,1.188,1.1501,A,0.2
217,0.50154,1.2,2,0.23405,0.44303,0.54334,217,2.32381,0.21,0.10867,0.60185,5,2D1U,2.0,True,0.367,20,True,right,-0.45139,1.0477,1.8481,0.8005,0.3556,0.6058,0.2502,A,0.2
218,0.50154,0.1,2,0.48483,0.61021,1.17027,218,3.10957,-0.31,-0.15882,0.34272,5,1D2U,1.0,True,3.841,22,False,left,0.45139,2.377,2.9356,0.5586,0.1516,1.3192,1.1676,A,0.22
219,0.50154,0.1,1,0.39288,0.40959,0.71888,219,2.62474,0.21,0.10867,0.60185,5,2D1U,1.0,True,2.265,20,True,left,-0.45139,0.2839,1.1008,0.8169,1.9337,2.2005,0.2669,A,0.22
220,0.50154,1.2,2,0.30929,0.35944,0.70216,220,2.45757,0.17,0.08359,0.58514,5,2D1U,1.0,False,9.567,21,True,left,0.45139,1.7295,2.5212,0.7917,999,1.1294,-997.8706,A,0.2
221,0.50154,1.2,1,0.31765,0.23405,0.68544,221,2.34053,0.21,0.10867,0.60185,5,2D1U,2.0,False,0.564,22,True,right,-0.45139,0.2179,1.018,0.8001,1.826,2.0761,0.2501,A,0.2
222,0.50154,0.1,1,0.40124,0.35944,0.5099,222,2.11484,-0.31,-0.15882,0.34272,5,1D2U,2.0,True,0.113,22,False,right,0.45139,0.2879,0.8462,0.5583,1.0211,2.1879,1.1668,A,0.22
223,0.50154,0.1,1,0.41795,0.29257,0.42631,223,2.00617,-0.27,-0.13375,0.3678,5,1D2U,2.0,True,0.476,22,False,right,-0.45139,0.3074,0.8906,0.5832,1.4321,1.6989,0.2668,A,0.22
224,0.50154,1.2,1,0.58514,0.326,0.64365,224,2.68326,0.25,0.12539,0.62693,5,2D1U,2.0,False,0.112,22,False,right,0.45139,0.4851,1.31,0.8249,1.6268,2.777,1.1502,A,0.2
225,0.50154,1.2,1,0.26749,0.41795,0.42631,225,1.98109,-0.27,-0.13375,0.3678,5,1D2U,2.0,True,1.346,22,False,right,-0.45139,0.1729,0.7396,0.5667,1.2891,1.5396,0.2505,A,0.2
226,0.50154,0.1,1,0.44303,0.42631,0.71052,226,2.72505,0.29,0.1421,0.64365,5,2D1U,1.0,True,1.417,22,False,left,0.45139,0.3343,1.1925,0.8582,1.5679,2.7406,1.1727,A,0.22
227,0.50154,0.1,1,0.39288,0.43467,0.6938,227,2.40741,-0.23,-0.11703,0.38452,5,1D2U,1.0,False,5.546,22,False,left,-0.45139,0.2806,0.8804,0.5998,1.6892,1.9561,0.2669,A,0.22
228,0.50154,1.2,1,0.37616,0.35108,1.32073,228,2.91731,-0.27,-0.13375,0.3678,5,1D2U,2.0,True,0.475,23,True,right,0.45139,0.2724,0.8391,0.5666,1.8307,2.9886,1.1579,A,0.2
229,0.50154,1.2,1,0.28421,0.20898,0.70216,229,2.34054,0.29,0.1421,0.64365,5,2D1U,2.0,False,1.725,22,False,right,-0.45139,0.1856,1.0273,0.8417,1.8526,2.1024,0.2498,A,0.2
230,0.50154,0.1,2,0.35108,0.35108,0.66037,230,2.5328,0.33,0.16718,0.66873,5,2D1U,1.0,False,0.324,22,False,left,0.45139,1.7363,2.6197,0.8833,0.0196,1.1863,1.1666,A,0.22
231,0.50154,0.1,2,0.27585,0.23405,0.77739,231,2.47427,0.37,0.1839,0.68544,5,2D1U,2.0,True,0.353,22,False,right,-0.45139,1.3217,2.2224,0.9007,0.3888,0.6555,0.2667,A,0.22
232,0.50154,1.2,2,0.37616,0.51826,0.79411,232,2.55787,-0.27,-0.13375,0.3678,5,1D2U,1.0,True,1.025,23,True,left,0.45139,1.8888,2.4553,0.5665,0.0465,1.197,1.1505,A,0.2
233,0.50154,1.2,1,0.2257,0.42631,0.76068,233,2.59967,0.37,0.1839,0.68544,5,2D1U,2.0,False,0.366,22,False,right,-0.45139,0.1269,1.0105,0.8835,1.8932,2.1436,0.2505,A,0.2
234,0.50154,0.1,1,0.43467,0.66037,0.72724,234,2.70834,-0.23,-0.11703,0.38452,5,1D2U,2.0,True,0.112,24,True,right,0.45139,0.3258,0.9257,0.5999,1.3177,2.4847,1.1669,A,0.22
235,0.50154,0.1,2,0.42631,0.35108,0.89442,235,2.87551,0.41,0.20898,0.70216,5,2D1U,2.0,True,0.294,22,False,right,-0.45139,1.5926,2.5085,0.9159,0.5422,0.8086,0.2664,A,0.22
236,0.50154,1.2,1,0.59349,0.44303,0.71052,236,2.95074,0.41,0.20898,0.70216,5,2D1U,2.0,False,0.116,22,False,right,0.45139,0.4947,1.3944,0.8997,1.7788,2.9277,1.1489,A,0.2
237,0.50154,1.2,2,0.25077,0.44303,0.5517,237,2.47428,0.45,0.2257,0.72724,5,2D1U,2.0,True,0.38,22,False,right,-0.45139,1.0779,2.0032,0.9253,0.3784,0.6276,0.2492,A,0.2
238,0.50154,0.1,2,0.37616,0.41795,0.41795,238,2.09812,-0.23,-0.11703,0.38452,5,1D2U,1.0,True,0.116,24,True,left,0.45139,1.513,2.1224,0.6094,0.0381,1.2048,1.1667,A,0.22
239,0.50154,0.1,1,0.21734,0.35944,0.78575,239,2.26531,-0.19,-0.09195,0.40124,5,1D2U,2.0,True,1.106,24,False,right,-0.45139,0.1116,0.7286,0.6171,1.6279,1.8955,0.2676,A,0.22
240,0.50154,1.2,2,0.34272,0.42631,0.48483,240,2.48264,0.45,0.2257,0.72724,5,2D1U,1.0,False,0.558,22,False,left,0.45139,1.5514,2.4758,0.9244,0.0177,1.1675,1.1497,A,0.2
241,0.50154,1.2,1,0.23405,0.25913,0.58514,241,2.32382,0.49,0.24241,0.74396,5,2D1U,1.0,True,0.354,22,False,left,-0.45139,0.1341,1.0761,0.942,1.7841,2.0339,0.2498,A,0.2
242,0.50154,0.1,1,0.53498,0.42631,0.68544,242,2.54951,-0.19,-0.09195,0.40124,5,1D2U,1.0,False,1.107,24,False,left,0.45139,0.4276,1.0442,0.6166,1.3943,2.5661,1.1719,A,0.22
243,0.50154,0.1,1,0.31765,0.30093,0.66037,243,2.52445,0.49,0.24241,0.74396,5,2D1U,1.0,True,0.392,22,False,left,-0.45139,0.2048,1.1632,0.9584,1.9383,2.2051,0.2668,A,0.22
244,0.50154,1.2,1,0.47647,0.43467,0.80247,244,2.94239,0.45,0.2257,0.72724,5,2D1U,1.0,True,1.674,23,True,left,0.45139,0.3735,1.2984,0.9249,1.7735,2.9234,1.1499,A,0.2
245,0.50154,1.2,2,0.26749,0.45139,0.65201,245,2.25695,-0.23,-0.11703,0.38452,5,1D2U,1.0,True,3.408,25,True,left,-0.45139,1.1945,1.7778,0.5833,0.3944,0.6444,0.2501,A,0.2
246,0.50154,0.1,1,0.44303,0.62693,1.29566,246,3.5944,0.45,0.2257,0.72724,5,2D1U,1.0,True,4.983,23,True,left,0.45139,0.3324,1.2739,0.9415,2.2324,3.3989,1.1665,A,0.22
247,0.50154,0.1,1,0.30929,0.326,0.86934,247,2.39069,-0.23,-0.11703,0.38452,5,1D2U,2.0,True,0.909,25,True,right,-0.45139,0.2022,0.8025,0.6002,1.7862,2.0524,0.2662,A,0.22
248,0.50154,1.2,2,0.30929,0.5517,0.70216,248,2.76685,0.41,0.20898,0.70216,5,2D1U,1.0,False,0.133,23,False,left,0.45139,1.7307,2.6305,0.8998,999,1.1304,-997.8696,A,0.2
249,0.50154,1.2,1,0.29257,0.39288,0.70216,249,2.29039,-0.19,-0.09195,0.40124,5,1D2U,2.0,True,61.899,26,True,right,-0.45139,0.1889,0.7887,0.5999,1.6135,1.864,0.2505,A,0.2
250,0.50154,0.1,2,0.39288,0.49319,0.70216,250,2.49101,-0.19,-0.09195,0.40124,5,1D2U,1.0,True,0.433,26,True,left,0.45139,1.8196,2.4364,0.6168,0.0615,1.2283,1.1667,A,0.22
251,0.50154,0.1,1,0.29257,0.326,0.90278,251,2.75013,0.45,0.2257,0.72724,5,2D1U,2.0,False,0.366,24,True,right,-0.45139,0.1808,1.1224,0.9417,2.1389,2.4059,0.267,A,0.22
252,0.50154,1.2,1,0.48483,0.57678,1.26222,252,3.25168,-0.15,-0.07523,0.42631,5,1D2U,2.0,True,0.113,26,False,right,0.45139,0.3831,1.0084,0.6253,1.9416,3.0911,1.1495,A,0.2
253,0.50154,1.2,2,0.42631,0.34272,0.66037,253,2.35725,-0.15,-0.07523,0.42631,5,1D2U,1.0,True,0.312,26,False,left,-0.45139,1.3602,1.9851,0.6249,0.5517,0.8017,0.25,A,0.2
254,0.50154,0.1,2,0.326,0.31765,1.12012,254,3.00927,0.49,0.24241,0.74396,5,2D1U,2.0,True,0.483,24,False,right,0.45139,2.169,3.1356,0.9666,999,1.1607,-997.8393,A,0.22
255,0.50154,0.1,2,0.3678,0.25077,0.62693,255,2.19007,-0.11,-0.05851,0.44303,5,1D2U,1.0,True,0.167,26,False,left,-0.45139,1.2656,1.924,0.6584,0.4824,0.7491,0.2666,A,0.22
256,0.50154,1.2,1,0.39288,0.40959,0.77739,256,2.82536,0.49,0.24241,0.74396,5,2D1U,2.0,False,0.367,24,False,right,0.45139,0.2908,1.2324,0.9416,1.6823,2.8412,1.1589,A,0.2
257,0.50154,1.2,1,0.44303,0.26749,0.76904,257,2.75014,0.53,0.26749,0.76904,5,2D1U,2.0,False,0.634,24,False,right,-0.45139,0.3471,1.3142,0.9671,2.2057,2.4559,0.2502,A,0.2
258,0.50154,0.1,2,0.326,0.41795,0.7356,258,2.76684,0.57,0.28421,0.78575,5,2D1U,2.0,True,0.233,24,False,right,0.45139,1.7838,2.788,1.0042,999,1.1593,-997.8407,A,0.22
259,0.50154,0.1,1,0.27585,0.23405,0.81919,259,2.27366,-0.11,-0.05851,0.44303,5,1D2U,2.0,True,0.839,26,False,right,-0.45139,0.1621,0.8208,0.6587,1.7538,2.0202,0.2664,A,0.22
260,0.50154,1.2,2,0.43467,0.44303,1.03653,260,3.20152,0.57,0.28421,0.78575,5,2D1U,2.0,True,0.391,24,False,right,0.45139,2.1888,3.172,0.9832,0.1054,1.2554,1.1499,A,0.2
261,0.50154,1.2,1,0.30929,0.24241,0.86934,261,2.39069,-0.07,-0.03344,0.46811,5,1D2U,2.0,True,0.624,26,False,right,-0.45139,0.2099,0.8762,0.6663,1.8682,2.1182,0.25,A,0.2
262,0.50154,0.1,2,0.326,0.65201,0.7356,262,2.68326,-0.07,-0.03344,0.46811,5,1D2U,1.0,True,3.141,26,False,left,0.45139,1.7794,2.4628,0.6834,999,1.1543,-997.8457,A,0.22
263,0.50154,0.1,2,0.30093,0.38452,0.56006,263,2.23188,-0.03,-0.01672,0.48483,5,1D2U,1.0,True,0.425,26,False,left,-0.45139,1.1324,1.8323,0.6999,0.4153,0.6818,0.2666,A,0.22
264,0.50154,1.2,1,0.45975,0.47647,0.84427,264,3.05107,0.53,0.26749,0.76904,5,2D1U,1.0,True,0.308,25,True,left,0.45139,0.3551,1.3218,0.9667,1.8387,2.9879,1.1492,A,0.2
265,0.50154,1.2,2,0.25077,0.35108,0.41795,265,2.29038,0.53,0.26749,0.76904,5,2D1U,2.0,True,0.575,25,True,right,-0.45139,0.9415,1.9081,0.9666,0.3751,0.6248,0.2497,A,0.2
266,0.50154,0.1,2,0.40124,0.34272,0.63529,266,2.62475,0.49,0.24241,0.74396,5,2D1U,2.0,True,0.158,25,False,right,0.45139,1.754,2.7119,0.9579,0.0617,1.2287,1.167,A,0.22
267,0.50154,0.1,2,0.35944,0.40959,0.67709,267,2.43249,-0.03,-0.01672,0.48483,5,1D2U,1.0,True,0.767,26,False,left,-0.45139,1.3121,2.0123,0.7002,0.4785,0.7456,0.267,A,0.22
268,0.50154,1.2,1,0.3678,0.41795,0.54334,268,2.33217,0.01,0.00836,0.50154,5,1D2U,1.0,False,0.784,26,False,left,0.45139,0.2641,0.9641,0.6999,1.1808,2.3301,1.1493,A,0.2
269,0.50154,1.2,1,0.35108,0.37616,0.80247,269,2.77521,0.49,0.24241,0.74396,5,2D1U,1.0,True,3.104,25,False,left,-0.45139,0.2459,1.1874,0.9415,2.1121,2.3624,0.2503,A,0.2
270,0.50154,0.1,1,0.39288,0.35944,0.8777,270,2.61639,-0.03,-0.01672,0.48483,5,1D2U,1.0,False,0.65,27,True,left,0.45139,0.279,0.9794,0.7004,1.5208,2.6874,1.1666,A,0.22
271,0.50154,0.1,1,0.40959,0.30929,0.83591,271,2.78357,0.45,0.2257,0.72724,5,2D1U,2.0,False,0.981,25,False,right,-0.45139,0.2952,1.2371,0.9419,2.1869,2.4538,0.2668,A,0.22
272,0.50154,1.2,1,0.41795,0.61857,1.22878,272,3.23495,-0.07,-0.03344,0.46811,5,1D2U,1.0,False,2.166,27,False,left,0.45139,0.3188,0.9859,0.6671,1.8865,3.0363,1.1498,A,0.2
273,0.50154,1.2,2,0.43467,0.25913,0.53498,273,2.17335,-0.11,-0.05851,0.44303,5,1D2U,2.0,False,0.413,27,False,right,-0.45139,1.2398,1.8817,0.6419,0.5558,0.8062,0.2504,A,0.2
274,0.50154,0.1,2,0.51826,0.47647,0.88606,274,3.12629,0.49,0.24241,0.74396,5,2D1U,1.0,False,0.616,26,True,left,0.45139,2.1271,3.085,0.9579,0.1849,1.3517,1.1668,A,0.22
275,0.50154,0.1,2,0.27585,0.326,0.85263,275,2.72506,0.53,0.26749,0.76904,5,2D1U,2.0,True,0.153,26,False,right,-0.45139,1.3977,2.3806,0.9829,0.3896,0.656,0.2665,A,0.22
276,0.50154,1.2,1,0.63529,0.34272,1.13683,276,3.04269,-0.15,-0.07523,0.42631,5,1D2U,2.0,True,0.575,27,False,right,0.45139,0.5316,1.1575,0.6259,1.9651,3.1148,1.1497,A,0.2
277,0.50154,1.2,1,0.23405,0.326,0.56842,277,2.05632,-0.15,-0.07523,0.42631,5,1D2U,2.0,True,0.464,27,False,right,-0.45139,0.1289,0.7539,0.6251,1.4455,1.6959,0.2504,A,0.2
278,0.50154,0.1,1,0.49319,0.45139,0.61021,278,2.49936,-0.11,-0.05851,0.44303,5,1D2U,2.0,True,0.4,28,True,right,0.45139,0.3816,1.04,0.6585,1.3151,2.4815,1.1664,A,0.22
279,0.50154,0.1,2,0.3678,0.21734,0.81919,279,2.67491,0.53,0.26749,0.76904,5,2D1U,2.0,True,0.356,26,False,right,-0.45139,1.4592,2.4427,0.9835,0.4847,0.751,0.2662,A,0.22
280,0.50154,1.2,2,0.41795,0.44303,0.59349,280,2.39904,-0.11,-0.05851,0.44303,5,1D2U,2.0,False,0.425,28,True,right,0.45139,1.7322,2.3737,0.6415,0.0903,1.2399,1.1496,A,0.2
281,0.50154,1.2,1,0.26749,0.29257,0.76904,281,2.25695,-0.15,-0.07523,0.42631,5,1D2U,1.0,False,2.582,29,True,left,-0.45139,0.1684,0.7931,0.6247,1.6849,1.9346,0.2498,A,0.2
282,0.50154,0.1,1,0.66037,0.30929,0.64365,282,2.85881,0.49,0.24241,0.74396,5,2D1U,1.0,True,0.233,27,True,left,0.45139,0.5457,1.5039,0.9582,1.8124,2.9874,1.175,A,0.22
283,0.50154,0.1,2,0.326,0.41795,0.86934,283,2.85879,0.49,0.24241,0.74396,5,2D1U,2.0,True,0.115,27,True,right,-0.45139,1.4675,2.4259,0.9584,0.4427,0.7094,0.2667,A,0.22
284,0.50154,1.2,2,0.40959,0.5517,1.31238,284,3.50245,0.45,0.2257,0.72724,5,2D1U,2.0,True,0.392,27,False,right,0.45139,2.4377,3.3632,0.9255,0.0791,1.2293,1.1502,A,0.2
285,0.50154,1.2,1,0.25913,0.30093,0.61021,285,2.07305,-0.19,-0.09195,0.40124,5,1D2U,2.0,True,0.592,29,False,right,-0.45139,0.1594,0.7593,0.5999,1.4923,1.7426,0.2503,A,0.2
286,0.50154,0.1,1,0.47647,0.35108,0.62693,286,2.35726,-0.19,-0.09195,0.40124,5,1D2U,2.0,True,0.717,29,False,right,0.45139,0.3639,0.9807,0.6168,1.272,2.4472,1.1752,A,0.22
287,0.50154,0.1,2,0.25077,0.25913,0.56006,287,1.99781,-0.15,-0.07523,0.42631,5,1D2U,2.0,False,2.874,30,True,right,-0.45139,1.0823,1.7241,0.6418,0.3657,0.6324,0.2666,A,0.22
288,0.50154,1.2,1,0.51826,0.43467,0.60185,288,2.45756,-0.19,-0.09195,0.40124,5,1D2U,1.0,False,0.358,31,True,left,0.45139,0.4122,1.0118,0.5996,1.287,2.4372,1.1502,A,0.2
289,0.50154,1.2,1,0.25077,0.38452,0.56842,289,2.43249,0.45,0.2257,0.72724,5,2D1U,1.0,True,0.8,27,False,left,-0.45139,0.1496,1.0738,0.9242,1.7658,2.0155,0.2497,A,0.2
290,0.50154,0.1,2,0.33436,0.46811,0.85263,290,2.54116,-0.23,-0.11703,0.38452,5,1D2U,1.0,True,0.708,31,False,left,0.45139,1.9092,2.5095,0.6003,0.0026,1.1677,1.1651,A,0.22
291,0.50154,0.1,1,0.21734,0.42631,0.66037,291,2.19008,-0.23,-0.11703,0.38452,5,1D2U,2.0,True,1.342,31,False,right,-0.45139,0.1076,0.7078,0.6002,1.4826,1.7497,0.2671,A,0.22
292,0.50154,1.2,1,0.37616,0.41795,1.27058,292,3.26839,0.41,0.20898,0.70216,5,2D1U,1.0,True,1.066,27,False,left,0.45139,0.2734,1.1739,0.9005,2.1154,3.2654,1.1501,A,0.2
293,0.50154,1.2,2,0.326,0.33436,0.54334,293,2.10648,-0.19,-0.09195,0.40124,5,1D2U,1.0,True,0.57,32,True,left,-0.45139,1.1374,1.7373,0.6,0.4459,0.696,0.2501,A,0.2
294,0.50154,0.1,1,0.35944,0.44303,0.71888,294,2.42413,-0.19,-0.09195,0.40124,5,1D2U,1.0,False,1.341,32,True,left,0.45139,0.2545,0.8715,0.617,1.2546,2.4212,1.1666,A,0.22
295,0.50154,0.1,1,0.35108,0.44303,0.79411,295,2.79192,0.41,0.20898,0.70216,5,2D1U,1.0,True,0.398,27,False,left,-0.45139,0.2369,1.1535,0.9166,2.0618,2.3286,0.2668,A,0.22
296,0.50154,1.2,1,0.65201,0.31765,1.29566,296,3.4523,0.37,0.1839,0.68544,5,2D1U,2.0,False,0.425,27,False,right,0.45139,0.5526,1.4357,0.8831,2.4027,3.5526,1.1499,A,0.2
297,0.50154,1.2,2,0.41795,0.38452,0.85263,297,2.54116,-0.23,-0.11703,0.38452,5,1D2U,2.0,False,0.575,33,True,right,-0.45139,1.5405,2.1236,0.583,0.5401,0.7903,0.2502,A,0.2
298,0.50154,0.1,1,0.41795,0.45139,0.89442,298,2.96746,0.41,0.20898,0.70216,5,2D1U,1.0,True,4.866,28,True,left,0.45139,0.3061,1.223,0.9168,1.7814,2.948,1.1666,A,0.22
299,0.50154,0.1,2,0.25077,0.43467,0.66037,299,2.21515,-0.27,-0.13375,0.3678,5,1D2U,2.0,False,0.638,33,False,right,-0.45139,1.1851,1.7687,0.5837,0.3688,0.6352,0.2665,A,0.22
300,0.50154,1.2,1,0.30929,0.35108,1.01145,300,2.51608,-0.31,-0.15882,0.34272,5,1D2U,2.0,True,0.508,33,False,right,0.45139,0.2088,0.75,0.5412,1.4339,2.5836,1.1497,A,0.2
301,0.50154,1.2,1,0.2257,0.29257,0.85263,301,2.5746,0.41,0.20898,0.70216,5,2D1U,1.0,True,0.331,28,True,left,-0.45139,0.1232,1.0235,0.9002,1.9986,2.249,0.2504,A,0.2
302,0.50154,0.1,1,0.30929,0.50154,1.22043,302,3.21824,0.37,0.1839,0.68544,5,2D1U,1.0,True,5.283,29,True,left,0.45139,0.1966,1.0964,0.8998,1.9797,3.1462,1.1665,A,0.22
303,0.50154,0.1,1,0.35944,0.23405,0.62693,303,2.06468,-0.31,-0.15882,0.34272,5,1D2U,1.0,False,1.2,33,False,left,-0.45139,0.2445,0.8028,0.5584,1.5447,1.811,0.2664,A,0.22
304,0.50154,1.2,1,0.39288,0.40959,0.77739,304,2.4074,-0.35,-0.17554,0.326,5,1D2U,2.0,True,3.708,33,False,right,0.45139,0.2936,0.8184,0.5249,1.2682,2.422,1.1538,A,0.2
305,0.50154,1.2,1,0.25913,0.42631,0.75232,305,2.2653,-0.35,-0.17554,0.326,5,1D2U,2.0,True,1.7,33,False,right,-0.45139,0.1572,0.682,0.5248,1.5571,1.8071,0.2501,A,0.2
306,0.50154,0.1,2,0.326,0.37616,0.99473,306,2.54115,-0.31,-0.15882,0.34272,5,1D2U,1.0,True,0.407,34,True,left,0.45139,2.0379,2.5966,0.5588,999,1.1547,-997.8453,A,0.22
307,0.50154,0.1,2,0.38452,0.42631,0.8777,307,2.87551,0.37,0.1839,0.68544,5,2D1U,2.0,True,0.138,29,True,right,-0.45139,1.5296,2.4292,0.8996,0.4958,0.7627,0.2669,A,0.22
308,0.50154,1.2,2,0.35108,0.45975,1.18699,308,2.84208,-0.31,-0.15882,0.34272,5,1D2U,1.0,True,1.05,34,True,left,0.45139,2.255,2.7966,0.5416,0.0216,1.172,1.1504,A,0.2
309,0.50154,1.2,2,0.30929,0.37616,0.57678,309,2.13157,-0.27,-0.13375,0.3678,5,1D2U,1.0,True,0.534,34,False,left,-0.45139,1.1559,1.7227,0.5668,0.4307,0.681,0.2503,A,0.2
310,0.50154,0.1,1,0.35108,0.38452,0.9195,310,2.82537,0.33,0.16718,0.66873,5,2D1U,1.0,True,1.783,29,False,left,0.45139,0.2445,1.1284,0.8839,1.7113,2.8784,1.1671,A,0.22
311,0.50154,0.1,2,0.2257,0.26749,0.43467,311,1.7972,-0.27,-0.13375,0.3678,5,1D2U,1.0,True,0.492,34,False,left,-0.45139,0.9354,1.5188,0.5833,0.3442,0.6101,0.2659,A,0.22
312,0.50154,1.2,2,0.3678,0.59349,0.96965,312,2.817,-0.23,-0.11703,0.38452,5,1D2U,1.0,True,0.183,34,False,left,0.45139,2.0552,2.639,0.5838,0.0394,1.1888,1.1494,A,0.2
313,0.50154,1.2,1,0.35944,0.24241,0.40124,313,2.17336,0.33,0.16718,0.66873,5,2D1U,2.0,False,1.422,29,False,right,-0.45139,0.2554,1.1223,0.8668,1.6468,1.8967,0.2499,A,0.2
314,0.50154,0.1,1,0.56842,0.38452,1.05324,314,3.19316,0.37,0.1839,0.68544,5,2D1U,2.0,False,0.533,30,True,right,0.45139,0.4558,1.3561,0.9003,2.0727,3.2391,1.1664,A,0.22
315,0.50154,0.1,1,0.2257,0.44303,0.46811,315,2.0229,-0.23,-0.11703,0.38452,5,1D2U,1.0,False,0.394,34,False,left,-0.45139,0.1134,0.7133,0.5999,1.296,1.5634,0.2674,A,0.22
316,0.50154,1.2,1,0.38452,0.40959,0.57678,316,2.57459,0.41,0.20898,0.70216,5,2D1U,1.0,True,0.799,30,False,left,0.45139,0.2862,1.1867,0.9005,1.4364,2.5864,1.15,A,0.2
317,0.50154,1.2,1,0.34272,0.27585,0.66037,317,2.48264,0.41,0.20898,0.70216,5,2D1U,2.0,False,1.614,30,False,right,-0.45139,0.2431,1.1434,0.9002,1.9264,2.1766,0.2501,A,0.2
318,0.50154,0.1,1,0.47647,0.58514,1.27058,318,3.56097,0.45,0.2257,0.72724,5,2D1U,1.0,True,0.766,30,False,left,0.45139,0.3683,1.3103,0.9419,2.2431,3.4097,1.1666,A,0.22
319,0.50154,0.1,1,0.29257,0.21734,0.49319,319,1.87244,-0.27,-0.13375,0.3678,5,1D2U,2.0,True,0.291,35,True,right,-0.45139,0.1802,0.7632,0.583,1.3713,1.638,0.2667,A,0.22
320,0.50154,1.2,2,0.40959,0.42631,0.40124,320,2.46592,0.45,0.2257,0.72724,5,2D1U,1.0,False,0.916,30,False,left,0.45139,1.5322,2.4571,0.9249,0.0819,1.2318,1.1499,A,0.2
321,0.50154,1.2,1,0.2257,0.41795,0.8777,321,2.76685,0.49,0.24241,0.74396,5,2D1U,1.0,True,0.269,30,False,left,-0.45139,0.1206,1.0618,0.9412,2.0618,2.3119,0.2502,A,0.2
322,0.50154,0.1,2,0.40959,0.45975,1.02817,322,2.76685,-0.27,-0.13375,0.3678,5,1D2U,1.0,True,0.508,35,True,left,0.45139,2.1607,2.7441,0.5834,0.0776,1.2444,1.1668,A,0.22
323,0.50154,0.1,1,0.23405,0.39288,0.59349,323,2.10648,-0.23,-0.11703,0.38452,5,1D2U,2.0,True,0.108,36,True,right,-0.45139,0.1277,0.7281,0.6004,1.4365,1.7025,0.266,A,0.22
324,0.50154,1.2,1,0.45139,0.35108,0.66873,324,2.7167,0.49,0.24241,0.74396,5,2D1U,1.0,True,1.116,30,False,left,0.45139,0.3483,1.2899,0.9416,1.6316,2.7821,1.1505,A,0.2
325,0.50154,1.2,2,0.35108,0.29257,0.45975,325,1.98946,-0.23,-0.11703,0.38452,5,1D2U,2.0,False,0.216,36,True,right,-0.45139,1.0791,1.6625,0.5835,0.4712,0.7209,0.2497,A,0.2
326,0.50154,0.1,2,0.41795,0.37616,0.96965,326,2.99254,0.45,0.2257,0.72724,5,2D1U,2.0,True,0.35,31,True,right,0.45139,2.1043,3.0457,0.9415,0.0796,1.2458,1.1663,A,0.22
327,0.50154,0.1,1,0.40959,0.34272,0.78575,327,2.4074,-0.27,-0.13375,0.3678,5,1D2U,2.0,True,0.996,37,True,right,-0.45139,0.295,0.8783,0.5833,1.7786,2.0455,0.2669,A,0.22
328,0.50154,1.2,2,0.39288,0.40959,0.80247,328,2.83372,0.45,0.2257,0.72724,5,2D1U,2.0,True,0.375,31,True,right,0.45139,1.9141,2.8389,0.9248,0.0647,1.2139,1.1492,A,0.2
329,0.50154,1.2,2,0.29257,0.44303,0.67709,329,2.61639,0.41,0.20898,0.70216,5,2D1U,2.0,True,0.713,31,False,right,-0.45139,1.2442,2.1445,0.9003,0.4192,0.6691,0.2499,A,0.2
330,0.50154,0.1,1,0.39288,0.37616,0.43467,330,2.40741,0.41,0.20898,0.70216,5,2D1U,1.0,True,0.675,31,False,left,0.45139,0.2815,1.1982,0.9168,1.298,2.4649,1.1669,A,0.22
331,0.50154,0.1,2,0.2257,0.23405,0.71888,331,2.04797,-0.27,-0.13375,0.3678,5,1D2U,2.0,False,0.939,37,True,right,-0.45139,1.2191,1.8031,0.584,0.344,0.6105,0.2665,A,0.22
332,0.50154,1.2,2,0.37616,0.38452,0.44303,332,2.04797,-0.31,-0.15882,0.34272,5,1D2U,1.0,True,0.641,37,False,left,0.45139,1.5399,2.09,0.5501,0.048,1.1982,1.1503,A,0.2
333,0.50154,1.2,2,0.26749,0.31765,0.74396,333,2.51608,0.37,0.1839,0.68544,5,2D1U,2.0,True,0.309,31,False,right,-0.45139,1.2824,2.1659,0.8835,0.3902,0.6406,0.2504,A,0.2
334,0.50154,0.1,2,0.33436,0.64365,0.62693,334,2.79192,0.37,0.1839,0.68544,5,2D1U,2.0,True,0.667,31,False,right,0.45139,1.6795,2.5793,0.8999,0.0014,1.1631,1.1617,A,0.22
335,0.50154,0.1,2,0.23405,0.21734,0.58514,335,2.2068,0.33,0.16718,0.66873,5,2D1U,2.0,True,0.179,31,False,right,-0.45139,1.0877,1.9712,0.8835,0.3467,0.6128,0.2661,A,0.22
336,0.50154,1.2,1,0.30093,0.57678,1.04488,336,3.09286,0.33,0.16718,0.66873,5,2D1U,2.0,False,1.267,31,False,right,0.45139,0.2005,1.0668,0.8663,1.7835,2.9338,1.1502,A,0.2
337,0.50154,1.2,2,0.3678,0.24241,0.61021,337,2.06468,-0.31,-0.15882,0.34272,5,1D2U,2.0,False,1.339,37,False,right,-0.45139,1.2455,1.7877,0.5422,0.4875,0.7373,0.2498,A,0.2
338,0.50154,0.1,1,0.45975,0.35944,1.33745,338,3.34362,0.37,0.1839,0.68544,5,2D1U,2.0,False,4.542,32,True,right,0.45139,0.3481,1.2488,0.9006,2.2484,3.4148,1.1664,A,0.22
339,0.50154,0.1,1,0.27585,0.42631,0.45139,339,2.35725,0.41,0.20898,0.70216,5,2D1U,2.0,False,0.409,32,False,right,-0.45139,0.1652,1.0821,0.9169,1.6485,1.9154,0.267,A,0.22
340,0.50154,1.2,1,0.41795,0.38452,0.81083,340,2.44084,-0.35,-0.17554,0.326,5,1D2U,2.0,True,0.341,37,False,right,0.45139,0.3136,0.8388,0.5252,1.3224,2.4722,1.1498,A,0.2
341,0.50154,1.2,2,0.42631,0.40124,0.66037,341,2.7167,0.45,0.2257,0.72724,5,2D1U,2.0,True,2.541,32,False,right,-0.45139,1.3538,2.279,0.9252,0.5455,0.7954,0.25,A,0.2
342,0.50154,0.1,2,0.5517,0.38452,0.93622,342,2.69998,-0.35,-0.17554,0.326,5,1D2U,1.0,True,0.608,37,False,left,0.45139,2.211,2.7528,0.5417,0.2192,1.3864,1.1672,A,0.22
343,0.50154,0.1,1,0.23405,0.326,0.66037,343,2.06468,-0.31,-0.15882,0.34272,5,1D2U,1.0,False,1.462,38,True,left,-0.45139,0.1264,0.6842,0.5579,1.4593,1.7257,0.2664,A,0.22
344,0.50154,1.2,1,0.40959,0.41795,0.79411,344,2.44919,-0.35,-0.17554,0.326,5,1D2U,2.0,True,0.208,39,True,right,0.45139,0.3081,0.8335,0.5255,1.2997,2.4501,1.1504,A,0.2
345,0.50154,1.2,1,0.43467,0.31765,0.58514,345,2.165,-0.35,-0.17554,0.326,5,1D2U,2.0,True,2.582,39,True,right,-0.45139,0.3322,0.8568,0.5246,1.565,1.8152,0.2502,A,0.2
346,0.50154,0.1,2,0.3678,0.40124,0.76904,346,2.76686,0.45,0.2257,0.72724,5,2D1U,2.0,True,1.958,32,False,right,0.45139,1.856,2.8058,0.9498,0.0305,1.1975,1.167,A,0.22
347,0.50154,0.1,2,0.20898,0.42631,0.59349,347,2.43248,0.41,0.20898,0.70216,5,2D1U,2.0,True,0.206,33,True,right,-0.45139,1.0785,1.9951,0.9166,0.328,0.5946,0.2665,A,0.22
348,0.50154,1.2,2,0.42631,0.34272,1.13683,348,3.10956,0.41,0.20898,0.70216,5,2D1U,2.0,True,0.667,33,True,right,0.45139,2.2817,3.1902,0.9085,0.0982,1.2485,1.1503,A,0.2
349,0.50154,1.2,2,0.34272,0.25077,0.66873,349,2.10648,-0.31,-0.15882,0.34272,5,1D2U,1.0,True,0.236,40,True,left,-0.45139,1.2813,1.8231,0.5417,0.4653,0.7148,0.2494,A,0.2
350,0.50154,0.1,1,0.39288,0.62693,1.29566,350,3.50245,0.37,0.1839,0.68544,5,2D1U,1.0,True,1.516,33,False,left,0.45139,0.2832,1.1829,0.8997,2.1413,3.3081,1.1668,A,0.22
351,0.50154,0.1,2,0.30093,0.2257,0.71052,351,2.08141,-0.31,-0.15882,0.34272,5,1D2U,1.0,True,0.425,40,True,left,-0.45139,1.2864,1.8446,0.5582,0.4195,0.6864,0.2669,A,0.22
352,0.50154,1.2,2,0.35108,0.60185,1.22878,352,3.05105,-0.27,-0.13375,0.3678,5,1D2U,2.0,False,0.183,40,False,right,0.45139,2.296,2.8624,0.5664,0.0208,1.1707,1.1499,A,0.2
353,0.50154,1.2,1,0.26749,0.3678,0.52662,353,2.34889,0.37,0.1839,0.68544,5,2D1U,1.0,True,1.665,33,False,left,-0.45139,0.1679,1.0509,0.883,1.7009,1.9512,0.2503,A,0.2
354,0.50154,0.1,2,0.41795,0.63529,1.01145,354,2.90895,-0.31,-0.15882,0.34272,5,1D2U,2.0,False,0.333,41,True,right,0.45139,2.1508,2.7092,0.5584,0.0841,1.2506,1.1665,A,0.22
355,0.50154,0.1,1,0.20898,0.25913,0.48483,355,1.78048,-0.35,-0.17554,0.326,5,1D2U,2.0,True,0.275,41,False,right,-0.45139,0.1004,0.6413,0.5409,1.2413,1.5075,0.2662,A,0.22
356,0.50154,1.2,2,0.40124,0.59349,1.09504,356,3.26004,0.33,0.16718,0.66873,5,2D1U,2.0,True,0.975,33,False,right,0.45139,2.2193,3.0857,0.8664,0.0769,1.2277,1.1508,A,0.2
357,0.50154,1.2,2,0.24241,0.23405,0.72724,357,2.03124,-0.35,-0.17554,0.326,5,1D2U,2.0,False,0.342,41,False,right,-0.45139,1.2438,1.7692,0.5254,0.3693,0.6189,0.2496,A,0.2
358,0.50154,0.1,1,0.35108,0.31765,1.17027,358,2.64147,-0.39,-0.19226,0.30093,5,1D2U,2.0,True,0.114,41,False,right,0.45139,0.2392,0.7564,0.5172,1.5893,2.7562,1.1669,A,0.22
359,0.50154,0.1,2,0.40959,0.40124,0.81083,359,2.42413,-0.39,-0.19226,0.30093,5,1D2U,1.0,True,1.872,41,False,left,-0.45139,1.4906,2.0074,0.5168,0.5241,0.7907,0.2665,A,0.22
360,0.50154,1.2,2,0.326,0.57678,1.20371,360,2.93403,-0.35,-0.17554,0.326,5,1D2U,1.0,True,1.033,42,True,left,0.45139,2.2474,2.7722,0.5248,0.0024,1.1475,1.1451,A,0.2
361,0.50154,1.2,2,0.35944,0.45139,0.81083,361,2.79193,0.33,0.16718,0.66873,5,2D1U,2.0,True,0.365,33,False,right,-0.45139,1.4396,2.3063,0.8667,0.4814,0.7315,0.2501,A,0.2
362,0.50154,0.1,1,0.33436,0.40124,0.46811,362,2.03125,-0.35,-0.17554,0.326,5,1D2U,2.0,True,0.558,42,True,right,0.45139,0.2279,0.7696,0.5417,0.9027,2.0696,1.1669,A,0.22
363,0.50154,0.1,2,0.24241,0.39288,0.89442,363,2.6749,0.29,0.1421,0.64365,5,2D1U,1.0,False,0.802,33,False,left,-0.45139,1.4116,2.2696,0.858,0.3614,0.6283,0.2669,A,0.22
364,0.50154,1.2,2,0.41795,0.33436,0.76904,364,2.69162,0.33,0.16718,0.66873,5,2D1U,2.0,True,0.112,34,True,right,0.45139,1.91,2.7767,0.8667,0.0932,1.2433,1.1502,A,0.2
365,0.50154,1.2,2,0.30929,0.35108,0.66037,365,2.49101,0.33,0.16718,0.66873,5,2D1U,1.0,False,1.667,34,True,left,-0.45139,1.2449,2.1114,0.8666,0.4365,0.6864,0.2499,A,0.2
366,0.50154,0.1,1,0.30929,0.58514,0.60185,366,2.34054,-0.31,-0.15882,0.34272,5,1D2U,2.0,True,0.25,42,False,right,0.45139,0.1957,0.7542,0.5585,1.0207,2.1875,1.1668,A,0.22
367,0.50154,0.1,1,0.43467,0.26749,0.77739,367,2.66653,0.37,0.1839,0.68544,5,2D1U,1.0,True,0.521,34,False,left,-0.45139,0.3253,1.2249,0.8996,2.1169,2.3837,0.2668,A,0.22
368,0.50154,1.2,2,0.66873,0.31765,1.32909,368,3.50245,0.37,0.1839,0.68544,5,2D1U,1.0,False,0.75,34,False,left,0.45139,2.7198,3.6032,0.8835,0.3451,1.495,1.15,A,0.2
369,0.50154,1.2,1,0.30929,0.28421,0.85263,369,2.29039,-0.31,-0.15882,0.34272,5,1D2U,1.0,False,0.324,42,False,left,-0.45139,0.2049,0.7464,0.5415,1.7213,1.9717,0.2503,A,0.2
370,0.50154,0.1,2,0.42631,0.56006,0.88606,370,3.07613,0.41,0.20898,0.70216,5,2D1U,2.0,True,1.45,34,False,right,0.45139,2.0306,2.9475,0.9169,0.0888,1.2558,1.167,A,0.22
371,0.50154,0.1,2,0.23405,0.45139,0.54334,371,2.43248,0.41,0.20898,0.70216,5,2D1U,2.0,True,0.691,34,False,right,-0.45139,1.0468,1.9638,0.917,0.3474,0.6134,0.266,A,0.22
372,0.50154,1.2,2,0.57678,0.34272,0.72724,372,2.83372,0.37,0.1839,0.68544,5,2D1U,1.0,False,0.867,35,True,left,0.45139,2.0234,2.9058,0.8824,0.2479,1.398,1.1501,A,0.2
373,0.50154,1.2,2,0.38452,0.2257,0.66037,373,2.09813,-0.35,-0.17554,0.326,5,1D2U,1.0,True,1.04,43,True,left,-0.45139,1.3124,1.8373,0.5248,0.5037,0.7537,0.25,A,0.2
374,0.50154,0.1,1,0.37616,0.35944,0.59349,374,2.53279,0.41,0.20898,0.70216,5,2D1U,1.0,True,0.114,36,True,left,0.45139,0.2656,1.1821,0.9164,1.4406,2.6076,1.167,A,0.22
375,0.50154,0.1,1,0.26749,0.40959,0.58514,375,2.46592,0.41,0.20898,0.70216,5,2D1U,1.0,True,0.267,36,True,left,-0.45139,0.1575,1.0744,0.9169,1.7745,2.041,0.2664,A,0.22
376,0.50154,1.2,1,0.38452,0.63529,1.27058,376,3.11793,-0.35,-0.17554,0.326,5,1D2U,2.0,True,0.333,43,True,right,0.45139,0.2822,0.8072,0.525,1.7492,2.899,1.1498,A,0.2
377,0.50154,1.2,1,0.25913,0.25077,0.63529,377,2.33217,0.37,0.1839,0.68544,5,2D1U,2.0,False,2.405,37,True,right,-0.45139,0.1619,1.0449,0.8831,1.8035,2.054,0.2505,A,0.2
378,0.50154,0.1,1,0.56006,0.41795,1.04488,378,3.22659,0.41,0.20898,0.70216,5,2D1U,2.0,False,0.292,38,True,right,0.45139,0.4446,1.3615,0.917,2.0701,3.2407,1.1706,A,0.22
379,0.50154,0.1,2,0.3678,0.24241,0.70216,379,2.15663,-0.31,-0.15882,0.34272,5,1D2U,1.0,True,0.369,44,True,left,-0.45139,1.3417,1.9004,0.5587,0.4836,0.7502,0.2665,A,0.22
380,0.50154,1.2,2,0.35108,0.44303,0.83591,380,2.8588,0.45,0.2257,0.72724,5,2D1U,2.0,True,0.275,38,False,right,0.45139,1.9059,2.8308,0.9249,0.0226,1.1724,1.1498,A,0.2
381,0.50154,1.2,2,0.2257,0.44303,0.46811,381,1.9811,-0.31,-0.15882,0.34272,5,1D2U,1.0,True,0.358,44,True,left,-0.45139,0.9628,1.5047,0.5419,0.3462,0.5963,0.2501,A,0.2
382,0.50154,0.1,1,0.41795,0.51826,0.78575,382,2.5913,-0.27,-0.13375,0.3678,5,1D2U,1.0,False,4.35,44,False,left,0.45139,0.3116,0.8945,0.5829,1.3453,2.5117,1.1664,A,0.22
383,0.50154,0.1,2,0.42631,0.34272,0.76904,383,2.38233,-0.31,-0.15882,0.34272,5,1D2U,1.0,True,36.394,45,True,left,-0.45139,1.4625,2.0211,0.5586,0.5376,0.8042,0.2666,A,0.22
384,0.50154,1.2,2,0.39288,0.30929,0.76904,384,2.69999,0.45,0.2257,0.72724,5,2D1U,2.0,True,0.558,38,False,right,0.45139,1.8861,2.8108,0.9247,0.0693,1.2198,1.1505,A,0.2
385,0.50154,1.2,2,0.326,0.34272,0.86934,385,2.38232,-0.31,-0.15882,0.34272,5,1D2U,2.0,False,0.11,45,True,right,-0.45139,1.4697,2.0113,0.5416,0.4531,0.7027,0.2496,A,0.2
386,0.50154,0.1,1,0.31765,0.44303,1.2455,386,3.20988,0.41,0.20898,0.70216,5,2D1U,1.0,True,0.383,39,True,left,0.45139,0.2092,1.1261,0.9168,2.0342,3.2008,1.1666,A,0.22
387,0.50154,0.1,1,0.37616,0.42631,0.40124,387,2.40741,0.41,0.20898,0.70216,5,2D1U,1.0,True,0.597,39,True,left,-0.45139,0.2715,1.1884,0.9169,1.7049,1.9716,0.2668,A,0.22
388,0.50154,1.2,1,0.61021,0.35944,1.17863,388,2.97582,-0.35,-0.17554,0.326,5,1D2U,2.0,True,0.717,45,False,right,0.45139,0.5069,1.0317,0.5248,1.882,3.0317,1.1497,A,0.2
389,0.50154,1.2,1,0.37616,0.25077,0.54334,389,1.99781,-0.35,-0.17554,0.326,5,1D2U,2.0,True,0.191,45,False,right,-0.45139,0.2726,0.7978,0.5252,1.4648,1.7145,0.2497,A,0.2
390,0.50154,0.1,1,0.56842,0.45975,0.71888,390,2.93403,0.37,0.1839,0.68544,5,2D1U,1.0,True,0.208,39,False,left,0.45139,0.4635,1.3632,0.8997,1.7467,2.9133,1.1666,A,0.22
391,0.50154,0.1,2,0.38452,0.42631,0.5099,391,2.16499,-0.31,-0.15882,0.34272,5,1D2U,1.0,True,0.259,46,True,left,-0.45139,1.1618,1.7204,0.5587,0.4953,0.7621,0.2668,A,0.22
392,0.50154,1.2,1,0.326,0.61021,1.17863,392,3.30182,0.37,0.1839,0.68544,5,2D1U,1.0,True,1.233,39,False,left,0.45139,0.2221,1.1056,0.8836,1.9559,3.1058,1.1499,A,0.2
393,0.50154,1.2,1,0.23405,0.40959,0.81919,393,2.30709,-0.31,-0.15882,0.34272,5,1D2U,2.0,True,1.199,46,True,right,-0.45139,0.1316,0.6731,0.5415,1.6155,1.8649,0.2495,A,0.2
394,0.50154,0.1,1,0.59349,0.49319,0.83591,394,3.09286,0.33,0.16718,0.66873,5,2D1U,2.0,False,1.9,39,False,right,0.45139,0.4865,1.3702,0.8838,1.8698,3.0365,1.1666,A,0.22
395,0.50154,0.1,2,0.31765,0.35108,0.83591,395,2.69162,0.37,0.1839,0.68544,5,2D1U,2.0,True,4.734,40,True,right,-0.45139,1.4207,2.3203,0.8996,0.4292,0.6957,0.2665,A,0.22
396,0.50154,1.2,2,0.35108,0.31765,0.86934,396,2.40741,-0.27,-0.13375,0.3678,5,1D2U,1.0,True,2.275,46,False,left,0.45139,1.9391,2.5138,0.5748,0.0222,1.1725,1.1503,A,0.2
397,0.50154,1.2,2,0.27585,0.26749,0.59349,397,2.00617,-0.27,-0.13375,0.3678,5,1D2U,1.0,True,1.818,46,False,left,-0.45139,1.1371,1.704,0.5669,0.3957,0.6458,0.2501,A,0.2
398,0.50154,0.1,2,0.41795,0.5099,0.61021,398,2.42412,-0.23,-0.11703,0.38452,5,1D2U,1.0,True,3.575,46,False,left,0.45139,1.747,2.3467,0.5997,0.0802,1.2468,1.1665,A,0.22
399,0.50154,0.1,2,0.326,0.35944,0.56006,399,2.13156,-0.23,-0.11703,0.38452,5,1D2U,1.0,True,0.33,46,False,left,-0.45139,1.1605,1.7602,0.5997,0.4438,0.7103,0.2665,A,0.22
400,0.50154,1.2,2,0.41795,0.45975,0.67709,400,2.74177,0.37,0.1839,0.68544,5,2D1U,2.0,True,0.258,40,True,right,0.45139,1.8182,2.7015,0.8833,0.0931,1.2431,1.15,A,0.2
401,0.50154,1.2,2,0.20898,0.42631,0.56006,401,2.36562,0.33,0.16718,0.66873,5,2D1U,2.0,True,0.375,41,True,right,-0.45139,1.0431,1.9098,0.8667,0.3346,0.5849,0.2503,A,0.2
402,0.50154,0.1,2,0.37616,0.35944,1.14519,402,2.78357,-0.19,-0.09195,0.40124,5,1D2U,1.0,True,0.458,46,False,left,0.45139,2.2396,2.8565,0.6169,0.0398,1.2065,1.1667,A,0.22
403,0.50154,0.1,1,0.26749,0.26749,0.51826,403,2.22351,0.33,0.16718,0.66873,5,2D1U,2.0,False,1.517,41,True,right,-0.45139,0.1564,1.04,0.8835,1.6733,1.9397,0.2663,A,0.22
404,0.50154,1.2,1,0.30929,0.51826,1.07832,404,2.80865,-0.19,-0.09195,0.40124,5,1D2U,1.0,False,1.0,46,False,left,0.45139,0.2066,0.8065,0.5999,1.5564,2.7066,1.1502,A,0.2
405,0.50154,1.2,2,0.28421,0.40124,0.54334,405,2.11485,-0.23,-0.11703,0.38452,5,1D2U,2.0,False,1.082,47,True,right,-0.45139,1.0981,1.6817,0.5836,0.4069,0.6566,0.2497,A,0.2
406,0.50154,0.1,2,0.59349,0.35108,1.32073,406,3.45228,0.37,0.1839,0.68544,5,2D1U,1.0,False,0.999,42,True,left,0.45139,2.6315,3.5309,0.8994,0.256,1.423,1.167,A,0.22
407,0.50154,0.1,2,0.29257,0.37616,0.40124,407,1.93931,-0.27,-0.13375,0.3678,5,1D2U,1.0,True,0.405,47,False,left,-0.45139,0.967,1.5502,0.5832,0.4087,0.6756,0.2669,A,0.22
408,0.50154,1.2,2,0.63529,0.45139,0.82755,408,2.78357,-0.27,-0.13375,0.3678,5,1D2U,2.0,False,1.274,47,False,right,0.45139,2.1864,2.7529,0.5665,0.311,1.4611,1.15,A,0.2
409,0.50154,1.2,2,0.40959,0.27585,0.82755,409,2.71669,0.41,0.20898,0.70216,5,2D1U,2.0,True,0.331,42,False,right,-0.45139,1.505,2.4054,0.9004,0.5306,0.7801,0.2495,A,0.2
410,0.50154,0.1,1,0.34272,0.42631,0.60185,410,2.21514,-0.31,-0.15882,0.34272,5,1D2U,2.0,True,0.115,47,False,right,0.45139,0.2365,0.7947,0.5583,1.0616,2.2283,1.1667,A,0.22
411,0.50154,0.1,1,0.20898,0.34272,0.49319,411,2.24859,0.41,0.20898,0.70216,5,2D1U,1.0,True,0.356,42,False,left,-0.45139,0.0975,1.014,0.9166,1.6224,1.8892,0.2668,A,0.22
412,0.50154,1.2,2,0.40124,0.35944,0.78575,412,2.73341,0.37,0.1839,0.68544,5,2D1U,1.0,False,0.65,43,True,left,0.45139,1.9034,2.7872,0.8838,0.0708,1.2204,1.1496,A,0.2
413,0.50154,1.2,1,0.25913,0.23405,0.40124,413,2.09812,0.41,0.20898,0.70216,5,2D1U,1.0,True,0.249,44,True,left,-0.45139,0.1597,1.0597,0.9,1.5846,1.8348,0.2502,A,0.2
414,0.50154,0.1,2,0.3678,0.49319,0.64365,414,2.3489,-0.31,-0.15882,0.34272,5,1D2U,1.0,True,0.95,47,False,left,0.45139,1.736,2.2938,0.5577,0.0354,1.2025,1.167,A,0.22
415,0.50154,0.1,1,0.2257,0.2257,0.68544,415,2.34054,0.41,0.20898,0.70216,5,2D1U,2.0,False,0.475,44,True,right,-0.45139,0.1176,1.0336,0.916,1.8338,2.1003,0.2665,A,0.22
416,0.50154,1.2,1,0.34272,0.35108,0.44303,416,2.36561,0.45,0.2257,0.72724,5,2D1U,1.0,True,0.114,44,False,left,0.45139,0.2427,1.1681,0.9254,1.2848,2.4344,1.1496,A,0.2
417,0.50154,1.2,2,0.25913,0.42631,0.71052,417,2.2653,-0.27,-0.13375,0.3678,5,1D2U,2.0,False,0.433,48,True,right,-0.45139,1.2379,1.8046,0.5667,0.3797,0.6298,0.2501,A,0.2
418,0.50154,0.1,2,0.65201,0.35108,1.32073,418,3.5526,0.45,0.2257,0.72724,5,2D1U,2.0,True,0.624,44,False,right,0.45139,2.6895,3.6313,0.9418,0.3146,1.4813,1.1667,A,0.22
419,0.50154,0.1,1,0.34272,0.38452,0.84427,419,2.77521,0.41,0.20898,0.70216,5,2D1U,1.0,True,1.259,45,True,left,-0.45139,0.2302,1.1463,0.9161,2.1045,2.3714,0.2669,A,0.22
420,0.50154,1.2,2,0.41795,0.35108,0.51826,420,2.13155,-0.31,-0.15882,0.34272,5,1D2U,1.0,True,0.816,49,True,left,0.45139,1.6534,2.1953,0.5419,0.0871,1.2369,1.1498,A,0.2
421,0.50154,1.2,1,0.26749,0.41795,0.6938,421,2.58294,0.41,0.20898,0.70216,5,2D1U,1.0,True,0.366,45,True,left,-0.45139,0.1678,1.0681,0.9003,1.8844,2.1347,0.2503,A,0.2
422,0.50154,0.1,2,0.34272,0.49319,0.99473,422,3.01762,0.37,0.1839,0.68544,5,2D1U,2.0,True,0.633,45,False,right,0.45139,2.0751,2.9767,0.9016,0.0087,1.1747,1.1661,A,0.22
423,0.50154,0.1,1,0.40124,0.40959,0.86934,423,2.52443,-0.31,-0.15882,0.34272,5,1D2U,1.0,False,0.773,49,True,left,-0.45139,0.2896,0.8479,0.5583,1.8308,2.098,0.2672,A,0.22
424,0.50154,1.2,1,0.37616,0.66873,0.76904,424,3.00091,0.37,0.1839,0.68544,5,2D1U,1.0,True,0.114,45,False,left,0.45139,0.2773,1.1605,0.8831,1.6024,2.7526,1.1502,A,0.2
425,0.50154,1.2,2,0.30929,0.41795,0.81919,425,2.7167,0.33,0.16718,0.66873,5,2D1U,2.0,True,0.605,45,False,right,-0.45139,1.4025,2.2688,0.8663,0.4357,0.685,0.2494,A,0.2
426,0.50154,0.1,1,0.45975,0.47647,1.27058,426,3.37707,0.33,0.16718,0.66873,5,2D1U,2.0,False,0.241,45,False,right,0.45139,0.3474,1.2311,0.8837,2.164,3.331,1.1671,A,0.22
427,0.50154,0.1,2,0.44303,0.20062,0.59349,427,2.06468,-0.35,-0.17554,0.326,5,1D2U,1.0,True,1.884,49,False,left,-0.45139,1.307,1.8485,0.5415,0.5568,0.8234,0.2667,A,0.22
428,0.50154,1.2,2,0.49319,0.42631,0.6938,428,2.80028,0.37,0.1839,0.68544,5,2D1U,1.0,False,1.533,46,True,left,0.45139,1.9051,2.7885,0.8834,0.1627,1.3136,1.1509,A,0.2
429,0.50154,1.2,2,0.26749,0.41795,0.5517,429,2.06468,-0.35,-0.17554,0.326,5,1D2U,2.0,False,0.75,49,False,right,-0.45139,1.087,1.6124,0.5254,0.3867,0.6369,0.2501,A,0.2
430,0.50154,0.1,1,0.35108,0.50154,0.85263,430,2.90895,0.41,0.20898,0.70216,5,2D1U,1.0,True,1.175,46,False,left,0.45139,0.239,1.1561,0.9171,1.6727,2.8392,1.1665,A,0.22
431,0.50154,0.1,2,0.30929,0.2257,0.43467,431,2.17336,0.41,0.20898,0.70216,5,2D1U,2.0,True,0.205,46,False,right,-0.45139,1.0175,1.9347,0.9171,0.4255,0.6925,0.267,A,0.22
432,0.50154,1.2,2,0.66873,0.37616,1.30402,432,3.53589,0.37,0.1839,0.68544,5,2D1U,2.0,True,0.112,47,True,right,0.45139,2.6899,3.5728,0.8828,0.3397,1.4896,1.15,A,0.2
433,0.50154,1.2,1,0.25913,0.40124,0.81083,433,2.27367,-0.39,-0.19226,0.30093,5,1D2U,2.0,True,1.919,49,False,right,-0.45139,0.1549,0.6558,0.5008,1.5888,1.8387,0.2499,A,0.2
434,0.50154,0.1,2,0.40959,0.44303,0.83591,434,2.491,-0.39,-0.19226,0.30093,5,1D2U,2.0,False,0.466,49,False,right,0.45139,1.9616,2.478,0.5164,0.0694,1.2365,1.1671,A,0.22
435,0.50154,0.1,1,0.23405,0.326,0.61857,435,2.3656,0.37,0.1839,0.68544,5,2D1U,1.0,True,0.643,47,True,left,-0.45139,0.1209,1.0208,0.8999,1.7542,2.0208,0.2666,A,0.22
436,0.50154,1.2,2,0.45975,0.66873,1.23714,436,3.15137,-0.43,-0.21734,0.28421,5,1D2U,1.0,True,0.275,49,False,left,0.45139,2.4117,2.8953,0.4837,0.1286,1.2785,1.1499,A,0.2
437,0.50154,1.2,2,0.42631,0.37616,0.47647,437,2.06469,-0.43,-0.21734,0.28421,5,1D2U,1.0,True,0.208,49,False,left,-0.45139,1.1754,1.6585,0.4831,0.5503,0.8002,0.2499,A,0.2
438,0.50154,0.1,1,0.51826,0.31765,1.22043,438,2.85881,-0.39,-0.19226,0.30093,5,1D2U,2.0,True,0.584,50,True,right,0.45139,0.4061,0.9228,0.5167,1.8062,2.981,1.1748,A,0.22
439,0.50154,0.1,2,0.2257,0.35944,0.7356,439,2.49101,0.33,0.16718,0.66873,5,2D1U,1.0,False,0.567,47,False,left,-0.45139,1.2321,2.1161,0.884,0.3404,0.607,0.2666,A,0.22
440,0.50154,1.2,2,0.47647,0.56842,0.63529,440,2.48265,-0.39,-0.19226,0.30093,5,1D2U,2.0,False,1.724,50,True,right,0.45139,1.8342,2.3345,0.5002,0.1511,1.3008,1.1496,A,0.2
441,0.50154,1.2,1,0.35108,0.23405,0.71888,441,2.49099,0.37,0.1839,0.68544,5,2D1U,1.0,True,0.333,48,True,left,-0.45139,0.2461,1.1294,0.8833,1.971,2.221,0.25,A,0.2
442,0.50154,0.1,2,0.5099,0.40959,1.14519,442,2.85043,-0.43,-0.21734,0.28421,5,1D2U,1.0,True,2.583,51,True,left,0.45139,2.3765,2.8758,0.4992,0.1757,1.3436,1.1678,A,0.22
443,0.50154,0.1,1,0.44303,0.25077,0.49319,443,2.37397,0.37,0.1839,0.68544,5,2D1U,1.0,True,2.738,48,True,left,-0.45139,0.336,1.2362,0.9003,1.8441,2.1108,0.2667,A,0.22
444,0.50154,1.2,2,0.51826,0.43467,0.61021,444,2.34889,-0.43,-0.21734,0.28421,5,1D2U,1.0,True,0.625,51,True,left,0.45139,1.8519,2.3351,0.4833,0.1936,1.3433,1.1497,A,0.2
445,0.50154,1.2,2,0.29257,0.20898,0.61021,445,1.91423,-0.39,-0.19226,0.30093,5,1D2U,1.0,True,0.776,52,True,left,-0.45139,1.1752,1.6752,0.5001,0.417,0.6668,0.2498,A,0.2
446,0.50154,0.1,1,0.45139,0.40124,0.66037,446,2.68327,0.33,0.16718,0.66873,5,2D1U,2.0,False,0.391,49,True,right,0.45139,0.3379,1.2214,0.8835,1.5464,2.7129,1.1665,A,0.22
447,0.50154,0.1,1,0.28421,0.43467,0.76904,447,2.29039,-0.39,-0.19226,0.30093,5,1D2U,1.0,False,0.855,52,True,left,-0.45139,0.1715,0.6882,0.5167,1.5713,1.8374,0.2661,A,0.22
448,0.50154,1.2,1,0.65201,0.35108,0.9195,448,3.10957,0.37,0.1839,0.68544,5,2D1U,1.0,True,0.617,50,True,left,0.45139,0.5488,1.432,0.8832,2.0239,3.182,1.1581,A,0.2
449,0.50154,1.2,2,0.30093,0.30093,0.42631,449,1.81392,-0.43,-0.21734,0.28421,5,1D2U,1.0,True,1.011,53,True,left,-0.45139,0.9974,1.4806,0.4832,0.4228,0.6725,0.2496,A,0.2
450,0.50154,0.1,2,0.60185,0.49319,0.91114,450,2.79193,-0.43,-0.21734,0.28421,5,1D2U,1.0,True,0.533,53,True,left,0.45139,2.2343,2.7343,0.5,0.2672,1.4341,1.1669,A,0.22
451,0.50154,0.1,2,0.35108,0.25913,0.85263,451,2.64982,0.37,0.1839,0.68544,5,2D1U,2.0,True,0.34,50,True,right,-0.45139,1.4717,2.3715,0.8998,0.4635,0.7299,0.2664,A,0.22
452,0.50154,1.2,1,0.35108,0.62693,0.63529,452,2.78357,0.33,0.16718,0.66873,5,2D1U,1.0,True,0.533,51,True,left,0.45139,0.2503,1.1171,0.8669,1.4258,2.5757,1.1499,A,0.2
453,0.50154,1.2,1,0.25913,0.29257,0.56842,453,2.29039,0.33,0.16718,0.66873,5,2D1U,2.0,False,0.355,51,True,right,-0.45139,0.157,1.0236,0.8666,1.7151,1.9651,0.25,A,0.2
454,0.50154,0.1,2,0.35108,0.44303,0.74396,454,2.34054,-0.39,-0.19226,0.30093,5,1D2U,1.0,True,1.008,54,True,left,0.45139,1.8159,2.3328,0.5169,0.0157,1.1826,1.167,A,0.22
455,0.50154,0.1,1,0.42631,0.35944,0.45975,455,2.43248,0.37,0.1839,0.68544,5,2D1U,1.0,True,0.962,52,True,left,-0.45139,0.3147,1.2147,0.9,1.7894,2.0566,0.2672,A,0.22
456,0.50154,1.2,2,0.37616,0.33436,0.80247,456,2.69997,0.37,0.1839,0.68544,5,2D1U,1.0,False,0.557,52,True,left,0.45139,1.9024,2.7861,0.8837,0.0525,1.2027,1.1502,A,0.2
457,0.50154,1.2,1,0.45139,0.25913,0.48483,457,1.99782,-0.39,-0.19226,0.30093,5,1D2U,1.0,False,0.696,54,True,left,-0.45139,0.3533,0.8533,0.5,1.4615,1.7115,0.25,A,0.2
458,0.50154,0.1,2,0.40959,0.60185,1.27058,458,3.48572,0.41,0.20898,0.70216,5,2D1U,2.0,True,0.175,52,False,right,0.45139,2.3972,3.314,0.9168,0.0728,1.2392,1.1665,A,0.22
459,0.50154,0.1,2,0.21734,0.44303,0.58514,459,2.44921,0.41,0.20898,0.70216,5,2D1U,2.0,True,0.273,52,False,right,-0.45139,1.0776,1.9942,0.9166,0.336,0.6027,0.2667,A,0.22
460,0.50154,1.2,1,0.33436,0.61021,0.7356,460,2.46592,-0.43,-0.21734,0.28421,5,1D2U,2.0,True,0.114,55,True,right,0.45139,0.233,0.716,0.483,1.1246,2.2748,1.1503,A,0.2
461,0.50154,1.2,2,0.26749,0.45139,0.88606,461,2.79192,0.37,0.1839,0.68544,5,2D1U,2.0,True,0.3,53,True,right,-0.45139,1.4214,2.3045,0.8831,0.3882,0.6382,0.2499,A,0.2
462,0.50154,0.1,1,0.44303,0.66037,1.33745,462,3.2266,-0.43,-0.21734,0.28421,5,1D2U,1.0,False,7.258,55,True,left,0.45139,0.3307,0.8304,0.4998,1.8308,2.9974,1.1665,A,0.22
463,0.50154,0.1,2,0.30093,0.24241,0.8777,463,2.60802,0.37,0.1839,0.68544,5,2D1U,1.0,False,3.208,53,True,left,-0.45139,1.451,2.3513,0.9003,0.4181,0.6846,0.2665,A,0.22
464,0.50154,1.2,1,0.58514,0.326,0.82755,464,2.50772,-0.47,-0.23405,0.26749,5,1D2U,2.0,True,0.383,55,False,right,0.45139,0.4841,0.951,0.4669,1.4508,2.6007,1.15,A,0.2
465,0.50154,1.2,1,0.38452,0.326,0.54334,465,2.02289,-0.47,-0.23405,0.26749,5,1D2U,2.0,True,0.458,55,False,right,-0.45139,0.2784,0.7454,0.467,1.4125,1.6625,0.25,A,0.2
466,0.50154,0.1,2,0.34272,0.48483,0.85263,466,2.88388,0.41,0.20898,0.70216,5,2D1U,2.0,True,0.808,54,True,right,0.45139,1.9194,2.837,0.9176,0.0114,1.1781,1.1667,A,0.22
467,0.50154,0.1,2,0.41795,0.35108,0.76068,467,2.73341,0.41,0.20898,0.70216,5,2D1U,2.0,True,1.434,54,True,right,-0.45139,1.4493,2.3656,0.9163,0.5322,0.7992,0.267,A,0.22
468,0.50154,1.2,2,0.38452,0.30929,1.04488,468,2.52444,-0.43,-0.21734,0.28421,5,1D2U,1.0,True,0.458,56,True,left,0.45139,2.1482,2.6314,0.4832,0.0561,1.2065,1.1504,A,0.2
469,0.50154,1.2,1,0.40959,0.39288,0.6938,469,2.68325,0.37,0.1839,0.68544,5,2D1U,1.0,True,1.04,55,True,left,-0.45139,0.3056,1.1884,0.8828,2.0053,2.2553,0.25,A,0.2
470,0.50154,0.1,2,0.3678,0.58514,0.66873,470,2.80865,0.37,0.1839,0.68544,5,2D1U,1.0,False,2.183,55,True,left,0.45139,1.762,2.6619,0.8999,0.0365,1.2038,1.1673,A,0.22
471,0.50154,0.1,2,0.33436,0.2257,0.6938,471,2.03961,-0.43,-0.21734,0.28421,5,1D2U,2.0,False,2.081,56,True,right,-0.45139,1.2991,1.7989,0.4998,0.4484,0.7156,0.2672,A,0.22
472,0.50154,1.2,2,0.39288,0.42631,0.6938,472,2.71669,0.41,0.20898,0.70216,5,2D1U,1.0,False,0.742,56,True,left,0.45139,1.8037,2.7037,0.9,0.0621,1.2122,1.1501,A,0.2
473,0.50154,1.2,2,0.23405,0.29257,0.66037,473,1.95602,-0.47,-0.23405,0.26749,5,1D2U,1.0,True,2.425,57,True,left,-0.45139,1.1676,1.6342,0.4666,0.3594,0.6094,0.25,A,0.2
474,0.50154,0.1,2,0.33436,0.40959,0.61857,474,2.5913,0.45,0.2257,0.72724,5,2D1U,1.0,False,0.566,56,False,left,0.45139,1.6717,2.6128,0.9411,0.0019,1.1634,1.1615,A,0.22
475,0.50154,0.1,2,0.20062,0.30929,0.86934,475,2.62475,0.49,0.24241,0.74396,5,2D1U,2.0,True,0.42,56,False,right,-0.45139,1.3462,2.3041,0.9579,0.321,0.5877,0.2668,A,0.22
476,0.50154,1.2,2,0.65201,0.45139,1.08668,476,2.95911,-0.47,-0.23405,0.26749,5,1D2U,1.0,True,0.176,57,True,left,0.45139,2.4559,2.9225,0.4666,0.3223,1.4726,1.1503,A,0.2
477,0.50154,1.2,1,0.38452,0.43467,0.60185,477,2.20679,-0.43,-0.21734,0.28421,5,1D2U,1.0,False,0.48,58,True,left,-0.45139,0.2784,0.762,0.4837,1.4873,1.737,0.2497,A,0.2
478,0.50154,0.1,1,0.56842,0.41795,0.84427,478,3.07614,0.49,0.24241,0.74396,5,2D1U,1.0,True,0.475,56,False,left,0.45139,0.4605,1.4182,0.9577,1.9261,3.097,1.1709,A,0.22
479,0.50154,0.1,2,0.26749,0.25913,0.67709,479,2.43249,0.45,0.2257,0.72724,5,2D1U,2.0,True,0.113,57,True,right,-0.45139,1.2145,2.1563,0.9418,0.3809,0.648,0.2672,A,0.22
480,0.50154,1.2,2,0.40959,0.33436,0.8777,480,2.85043,0.45,0.2257,0.72724,5,2D1U,2.0,True,0.866,57,True,right,0.45139,2.0035,2.9292,0.9257,0.0788,1.2291,1.1503,A,0.2
481,0.50154,1.2,2,0.37616,0.25077,0.81083,481,2.20679,-0.47,-0.23405,0.26749,5,1D2U,2.0,False,0.635,59,True,right,-0.45139,1.4553,1.9222,0.4669,0.4973,0.7473,0.2499,A,0.2
482,0.50154,0.1,2,0.48483,0.37616,0.71888,482,2.32382,-0.51,-0.25913,0.24241,5,1D2U,1.0,True,0.658,59,False,left,0.45139,1.9211,2.3795,0.4583,0.146,1.3129,1.1669,A,0.22
483,0.50154,0.1,1,0.34272,0.3678,0.67709,483,2.13156,-0.51,-0.25913,0.24241,5,1D2U,1.0,False,4.009,59,False,left,-0.45139,0.2285,0.6873,0.4588,1.4788,1.7455,0.2667,A,0.22
484,0.50154,1.2,2,0.39288,0.41795,1.14519,484,3.15972,0.41,0.20898,0.70216,5,2D1U,1.0,False,2.899,57,False,left,0.45139,2.257,3.1571,0.9001,0.0651,1.2156,1.1505,A,0.2
485,0.50154,1.2,1,0.31765,0.37616,0.58514,485,2.50773,0.45,0.2257,0.72724,5,2D1U,1.0,True,0.225,58,True,left,-0.45139,0.215,1.1402,0.9252,1.8486,2.0987,0.2501,A,0.2
486,0.50154,0.1,1,0.41795,0.63529,0.86099,486,2.64147,-0.55,-0.27585,0.2257,5,1D2U,2.0,True,0.113,59,False,right,0.45139,0.3059,0.7477,0.4417,1.2727,2.4391,1.1664,A,0.22
487,0.50154,0.1,2,0.30929,0.326,0.80247,487,2.66654,0.45,0.2257,0.72724,5,2D1U,1.0,False,0.661,58,True,left,-0.45139,1.382,2.3232,0.9412,0.4232,0.6898,0.2666,A,0.22
488,0.50154,1.2,1,0.41795,0.43467,0.44303,488,2.54115,0.49,0.24241,0.74396,5,2D1U,1.0,True,0.449,58,False,left,0.45139,0.3145,1.2559,0.9414,1.3726,2.5228,1.1502,A,0.2
489,0.50154,1.2,1,0.43467,0.25913,0.67709,489,2.09813,-0.55,-0.27585,0.2257,5,1D2U,2.0,True,0.339,59,False,right,-0.45139,0.3289,0.7539,0.425,1.5536,1.8038,0.2503,A,0.2
490,0.50154,0.1,1,0.53498,0.38452,0.64365,490,2.3071,-0.51,-0.25913,0.24241,5,1D2U,2.0,True,0.208,60,True,right,0.45139,0.4257,0.884,0.4583,1.1924,2.3676,1.1753,A,0.22
491,0.50154,0.1,2,0.29257,0.3678,0.78575,491,2.69162,0.49,0.24241,0.74396,5,2D1U,1.0,False,0.467,58,False,left,-0.45139,1.3531,2.3115,0.9584,0.4112,0.6783,0.2671,A,0.22
492,0.50154,1.2,2,0.42631,0.65201,1.15355,492,2.97582,-0.51,-0.25913,0.24241,5,1D2U,1.0,True,0.499,60,True,left,0.45139,2.2986,2.7405,0.4418,0.0986,1.2486,1.15,A,0.2
493,0.50154,1.2,2,0.35108,0.35944,0.7356,493,2.21515,-0.47,-0.23405,0.26749,5,1D2U,1.0,True,0.112,60,False,left,-0.45139,1.3577,1.8242,0.4665,0.4742,0.7241,0.2499,A,0.2
494,0.50154,0.1,2,0.37616,0.50154,0.61021,494,2.25694,-0.47,-0.23405,0.26749,5,1D2U,1.0,True,0.183,60,False,left,0.45139,1.715,2.1979,0.4828,0.0478,1.2147,1.1669,A,0.22
495,0.50154,0.1,1,0.30093,0.21734,0.72724,495,2.03126,-0.43,-0.21734,0.28421,5,1D2U,2.0,True,0.382,60,False,right,-0.45139,0.1872,0.688,0.5008,1.5295,1.796,0.2665,A,0.22
496,0.50154,1.2,1,0.51826,0.39288,0.97801,496,3.15973,0.53,0.26749,0.76904,5,2D1U,1.0,True,0.758,58,False,left,0.45139,0.419,1.3857,0.9667,2.0354,3.1938,1.1585,A,0.2
497,0.50154,1.2,2,0.30093,0.20062,0.45139,497,2.22352,0.53,0.26749,0.76904,5,2D1U,2.0,True,0.525,58,False,right,-0.45139,1.0235,1.99,0.9665,0.4237,0.6736,0.2499,A,0.2
498,0.50154,0.1,2,0.30929,0.47647,0.82755,498,2.85881,0.49,0.24241,0.74396,5,2D1U,1.0,False,0.791,59,True,left,0.45139,1.8589,2.8179,0.959,999,1.1421,-997.8579,A,0.22
499,0.50154,0.1,2,0.37616,0.21734,0.78575,499,2.165,-0.43,-0.21734,0.28421,5,1D2U,1.0,True,0.631,60,False,left,-0.45139,1.4293,1.9295,0.5002,0.4877,0.7546,0.267,A,0.22
500,0.50154,1.2,1,0.326,0.54334,1.33745,500,3.00926,-0.39,-0.19226,0.30093,5,1D2U,2.0,True,0.114,60,False,right,0.45139,0.2239,0.7242,0.5004,1.7325,2.8824,1.15,A,0.2
501,0.50154,1.2,2,0.27585,0.44303,0.49319,501,2.01454,-0.39,-0.19226,0.30093,5,1D2U,1.0,True,1.095,60,False,left,-0.45139,1.043,1.5426,0.4996,0.401,0.651,0.25,A,0.2
502,0.50154,0.1,1,0.35108,0.56842,0.78575,502,2.97583,0.53,0.26749,0.76904,5,2D1U,1.0,True,0.783,60,True,left,0.45139,0.2375,1.2212,0.9837,1.6705,2.8377,1.1672,A,0.22
503,0.50154,0.1,2,0.40959,0.34272,0.81919,503,2.84208,0.53,0.26749,0.76904,5,2D1U,2.0,True,1.234,60,True,right,-0.45139,1.5002,2.4839,0.9837,0.5256,0.7921,0.2665,A,0.22
504,0.50154,1.2,1,0.37616,0.326,0.95294,504,2.9006,0.49,0.24241,0.74396,5,2D1U,1.0,True,0.517,61,True,left,0.45139,0.2771,1.2192,0.942,1.844,2.9939,1.1499,A,0.2
505,0.50154,1.2,2,0.40959,0.30929,0.66037,505,2.20679,-0.35,-0.17554,0.326,5,1D2U,1.0,True,0.429,60,False,left,-0.45139,1.3428,1.868,0.5253,0.5348,0.7849,0.2501,A,0.2
506,0.50154,0.1,2,0.42631,0.3678,0.77739,506,2.39904,-0.35,-0.17554,0.326,5,1D2U,1.0,True,0.892,60,False,left,0.45139,1.9244,2.4742,0.5498,0.091,1.2584,1.1674,A,0.22
507,0.50154,0.1,2,0.31765,0.39288,0.56006,507,2.51609,0.49,0.24241,0.74396,5,2D1U,2.0,True,0.137,61,True,right,-0.45139,1.1469,2.1053,0.9584,0.4303,0.6971,0.2668,A,0.22
508,0.50154,1.2,1,0.326,0.38452,0.83591,508,2.77521,0.45,0.2257,0.72724,5,2D1U,1.0,True,0.85,61,False,left,0.45139,0.2243,1.1491,0.9249,1.6574,2.8156,1.1582,A,0.2
509,0.50154,1.2,2,0.38452,0.31765,0.49319,509,2.42414,0.45,0.2257,0.72724,5,2D1U,1.0,False,0.11,61,False,left,-0.45139,1.1495,2.0743,0.9248,0.5074,0.7573,0.2499,A,0.2
510,0.50154,0.1,1,0.43467,0.51826,0.60185,510,2.80028,0.49,0.24241,0.74396,5,2D1U,1.0,True,0.699,62,True,left,0.45139,0.3269,1.2853,0.9584,1.5519,2.7185,1.1665,A,0.22
511,0.50154,0.1,1,0.37616,0.41795,0.54334,511,2.18171,-0.31,-0.15882,0.34272,5,1D2U,2.0,True,0.113,60,False,right,-0.45139,0.2644,0.8227,0.5583,1.4813,1.7477,0.2664,A,0.22
512,0.50154,1.2,2,0.65201,0.46811,0.76904,512,3.13466,0.49,0.24241,0.74396,5,2D1U,2.0,True,0.617,62,True,right,0.45139,2.1442,3.0856,0.9414,0.327,1.4774,1.1505,A,0.2
513,0.50154,1.2,1,0.34272,0.45139,0.47647,513,2.11484,-0.31,-0.15882,0.34272,5,1D2U,1.0,False,0.452,60,False,left,-0.45139,0.244,0.786,0.5419,1.3861,1.6355,0.2495,A,0.2
514,0.50154,0.1,1,0.3678,0.46811,1.34581,514,3.4105,0.45,0.2257,0.72724,5,2D1U,1.0,True,0.113,63,True,left,0.45139,0.2571,1.1983,0.9412,2.2069,3.3734,1.1666,A,0.22
515,0.50154,0.1,1,0.35944,0.31765,0.40959,515,2.31546,0.45,0.2257,0.72724,5,2D1U,1.0,True,0.554,63,True,left,-0.45139,0.2507,1.1926,0.9419,1.7178,1.9839,0.2661,A,0.22
516,0.50154,1.2,1,0.38452,0.31765,1.29566,516,2.82537,-0.35,-0.17554,0.326,5,1D2U,1.0,False,1.333,61,True,left,0.45139,0.2792,0.8046,0.5254,1.7712,2.9214,1.1501,A,0.2
517,0.50154,1.2,1,0.37616,0.29257,0.83591,517,2.70834,0.41,0.20898,0.70216,5,2D1U,2.0,False,1.08,63,False,right,-0.45139,0.2758,1.1758,0.9,2.1338,2.3841,0.2503,A,0.2
518,0.50154,0.1,2,0.34272,0.52662,0.71888,518,2.817,0.45,0.2257,0.72724,5,2D1U,1.0,False,0.583,64,True,left,0.45139,1.7821,2.7239,0.9418,0.0071,1.1743,1.1672,A,0.22
519,0.50154,0.1,1,0.45139,0.39288,0.76068,519,2.40742,-0.39,-0.19226,0.30093,5,1D2U,2.0,True,1.269,61,False,right,-0.45139,0.3379,0.8549,0.5171,1.73,1.9967,0.2667,A,0.22
520,0.50154,1.2,1,0.60185,0.48483,0.89442,520,2.78357,-0.39,-0.19226,0.30093,5,1D2U,2.0,True,3.024,61,False,right,0.45139,0.4993,0.9993,0.5,1.5661,2.7162,1.1501,A,0.2
521,0.50154,1.2,2,0.44303,0.43467,0.54334,521,2.66654,0.49,0.24241,0.74396,5,2D1U,2.0,True,0.422,64,False,right,-0.45139,1.2606,2.2024,0.9418,0.5691,0.8193,0.2502,A,0.2
522,0.50154,0.1,1,0.40959,0.43467,0.67709,522,2.34889,-0.35,-0.17554,0.326,5,1D2U,1.0,False,0.808,62,True,left,0.45139,0.2964,0.838,0.5416,1.1797,2.3466,1.167,A,0.22
523,0.50154,0.1,1,0.30929,0.35108,0.5099,523,2.41577,0.49,0.24241,0.74396,5,2D1U,1.0,True,0.789,64,False,left,-0.45139,0.2015,1.1597,0.9582,1.7848,2.0509,0.2661,A,0.22
524,0.50154,1.2,1,0.34272,0.60185,0.60185,524,2.34889,-0.39,-0.19226,0.30093,5,1D2U,2.0,True,0.133,63,True,right,0.45139,0.2395,0.7398,0.5002,1.0147,2.1647,1.15,A,0.2
525,0.50154,1.2,1,0.40959,0.29257,0.81919,525,2.75013,0.45,0.2257,0.72724,5,2D1U,2.0,False,3.15,65,True,right,-0.45139,0.3107,1.2355,0.9248,2.1772,2.4269,0.2498,A,0.2
526,0.50154,0.1,2,0.47647,0.41795,0.8777,526,3.01762,0.49,0.24241,0.74396,5,2D1U,1.0,False,4.007,66,True,left,0.45139,2.071,3.0387,0.9677,0.1372,1.3039,1.1668,A,0.22
527,0.50154,0.1,1,0.42631,0.40959,0.47647,527,2.58295,0.53,0.26749,0.76904,5,2D1U,1.0,True,0.342,66,False,left,-0.45139,0.3166,1.2999,0.9833,1.8909,2.1579,0.267,A,0.22
528,0.50154,1.2,1,0.54334,0.31765,0.84427,528,2.97584,0.53,0.26749,0.76904,5,2D1U,1.0,True,0.275,66,False,left,0.45139,0.4446,1.4116,0.967,1.9284,3.0867,1.1582,A,0.2
529,0.50154,1.2,1,0.326,0.27585,0.76068,529,2.165,-0.39,-0.19226,0.30093,5,1D2U,2.0,True,0.216,63,True,right,-0.45139,0.2231,0.7238,0.5007,1.6072,1.8572,0.2499,A,0.2
530,0.50154,0.1,2,0.54334,0.40959,1.07832,530,3.27675,0.49,0.24241,0.74396,5,2D1U,2.0,True,0.941,67,True,right,0.45139,2.3434,3.3011,0.9577,0.2101,1.3766,1.1665,A,0.22
531,0.50154,0.1,2,0.35108,0.29257,0.68544,531,2.57459,0.49,0.24241,0.74396,5,2D1U,2.0,True,0.683,67,True,right,-0.45139,1.3094,2.2679,0.9585,0.4679,0.7346,0.2666,A,0.22
532,0.50154,1.2,1,0.40124,0.35108,0.66873,532,2.24859,-0.35,-0.17554,0.326,5,1D2U,2.0,True,0.509,64,True,right,0.45139,0.2949,0.8204,0.5255,1.162,2.3198,1.1578,A,0.2
533,0.50154,1.2,2,0.39288,0.35108,0.84427,533,2.81701,0.45,0.2257,0.72724,5,2D1U,2.0,True,2.407,67,False,right,-0.45139,1.5104,2.4351,0.9247,0.5187,0.769,0.2504,A,0.2
534,0.50154,0.1,1,0.43467,0.41795,0.77739,534,2.45755,-0.35,-0.17554,0.326,5,1D2U,2.0,True,0.724,64,True,right,0.45139,0.3202,0.8619,0.5417,1.3037,2.4756,1.1719,A,0.22
535,0.50154,0.1,1,0.31765,0.31765,0.81083,535,2.67491,0.45,0.2257,0.72724,5,2D1U,2.0,False,0.776,67,False,right,-0.45139,0.2091,1.1513,0.9422,2.0762,2.3427,0.2666,A,0.22
536,0.50154,1.2,1,0.31765,0.61857,1.15355,536,3.33527,0.49,0.24241,0.74396,5,2D1U,1.0,True,0.624,68,True,left,0.45139,0.2127,1.1542,0.9415,1.9799,3.1296,1.1498,A,0.2
537,0.50154,1.2,2,0.25077,0.30093,0.66873,537,2.06469,-0.31,-0.15882,0.34272,5,1D2U,2.0,False,0.121,64,False,right,-0.45139,1.1927,1.7346,0.5419,0.3764,0.6264,0.25,A,0.2
538,0.50154,0.1,1,0.40124,0.38452,0.8777,538,2.90896,0.49,0.24241,0.74396,5,2D1U,1.0,True,0.816,68,True,left,0.45139,0.2882,1.2466,0.9584,1.788,2.9545,1.1665,A,0.22
539,0.50154,0.1,2,0.25913,0.25077,0.81083,539,2.14827,-0.35,-0.17554,0.326,5,1D2U,1.0,True,0.479,65,True,left,-0.45139,1.3371,1.8787,0.5417,0.3706,0.637,0.2665,A,0.22
540,0.50154,1.2,2,0.47647,0.64365,0.71052,540,2.65818,-0.35,-0.17554,0.326,5,1D2U,1.0,True,0.575,65,True,left,0.45139,1.9086,2.4334,0.5248,0.1498,1.2997,1.15,A,0.2
541,0.50154,1.2,2,0.26749,0.31765,0.52662,541,2.34054,0.45,0.2257,0.72724,5,2D1U,1.0,False,0.473,69,True,left,-0.45139,1.0675,1.9928,0.9253,0.3929,0.6429,0.25,A,0.2
542,0.50154,0.1,2,0.40959,0.62693,0.83591,542,3.11793,0.49,0.24241,0.74396,5,2D1U,2.0,True,0.458,70,True,right,0.45139,1.965,2.9235,0.9586,0.0732,1.2401,1.1669,A,0.22
543,0.50154,0.1,1,0.44303,0.33436,0.48483,543,2.50772,0.49,0.24241,0.74396,5,2D1U,1.0,True,0.831,70,True,left,-0.45139,0.3325,1.2905,0.958,1.8905,2.157,0.2665,A,0.22
544,0.50154,1.2,1,0.48483,0.51826,0.99473,544,2.84208,-0.31,-0.15882,0.34272,5,1D2U,2.0,True,0.567,66,True,right,0.45139,0.3802,0.9219,0.5417,1.5886,2.7389,1.1503,A,0.2
545,0.50154,1.2,2,0.38452,0.44303,0.76904,545,2.82537,0.45,0.2257,0.72724,5,2D1U,2.0,True,0.612,71,True,right,-0.45139,1.4259,2.3506,0.9247,0.5088,0.759,0.2502,A,0.2
546,0.50154,0.1,1,0.40124,0.56842,0.93622,546,2.75014,-0.31,-0.15882,0.34272,5,1D2U,2.0,True,0.274,66,True,right,0.45139,0.2894,0.8478,0.5585,1.4483,2.6143,1.1661,A,0.22
547,0.50154,0.1,2,0.41795,0.26749,0.68544,547,2.24022,-0.27,-0.13375,0.3678,5,1D2U,2.0,False,0.596,66,False,right,-0.45139,1.3761,1.9596,0.5835,0.5346,0.8012,0.2666,A,0.22
548,0.50154,1.2,1,0.35108,0.45139,0.49319,548,2.52444,0.45,0.2257,0.72724,5,2D1U,1.0,True,0.516,71,True,left,0.45139,0.2519,1.1772,0.9253,1.3437,2.4937,1.1499,A,0.2
549,0.50154,1.2,1,0.21734,0.39288,0.70216,549,2.15664,-0.31,-0.15882,0.34272,5,1D2U,1.0,False,1.201,67,True,left,-0.45139,0.1144,0.6564,0.5419,1.482,1.7315,0.2495,A,0.2
550,0.50154,0.1,1,0.46811,0.43467,1.22878,550,3.33526,0.41,0.20898,0.70216,5,2D1U,2.0,False,0.114,71,False,right,0.45139,0.3584,1.2747,0.9163,2.1665,3.3338,1.1673,A,0.22
551,0.50154,0.1,2,0.42631,0.43467,0.89442,551,2.58294,-0.35,-0.17554,0.326,5,1D2U,1.0,True,0.354,67,False,left,-0.45139,1.5888,2.1305,0.5417,0.5388,0.8053,0.2665,A,0.22
552,0.50154,1.2,2,0.40124,0.39288,0.48483,552,2.50773,0.45,0.2257,0.72724,5,2D1U,1.0,False,0.616,72,True,left,0.45139,1.6101,2.5347,0.9246,0.0764,1.2265,1.15,A,0.2
553,0.50154,1.2,1,0.40959,0.24241,0.66037,553,2.13991,-0.35,-0.17554,0.326,5,1D2U,1.0,False,1.19,67,False,left,-0.45139,0.3042,0.83,0.5259,1.613,1.8628,0.2498,A,0.2
554,0.50154,0.1,1,0.45139,0.3678,0.83591,554,2.45757,-0.39,-0.19226,0.30093,5,1D2U,1.0,False,0.941,67,False,left,0.45139,0.3377,0.8547,0.517,1.3543,2.5298,1.1755,A,0.22
555,0.50154,0.1,2,0.21734,0.30093,0.71888,555,2.48265,0.49,0.24241,0.74396,5,2D1U,1.0,False,1.69,72,False,left,-0.45139,1.2078,2.1661,0.9583,0.3326,0.6,0.2675,A,0.22
556,0.50154,1.2,2,0.30093,0.33436,1.09504,556,2.51608,-0.43,-0.21734,0.28421,5,1D2U,2.0,False,0.324,67,False,right,0.45139,2.1195,2.6116,0.4922,999,1.128,-997.872,A,0.2
557,0.50154,1.2,1,0.35108,0.44303,0.6938,557,2.75849,0.53,0.26749,0.76904,5,2D1U,1.0,True,0.541,72,False,left,-0.45139,0.248,1.215,0.967,2.0316,2.2816,0.2501,A,0.2
558,0.50154,0.1,1,0.35944,0.35108,0.65201,558,2.13156,-0.47,-0.23405,0.26749,5,1D2U,2.0,True,0.858,67,False,right,0.45139,0.2455,0.7294,0.4839,1.0456,2.2117,1.1661,A,0.22
559,0.50154,0.1,1,0.44303,0.26749,0.86934,559,2.85044,0.53,0.26749,0.76904,5,2D1U,1.0,True,0.442,72,False,left,-0.45139,0.3326,1.3155,0.9829,2.2989,2.5656,0.2668,A,0.22
560,0.50154,1.2,2,0.53498,0.33436,0.67709,560,2.31546,-0.47,-0.23405,0.26749,5,1D2U,1.0,True,0.575,67,False,left,0.45139,1.9316,2.4062,0.4746,0.2065,1.3566,1.1501,A,0.2
561,0.50154,1.2,1,0.24241,0.34272,0.53498,561,2.36561,0.49,0.24241,0.74396,5,2D1U,1.0,True,0.379,73,True,left,-0.45139,0.143,1.0854,0.9424,1.7435,1.993,0.2495,A,0.2
562,0.50154,0.1,1,0.46811,0.40124,0.80247,562,2.91732,0.49,0.24241,0.74396,5,2D1U,1.0,True,1.233,73,True,left,0.45139,0.3566,1.3145,0.958,1.7813,2.9563,1.1751,A,0.22
563,0.50154,0.1,1,0.20898,0.30929,0.46811,563,2.21516,0.45,0.2257,0.72724,5,2D1U,2.0,False,1.259,73,False,right,-0.45139,0.0983,1.0402,0.9418,1.6233,1.8901,0.2668,A,0.22
564,0.50154,1.2,1,0.64365,0.35944,0.63529,564,2.42413,-0.43,-0.21734,0.28421,5,1D2U,2.0,True,0.216,68,True,right,0.45139,0.5398,1.0226,0.4828,1.3316,2.4897,1.1581,A,0.2
565,0.50154,1.2,2,0.35108,0.39288,0.82755,565,2.35726,-0.43,-0.21734,0.28421,5,1D2U,1.0,True,3.872,68,True,left,-0.45139,1.4455,1.9288,0.4833,0.4702,0.7205,0.2503,A,0.2
566,0.50154,0.1,1,0.5099,0.33436,1.04488,566,3.13464,0.49,0.24241,0.74396,5,2D1U,1.0,True,1.45,74,True,left,0.45139,0.3979,1.356,0.9581,2.0647,3.2313,1.1666,A,0.22
567,0.50154,0.1,2,0.35108,0.39288,0.77739,567,2.32382,-0.39,-0.19226,0.30093,5,1D2U,1.0,True,0.173,68,False,left,-0.45139,1.3987,1.915,0.5163,0.4652,0.7319,0.2667,A,0.22
568,0.50154,1.2,2,0.56842,0.30093,0.98637,568,3.10122,0.49,0.24241,0.74396,5,2D1U,1.0,False,0.492,74,True,left,0.45139,2.278,3.2199,0.9419,0.2443,1.395,1.1506,A,0.2
569,0.50154,1.2,2,0.21734,0.35944,0.70216,569,2.54952,0.53,0.26749,0.76904,5,2D1U,2.0,True,0.245,74,False,right,-0.45139,1.1952,2.1619,0.9667,0.345,0.5956,0.2506,A,0.2
570,0.50154,0.1,2,0.50154,0.326,1.17863,570,3.27675,0.53,0.26749,0.76904,5,2D1U,2.0,True,0.133,74,False,right,0.45139,2.4013,3.3852,0.9839,0.168,1.3352,1.1672,A,0.22
571,0.50154,0.1,2,0.31765,0.42631,0.82755,571,2.37398,-0.39,-0.19226,0.30093,5,1D2U,1.0,True,1.064,68,False,left,-0.45139,1.4141,1.9311,0.517,0.4315,0.6979,0.2664,A,0.22
572,0.50154,1.2,1,0.54334,0.47647,1.16191,572,3.42722,0.49,0.24241,0.74396,5,2D1U,1.0,True,0.116,75,True,left,0.45139,0.4384,1.3794,0.941,2.2131,3.3628,1.1496,A,0.2
573,0.50154,1.2,1,0.41795,0.40124,0.52662,573,2.17335,-0.35,-0.17554,0.326,5,1D2U,2.0,True,0.35,68,False,right,-0.45139,0.3132,0.8379,0.5248,1.4878,1.7384,0.2506,A,0.2
574,0.50154,0.1,1,0.44303,0.49319,0.98637,574,3.16809,0.49,0.24241,0.74396,5,2D1U,1.0,True,0.858,75,True,left,0.45139,0.3301,1.2884,0.9584,1.9386,3.1053,1.1667,A,0.22
575,0.50154,0.1,2,0.25913,0.27585,0.81919,575,2.58295,0.45,0.2257,0.72724,5,2D1U,2.0,True,0.842,75,False,right,-0.45139,1.3524,2.2944,0.942,0.378,0.6442,0.2663,A,0.22
576,0.50154,1.2,1,0.61857,0.45139,0.85263,576,2.75013,-0.35,-0.17554,0.326,5,1D2U,2.0,True,0.174,68,False,right,0.45139,0.5151,1.0399,0.5248,1.5652,2.7151,1.1499,A,0.2
577,0.50154,1.2,2,0.326,0.24241,0.74396,577,2.15663,-0.31,-0.15882,0.34272,5,1D2U,1.0,True,0.943,68,False,left,-0.45139,1.339,1.8804,0.5414,0.4474,0.6974,0.25,A,0.2
578,0.50154,0.1,2,0.35108,0.43467,0.64365,578,2.27366,-0.31,-0.15882,0.34272,5,1D2U,1.0,True,0.533,68,False,left,0.45139,1.7186,2.2767,0.5581,0.0183,1.1859,1.1675,A,0.22
579,0.50154,0.1,1,0.25077,0.27585,0.56842,579,1.96438,-0.27,-0.13375,0.3678,5,1D2U,2.0,True,0.862,68,False,right,-0.45139,0.1426,0.726,0.5834,1.4092,1.6757,0.2665,A,0.22
580,0.50154,1.2,2,0.45975,0.61857,1.15355,580,3.46065,0.45,0.2257,0.72724,5,2D1U,2.0,True,0.516,75,False,right,0.45139,2.3339,3.2589,0.925,0.1339,1.2837,1.1499,A,0.2
581,0.50154,1.2,2,0.29257,0.31765,0.66037,581,2.13993,-0.27,-0.13375,0.3678,5,1D2U,2.0,False,0.258,68,False,right,-0.45139,1.2204,1.7873,0.5669,0.4122,0.6621,0.2499,A,0.2
582,0.50154,0.1,2,0.30093,0.44303,0.74396,582,2.69162,0.41,0.20898,0.70216,5,2D1U,2.0,True,0.242,75,False,right,0.45139,1.7624,2.6793,0.9169,999,1.1291,-997.8709,A,0.22
583,0.50154,0.1,2,0.23405,0.25077,0.5099,583,2.19842,0.41,0.20898,0.70216,5,2D1U,2.0,True,0.589,75,False,right,-0.45139,1.0138,1.9305,0.9167,0.3467,0.6136,0.2669,A,0.22
584,0.50154,1.2,2,0.60185,0.37616,1.34581,584,3.5108,0.37,0.1839,0.68544,5,2D1U,2.0,True,0.55,75,False,right,0.45139,2.6652,3.5485,0.8833,0.2735,1.4233,1.1498,A,0.2
585,0.50154,1.2,1,0.28421,0.20898,0.40124,585,2.08141,0.37,0.1839,0.68544,5,2D1U,1.0,True,0.334,75,False,left,-0.45139,0.1821,1.0655,0.8833,1.5906,1.8404,0.2498,A,0.2
586,0.50154,0.1,1,0.44303,0.3678,0.7356,586,2.39069,-0.31,-0.15882,0.34272,5,1D2U,2.0,True,0.114,69,True,right,0.45139,0.3312,0.8898,0.5586,1.2898,2.4565,1.1668,A,0.22
587,0.50154,0.1,1,0.40959,0.38452,0.63529,587,2.59967,0.33,0.16718,0.66873,5,2D1U,1.0,True,0.208,75,False,left,-0.45139,0.2978,1.1811,0.8832,1.9311,2.1976,0.2665,A,0.22
588,0.50154,1.2,1,0.50154,0.35944,1.1034,588,2.80864,-0.31,-0.15882,0.34272,5,1D2U,2.0,True,0.113,69,True,right,0.45139,0.3977,0.9397,0.542,1.7147,2.8729,1.1581,A,0.2
589,0.50154,1.2,2,0.40959,0.38452,0.72724,589,2.69162,0.33,0.16718,0.66873,5,2D1U,2.0,True,0.137,75,False,right,-0.45139,1.4093,2.2761,0.8668,0.5342,0.7846,0.2504,A,0.2
590,0.50154,0.1,2,0.53498,0.30093,0.66037,590,2.36562,-0.27,-0.13375,0.3678,5,1D2U,1.0,True,1.024,70,True,left,0.45139,1.9136,2.4973,0.5838,0.1975,1.3641,1.1666,A,0.22
591,0.50154,0.1,2,0.326,0.35944,0.51826,591,2.34889,0.29,0.1421,0.64365,5,2D1U,2.0,True,0.855,75,False,right,-0.45139,1.1183,1.9767,0.8584,0.4433,0.7101,0.2668,A,0.22
592,0.50154,1.2,1,0.37616,0.47647,0.7356,592,2.45757,-0.27,-0.13375,0.3678,5,1D2U,2.0,True,0.683,70,True,right,0.45139,0.2765,0.8434,0.5669,1.252,2.4018,1.1498,A,0.2
593,0.50154,1.2,2,0.30093,0.24241,0.50154,593,1.93094,-0.23,-0.11703,0.38452,5,1D2U,1.0,True,1.559,70,False,left,-0.45139,1.0705,1.6535,0.583,0.4204,0.6703,0.25,A,0.2
594,0.50154,0.1,1,0.38452,0.38452,0.75232,594,2.66655,0.29,0.1421,0.64365,5,2D1U,1.0,True,1.025,75,False,left,0.45139,0.2779,1.136,0.8581,1.5527,2.7193,1.1665,A,0.22
595,0.50154,0.1,1,0.3678,0.40124,0.45139,595,2.10649,-0.23,-0.11703,0.38452,5,1D2U,1.0,False,0.656,70,False,left,-0.45139,0.2606,0.8605,0.5999,1.4273,1.6941,0.2668,A,0.22
596,0.50154,1.2,2,0.40124,0.40124,0.89442,596,2.82537,0.25,0.12539,0.62693,5,2D1U,1.0,False,0.15,75,False,left,0.45139,2.019,2.8525,0.8335,0.0773,1.227,1.1498,A,0.2
597,0.50154,1.2,1,0.27585,0.20062,0.81083,597,2.15664,-0.27,-0.13375,0.3678,5,1D2U,2.0,True,0.564,71,True,right,-0.45139,0.173,0.7397,0.5667,1.6731,1.9231,0.2499,A,0.2
598,0.50154,0.1,2,0.45139,0.64365,1.14519,598,3.10957,-0.27,-0.13375,0.3678,5,1D2U,1.0,True,0.375,71,True,left,0.45139,2.3133,2.8964,0.5832,0.1134,1.2796,1.1662,A,0.22
599,0.50154,0.1,1,0.44303,0.3678,0.82755,599,2.52444,-0.23,-0.11703,0.38452,5,1D2U,2.0,True,1.161,72,True,right,-0.45139,0.3359,0.9361,0.6001,1.8773,2.144,0.2667,A,0.22
600,0.50154,1.2,2,0.48483,0.64365,0.93622,600,2.95076,-0.23,-0.11703,0.38452,5,1D2U,2.0,False,0.708,72,True,right,0.45139,2.1449,2.7284,0.5834,0.1614,1.3119,1.1505,A,0.2
601,0.50154,1.2,1,0.42631,0.37616,0.44303,601,2.11484,-0.27,-0.13375,0.3678,5,1D2U,2.0,True,0.94,73,True,right,-0.45139,0.3273,0.8939,0.5666,1.4608,1.7108,0.25,A,0.2
602,0.50154,0.1,1,0.31765,0.45139,1.22878,602,2.86716,-0.27,-0.13375,0.3678,5,1D2U,1.0,False,1.6,73,True,left,0.45139,0.2104,0.7935,0.5831,1.6852,2.852,1.1668,A,0.22
603,0.50154,0.1,2,0.28421,0.35108,0.62693,603,2.10648,-0.31,-0.15882,0.34272,5,1D2U,2.0,False,1.252,73,False,right,-0.45139,1.1819,1.7402,0.5583,0.3987,0.6654,0.2668,A,0.22
604,0.50154,1.2,2,0.35944,0.50154,0.63529,604,2.32381,-0.35,-0.17554,0.326,5,1D2U,1.0,True,1.234,73,False,left,0.45139,1.712,2.2373,0.5253,0.0291,1.179,1.1499,A,0.2
605,0.50154,1.2,2,0.40124,0.44303,0.5099,605,2.18171,-0.35,-0.17554,0.326,5,1D2U,1.0,True,1.892,73,False,left,-0.45139,1.1827,1.7076,0.5249,0.5242,0.7743,0.2501,A,0.2
606,0.50154,0.1,2,0.35108,0.58514,0.79411,606,2.57459,-0.31,-0.15882,0.34272,5,1D2U,1.0,True,1.108,74,True,left,0.45139,1.8648,2.4234,0.5586,0.0148,1.1815,1.1667,A,0.22
607,0.50154,0.1,2,0.326,0.35944,0.88606,607,2.41576,-0.31,-0.15882,0.34272,5,1D2U,1.0,True,0.373,74,True,left,-0.45139,1.4857,2.0442,0.5585,0.4446,0.711,0.2664,A,0.22
608,0.50154,1.2,2,0.38452,0.33436,1.18699,608,2.77521,-0.27,-0.13375,0.3678,5,1D2U,2.0,False,0.649,74,False,right,0.45139,2.2895,2.8558,0.5663,0.0555,1.2057,1.1502,A,0.2
609,0.50154,1.2,1,0.30929,0.3678,0.53498,609,2.05633,-0.31,-0.15882,0.34272,5,1D2U,1.0,False,5.15,75,True,left,-0.45139,0.2044,0.7462,0.5418,1.4047,1.6544,0.2498,A,0.2
610,0.50154,0.1,2,0.49319,0.40959,1.05324,610,2.78356,-0.35,-0.17554,0.326,5,1D2U,1.0,True,0.691,75,False,left,0.45139,2.2686,2.8099,0.5413,0.1606,1.327,1.1664,A,0.22
611,0.50154,0.1,2,0.30093,0.326,0.7356,611,2.19007,-0.35,-0.17554,0.326,5,1D2U,1.0,True,0.458,75,False,left,-0.45139,1.3116,1.8527,0.5411,0.4197,0.6862,0.2665,A,0.22
612,0.50154,1.2,2,0.48483,0.49319,1.05324,612,2.87552,-0.31,-0.15882,0.34272,5,1D2U,1.0,True,1.275,76,True,left,0.45139,2.2605,2.8028,0.5423,0.1606,1.3108,1.1502,A,0.2
613,0.50154,1.2,1,0.20898,0.29257,0.75232,613,2.09813,-0.31,-0.15882,0.34272,5,1D2U,2.0,True,1.049,76,True,right,-0.45139,0.109,0.6504,0.5414,1.5254,1.7759,0.2506,A,0.2
614,0.50154,0.1,1,0.34272,0.31765,1.31238,614,2.84209,-0.27,-0.13375,0.3678,5,1D2U,2.0,True,1.0,76,False,right,0.45139,0.2345,0.8187,0.5842,1.7935,2.9607,1.1672,A,0.22
615,0.50154,0.1,2,0.25077,0.37616,0.78575,615,2.28202,-0.27,-0.13375,0.3678,5,1D2U,2.0,False,1.613,76,False,right,-0.45139,1.3094,1.8928,0.5834,0.3679,0.6347,0.2667,A,0.22
