,standardDur,audNoise,order,preDur,postDur,isiDur,trial_num,totalDur,delta_dur_percents,deltaDurS,testDurS,intensities,current_stair,responses,is_correct,response_rts,stair_num_reversal,stair_is_reversal,response_keys,conflictDur,recordedOnsetVisualTest,recordedOffsetVisualTest,recordedDurVisualTest,recordedOnsetVisualStandard,recordedOffsetVisualStandard,recordedDurVisualStandard,modalityCue,VisualPSE
0,0.49958,0.1,1,0.34138,0.43297,1.07409,0,3.29722,0.9,0.44962,0.9492,5,lapse_rate,1.0,True,0.581,0,False,left,0.44962,0.2313,1.3979,1.1665,2.1393,3.3124,1.173,A,0.22
1,0.49958,1.2,2,0.43297,0.24146,0.55786,1,1.75685,-0.95,-0.4746,0.02498,5,1D2U,1.0,True,0.634,0,False,left,-0.44962,1.264,1.4891,0.2251,0.5559,0.8056,0.2497,A,0.2
2,0.49958,1.2,1,0.37468,0.33305,0.44129,2,1.67358,-0.95,-0.4746,0.02498,5,1D2U,2.0,True,0.541,0,False,right,0.44962,0.2784,0.5031,0.2246,0.6195,1.7699,1.1504,A,0.2
3,0.49958,0.1,2,0.3497,0.35803,0.5079,3,1.74019,-0.95,-0.4746,0.02498,5,2D1U,1.0,True,0.492,0,False,left,-0.44962,1.1311,1.3723,0.2412,0.4638,0.7304,0.2666,A,0.22
4,0.49958,0.1,2,0.44962,0.52456,1.00748,4,2.50622,-0.95,-0.4746,0.02498,5,lapse_rate,1.0,True,0.425,0,False,left,0.44962,2.179,2.4211,0.242,0.1131,1.2789,1.1658,A,0.22
5,0.49958,0.1,1,0.37468,0.30807,0.57451,5,1.86508,-0.79,-0.39134,0.10824,5,2D1U,2.0,True,0.384,0,False,right,-0.44962,0.2623,0.5876,0.3253,1.2791,1.5457,0.2666,A,0.22
6,0.49958,1.2,2,0.65778,0.33305,1.06576,6,2.66441,-0.79,-0.39134,0.10824,5,1D2U,1.0,True,0.416,0,False,left,0.44962,2.4489,2.7666,0.3178,0.3326,1.4823,1.1497,A,0.2
7,0.49958,0.1,1,0.29975,0.43297,0.48292,7,1.7402,-0.95,-0.4746,0.02498,5,lapse_rate,2.0,True,0.758,0,False,right,-0.44962,0.1896,0.4312,0.2415,1.0311,1.2977,0.2665,A,0.22
8,0.49958,1.2,2,0.51623,0.37468,0.9825,8,2.55617,-0.63,-0.3164,0.18318,5,2D1U,1.0,True,0.349,0,False,left,0.44962,2.2267,2.6101,0.3834,0.1933,1.3432,1.1499,A,0.2
9,0.49958,0.1,1,0.37468,0.43297,0.85761,9,2.27308,-0.79,-0.39134,0.10824,5,1D2U,2.0,True,0.183,0,False,right,-0.44962,0.2679,0.5928,0.3249,1.568,1.8349,0.2669,A,0.22
10,0.49958,1.2,1,0.35803,0.60782,1.22396,10,2.71437,-0.95,-0.4746,0.02498,5,lapse_rate,2.0,True,0.111,0,False,right,0.44962,0.2543,0.4793,0.225,1.3796,2.5293,1.1497,A,0.2
11,0.49958,0.1,1,0.33305,0.39966,0.86593,11,2.36466,-0.47,-0.23314,0.26644,5,2D1U,2.0,True,0.471,0,False,right,-0.44962,0.2269,0.7102,0.4833,1.6935,1.9602,0.2667,A,0.22
12,0.49958,1.2,2,0.54121,0.38301,0.9492,12,2.55618,-0.63,-0.3164,0.18318,5,1D2U,1.0,True,0.774,0,False,left,0.44962,2.2195,2.6029,0.3834,0.2204,1.3697,1.1493,A,0.2
13,0.49958,1.2,2,0.29975,0.24146,0.57451,13,2.5645,0.9,0.44962,0.9492,5,lapse_rate,2.0,True,0.351,0,False,right,-0.44962,1.1486,2.2986,1.15,0.4243,0.6741,0.2498,A,0.2
14,0.49958,1.2,2,0.42464,0.38301,0.83263,14,3.08906,0.9,0.44962,0.9492,5,lapse_rate,1.0,False,1.6,0,False,left,0.44962,1.9844,3.1343,1.1499,0.1015,1.2515,1.15,A,0.2
15,0.49958,1.2,2,0.27477,0.32472,0.40799,15,1.84844,-0.31,-0.1582,0.34138,5,2D1U,1.0,True,0.281,0,False,left,-0.44962,0.9542,1.496,0.5417,0.3964,0.646,0.2497,A,0.2
16,0.49958,0.1,1,0.51623,0.37468,0.91589,16,2.48956,-0.63,-0.3164,0.18318,5,1D2U,2.0,True,0.6,0,False,right,0.44962,0.4088,0.8095,0.4007,1.3929,2.5679,1.175,A,0.22
17,0.49958,0.1,2,0.29142,0.27477,0.6661,17,2.15651,-0.15,-0.07494,0.42464,5,2D1U,1.0,True,0.152,0,False,left,-0.44962,1.2313,1.8732,0.6419,0.4069,0.6735,0.2666,A,0.22
18,0.49958,0.1,2,0.55786,0.33305,0.88259,18,3.22228,0.9,0.44962,0.9492,5,lapse_rate,2.0,True,0.124,0,False,right,0.44962,2.1655,3.3317,1.1661,0.2237,1.3902,1.1664,A,0.22
19,0.49958,1.2,2,0.25811,0.30807,0.72439,19,2.05659,-0.47,-0.23314,0.26644,5,1D2U,1.0,True,0.35,0,False,left,-0.44962,1.257,1.7242,0.4672,0.3824,0.6321,0.2496,A,0.2
20,0.49958,1.2,1,0.3497,0.44129,0.83263,20,2.6311,0.01,0.00833,0.5079,5,2D1U,1.0,True,0.666,0,False,left,0.44962,0.2483,0.9569,0.7087,1.465,2.6155,1.1505,A,0.2
21,0.49958,0.1,1,0.28309,0.37468,0.58284,21,2.68939,0.9,0.44962,0.9492,5,lapse_rate,1.0,True,0.583,0,False,left,-0.44962,0.1708,1.3379,1.1671,2.0378,2.3043,0.2665,A,0.22
22,0.49958,0.1,2,0.49958,0.64112,0.62447,22,2.53119,-0.47,-0.23314,0.26644,5,1D2U,1.0,True,0.808,0,False,left,0.44962,1.8513,2.3344,0.483,0.1679,1.3344,1.1665,A,0.22
23,0.49958,0.1,2,0.28309,0.35803,0.88259,23,2.97249,0.9,0.44962,0.9492,5,lapse_rate,2.0,True,1.333,0,False,right,-0.44962,1.4371,2.6036,1.1665,0.3954,0.6625,0.2671,A,0.22
24,0.49958,0.1,1,0.36636,0.6328,0.89924,24,2.73936,-0.31,-0.1582,0.34138,5,1D2U,2.0,True,0.475,0,False,right,0.44962,0.2551,0.8136,0.5584,1.3801,2.5469,1.1668,A,0.22
25,0.49958,1.2,1,0.41631,0.20816,0.89091,25,2.52286,0.01,0.00833,0.5079,5,2D1U,2.0,False,0.816,0,False,right,-0.44962,0.3196,1.0281,0.7084,2.0447,2.295,0.2504,A,0.2
26,0.49958,1.2,1,0.42464,0.67443,0.73271,26,2.67274,-0.31,-0.1582,0.34138,5,1D2U,2.0,True,0.192,0,False,right,0.44962,0.3226,0.8644,0.5418,1.2725,2.4224,1.1499,A,0.2
27,0.49958,1.2,1,0.38301,0.39966,0.77434,27,2.08157,-0.95,-0.4746,0.02498,5,lapse_rate,2.0,True,0.37,0,False,right,-0.44962,0.2817,0.507,0.2253,1.4073,1.6569,0.2496,A,0.2
28,0.49958,0.1,2,0.65778,0.4746,1.09074,28,3.30554,0.17,0.08326,0.58284,5,2D1U,2.0,True,0.341,0,False,right,0.44962,2.4744,3.2745,0.8001,0.3242,1.4914,1.1672,A,0.22
29,0.49958,0.1,1,0.39134,0.25811,0.74104,29,2.47291,0.17,0.08326,0.58284,5,2D1U,2.0,False,1.195,0,False,right,-0.44962,0.2782,1.078,0.7998,1.9365,2.203,0.2665,A,0.22
30,0.49958,1.2,1,0.39966,0.48292,0.72439,30,2.13153,-0.95,-0.4746,0.02498,5,lapse_rate,2.0,True,3.849,0,False,right,0.44962,0.2971,0.5219,0.2248,0.9219,2.0724,1.1505,A,0.2
31,0.49958,1.2,1,0.23314,0.25811,0.6328,31,2.04827,-0.15,-0.07494,0.42464,5,1D2U,1.0,False,0.384,0,False,left,-0.44962,0.1319,0.7572,0.6253,1.5155,1.7652,0.2498,A,0.2
32,0.49958,1.2,2,0.59949,0.30807,1.13237,32,3.20561,0.33,0.16653,0.6661,5,2D1U,2.0,True,0.592,0,False,right,0.44962,2.4558,3.3226,0.8668,0.2724,1.4225,1.1501,A,0.2
33,0.49958,0.1,2,0.3164,0.24979,0.49958,33,1.59033,-0.95,-0.4746,0.02498,5,lapse_rate,1.0,True,0.358,0,False,left,-0.44962,1.0953,1.3368,0.2416,0.4365,0.7037,0.2672,A,0.22
34,0.49958,0.1,1,0.44129,0.62447,1.19898,34,3.14733,-0.23,-0.11657,0.38301,5,1D2U,1.0,False,8.633,1,True,left,0.44962,0.3307,0.9305,0.5998,1.7974,2.9643,1.1669,A,0.22
35,0.49958,0.1,1,0.24146,0.42464,0.46627,35,2.58115,0.9,0.44962,0.9492,5,lapse_rate,1.0,True,0.217,0,False,left,-0.44962,0.1297,1.2961,1.1664,1.8795,2.146,0.2664,A,0.22
36,0.49958,0.1,1,0.36636,0.42464,1.16568,36,2.79764,-0.31,-0.1582,0.34138,5,1D2U,1.0,False,0.583,1,False,left,0.44962,0.257,0.8149,0.5579,1.6484,2.8235,1.1751,A,0.22
37,0.49958,1.2,2,0.29142,0.30807,0.45795,37,2.22312,0.33,0.16653,0.6661,5,2D1U,2.0,True,0.265,0,False,right,-0.44962,1.0263,1.8933,0.867,0.4186,0.6678,0.2492,A,0.2
38,0.49958,1.2,1,0.34138,0.59949,0.80765,38,2.55617,-0.39,-0.1915,0.30807,5,1D2U,2.0,True,0.116,1,False,right,0.44962,0.238,0.7462,0.5082,1.2292,2.3796,1.1504,A,0.2
39,0.49958,0.1,2,0.44129,0.35803,0.4746,39,2.39797,0.25,0.12489,0.62447,5,2D1U,2.0,True,0.491,1,True,right,-0.44962,1.1959,2.0375,0.8416,0.5629,0.8295,0.2665,A,0.22
40,0.49958,1.2,1,0.42464,0.6328,1.13237,40,3.63859,0.9,0.44962,0.9492,5,lapse_rate,1.0,True,0.834,0,False,left,0.44962,0.3215,1.4719,1.1503,2.2803,3.4302,1.15,A,0.2
41,0.49958,0.1,2,0.39966,0.28309,0.72439,41,2.21479,-0.39,-0.1915,0.30807,5,1D2U,1.0,True,0.558,1,False,left,-0.44962,1.4012,1.926,0.5248,0.5181,0.785,0.2669,A,0.22
42,0.49958,1.2,2,0.3497,0.59949,0.96585,42,3.03909,0.25,0.12489,0.62447,5,2D1U,1.0,False,0.112,1,True,left,0.44962,2.0395,2.8643,0.8248,0.0224,1.1723,1.1498,A,0.2
43,0.49958,0.1,2,0.21648,0.26644,0.74937,43,1.75685,-0.95,-0.4746,0.02498,5,lapse_rate,1.0,True,0.578,0,False,left,-0.44962,1.2436,1.4852,0.2416,0.3348,0.6016,0.2667,A,0.22
44,0.49958,1.2,2,0.40799,0.37468,1.07409,44,2.99746,0.29,0.14155,0.64112,5,2D1U,1.0,False,0.425,2,True,left,0.44962,2.2105,3.052,0.8416,0.0851,1.2348,1.1497,A,0.2
45,0.49958,0.1,2,0.22481,0.39134,0.87426,45,2.31471,-0.35,-0.17485,0.32472,5,1D2U,1.0,True,0.615,2,True,left,-0.44962,1.3819,1.9237,0.5418,0.3486,0.6152,0.2666,A,0.22
46,0.49958,1.2,1,0.4746,0.44129,1.12405,46,3.48872,0.9,0.44962,0.9492,5,lapse_rate,1.0,True,0.113,0,False,left,0.44962,0.3737,1.5235,1.1498,2.324,3.4741,1.1501,A,0.2
47,0.49958,0.1,1,0.26644,0.24146,0.41631,47,1.44877,-0.95,-0.4746,0.02498,5,lapse_rate,2.0,True,0.131,0,False,right,-0.44962,0.1566,0.3988,0.2421,0.9317,1.1979,0.2661,A,0.22
48,0.49958,0.1,2,0.59949,0.3497,0.6661,48,2.78097,0.33,0.16653,0.6661,5,2D1U,2.0,True,0.667,2,False,right,0.44962,1.99,2.8728,0.8828,0.2652,1.4316,1.1664,A,0.22
49,0.49958,1.2,1,0.19983,0.42464,0.52456,49,1.97333,-0.35,-0.17485,0.32472,5,1D2U,2.0,True,0.303,2,True,right,-0.44962,0.0975,0.6222,0.5247,1.2723,1.5222,0.2499,A,0.2
50,0.49958,1.2,1,0.36636,0.55786,0.71606,50,2.80596,0.33,0.16653,0.6661,5,2D1U,1.0,True,0.541,2,False,left,0.44962,0.2652,1.1317,0.8664,1.5237,2.6738,1.1501,A,0.2
51,0.49958,0.1,2,0.36636,0.36636,0.73271,51,1.98999,-0.95,-0.4746,0.02498,5,lapse_rate,1.0,True,0.325,0,False,left,-0.44962,1.3711,1.613,0.2419,0.479,0.7459,0.2669,A,0.22
52,0.49958,0.1,1,0.38301,0.57451,1.06576,52,2.86424,-0.31,-0.1582,0.34138,5,1D2U,2.0,True,0.157,2,False,right,0.44962,0.2773,0.8355,0.5582,1.5683,2.7352,1.1669,A,0.22
53,0.49958,0.1,2,0.30807,0.40799,0.58284,53,2.13986,-0.31,-0.1582,0.34138,5,1D2U,1.0,True,0.484,2,False,left,-0.44962,1.1694,1.7283,0.5589,0.4285,0.6944,0.2658,A,0.22
54,0.49958,1.2,2,0.42464,0.38301,1.11572,54,3.06407,0.29,0.14155,0.64112,5,2D1U,2.0,True,0.692,3,True,right,0.44962,2.2628,3.1132,0.8504,0.0971,1.2463,1.1492,A,0.2
55,0.49958,1.2,1,0.3497,0.23314,0.59949,55,2.63111,0.9,0.44962,0.9492,5,lapse_rate,1.0,True,0.8,0,False,left,-0.44962,0.2483,1.3985,1.1502,2.1231,2.3733,0.2502,A,0.2
56,0.49958,1.2,1,0.4746,0.37468,1.3322,56,3.04742,-0.27,-0.13322,0.36636,5,1D2U,2.0,True,0.666,2,False,right,0.44962,0.374,0.9405,0.5664,1.9488,3.1075,1.1586,A,0.2
57,0.49958,0.1,1,0.22481,0.42464,0.45795,57,2.55618,0.9,0.44962,0.9492,5,lapse_rate,1.0,True,0.199,0,False,left,-0.44962,0.1127,1.2794,1.1667,1.8541,2.121,0.2669,A,0.22
58,0.49958,0.1,2,0.48292,0.38301,1.34886,58,3.35549,0.29,0.14155,0.64112,5,2D1U,1.0,False,0.111,3,True,left,0.44962,2.5546,3.4213,0.8666,0.1461,1.3129,1.1668,A,0.22
59,0.49958,0.1,1,0.29975,0.35803,0.58284,59,2.4063,0.33,0.16653,0.6661,5,2D1U,1.0,True,0.595,4,True,left,-0.44962,0.1893,1.0726,0.8833,1.773,2.0394,0.2664,A,0.22
60,0.49958,1.2,1,0.45795,0.49125,0.88259,60,2.69773,-0.27,-0.13322,0.36636,5,1D2U,2.0,True,0.15,2,False,right,0.44962,0.3587,0.9261,0.5673,1.4841,2.6339,1.1499,A,0.2
61,0.49958,0.1,1,0.25811,0.32472,0.44129,61,1.54868,-0.95,-0.4746,0.02498,5,lapse_rate,2.0,True,0.309,0,False,right,-0.44962,0.1507,0.393,0.2424,0.9511,1.2184,0.2674,A,0.22
62,0.49958,1.2,1,0.34138,0.43297,1.3322,62,3.55533,0.9,0.44962,0.9492,5,lapse_rate,1.0,True,0.532,0,False,left,0.44962,0.2377,1.3885,1.1508,2.3969,3.546,1.1491,A,0.2
63,0.49958,1.2,1,0.25811,0.25811,0.84928,63,2.24809,-0.23,-0.11657,0.38301,5,1D2U,2.0,True,0.426,2,False,right,-0.44962,0.1607,0.744,0.5834,1.7189,1.9689,0.2501,A,0.2
64,0.49958,0.1,2,0.36636,0.34138,0.78267,64,2.65609,0.33,0.16653,0.6661,5,2D1U,2.0,True,0.708,4,True,right,0.44962,1.8764,2.7593,0.8829,0.0348,1.2013,1.1665,A,0.22
65,0.49958,1.2,2,0.42464,0.39966,0.87426,65,2.22312,-0.95,-0.4746,0.02498,5,lapse_rate,1.0,True,0.524,0,False,left,-0.44962,1.5709,1.7953,0.2244,0.5451,0.7951,0.25,A,0.2
66,0.49958,0.1,2,0.59949,0.3164,0.78267,66,2.58115,-0.23,-0.11657,0.38301,5,1D2U,1.0,True,0.141,2,False,left,0.44962,2.1113,2.7117,0.6003,0.2697,1.4366,1.1669,A,0.22
67,0.49958,1.2,1,0.29142,0.37468,0.69108,67,2.49788,0.29,0.14155,0.64112,5,2D1U,1.0,True,1.176,5,True,left,-0.44962,0.1941,1.0351,0.841,1.8524,2.102,0.2495,A,0.2
68,0.49958,1.2,1,0.41631,0.40799,0.52456,68,2.48956,0.29,0.14155,0.64112,5,2D1U,1.0,True,0.9,5,True,left,0.44962,0.3158,1.1575,0.8417,1.3575,2.5069,1.1494,A,0.2
69,0.49958,0.1,2,0.20816,0.28309,0.8243,69,2.22312,-0.19,-0.09159,0.40799,5,1D2U,1.0,True,0.389,2,False,left,-0.44962,1.3087,1.9341,0.6254,0.3257,0.5918,0.2661,A,0.22
70,0.49958,0.1,2,0.30807,0.42464,1.22396,70,3.40545,0.9,0.44962,0.9492,5,lapse_rate,2.0,True,0.741,0,False,right,0.44962,2.2614,3.4363,1.1749,999,1.1453,-997.8547,A,0.22
71,0.49958,0.1,1,0.21648,0.30807,0.41631,71,1.46542,-0.95,-0.4746,0.02498,5,lapse_rate,2.0,True,0.258,0,False,right,-0.44962,0.1036,0.3456,0.2419,0.8787,1.1452,0.2665,A,0.22
72,0.49958,0.1,2,0.6661,0.3497,1.19066,72,3.33051,0.25,0.12489,0.62447,5,2D1U,1.0,False,0.216,5,False,left,0.44962,2.5853,3.4272,0.8419,0.3357,1.5023,1.1666,A,0.22
73,0.49958,1.2,2,0.25811,0.24146,0.59117,73,1.99831,-0.19,-0.09159,0.40799,5,1D2U,1.0,True,0.398,2,False,left,-0.44962,1.125,1.7331,0.6081,0.3829,0.6333,0.2503,A,0.2
74,0.49958,1.2,1,0.40799,0.33305,0.58284,74,2.2481,-0.15,-0.07494,0.42464,5,1D2U,1.0,False,0.466,2,False,left,0.44962,0.3079,0.9327,0.6249,1.1909,2.3413,1.1503,A,0.2
75,0.49958,0.1,1,0.41631,0.26644,0.88259,75,2.70604,0.29,0.14155,0.64112,5,2D1U,1.0,True,0.746,6,True,left,-0.44962,0.3038,1.1626,0.8587,2.1624,2.4291,0.2667,A,0.22
76,0.49958,1.2,2,0.45795,0.42464,0.64112,76,2.97249,0.9,0.44962,0.9492,5,lapse_rate,1.0,False,0.833,0,False,left,0.44962,1.8226,2.9731,1.1505,0.131,1.2811,1.1501,A,0.2
77,0.49958,0.1,1,0.28309,0.24979,0.85761,77,2.29806,-0.19,-0.09159,0.40799,5,1D2U,1.0,False,1.4,3,True,left,-0.44962,0.1739,0.7991,0.6252,1.7736,2.0401,0.2665,A,0.22
78,0.49958,1.2,2,0.37468,0.37468,0.79932,78,2.99746,0.9,0.44962,0.9492,5,lapse_rate,1.0,False,0.566,0,False,left,0.44962,1.8985,3.049,1.1505,0.0486,1.1986,1.15,A,0.2
79,0.49958,1.2,1,0.24979,0.19983,0.62447,79,2.21479,0.29,0.14155,0.64112,5,2D1U,1.0,True,0.321,6,True,left,-0.44962,0.1469,0.9886,0.8418,1.7383,1.9884,0.2501,A,0.2
80,0.49958,1.2,2,0.6661,0.30807,1.24062,80,3.09738,-0.23,-0.11657,0.38301,5,1D2U,1.0,True,1.116,3,False,left,0.44962,2.6317,3.2235,0.5918,0.3402,1.49,1.1497,A,0.2
81,0.49958,0.1,1,0.34138,0.34138,0.80765,81,2.61446,0.25,0.12489,0.62447,5,2D1U,2.0,False,0.966,7,True,right,-0.44962,0.2297,1.0714,0.8417,1.9965,2.263,0.2665,A,0.22
82,0.49958,1.2,1,0.34138,0.39966,0.85761,82,2.12321,-0.95,-0.4746,0.02498,5,lapse_rate,2.0,True,0.409,0,False,right,0.44962,0.243,0.4679,0.2249,1.0009,2.1506,1.1497,A,0.2
83,0.49958,0.1,1,0.28309,0.37468,0.48292,83,2.28139,0.29,0.14155,0.64112,5,2D1U,1.0,True,0.675,8,True,left,-0.44962,0.1768,1.0349,0.8581,1.6349,1.9016,0.2667,A,0.22
84,0.49958,1.2,2,0.37468,0.37468,0.73271,84,2.36466,-0.23,-0.11657,0.38301,5,1D2U,1.0,True,0.508,3,False,left,0.44962,1.8343,2.4178,0.5835,0.051,1.2012,1.1502,A,0.2
85,0.49958,1.2,1,0.22481,0.25811,0.791,85,1.79848,-0.95,-0.4746,0.02498,5,lapse_rate,2.0,True,0.277,0,False,right,-0.44962,0.1273,0.352,0.2247,1.2683,1.5185,0.2502,A,0.2
86,0.49958,1.2,1,0.62447,0.34138,0.79932,86,2.67274,-0.19,-0.09159,0.40799,5,1D2U,2.0,True,0.408,4,True,right,0.44962,0.5218,1.1303,0.6085,1.6049,2.7554,1.1505,A,0.2
87,0.49958,1.2,1,0.43297,0.42464,0.68275,87,2.98914,0.9,0.44962,0.9492,5,lapse_rate,1.0,True,0.447,0,False,left,-0.44962,0.3312,1.4819,1.1507,2.2894,2.5396,0.2502,A,0.2
88,0.49958,0.1,1,0.38301,0.37468,0.6661,88,2.56449,0.29,0.14155,0.64112,5,2D1U,1.0,True,0.115,8,True,left,0.44962,0.2747,1.1331,0.8584,1.4667,2.6326,1.1659,A,0.22
89,0.49958,0.1,2,0.24979,0.3164,0.51623,89,1.98999,-0.19,-0.09159,0.40799,5,1D2U,1.0,True,0.408,4,True,left,-0.44962,1.0431,1.6675,0.6243,0.3675,0.6342,0.2667,A,0.22
90,0.49958,1.2,1,0.34138,0.49958,0.95752,90,2.92253,0.25,0.12489,0.62447,5,2D1U,2.0,False,0.742,9,True,right,0.44962,0.2426,1.0679,0.8253,1.701,2.8512,1.1502,A,0.2
91,0.49958,1.2,1,0.3164,0.30807,0.73271,91,2.80596,0.9,0.44962,0.9492,5,lapse_rate,1.0,True,0.238,0,False,left,-0.44962,0.2181,1.3679,1.1498,2.2267,2.4763,0.2497,A,0.2
92,0.49958,1.2,1,0.38301,0.56619,0.69108,92,2.78098,0.29,0.14155,0.64112,5,2D1U,1.0,True,0.15,10,True,left,0.44962,0.286,1.1277,0.8417,1.4946,2.6442,1.1496,A,0.2
93,0.49958,1.2,1,0.36636,0.24979,0.80765,93,1.94836,-0.95,-0.4746,0.02498,5,lapse_rate,2.0,True,0.668,0,False,right,-0.44962,0.266,0.4905,0.2245,1.4245,1.6744,0.2499,A,0.2
94,0.49958,0.1,2,0.3497,0.38301,1.19898,94,2.85591,-0.15,-0.07494,0.42464,5,1D2U,1.0,True,0.607,4,False,left,0.44962,2.2768,2.9187,0.642,0.0184,1.1852,1.1669,A,0.22
95,0.49958,0.1,1,0.34138,0.20816,0.49958,95,1.97334,-0.15,-0.07494,0.42464,5,1D2U,2.0,True,0.623,4,False,right,-0.44962,0.2322,0.8735,0.6413,1.4902,1.7568,0.2666,A,0.22
96,0.49958,1.2,2,0.39134,0.65778,0.72439,96,2.91421,0.29,0.14155,0.64112,5,2D1U,2.0,True,0.113,10,True,right,0.44962,1.8406,2.6823,0.8417,0.0654,1.2152,1.1498,A,0.2
97,0.49958,1.2,1,0.3497,0.42464,0.40799,97,1.70689,-0.95,-0.4746,0.02498,5,lapse_rate,1.0,False,0.354,0,False,left,-0.44962,0.2527,0.4782,0.2255,1.0111,1.2614,0.2503,A,0.2
98,0.49958,1.2,2,0.43297,0.39966,0.69108,98,2.46458,-0.11,-0.05828,0.44129,5,1D2U,2.0,False,0.191,4,False,right,0.44962,1.8452,2.4869,0.6417,0.1043,1.2539,1.1497,A,0.2
99,0.49958,0.1,1,0.3497,0.28309,0.44129,99,2.19813,0.25,0.12489,0.62447,5,2D1U,1.0,True,0.214,11,True,left,-0.44962,0.2453,1.0865,0.8412,1.6447,1.9118,0.2671,A,0.22
100,0.49958,1.2,2,0.44129,0.41631,0.49958,100,1.88174,-0.95,-0.4746,0.02498,5,lapse_rate,1.0,True,0.141,0,False,left,0.44962,1.6622,1.8872,0.225,0.1115,1.2621,1.1506,A,0.2
101,0.49958,0.1,1,0.33305,0.38301,0.69108,101,2.85592,0.9,0.44962,0.9492,5,lapse_rate,1.0,True,0.363,0,False,left,-0.44962,0.2252,1.3918,1.1667,2.2004,2.4677,0.2673,A,0.22
102,0.49958,0.1,1,0.48292,0.61614,0.96585,102,3.18896,0.25,0.12489,0.62447,5,2D1U,1.0,True,0.316,11,True,left,0.44962,0.3733,1.2143,0.841,1.8478,3.0144,1.1666,A,0.22
103,0.49958,1.2,2,0.19983,0.40799,0.74104,103,2.27308,-0.15,-0.07494,0.42464,5,1D2U,2.0,False,0.114,5,True,right,-0.44962,1.2119,1.8371,0.6252,0.32,0.5702,0.2502,A,0.2
104,0.49958,1.2,1,0.39134,0.56619,1.31555,104,3.38048,0.21,0.10824,0.60782,5,2D1U,2.0,False,0.716,11,False,right,0.44962,0.2871,1.0964,0.8093,2.087,3.2373,1.1503,A,0.2
105,0.49958,0.1,1,0.28309,0.3164,0.73271,105,2.23977,-0.19,-0.09159,0.40799,5,1D2U,1.0,False,1.383,5,False,left,-0.44962,0.1784,0.803,0.6246,1.6534,1.9194,0.266,A,0.22
106,0.49958,0.1,1,0.45795,0.52456,0.96585,106,3.39714,0.9,0.44962,0.9492,5,lapse_rate,1.0,True,0.159,0,False,left,0.44962,0.3457,1.5116,1.1658,2.1454,3.3124,1.167,A,0.22
107,0.49958,0.1,1,0.39134,0.41631,0.87426,107,2.80596,0.25,0.12489,0.62447,5,2D1U,1.0,True,0.579,12,True,left,-0.44962,0.2857,1.1278,0.8421,2.1192,2.3861,0.2669,A,0.22
108,0.49958,1.2,1,0.3164,0.42464,1.1407,108,3.33052,0.9,0.44962,0.9492,5,lapse_rate,1.0,True,0.625,0,False,left,0.44962,0.2179,1.3675,1.1496,2.1839,3.334,1.1501,A,0.2
109,0.49958,1.2,2,0.38301,0.40799,0.61614,109,2.28973,-0.23,-0.11657,0.38301,5,1D2U,1.0,True,0.697,5,False,left,-0.44962,1.2775,1.8606,0.5831,0.5112,0.7608,0.2497,A,0.2
110,0.49958,1.2,1,0.46627,0.54953,1.09907,110,3.23892,0.25,0.12489,0.62447,5,2D1U,1.0,True,0.666,12,True,left,0.44962,0.3693,1.1938,0.8245,1.9689,3.1188,1.1498,A,0.2
111,0.49958,0.1,1,0.42464,0.24979,0.78267,111,1.98166,-0.95,-0.4746,0.02498,5,lapse_rate,2.0,True,0.321,0,False,right,-0.44962,0.3241,0.5653,0.2412,1.4658,1.7325,0.2667,A,0.22
112,0.49958,0.1,1,0.33305,0.3497,1.31555,112,2.88089,-0.23,-0.11657,0.38301,5,1D2U,1.0,False,0.316,5,False,left,0.44962,0.2268,0.8269,0.6001,1.8109,2.9771,1.1662,A,0.22
113,0.49958,0.1,1,0.28309,0.36636,0.84095,113,2.5978,0.21,0.10824,0.60782,5,2D1U,2.0,False,0.611,13,True,right,-0.44962,0.1722,0.997,0.8248,1.9548,2.222,0.2672,A,0.22
114,0.49958,0.1,2,0.3164,0.44129,1.1407,114,2.42295,-0.95,-0.4746,0.02498,5,lapse_rate,1.0,True,0.191,0,False,left,0.44962,2.1819,2.4239,0.242,999,1.1483,-997.8517,A,0.22
115,0.49958,1.2,2,0.32472,0.33305,0.40799,115,1.9317,-0.27,-0.13322,0.36636,5,1D2U,1.0,True,0.111,5,False,left,-0.44962,1.0066,1.5734,0.5668,0.4476,0.6984,0.2508,A,0.2
116,0.49958,1.2,1,0.43297,0.35803,0.65778,116,2.57283,0.25,0.12489,0.62447,5,2D1U,1.0,True,0.112,14,True,left,0.44962,0.3325,1.1572,0.8247,1.4907,2.6409,1.1502,A,0.2
117,0.49958,0.1,1,0.26644,0.34138,0.70773,117,2.18149,-0.27,-0.13322,0.36636,5,1D2U,1.0,False,0.3,5,False,left,-0.44962,0.1605,0.744,0.5835,1.5692,1.8359,0.2666,A,0.22
118,0.49958,1.2,1,0.32472,0.39134,0.54953,118,2.71437,0.9,0.44962,0.9492,5,lapse_rate,1.0,True,0.733,0,False,left,0.44962,0.2278,1.3774,1.1496,1.6025,2.7523,1.1499,A,0.2
119,0.49958,0.1,1,0.32472,0.36636,0.4746,119,2.00664,-0.31,-0.1582,0.34138,5,1D2U,1.0,False,0.504,5,False,left,-0.44962,0.2151,0.7731,0.558,1.365,1.6317,0.2667,A,0.22
120,0.49958,0.1,1,0.37468,0.41631,0.79932,120,3.03909,0.9,0.44962,0.9492,5,lapse_rate,1.0,True,0.225,0,False,left,0.44962,0.2655,1.4325,1.167,1.8985,3.0648,1.1662,A,0.22
121,0.49958,1.2,2,0.24979,0.37468,0.71606,121,2.46458,0.25,0.12489,0.62447,5,2D1U,1.0,False,0.531,14,True,left,-0.44962,1.2439,2.0693,0.8254,0.3772,0.6271,0.2499,A,0.2
122,0.49958,1.2,2,0.67443,0.38301,0.64112,122,2.83926,0.29,0.14155,0.64112,5,2D1U,2.0,True,0.113,14,False,right,0.44962,2.0378,2.8876,0.8498,0.3457,1.4954,1.1497,A,0.2
123,0.49958,0.1,2,0.23314,0.38301,0.44129,123,1.88174,-0.35,-0.17485,0.32472,5,1D2U,1.0,True,0.946,5,False,left,-0.44962,0.9461,1.4885,0.5424,0.3464,0.6128,0.2664,A,0.22
124,0.49958,0.1,1,0.42464,0.64112,0.86593,124,3.38047,0.9,0.44962,0.9492,5,lapse_rate,1.0,True,0.159,0,False,left,0.44962,0.3154,1.482,1.1666,2.0155,3.1818,1.1663,A,0.22
125,0.49958,0.1,2,0.19983,0.26644,0.59117,125,1.88174,-0.35,-0.17485,0.32472,5,1D2U,1.0,True,0.438,5,False,left,-0.44962,1.0651,1.6072,0.5421,0.3158,0.5822,0.2664,A,0.22
126,0.49958,1.2,1,0.44129,0.34138,0.73271,126,2.65608,0.29,0.14155,0.64112,5,2D1U,1.0,True,0.124,14,False,left,0.44962,0.3429,1.1846,0.8417,1.5925,2.7514,1.159,A,0.2
127,0.49958,0.1,1,0.29975,0.44129,0.54953,127,2.73935,0.9,0.44962,0.9492,5,lapse_rate,1.0,True,0.533,0,False,left,-0.44962,0.1878,1.3544,1.1666,2.0211,2.288,0.2669,A,0.22
128,0.49958,1.2,1,0.37468,0.44129,0.84095,128,2.78097,0.25,0.12489,0.62447,5,2D1U,1.0,True,0.267,15,True,left,0.44962,0.2709,1.0954,0.8245,1.6122,2.7621,1.1499,A,0.2
129,0.49958,0.1,1,0.43297,0.30807,0.75769,129,2.33969,-0.31,-0.1582,0.34138,5,1D2U,2.0,True,1.711,6,True,right,-0.44962,0.3216,0.8799,0.5583,1.7544,2.0213,0.2669,A,0.22
130,0.49958,0.1,1,0.42464,0.38301,0.70773,130,2.03994,-0.95,-0.4746,0.02498,5,lapse_rate,2.0,True,0.608,0,False,right,0.44962,0.3147,0.5559,0.2412,0.9312,2.0977,1.1665,A,0.22
131,0.49958,0.1,1,0.38301,0.3497,0.51623,131,1.7735,-0.95,-0.4746,0.02498,5,lapse_rate,2.0,True,0.257,0,False,right,-0.44962,0.2742,0.5163,0.2421,1.1494,1.4164,0.2671,A,0.22
132,0.49958,0.1,2,0.49125,0.45795,0.60782,132,2.68107,0.25,0.12489,0.62447,5,2D1U,2.0,True,0.383,15,True,right,0.44962,1.8262,2.6684,0.8422,0.1597,1.3264,1.1667,A,0.22
133,0.49958,1.2,2,0.40799,0.25811,0.44129,133,1.94835,-0.31,-0.1582,0.34138,5,1D2U,2.0,False,1.962,6,True,right,-0.44962,1.1244,1.6657,0.5413,0.5323,0.7825,0.2502,A,0.2
134,0.49958,1.2,1,0.37468,0.54953,1.18233,134,2.93084,-0.35,-0.17485,0.32472,5,1D2U,2.0,True,2.466,7,True,right,0.44962,0.2771,0.8023,0.5252,1.6615,2.811,1.1496,A,0.2
135,0.49958,0.1,2,0.3164,0.24146,0.52456,135,2.18982,0.21,0.10824,0.60782,5,2D1U,2.0,True,1.417,15,False,right,-0.44962,1.1144,1.9397,0.8253,0.431,0.6976,0.2666,A,0.22
136,0.49958,1.2,1,0.64112,0.44129,1.25727,136,2.86424,-0.95,-0.4746,0.02498,5,lapse_rate,2.0,True,0.591,0,False,right,0.44962,0.5436,0.7684,0.2248,1.7018,2.852,1.1502,A,0.2
137,0.49958,0.1,1,0.24979,0.19983,0.84095,137,2.39797,0.21,0.10824,0.60782,5,2D1U,1.0,True,0.395,15,False,left,-0.44962,0.145,0.9693,0.8244,1.9274,2.1942,0.2668,A,0.22
138,0.49958,1.2,1,0.3164,0.56619,0.89091,138,2.5978,-0.35,-0.17485,0.32472,5,1D2U,2.0,True,0.399,7,True,right,0.44962,0.2169,0.7419,0.5249,1.3085,2.4591,1.1506,A,0.2
139,0.49958,0.1,1,0.22481,0.36636,0.42464,139,1.54037,-0.95,-0.4746,0.02498,5,lapse_rate,2.0,True,0.113,0,False,right,-0.44962,0.1147,0.3565,0.2417,0.8983,1.1649,0.2666,A,0.22
140,0.49958,1.2,1,0.3164,0.35803,1.22396,140,2.98081,0.17,0.08326,0.58284,5,2D1U,1.0,True,0.558,15,False,left,0.44962,0.2169,1.0,0.7831,1.9001,3.05,1.1499,A,0.2
141,0.49958,1.2,2,0.38301,0.37468,0.44129,141,1.72354,-0.95,-0.4746,0.02498,5,lapse_rate,1.0,True,0.407,0,False,left,-0.44962,1.1019,1.3271,0.2251,0.5101,0.7609,0.2507,A,0.2
142,0.49958,0.1,2,0.43297,0.36636,0.87426,142,2.51455,-0.31,-0.1582,0.34138,5,1D2U,1.0,True,0.641,8,True,left,0.44962,2.0355,2.5938,0.5583,0.1023,1.269,1.1667,A,0.22
143,0.49958,0.1,1,0.24979,0.39134,0.71606,143,2.43961,0.17,0.08326,0.58284,5,2D1U,1.0,True,0.343,15,False,left,-0.44962,0.1402,0.9399,0.7997,1.7734,2.0399,0.2665,A,0.22
144,0.49958,0.1,2,0.38301,0.39134,0.84928,144,2.14819,-0.95,-0.4746,0.02498,5,lapse_rate,1.0,True,0.558,0,False,left,0.44962,1.9587,2.2003,0.2416,0.05,1.2175,1.1675,A,0.22
145,0.49958,1.2,2,0.38301,0.44962,0.70773,145,2.38132,-0.31,-0.1582,0.34138,5,1D2U,1.0,True,2.864,8,True,left,-0.44962,1.3663,1.9078,0.5415,0.5081,0.7576,0.2495,A,0.2
146,0.49958,1.2,2,0.34138,0.64112,1.21564,146,3.06408,-0.27,-0.13322,0.36636,5,1D2U,1.0,True,0.114,8,False,left,0.44962,2.2844,2.8517,0.5672,0.0174,1.1681,1.1507,A,0.2
147,0.49958,0.1,2,0.39966,0.29975,0.4746,147,2.23978,0.13,0.06661,0.56619,5,2D1U,2.0,True,1.842,15,False,right,-0.44962,1.1507,1.9343,0.7836,0.5173,0.7843,0.267,A,0.22
148,0.49958,0.1,2,0.36636,0.62447,1.09074,148,3.53035,0.9,0.44962,0.9492,5,lapse_rate,1.0,False,0.55,0,False,left,0.44962,2.1851,3.3518,1.1667,0.0351,1.2016,1.1666,A,0.22
149,0.49958,0.1,1,0.26644,0.32472,0.8243,149,2.2814,-0.27,-0.13322,0.36636,5,1D2U,1.0,False,0.633,8,False,left,-0.44962,0.1593,0.7424,0.5832,1.6842,1.9508,0.2666,A,0.22
150,0.49958,1.2,1,0.64112,0.40799,1.25727,150,3.75516,0.9,0.44962,0.9492,5,lapse_rate,1.0,True,0.975,0,False,left,0.44962,0.5432,1.6934,1.1501,2.6267,3.7765,1.1497,A,0.2
151,0.49958,1.2,1,0.25811,0.39966,0.49958,151,2.22312,0.13,0.06661,0.56619,5,2D1U,1.0,True,0.2,15,False,left,-0.44962,0.1552,0.922,0.7668,1.5469,1.797,0.2502,A,0.2
152,0.49958,0.1,1,0.57451,0.3497,1.26559,152,3.63858,0.9,0.44962,0.9492,5,lapse_rate,1.0,True,0.35,0,False,left,0.44962,0.4653,1.6321,1.1668,2.5652,3.7324,1.1671,A,0.22
153,0.49958,1.2,2,0.24146,0.27477,0.48292,153,2.03994,0.09,0.04163,0.54121,5,2D1U,1.0,False,3.441,15,False,left,-0.44962,0.9979,1.7397,0.7418,0.3648,0.6148,0.25,A,0.2
154,0.49958,0.1,2,0.48292,0.46627,0.71606,154,2.50621,-0.31,-0.1582,0.34138,5,1D2U,1.0,True,0.733,9,True,left,0.44962,1.9276,2.4866,0.559,0.1529,1.3198,1.1669,A,0.22
155,0.49958,0.1,2,0.25811,0.22481,0.55786,155,1.88174,-0.31,-0.1582,0.34138,5,1D2U,1.0,True,1.075,9,True,left,-0.44962,1.0899,1.6478,0.5579,0.373,0.6394,0.2665,A,0.22
156,0.49958,1.2,1,0.43297,0.39966,0.60782,156,2.50622,0.13,0.06661,0.56619,5,2D1U,2.0,False,0.111,16,True,right,0.44962,0.3309,1.0974,0.7665,1.3809,2.5393,1.1584,A,0.2
157,0.49958,1.2,1,0.33305,0.35803,0.77434,157,2.9142,0.9,0.44962,0.9492,5,lapse_rate,1.0,True,0.19,0,False,left,-0.44962,0.2288,1.3789,1.1501,2.279,2.5285,0.2495,A,0.2
158,0.49958,1.2,1,0.65778,0.3164,1.19898,158,3.0391,-0.27,-0.13322,0.36636,5,1D2U,2.0,True,0.516,10,True,right,0.44962,0.5547,1.1206,0.5659,1.9959,3.1456,1.1497,A,0.2
159,0.49958,0.1,2,0.39134,0.43297,0.54953,159,2.45626,0.17,0.08326,0.58284,5,2D1U,1.0,False,1.406,16,False,left,-0.44962,1.2194,2.0193,0.7999,0.5111,0.7777,0.2666,A,0.22
160,0.49958,1.2,1,0.53288,0.45795,0.91589,160,2.43128,-0.95,-0.4746,0.02498,5,lapse_rate,2.0,True,0.916,0,False,right,0.44962,0.4358,0.6609,0.2251,1.2527,2.4034,1.1507,A,0.2
161,0.49958,0.1,2,0.22481,0.34138,0.76602,161,2.43961,0.21,0.10824,0.60782,5,2D1U,1.0,False,0.11,16,False,left,-0.44962,1.2673,2.0929,0.8256,0.3421,0.6088,0.2666,A,0.22
162,0.49958,1.2,2,0.43297,0.48292,0.69108,162,2.47291,-0.27,-0.13322,0.36636,5,1D2U,1.0,True,0.608,10,True,left,0.44962,1.846,2.4122,0.5662,0.1046,1.2544,1.1498,A,0.2
163,0.49958,1.2,1,0.44129,0.43297,0.68275,163,2.08157,-0.95,-0.4746,0.02498,5,lapse_rate,1.0,False,0.109,0,False,left,-0.44962,0.3436,0.5687,0.2252,1.377,1.6277,0.2507,A,0.2
164,0.49958,1.2,2,0.62447,0.3497,0.72439,164,2.58115,-0.23,-0.11657,0.38301,5,1D2U,2.0,False,0.375,10,False,right,0.44962,2.0786,2.6621,0.5836,0.3034,1.4534,1.15,A,0.2
165,0.49958,0.1,2,0.24979,0.3164,0.56619,165,2.25643,0.25,0.12489,0.62447,5,2D1U,1.0,False,0.331,16,False,left,-0.44962,1.0917,1.9332,0.8415,0.3667,0.6334,0.2667,A,0.22
166,0.49958,1.2,1,0.48292,0.35803,1.08242,166,2.44793,-0.95,-0.4746,0.02498,5,lapse_rate,2.0,True,0.709,0,False,right,0.44962,0.3834,0.6081,0.2248,1.3663,2.5246,1.1583,A,0.2
167,0.49958,0.1,2,0.32472,0.39966,0.49958,167,2.36466,0.29,0.14155,0.64112,5,2D1U,1.0,False,0.757,16,False,left,-0.44962,1.0984,1.9568,0.8584,0.4398,0.7065,0.2667,A,0.22
168,0.49958,1.2,1,0.39966,0.41631,0.86593,168,2.54784,-0.27,-0.13322,0.36636,5,1D2U,2.0,True,0.112,11,True,right,0.44962,0.2979,0.8649,0.5669,1.4064,2.5566,1.1502,A,0.2
169,0.49958,1.2,2,0.34138,0.44129,0.84095,169,2.48956,-0.27,-0.13322,0.36636,5,1D2U,2.0,False,0.994,11,True,right,-0.44962,1.4612,2.0284,0.5672,0.4697,0.72,0.2504,A,0.2
170,0.49958,0.1,1,0.3497,0.57451,0.6328,170,2.39797,-0.31,-0.1582,0.34138,5,1D2U,2.0,True,0.341,11,False,right,0.44962,0.2406,0.7989,0.5583,1.0994,2.2656,1.1661,A,0.22
171,0.49958,0.1,2,0.38301,0.23314,0.71606,171,2.49789,0.33,0.16653,0.6661,5,2D1U,1.0,False,0.505,16,False,left,-0.44962,1.373,2.2564,0.8834,0.498,0.7644,0.2664,A,0.22
172,0.49958,1.2,1,0.44129,0.44962,0.83263,172,2.90587,0.37,0.18318,0.68275,5,2D1U,1.0,True,0.483,16,False,left,0.44962,0.339,1.222,0.883,1.7306,2.8808,1.1502,A,0.2
173,0.49958,1.2,1,0.37468,0.29975,0.78267,173,2.29806,-0.31,-0.1582,0.34138,5,1D2U,2.0,True,0.172,11,False,right,-0.44962,0.2715,0.8133,0.5418,1.7215,1.9714,0.2499,A,0.2
174,0.49958,0.1,2,0.35803,0.43297,0.84095,174,2.81428,0.37,0.18318,0.68275,5,2D1U,2.0,True,0.758,16,False,right,0.44962,1.9231,2.8231,0.9,0.0229,1.1895,1.1666,A,0.22
175,0.49958,0.1,2,0.20816,0.30807,0.6328,175,2.01497,-0.27,-0.13322,0.36636,5,1D2U,1.0,True,0.11,12,True,left,-0.44962,1.1141,1.6975,0.5834,0.3224,0.5889,0.2666,A,0.22
176,0.49958,1.2,2,0.6328,0.3497,1.15735,176,3.00579,-0.27,-0.13322,0.36636,5,1D2U,1.0,True,0.609,12,True,left,0.44962,2.515,3.0815,0.5666,0.3073,1.4568,1.1495,A,0.2
177,0.49958,1.2,2,0.39966,0.44129,0.86593,177,2.87256,0.33,0.16653,0.6661,5,2D1U,2.0,True,0.204,17,True,right,-0.44962,1.5447,2.411,0.8663,0.5282,0.7783,0.2501,A,0.2
178,0.49958,0.1,1,0.56619,0.35803,0.99083,178,2.79764,-0.23,-0.11657,0.38301,5,1D2U,1.0,False,0.113,12,False,left,0.44962,0.4597,1.0598,0.6001,1.7179,2.8846,1.1667,A,0.22
179,0.49958,0.1,2,0.32472,0.35803,0.61614,179,2.46457,0.33,0.16653,0.6661,5,2D1U,2.0,True,0.117,17,True,right,-0.44962,1.2142,2.0971,0.8829,0.4394,0.7056,0.2662,A,0.22
180,0.49958,1.2,1,0.43297,0.37468,1.08242,180,2.75601,-0.27,-0.13322,0.36636,5,1D2U,2.0,True,0.309,13,True,right,0.44962,0.3326,0.8991,0.5665,1.6574,2.8079,1.1505,A,0.2
181,0.49958,1.2,2,0.33305,0.25811,0.69108,181,2.14818,-0.27,-0.13322,0.36636,5,1D2U,2.0,False,0.228,13,True,right,-0.44962,1.3014,1.868,0.5666,0.4599,0.7096,0.2497,A,0.2
182,0.49958,0.1,1,0.52456,0.44129,0.8243,182,2.63111,-0.31,-0.1582,0.34138,5,1D2U,2.0,True,0.241,13,False,right,0.44962,0.4145,0.9727,0.5583,1.4651,2.6309,1.1658,A,0.22
183,0.49958,0.1,2,0.21648,0.42464,0.64112,183,2.42294,0.29,0.14155,0.64112,5,2D1U,2.0,True,0.908,17,False,right,-0.44962,1.1346,1.9936,0.859,0.3353,0.6016,0.2663,A,0.22
184,0.49958,1.2,1,0.30807,0.58284,0.76602,184,2.79763,0.29,0.14155,0.64112,5,2D1U,1.0,True,0.408,17,False,left,0.44962,0.206,1.0478,0.8419,1.489,2.639,1.15,A,0.2
185,0.49958,1.2,1,0.33305,0.21648,0.79932,185,2.18981,-0.31,-0.1582,0.34138,5,1D2U,2.0,True,0.349,13,False,right,-0.44962,0.2308,0.7723,0.5414,1.6972,1.9474,0.2502,A,0.2
186,0.49958,0.1,2,0.52456,0.39134,1.12405,186,3.164,0.25,0.12489,0.62447,5,2D1U,1.0,False,0.113,17,False,left,0.44962,2.3772,3.2187,0.8414,0.1935,1.3602,1.1668,A,0.22
187,0.49958,0.1,2,0.21648,0.40799,0.74104,187,2.50621,0.29,0.14155,0.64112,5,2D1U,2.0,True,0.183,18,True,right,-0.44962,1.229,2.087,0.858,0.3287,0.596,0.2673,A,0.22
188,0.49958,1.2,1,0.33305,0.42464,0.55786,188,2.18149,-0.27,-0.13322,0.36636,5,1D2U,2.0,True,0.466,14,True,right,0.44962,0.2334,0.7995,0.5661,1.0333,2.1832,1.1499,A,0.2
189,0.49958,1.2,1,0.3497,0.21648,0.89924,189,2.33136,-0.27,-0.13322,0.36636,5,1D2U,1.0,False,0.391,14,True,left,-0.44962,0.2458,0.8121,0.5663,1.8373,2.0871,0.2499,A,0.2
190,0.49958,0.1,2,0.52456,0.3164,1.21564,190,3.1973,0.29,0.14155,0.64112,5,2D1U,2.0,True,0.891,18,True,right,0.44962,2.4644,3.3309,0.8665,0.1889,1.3563,1.1673,A,0.22
191,0.49958,0.1,1,0.21648,0.37468,0.86593,191,2.29805,-0.31,-0.1582,0.34138,5,1D2U,2.0,True,0.39,15,True,right,-0.44962,0.1058,0.6644,0.5586,1.6478,1.9144,0.2666,A,0.22
192,0.49958,1.2,1,0.40799,0.36636,0.41631,192,2.03162,-0.31,-0.1582,0.34138,5,1D2U,1.0,False,0.749,15,True,left,0.44962,0.3052,0.8475,0.5423,0.9389,2.0894,1.1505,A,0.2
193,0.49958,1.2,2,0.39134,0.20816,0.59949,193,2.32304,0.25,0.12489,0.62447,5,2D1U,2.0,True,0.827,19,True,right,-0.44962,1.2636,2.0888,0.8252,0.514,0.7639,0.2498,A,0.2
194,0.49958,0.1,2,0.40799,0.41631,0.54121,194,2.18981,-0.35,-0.17485,0.32472,5,1D2U,1.0,True,0.625,15,False,left,0.44962,1.6714,2.213,0.5415,0.0719,1.2381,1.1662,A,0.22
195,0.49958,0.1,1,0.26644,0.29142,0.791,195,2.47291,0.25,0.12489,0.62447,5,2D1U,1.0,True,0.437,19,True,left,-0.44962,0.1609,1.0024,0.8415,1.9117,2.1776,0.2659,A,0.22
196,0.49958,1.2,1,0.39966,0.39134,1.07409,196,2.68939,-0.35,-0.17485,0.32472,5,1D2U,2.0,True,0.658,15,False,right,0.44962,0.299,0.8234,0.5244,1.5733,2.7317,1.1584,A,0.2
197,0.49958,1.2,2,0.41631,0.44962,0.75769,197,2.73102,0.21,0.10824,0.60782,5,2D1U,2.0,True,0.431,19,False,right,-0.44962,1.4534,2.2611,0.8076,0.5447,0.7947,0.25,A,0.2
198,0.49958,0.1,1,0.54121,0.41631,1.07409,198,2.87257,-0.31,-0.1582,0.34138,5,1D2U,2.0,True,0.115,16,True,right,0.44962,0.4314,0.9897,0.5584,1.7308,2.8974,1.1665,A,0.22
199,0.49958,0.1,2,0.3164,0.32472,0.68275,199,2.43127,0.21,0.10824,0.60782,5,2D1U,1.0,False,1.199,19,False,left,-0.44962,1.2771,2.102,0.8249,0.4356,0.7022,0.2666,A,0.22
200,0.49958,1.2,1,0.33305,0.36636,0.41631,200,1.95668,-0.31,-0.1582,0.34138,5,1D2U,2.0,True,0.608,16,True,right,0.44962,0.2347,0.7766,0.5419,0.868,2.018,1.15,A,0.2
201,0.49958,1.2,1,0.38301,0.33305,0.61614,201,2.19814,-0.27,-0.13322,0.36636,5,1D2U,1.0,False,1.404,16,False,left,-0.44962,0.2809,0.8472,0.5663,1.5887,1.8394,0.2506,A,0.2
202,0.49958,0.1,1,0.43297,0.39966,0.43297,202,2.38965,0.25,0.12489,0.62447,5,2D1U,1.0,True,0.266,20,True,left,0.44962,0.3237,1.1657,0.842,1.2658,2.4409,1.1751,A,0.22
203,0.49958,0.1,2,0.29142,0.35803,0.41631,203,2.18981,0.25,0.12489,0.62447,5,2D1U,1.0,False,1.809,20,True,left,-0.44962,0.9859,1.8274,0.8414,0.4107,0.6775,0.2668,A,0.22
204,0.49958,1.2,2,0.6328,0.39966,0.67443,204,2.54785,-0.31,-0.1582,0.34138,5,1D2U,1.0,True,0.525,17,True,left,0.44962,2.0307,2.581,0.5502,0.3059,1.4558,1.1499,A,0.2
205,0.49958,1.2,1,0.40799,0.24979,0.78267,205,2.58115,0.29,0.14155,0.64112,5,2D1U,2.0,False,0.692,20,False,right,-0.44962,0.3042,1.1458,0.8416,2.0541,2.3045,0.2504,A,0.2
206,0.49958,0.1,1,0.51623,0.46627,0.85761,206,3.00579,0.33,0.16653,0.6661,5,2D1U,1.0,True,0.366,20,False,left,0.44962,0.4102,1.2939,0.8837,1.8187,2.9852,1.1665,A,0.22
207,0.49958,0.1,2,0.29975,0.37468,0.75769,207,2.27308,-0.31,-0.1582,0.34138,5,1D2U,1.0,True,0.114,17,True,left,-0.44962,1.3311,1.8899,0.5588,0.4146,0.6811,0.2665,A,0.22
208,0.49958,1.2,2,0.37468,0.44129,0.89924,208,2.88089,0.33,0.16653,0.6661,5,2D1U,1.0,False,0.811,20,False,left,0.44962,2.0037,2.8703,0.8666,0.053,1.2034,1.1504,A,0.2
209,0.49958,1.2,2,0.3497,0.34138,0.85761,209,2.73102,0.37,0.18318,0.68275,5,2D1U,2.0,True,0.222,20,False,right,-0.44962,1.48,2.3633,0.8833,0.4717,0.7219,0.2502,A,0.2
210,0.49958,0.1,1,0.39966,0.39134,0.81598,210,2.47292,-0.27,-0.13322,0.36636,5,1D2U,2.0,True,0.308,18,True,right,0.44962,0.2874,0.8701,0.5827,1.3535,2.5203,1.1668,A,0.22
211,0.49958,0.1,1,0.23314,0.29142,0.49958,211,1.89008,-0.27,-0.13322,0.36636,5,1D2U,2.0,True,1.533,18,True,right,-0.44962,0.1229,0.7064,0.5834,1.323,1.5896,0.2667,A,0.22
212,0.49958,1.2,2,0.49125,0.43297,0.79932,212,2.90587,0.37,0.18318,0.68275,5,2D1U,2.0,True,0.992,20,False,right,0.44962,2.018,2.9014,0.8835,0.1678,1.3181,1.1503,A,0.2
213,0.49958,1.2,2,0.34138,0.21648,0.48292,213,1.92337,-0.23,-0.11657,0.38301,5,1D2U,2.0,False,0.542,18,False,right,-0.44962,1.098,1.6814,0.5834,0.4648,0.715,0.2502,A,0.2
214,0.49958,0.1,1,0.42464,0.5079,0.93254,214,2.73102,-0.27,-0.13322,0.36636,5,1D2U,1.0,False,1.325,19,True,left,0.44962,0.3148,0.8978,0.583,1.4978,2.6646,1.1668,A,0.22
215,0.49958,0.1,2,0.39134,0.29975,0.48292,215,2.01497,-0.31,-0.1582,0.34138,5,1D2U,1.0,True,0.396,19,False,left,-0.44962,1.1463,1.7042,0.5579,0.5041,0.7705,0.2664,A,0.22
216,0.49958,1.2,2,0.44962,0.33305,0.81598,216,2.43961,-0.31,-0.1582,0.34138,5,1D2U,1.0,True,0.15,19,False,left,0.44962,1.9924,2.5431,0.5507,0.1258,1.276,1.1502,A,0.2
217,0.49958,1.2,2,0.24979,0.42464,0.45795,217,2.29806,0.33,0.16653,0.6661,5,2D1U,2.0,True,0.331,21,True,right,-0.44962,0.9795,1.846,0.8665,0.3713,0.6212,0.25,A,0.2
218,0.49958,0.1,2,0.6661,0.29975,0.69941,218,2.83094,0.33,0.16653,0.6661,5,2D1U,2.0,True,0.358,21,True,right,0.44962,2.0896,2.9729,0.8833,0.3312,1.4977,1.1665,A,0.22
219,0.49958,0.1,2,0.24146,0.27477,0.69941,219,2.08158,-0.27,-0.13322,0.36636,5,1D2U,1.0,True,0.367,20,True,left,-0.44962,1.2153,1.7987,0.5834,0.3571,0.624,0.2669,A,0.22
220,0.49958,1.2,2,0.39966,0.44129,0.51623,220,2.22312,-0.27,-0.13322,0.36636,5,1D2U,1.0,True,0.667,20,True,left,0.44962,1.6446,2.2114,0.5669,0.0779,1.2279,1.1499,A,0.2
221,0.49958,1.2,2,0.25811,0.39134,0.77434,221,2.30638,-0.23,-0.11657,0.38301,5,1D2U,2.0,False,1.063,20,False,right,-0.44962,1.3088,1.8925,0.5836,0.3839,0.6344,0.2505,A,0.2
222,0.49958,0.1,2,0.41631,0.30807,0.65778,222,2.52286,0.29,0.14155,0.64112,5,2D1U,2.0,True,0.892,21,False,right,0.44962,1.7985,2.6562,0.8577,0.0815,1.2481,1.1666,A,0.22
223,0.49958,0.1,2,0.44962,0.41631,0.48292,223,2.21479,-0.27,-0.13322,0.36636,5,1D2U,1.0,True,0.197,21,True,left,-0.44962,1.2093,1.7924,0.5832,0.5674,0.8345,0.2671,A,0.22
224,0.49958,1.2,1,0.44962,0.36636,1.00748,224,2.96416,0.29,0.14155,0.64112,5,2D1U,2.0,False,0.783,21,False,right,0.44962,0.3473,1.1892,0.8419,1.8725,3.0225,1.15,A,0.2
225,0.49958,1.2,1,0.40799,0.44129,0.68275,225,2.39797,-0.27,-0.13322,0.36636,5,1D2U,2.0,True,0.688,21,True,right,-0.44962,0.3072,0.8737,0.5664,1.682,1.932,0.25,A,0.2
226,0.49958,0.1,2,0.33305,0.33305,0.89924,226,2.73102,0.33,0.16653,0.6661,5,2D1U,2.0,True,0.112,22,True,right,0.44962,1.9569,2.8401,0.8832,0.0015,1.165,1.1636,A,0.22
227,0.49958,0.1,2,0.34138,0.36636,0.80765,227,2.68107,0.33,0.16653,0.6661,5,2D1U,2.0,True,0.25,22,True,right,-0.44962,1.4234,2.3066,0.8832,0.4566,0.7233,0.2667,A,0.22
228,0.49958,1.2,1,0.33305,0.42464,0.72439,228,2.36467,-0.23,-0.11657,0.38301,5,1D2U,2.0,True,0.275,22,True,right,0.44962,0.2291,0.8124,0.5833,1.2122,2.3623,1.15,A,0.2
229,0.49958,1.2,1,0.43297,0.27477,0.75769,229,2.34802,-0.23,-0.11657,0.38301,5,1D2U,2.0,True,0.5,22,True,right,-0.44962,0.3305,0.9137,0.5832,1.797,2.0471,0.25,A,0.2
230,0.49958,0.1,1,0.35803,0.34138,0.77434,230,2.38132,-0.19,-0.09159,0.40799,5,1D2U,2.0,True,0.516,22,False,right,0.44962,0.2458,0.8708,0.625,1.3125,2.4791,1.1666,A,0.22
231,0.49958,0.1,1,0.3164,0.33305,0.78267,231,2.57282,0.29,0.14155,0.64112,5,2D1U,1.0,True,0.191,23,True,left,-0.44962,0.2105,1.069,0.8584,1.9691,2.2358,0.2668,A,0.22
232,0.49958,1.2,1,0.42464,0.43297,0.72439,232,2.7227,0.29,0.14155,0.64112,5,2D1U,2.0,False,0.15,23,True,right,0.44962,0.3226,1.1645,0.8419,1.5644,2.7144,1.15,A,0.2
233,0.49958,1.2,2,0.29142,0.30807,0.81598,233,2.32304,-0.19,-0.09159,0.40799,5,1D2U,1.0,True,0.208,22,False,left,-0.44962,1.3857,1.994,0.6083,0.419,0.669,0.25,A,0.2
234,0.49958,0.1,1,0.33305,0.55786,0.89924,234,2.71437,-0.15,-0.07494,0.42464,5,1D2U,2.0,True,0.258,22,False,right,0.44962,0.2264,0.8682,0.6419,1.4349,2.6016,1.1667,A,0.22
235,0.49958,0.1,2,0.33305,0.28309,0.75769,235,2.53951,0.33,0.16653,0.6661,5,2D1U,2.0,True,0.36,24,True,right,-0.44962,1.3626,2.2461,0.8835,0.4459,0.7125,0.2666,A,0.22
236,0.49958,1.2,2,0.39134,0.34138,0.74104,236,2.63944,0.33,0.16653,0.6661,5,2D1U,2.0,True,0.492,24,True,right,0.44962,1.8567,2.7235,0.8668,0.0649,1.215,1.1501,A,0.2
237,0.49958,1.2,2,0.39134,0.37468,0.8243,237,2.73102,0.29,0.14155,0.64112,5,2D1U,2.0,True,0.111,25,True,right,-0.44962,1.4938,2.3354,0.8416,0.5188,0.7687,0.25,A,0.2
238,0.49958,0.1,1,0.39134,0.33305,0.89924,238,2.54785,-0.15,-0.07494,0.42464,5,1D2U,2.0,True,0.558,22,False,right,0.44962,0.2798,0.9216,0.6418,1.4881,2.6546,1.1666,A,0.22
239,0.49958,0.1,1,0.42464,0.36636,0.61614,239,2.34801,-0.11,-0.05828,0.44129,5,1D2U,1.0,False,0.267,22,False,left,-0.44962,0.3128,0.9714,0.6586,1.7046,1.9713,0.2667,A,0.22
240,0.49958,1.2,1,0.35803,0.44129,0.76602,240,2.48956,-0.15,-0.07494,0.42464,5,1D2U,2.0,True,0.808,23,True,right,0.44962,0.256,0.881,0.625,1.3225,2.4725,1.15,A,0.2
241,0.49958,1.2,2,0.20816,0.23314,0.43297,241,2.01497,0.29,0.14155,0.64112,5,2D1U,2.0,True,0.398,25,True,right,-0.44962,0.9184,1.7601,0.8417,0.3352,0.5851,0.2499,A,0.2
242,0.49958,0.1,1,0.42464,0.34138,0.85761,242,2.54785,-0.15,-0.07494,0.42464,5,1D2U,2.0,True,0.183,23,True,right,0.44962,0.3125,0.9541,0.6416,1.479,2.6457,1.1667,A,0.22
243,0.49958,0.1,1,0.33305,0.25811,0.69941,243,2.41462,0.25,0.12489,0.62447,5,2D1U,1.0,True,0.528,25,False,left,-0.44962,0.2222,1.064,0.8417,1.8806,2.1472,0.2666,A,0.22
244,0.49958,1.2,2,0.45795,0.64945,1.08242,244,3.31387,0.25,0.12489,0.62447,5,2D1U,1.0,False,0.608,25,False,left,0.44962,2.2628,3.0877,0.8249,0.1293,1.2793,1.15,A,0.2
245,0.49958,1.2,1,0.24979,0.35803,0.64945,245,2.19814,-0.11,-0.05828,0.44129,5,1D2U,1.0,False,0.506,24,True,left,-0.44962,0.1462,0.7879,0.6417,1.5631,1.8131,0.25,A,0.2
246,0.49958,0.1,1,0.6328,0.45795,1.31555,246,3.547,0.29,0.14155,0.64112,5,2D1U,1.0,True,1.3,26,True,left,0.44962,0.5231,1.3814,0.8582,2.3647,3.5313,1.1666,A,0.22
247,0.49958,0.1,1,0.24146,0.36636,0.61614,247,2.36466,0.29,0.14155,0.64112,5,2D1U,1.0,True,0.201,26,True,left,-0.44962,0.1331,0.9915,0.8585,1.7249,1.9915,0.2667,A,0.22
248,0.49958,1.2,1,0.62447,0.43297,0.89924,248,3.08073,0.25,0.12489,0.62447,5,2D1U,2.0,False,0.167,27,True,right,0.44962,0.5235,1.3485,0.825,1.9234,3.0735,1.1501,A,0.2
249,0.49958,1.2,1,0.3164,0.39966,0.61614,249,2.4729,0.29,0.14155,0.64112,5,2D1U,1.0,True,0.106,28,True,left,-0.44962,0.212,1.0537,0.8416,1.7954,2.0454,0.2501,A,0.2
250,0.49958,0.1,2,0.45795,0.42464,1.28225,250,3.08906,-0.15,-0.07494,0.42464,5,1D2U,1.0,True,0.112,25,True,left,0.44962,2.4689,3.1187,0.6498,0.1272,1.2938,1.1666,A,0.22
251,0.49958,0.1,1,0.24146,0.38301,0.59117,251,2.13986,-0.15,-0.07494,0.42464,5,1D2U,1.0,False,0.473,25,True,left,-0.44962,0.1284,0.7701,0.6417,1.4784,1.745,0.2666,A,0.22
252,0.49958,1.2,2,0.57451,0.35803,0.9492,252,3.02244,0.29,0.14155,0.64112,5,2D1U,2.0,True,0.111,28,True,right,0.44962,2.2456,3.0872,0.8417,0.2456,1.3955,1.15,A,0.2
253,0.49958,1.2,2,0.41631,0.39966,0.54953,253,2.27307,-0.19,-0.09159,0.40799,5,1D2U,1.0,True,0.888,25,False,left,-0.44962,1.2425,1.8507,0.6082,0.5424,0.7925,0.2501,A,0.2
254,0.49958,0.1,1,0.41631,0.59949,1.12405,254,3.04742,-0.19,-0.09159,0.40799,5,1D2U,1.0,False,0.925,25,False,left,0.44962,0.3032,0.9282,0.625,1.7198,2.8865,1.1666,A,0.22
255,0.49958,0.1,1,0.36636,0.27477,0.77434,255,2.53952,0.25,0.12489,0.62447,5,2D1U,1.0,True,0.734,29,True,left,-0.44962,0.2601,1.1018,0.8417,1.9934,2.2601,0.2667,A,0.22
256,0.49958,1.2,2,0.39966,0.38301,0.89091,256,2.79763,0.25,0.12489,0.62447,5,2D1U,1.0,False,0.258,29,True,left,0.44962,2.0133,2.8383,0.825,0.0716,1.2216,1.15,A,0.2
257,0.49958,1.2,1,0.35803,0.3497,0.59117,257,2.4396,0.29,0.14155,0.64112,5,2D1U,1.0,True,0.484,30,True,left,-0.44962,0.2603,1.1018,0.8415,1.8184,2.0685,0.2501,A,0.2
258,0.49958,0.1,1,0.59949,0.42464,1.04078,258,2.9475,-0.23,-0.11657,0.38301,5,1D2U,1.0,False,1.075,25,False,left,0.44962,0.4874,1.0873,0.5999,1.7957,2.9661,1.1704,A,0.22
259,0.49958,0.1,1,0.35803,0.28309,0.39966,259,1.90672,-0.27,-0.13322,0.36636,5,1D2U,1.0,False,0.987,25,False,left,-0.44962,0.2451,0.8285,0.5833,1.3453,1.6119,0.2666,A,0.22
260,0.49958,1.2,1,0.30807,0.3497,1.11572,260,2.91419,0.29,0.14155,0.64112,5,2D1U,2.0,False,0.5,30,True,right,0.44962,0.2047,1.0464,0.8416,1.8381,2.9882,1.1502,A,0.2
261,0.49958,1.2,2,0.21648,0.43297,0.76602,261,2.25643,-0.31,-0.1582,0.34138,5,1D2U,2.0,False,0.282,25,False,right,-0.44962,1.256,1.7978,0.5418,0.3394,0.5893,0.2499,A,0.2
262,0.49958,0.1,1,0.67443,0.4746,1.1407,262,3.11403,-0.35,-0.17485,0.32472,5,1D2U,2.0,True,0.55,25,False,right,0.44962,0.5675,1.1092,0.5416,1.9175,3.0841,1.1666,A,0.22
263,0.49958,0.1,2,0.35803,0.22481,0.84095,263,2.58947,0.33,0.16653,0.6661,5,2D1U,1.0,False,0.83,30,False,left,-0.44962,1.4715,2.3555,0.884,0.4716,0.7382,0.2666,A,0.22
264,0.49958,1.2,2,0.36636,0.36636,0.54953,264,2.46458,0.37,0.18318,0.68275,5,2D1U,2.0,True,0.408,30,False,right,0.44962,1.6402,2.5236,0.8834,0.0402,1.1903,1.1501,A,0.2
265,0.49958,1.2,2,0.30807,0.22481,0.48292,265,1.8401,-0.35,-0.17485,0.32472,5,1D2U,1.0,True,0.825,25,False,left,-0.44962,1.0647,1.5898,0.5252,0.4313,0.6813,0.2501,A,0.2
266,0.49958,0.1,2,0.62447,0.48292,1.1407,266,3.43042,0.37,0.18318,0.68275,5,2D1U,2.0,True,0.111,30,False,right,0.44962,2.4869,3.3866,0.8997,0.2866,1.4533,1.1667,A,0.22
267,0.49958,0.1,1,0.23314,0.24146,0.5079,267,2.14818,0.33,0.16653,0.6661,5,2D1U,1.0,True,0.166,31,True,left,-0.44962,0.1232,1.0065,0.8833,1.6315,1.8984,0.2668,A,0.22
268,0.49958,1.2,1,0.43297,0.39966,1.22396,268,2.89755,-0.31,-0.1582,0.34138,5,1D2U,2.0,True,0.684,26,True,right,0.44962,0.3298,0.8708,0.541,1.771,2.9207,1.1497,A,0.2
269,0.49958,1.2,2,0.37468,0.19983,0.73271,269,2.14818,-0.31,-0.1582,0.34138,5,1D2U,1.0,True,0.286,26,True,left,-0.44962,1.3862,1.9278,0.5416,0.5026,0.7527,0.25,A,0.2
270,0.49958,0.1,2,0.39966,0.39134,0.48292,270,2.4396,0.33,0.16653,0.6661,5,2D1U,1.0,False,0.112,31,True,left,0.44962,1.6111,2.5026,0.8916,0.0701,1.2365,1.1663,A,0.22
271,0.49958,0.1,1,0.43297,0.44129,0.43297,271,2.48956,0.37,0.18318,0.68275,5,2D1U,1.0,True,0.373,32,True,left,-0.44962,0.3235,1.2232,0.8997,1.7736,2.0402,0.2666,A,0.22
272,0.49958,1.2,1,0.43297,0.36636,1.28225,272,2.94752,-0.27,-0.13322,0.36636,5,1D2U,2.0,True,0.55,26,False,right,0.44962,0.3293,0.8963,0.5669,1.8554,3.0126,1.1572,A,0.2
273,0.49958,1.2,2,0.32472,0.39134,0.79932,273,2.69771,0.37,0.18318,0.68275,5,2D1U,2.0,True,0.314,32,True,right,-0.44962,1.4019,2.2856,0.8837,0.452,0.7016,0.2496,A,0.2
274,0.49958,0.1,2,0.55786,0.39966,0.64112,274,2.46458,-0.27,-0.13322,0.36636,5,1D2U,1.0,True,0.524,26,False,left,0.44962,1.9276,2.5192,0.5916,0.2273,1.3941,1.1668,A,0.22
275,0.49958,0.1,2,0.33305,0.32472,0.6661,275,2.20646,-0.23,-0.11657,0.38301,5,1D2U,1.0,True,0.503,26,False,left,-0.44962,1.2725,1.8726,0.6001,0.4475,0.7142,0.2668,A,0.22
276,0.49958,1.2,1,0.62447,0.39966,0.84095,276,3.03076,0.33,0.16653,0.6661,5,2D1U,1.0,True,0.441,33,True,left,0.44962,0.5208,1.3874,0.8666,1.9043,3.0544,1.15,A,0.2
277,0.49958,1.2,2,0.39966,0.36636,0.4746,277,2.4063,0.33,0.16653,0.6661,5,2D1U,2.0,True,0.114,33,True,right,-0.44962,1.1507,2.0173,0.8666,0.5257,0.7758,0.2501,A,0.2
278,0.49958,0.1,1,0.53288,0.40799,1.07409,278,3.15566,0.29,0.14155,0.64112,5,2D1U,1.0,True,0.415,33,False,left,0.44962,0.4216,1.2796,0.858,2.0213,3.1877,1.1664,A,0.22
279,0.49958,0.1,2,0.37468,0.21648,0.59949,279,2.33135,0.29,0.14155,0.64112,5,2D1U,1.0,False,0.466,33,False,left,-0.44962,1.2501,2.108,0.8579,0.4915,0.758,0.2665,A,0.22
280,0.49958,1.2,1,0.35803,0.54121,1.19898,280,2.98081,-0.23,-0.11657,0.38301,5,1D2U,2.0,True,0.665,26,False,right,0.44962,0.2609,0.8445,0.5835,1.7191,2.8695,1.1504,A,0.2
281,0.49958,1.2,2,0.3497,0.30807,0.8243,281,2.64775,0.33,0.16653,0.6661,5,2D1U,2.0,True,0.168,34,True,right,-0.44962,1.4485,2.3144,0.8659,0.4732,0.723,0.2498,A,0.2
282,0.49958,0.1,1,0.4746,0.54121,0.73271,282,2.9142,0.33,0.16653,0.6661,5,2D1U,1.0,True,0.284,34,True,left,0.44962,0.3699,1.2528,0.8829,1.653,2.8192,1.1663,A,0.22
283,0.49958,0.1,1,0.27477,0.3164,0.64945,283,2.14819,-0.19,-0.09159,0.40799,5,1D2U,1.0,False,0.862,26,False,left,-0.44962,0.1648,0.7896,0.6248,1.5564,1.8225,0.266,A,0.22
284,0.49958,1.2,2,0.39966,0.38301,0.79932,284,2.72269,0.29,0.14155,0.64112,5,2D1U,1.0,False,0.892,35,True,left,0.44962,1.926,2.768,0.842,0.076,1.226,1.15,A,0.2
285,0.49958,1.2,1,0.43297,0.26644,0.41631,285,2.2814,0.33,0.16653,0.6661,5,2D1U,1.0,True,0.466,36,True,left,-0.44962,0.3351,1.2021,0.867,1.7439,1.9934,0.2495,A,0.2
286,0.49958,0.1,1,0.56619,0.3164,1.14903,286,2.91421,-0.23,-0.11657,0.38301,5,1D2U,2.0,True,0.733,27,True,right,0.44962,0.4616,1.0616,0.6,1.878,3.0452,1.1672,A,0.22
287,0.49958,0.1,2,0.21648,0.44129,0.59949,287,2.42294,0.33,0.16653,0.6661,5,2D1U,2.0,True,0.781,36,True,right,-0.44962,1.0902,1.9734,0.8832,0.331,0.5983,0.2673,A,0.22
288,0.49958,1.2,2,0.42464,0.33305,1.2989,288,2.93918,-0.23,-0.11657,0.38301,5,1D2U,1.0,True,2.158,27,True,left,0.44962,2.449,3.032,0.583,0.0987,1.2485,1.1498,A,0.2
289,0.49958,1.2,2,0.44962,0.44129,0.59117,289,2.38965,-0.19,-0.09159,0.40799,5,1D2U,1.0,True,0.363,28,True,left,-0.44962,1.3132,1.9218,0.6087,0.5715,0.8215,0.25,A,0.2
290,0.49958,0.1,1,0.4746,0.65778,1.09907,290,3.13902,-0.19,-0.09159,0.40799,5,1D2U,2.0,True,0.15,28,True,right,0.44962,0.3699,0.9955,0.6255,1.7618,2.9282,1.1664,A,0.22
291,0.49958,0.1,1,0.29142,0.32472,0.71606,291,2.25642,-0.15,-0.07494,0.42464,5,1D2U,2.0,True,1.075,28,False,right,-0.44962,0.1863,0.8281,0.6418,1.6617,1.9281,0.2664,A,0.22
292,0.49958,1.2,2,0.3497,0.32472,0.791,292,2.60612,0.29,0.14155,0.64112,5,2D1U,2.0,True,0.633,37,True,right,0.44962,1.8696,2.7193,0.8496,0.0279,1.1777,1.1498,A,0.2
293,0.49958,1.2,1,0.29142,0.29142,0.51623,293,2.02329,-0.15,-0.07494,0.42464,5,1D2U,1.0,False,0.929,28,False,left,-0.44962,0.1875,0.8122,0.6248,1.4538,1.7037,0.2499,A,0.2
294,0.49958,0.1,1,0.58284,0.49958,1.12405,294,3.34717,0.29,0.14155,0.64112,5,2D1U,1.0,True,0.4,37,True,left,0.44962,0.4779,1.3366,0.8587,2.1281,3.2941,1.166,A,0.22
295,0.49958,0.1,2,0.24146,0.3497,0.76602,295,2.48123,0.25,0.12489,0.62447,5,2D1U,2.0,True,0.112,37,False,right,-0.44962,1.2862,2.1277,0.8415,0.3608,0.6275,0.2667,A,0.22
296,0.49958,1.2,1,0.32472,0.39966,1.15735,296,2.7893,-0.19,-0.09159,0.40799,5,1D2U,2.0,True,0.113,29,True,right,0.44962,0.2206,0.8293,0.6086,1.6625,2.8209,1.1584,A,0.2
297,0.49958,1.2,2,0.43297,0.36636,0.44129,297,2.14819,-0.19,-0.09159,0.40799,5,1D2U,2.0,False,0.113,29,True,right,-0.44962,1.1474,1.7557,0.6084,0.5553,0.8057,0.2503,A,0.2
298,0.49958,0.1,2,0.49125,0.44129,1.16568,298,3.22227,0.25,0.12489,0.62447,5,2D1U,2.0,True,0.267,37,False,right,0.44962,2.382,3.223,0.8411,0.1563,1.3234,1.167,A,0.22
299,0.49958,0.1,1,0.26644,0.38301,0.78267,299,2.31471,-0.23,-0.11657,0.38301,5,1D2U,2.0,True,0.4,29,False,right,-0.44962,0.1565,0.7568,0.6003,1.6571,1.9232,0.266,A,0.22
300,0.49958,1.2,2,0.56619,0.44962,1.1074,300,3.23061,0.21,0.10824,0.60782,5,2D1U,2.0,True,0.114,37,False,right,0.44962,2.4014,3.21,0.8086,0.2432,1.3929,1.1497,A,0.2
301,0.49958,1.2,2,0.36636,0.39966,0.81598,301,2.46459,-0.23,-0.11657,0.38301,5,1D2U,2.0,False,0.234,29,False,right,-0.44962,1.4599,2.0433,0.5833,0.4934,0.7437,0.2503,A,0.2
302,0.49958,0.1,1,0.37468,0.38301,0.79932,302,2.66441,0.21,0.10824,0.60782,5,2D1U,1.0,True,0.375,37,False,left,0.44962,0.2627,1.0877,0.825,1.5547,2.7213,1.1666,A,0.22
303,0.49958,0.1,1,0.22481,0.39966,0.60782,303,2.09823,-0.27,-0.13322,0.36636,5,1D2U,2.0,True,0.112,29,False,right,-0.44962,0.1149,0.6979,0.583,1.4228,1.6896,0.2668,A,0.22
304,0.49958,1.2,1,0.33305,0.41631,0.71606,304,2.33136,-0.27,-0.13322,0.36636,5,1D2U,2.0,True,0.125,29,False,right,0.44962,0.2307,0.7974,0.5667,1.1889,2.3393,1.1505,A,0.2
305,0.49958,1.2,1,0.26644,0.27477,0.79932,305,2.22312,-0.23,-0.11657,0.38301,5,1D2U,1.0,False,1.742,30,True,left,-0.44962,0.1643,0.7483,0.5839,1.6728,1.9228,0.2501,A,0.2
306,0.49958,0.1,1,0.60782,0.39134,0.75769,306,2.62279,-0.27,-0.13322,0.36636,5,1D2U,1.0,False,0.65,31,True,left,0.44962,0.5017,1.0855,0.5838,1.51,2.6769,1.1669,A,0.22
307,0.49958,0.1,2,0.23314,0.30807,0.64112,307,2.26475,0.17,0.08326,0.58284,5,2D1U,2.0,True,1.124,37,False,right,-0.44962,1.1475,1.9474,0.7999,0.3473,0.6136,0.2663,A,0.22
308,0.49958,1.2,2,0.59949,0.45795,0.80765,308,2.94751,0.17,0.08326,0.58284,5,2D1U,2.0,True,0.442,37,False,right,0.44962,2.1317,2.9153,0.7835,0.2737,1.4233,1.1496,A,0.2
309,0.49958,1.2,2,0.39966,0.26644,0.75769,309,2.26475,-0.31,-0.1582,0.34138,5,1D2U,1.0,True,0.148,31,False,left,-0.44962,1.4346,1.9763,0.5417,0.5264,0.7761,0.2496,A,0.2
310,0.49958,0.1,2,0.49958,0.6661,0.96585,310,3.1973,0.13,0.06661,0.56619,5,2D1U,2.0,True,0.366,37,False,right,0.44962,2.194,2.9775,0.7835,0.1684,1.3355,1.1671,A,0.22
311,0.49958,0.1,1,0.23314,0.25811,0.49125,311,1.82346,-0.31,-0.1582,0.34138,5,1D2U,1.0,False,0.325,31,False,left,-0.44962,0.1261,0.6843,0.5582,1.2925,1.5594,0.2669,A,0.22
312,0.49958,1.2,1,0.55786,0.4746,1.16568,312,3.26391,0.13,0.06661,0.56619,5,2D1U,1.0,True,0.808,37,False,left,0.44962,0.46,1.2267,0.7667,2.0685,3.2182,1.1497,A,0.2
313,0.49958,1.2,2,0.27477,0.42464,0.60782,313,2.34802,0.09,0.04163,0.54121,5,2D1U,2.0,True,0.243,37,False,right,-0.44962,1.1574,1.899,0.7416,0.399,0.6491,0.2501,A,0.2
314,0.49958,0.1,2,0.41631,0.35803,0.97417,314,2.7893,0.09,0.04163,0.54121,5,2D1U,2.0,True,0.416,37,False,right,0.44962,2.1193,2.8855,0.7662,0.0861,1.2522,1.1661,A,0.22
315,0.49958,0.1,2,0.3497,0.19983,0.83263,315,2.20646,-0.35,-0.17485,0.32472,5,1D2U,1.0,True,0.284,31,False,left,-0.44962,1.4567,1.998,0.5413,0.4645,0.7315,0.2671,A,0.22
316,0.49958,1.2,2,0.64112,0.38301,1.23229,316,3.28056,0.05,0.02498,0.52456,5,2D1U,2.0,True,0.424,37,False,right,0.44962,2.5967,3.322,0.7252,0.3134,1.4629,1.1495,A,0.2
317,0.49958,1.2,2,0.39134,0.30807,0.54953,317,2.27308,0.05,0.02498,0.52456,5,2D1U,2.0,True,1.238,37,False,right,-0.44962,1.2174,1.9427,0.7253,0.5172,0.767,0.2498,A,0.2
318,0.49958,0.1,1,0.60782,0.32472,1.19898,318,3.139,0.01,0.00833,0.5079,5,2D1U,1.0,True,0.133,37,False,left,0.44962,0.4972,1.2226,0.7254,2.0894,3.2647,1.1753,A,0.22
319,0.49958,0.1,1,0.29975,0.24979,0.69108,319,2.06492,-0.35,-0.17485,0.32472,5,1D2U,2.0,True,0.449,31,False,right,-0.44962,0.1887,0.7308,0.5421,1.5392,1.8054,0.2662,A,0.22
320,0.49958,1.2,2,0.38301,0.44129,0.55786,320,2.22312,-0.31,-0.1582,0.34138,5,1D2U,1.0,True,0.499,32,True,left,0.44962,1.6641,2.2057,0.5415,0.0559,1.2058,1.1499,A,0.2
321,0.49958,1.2,1,0.23314,0.39966,0.81598,321,2.45626,0.01,0.00833,0.5079,5,2D1U,1.0,True,0.223,37,False,left,-0.44962,0.136,0.8445,0.7085,1.7861,2.0362,0.2501,A,0.2
322,0.49958,0.1,1,0.35803,0.4746,0.93254,322,2.60613,-0.31,-0.1582,0.34138,5,1D2U,1.0,False,0.666,32,True,left,0.44962,0.2485,0.8072,0.5587,1.4072,2.5739,1.1667,A,0.22
323,0.49958,0.1,1,0.23314,0.26644,0.86593,323,2.34801,-0.03,-0.01665,0.48292,5,2D1U,1.0,False,0.365,37,False,left,-0.44962,0.1207,0.821,0.7004,1.8047,2.0707,0.266,A,0.22
324,0.49958,1.2,1,0.49958,0.44129,1.2989,324,3.22227,-0.03,-0.01665,0.48292,5,2D1U,2.0,True,0.425,37,False,right,0.44962,0.398,1.0815,0.6835,2.0567,3.2061,1.1495,A,0.2
325,0.49958,1.2,2,0.30807,0.39966,0.6328,325,2.16483,-0.35,-0.17485,0.32472,5,1D2U,1.0,True,1.307,33,True,left,-0.44962,1.2155,1.7405,0.525,0.4319,0.6822,0.2503,A,0.2
326,0.49958,0.1,1,0.38301,0.30807,0.791,326,2.48956,0.01,0.00833,0.5079,5,2D1U,1.0,True,0.333,38,True,left,0.44962,0.2732,0.9977,0.7245,1.4563,2.6307,1.1744,A,0.22
327,0.49958,0.1,1,0.20816,0.32472,0.88259,327,2.42295,0.01,0.00833,0.5079,5,2D1U,2.0,False,0.941,38,True,right,-0.44962,0.1031,0.8285,0.7254,1.8283,2.0953,0.267,A,0.22
328,0.49958,1.2,2,0.42464,0.5079,1.06576,328,2.8226,-0.35,-0.17485,0.32472,5,1D2U,2.0,False,0.85,33,True,right,0.44962,2.2146,2.7396,0.525,0.0976,1.2481,1.1505,A,0.2
329,0.49958,1.2,1,0.24146,0.37468,0.79932,329,2.4396,0.05,0.02498,0.52456,5,2D1U,2.0,False,16.294,38,False,right,-0.44962,0.1427,0.8676,0.7249,1.7923,2.0424,0.2501,A,0.2
330,0.49958,0.1,1,0.41631,0.42464,1.24894,330,2.89754,-0.39,-0.1915,0.30807,5,1D2U,2.0,True,0.114,33,False,right,0.44962,0.3139,0.8396,0.5256,1.756,2.9223,1.1663,A,0.22
331,0.49958,0.1,2,0.29975,0.39966,0.83263,331,2.33969,-0.39,-0.1915,0.30807,5,1D2U,1.0,True,0.297,33,False,left,-0.44962,1.4107,1.9351,0.5245,0.4186,0.6857,0.2671,A,0.22
332,0.49958,1.2,2,0.35803,0.5079,1.27392,332,2.96415,-0.35,-0.17485,0.32472,5,1D2U,2.0,False,0.112,34,True,right,0.44962,2.3555,2.8807,0.5251,0.0298,1.1807,1.1508,A,0.2
333,0.49958,1.2,1,0.35803,0.3164,0.5079,333,1.98998,-0.39,-0.1915,0.30807,5,1D2U,2.0,True,0.192,35,True,right,-0.44962,0.2548,0.7633,0.5085,1.3962,1.6466,0.2504,A,0.2
334,0.49958,0.1,2,0.45795,0.37468,0.71606,334,2.58948,0.09,0.04163,0.54121,5,2D1U,2.0,True,0.425,38,False,right,0.44962,1.8983,2.6561,0.7578,0.1228,1.2904,1.1675,A,0.22
335,0.49958,0.1,1,0.3164,0.28309,0.791,335,2.19814,-0.39,-0.1915,0.30807,5,1D2U,2.0,True,0.204,35,True,right,-0.44962,0.2076,0.7326,0.525,1.6407,1.9074,0.2667,A,0.22
336,0.49958,1.2,2,0.32472,0.35803,0.87426,336,2.5978,0.09,0.04163,0.54121,5,2D1U,2.0,True,1.241,38,False,right,0.44962,1.9299,2.6801,0.7502,0.0054,1.1553,1.1499,A,0.2
337,0.49958,1.2,2,0.39134,0.38301,0.87426,337,2.47291,-0.35,-0.17485,0.32472,5,1D2U,1.0,True,0.262,36,True,left,-0.44962,1.5403,2.0648,0.5245,0.5154,0.7651,0.2497,A,0.2
338,0.49958,0.1,2,0.32472,0.44129,1.15735,338,2.74766,-0.35,-0.17485,0.32472,5,1D2U,1.0,True,0.641,36,True,left,0.44962,2.2105,2.7524,0.5419,999,1.1608,-997.8392,A,0.22
339,0.49958,0.1,2,0.30807,0.44962,0.78267,339,2.5645,0.05,0.02498,0.52456,5,2D1U,2.0,True,0.496,39,True,right,-0.44962,1.3647,2.1063,0.7417,0.4232,0.6894,0.2662,A,0.22
340,0.49958,1.2,2,0.36636,0.37468,1.12405,340,2.88923,0.05,0.02498,0.52456,5,2D1U,1.0,False,0.467,39,True,left,0.44962,2.2123,2.9454,0.7331,0.0367,1.1873,1.1505,A,0.2
341,0.49958,1.2,2,0.43297,0.36636,0.84095,341,2.68107,0.09,0.04163,0.54121,5,2D1U,1.0,False,0.649,40,True,left,-0.44962,1.5531,2.2946,0.7415,0.5613,0.8116,0.2503,A,0.2
342,0.49958,0.1,2,0.48292,0.39966,0.59949,342,2.32303,-0.31,-0.1582,0.34138,5,1D2U,1.0,True,0.65,36,False,left,0.44962,1.8116,2.3698,0.5582,0.1535,1.32,1.1665,A,0.22
343,0.49958,0.1,2,0.28309,0.44962,0.54121,343,2.11488,-0.31,-0.1582,0.34138,5,1D2U,1.0,True,0.478,36,False,left,-0.44962,1.0975,1.6555,0.558,0.3967,0.6634,0.2668,A,0.22
344,0.49958,1.2,1,0.36636,0.38301,1.00748,344,2.62279,-0.27,-0.13322,0.36636,5,1D2U,2.0,True,0.608,36,False,right,0.44962,0.2632,0.8305,0.5673,1.5134,2.6633,1.1499,A,0.2
345,0.49958,1.2,1,0.36636,0.20816,0.8243,345,2.26476,-0.27,-0.13322,0.36636,5,1D2U,2.0,True,0.475,36,False,right,-0.44962,0.2623,0.8294,0.5671,1.7792,2.0294,0.2502,A,0.2
346,0.49958,0.1,2,0.35803,0.54953,1.34886,346,3.32219,0.13,0.06661,0.56619,5,2D1U,1.0,False,0.883,40,False,left,0.44962,2.4344,3.2179,0.7835,0.0264,1.1928,1.1664,A,0.22
347,0.49958,0.1,1,0.39134,0.36636,0.64945,347,2.28974,-0.23,-0.11657,0.38301,5,1D2U,2.0,True,0.114,36,False,right,-0.44962,0.2811,0.8808,0.5997,1.6475,1.9138,0.2663,A,0.22
348,0.49958,1.2,1,0.32472,0.41631,0.77434,348,2.59779,0.17,0.08326,0.58284,5,2D1U,1.0,True,0.175,40,False,left,0.44962,0.227,1.0103,0.7833,1.46,2.615,1.155,A,0.2
349,0.49958,1.2,1,0.26644,0.43297,0.85761,349,2.43961,-0.23,-0.11657,0.38301,5,1D2U,2.0,True,0.871,36,False,right,-0.44962,0.1678,0.7511,0.5833,1.7338,1.9843,0.2504,A,0.2
350,0.49958,0.1,1,0.37468,0.33305,0.51623,350,2.13153,-0.19,-0.09159,0.40799,5,1D2U,1.0,False,0.484,36,False,left,0.44962,0.2679,0.8929,0.625,1.0763,2.2427,1.1665,A,0.22
351,0.49958,0.1,1,0.23314,0.40799,0.74104,351,2.26476,-0.23,-0.11657,0.38301,5,1D2U,2.0,True,0.11,37,True,right,-0.44962,0.1218,0.722,0.6002,1.5805,1.8473,0.2668,A,0.22
352,0.49958,1.2,2,0.39134,0.48292,0.65778,352,2.61446,0.17,0.08326,0.58284,5,2D1U,2.0,True,0.2,40,False,right,0.44962,1.7727,2.5559,0.7832,0.0642,1.214,1.1498,A,0.2
353,0.49958,1.2,1,0.35803,0.3497,0.48292,353,2.25642,0.13,0.06661,0.56619,5,2D1U,1.0,True,0.406,41,True,left,-0.44962,0.2577,1.0243,0.7666,1.6329,1.8824,0.2495,A,0.2
354,0.49958,0.1,1,0.65778,0.33305,0.72439,354,2.59781,-0.23,-0.11657,0.38301,5,1D2U,2.0,True,0.475,37,True,right,0.44962,0.5531,1.1529,0.5997,1.545,2.7195,1.1745,A,0.22
355,0.49958,0.1,2,0.38301,0.32472,0.79932,355,2.57282,0.13,0.06661,0.56619,5,2D1U,2.0,True,0.488,41,True,right,-0.44962,1.4632,2.2464,0.7832,0.5052,0.7716,0.2665,A,0.22
356,0.49958,1.2,2,0.4746,0.51623,1.28225,356,3.18065,-0.19,-0.09159,0.40799,5,1D2U,2.0,False,0.709,38,True,right,0.44962,2.4859,3.0944,0.6085,0.1527,1.3035,1.1508,A,0.2
357,0.49958,1.2,1,0.33305,0.29142,0.44129,357,2.10655,0.09,0.04163,0.54121,5,2D1U,1.0,True,3.107,41,False,left,-0.44962,0.2313,0.9727,0.7414,1.5398,1.7899,0.2502,A,0.2
358,0.49958,0.1,1,0.34138,0.33305,0.68275,358,2.23977,-0.23,-0.11657,0.38301,5,1D2U,1.0,False,0.425,39,True,left,0.44962,0.2323,0.8321,0.5999,1.1818,2.349,1.1673,A,0.22
359,0.49958,0.1,2,0.26644,0.41631,0.88259,359,2.43128,-0.27,-0.13322,0.36636,5,1D2U,1.0,True,1.05,39,False,left,-0.44962,1.4239,2.0067,0.5828,0.3826,0.6489,0.2664,A,0.22
360,0.49958,1.2,2,0.39134,0.37468,1.14903,360,2.95584,0.09,0.04163,0.54121,5,2D1U,1.0,False,0.201,41,False,left,0.44962,2.2639,3.0055,0.7416,0.0638,1.2139,1.15,A,0.2
361,0.49958,1.2,2,0.39966,0.26644,0.54121,361,2.07325,-0.27,-0.13322,0.36636,5,1D2U,2.0,False,0.206,39,False,right,-0.44962,1.2145,1.7816,0.5671,0.5233,0.773,0.2497,A,0.2
362,0.49958,0.1,2,0.64112,0.36636,0.87426,362,2.94751,0.13,0.06661,0.56619,5,2D1U,1.0,False,1.534,42,True,left,0.44962,2.2445,3.0357,0.7912,0.3111,1.4773,1.1661,A,0.22
363,0.49958,0.1,1,0.37468,0.29142,0.6661,363,2.41462,0.17,0.08326,0.58284,5,2D1U,2.0,False,0.307,42,False,right,-0.44962,0.264,1.0637,0.7996,1.8482,2.1138,0.2656,A,0.22
364,0.49958,1.2,2,0.33305,0.40799,0.86593,364,2.44793,-0.31,-0.1582,0.34138,5,1D2U,1.0,True,0.115,39,False,left,0.44962,1.9205,2.4673,0.5468,0.0037,1.1537,1.15,A,0.2
365,0.49958,1.2,2,0.41631,0.38301,0.64112,365,2.2814,-0.31,-0.1582,0.34138,5,1D2U,2.0,False,0.113,39,False,right,-0.44962,1.3302,1.8706,0.5405,0.5377,0.7874,0.2497,A,0.2
366,0.49958,0.1,2,0.44962,0.37468,1.1407,366,3.0724,0.21,0.10824,0.60782,5,2D1U,1.0,False,0.658,42,False,left,0.44962,2.3149,3.1395,0.8247,0.1145,1.2814,1.1669,A,0.22
367,0.49958,0.1,1,0.35803,0.42464,0.6328,367,2.23977,-0.35,-0.17485,0.32472,5,1D2U,2.0,True,0.112,39,False,right,-0.44962,0.2543,0.7959,0.5416,1.5457,1.8123,0.2667,A,0.22
368,0.49958,1.2,2,0.65778,0.45795,1.05744,368,3.29722,0.25,0.12489,0.62447,5,2D1U,2.0,True,0.925,42,False,right,0.44962,2.4443,3.2693,0.825,0.3364,1.4857,1.1493,A,0.2
369,0.49958,1.2,2,0.24979,0.32472,0.6661,369,2.06491,-0.35,-0.17485,0.32472,5,1D2U,2.0,False,0.614,39,False,right,-0.44962,1.1947,1.7196,0.5249,0.378,0.628,0.25,A,0.2
370,0.49958,0.1,2,0.34138,0.42464,0.80765,370,2.38132,-0.39,-0.1915,0.30807,5,1D2U,1.0,True,0.283,39,False,left,0.44962,1.8762,2.4007,0.5245,0.0098,1.176,1.1662,A,0.22
371,0.49958,0.1,1,0.39966,0.44962,0.86593,371,2.83926,0.25,0.12489,0.62447,5,2D1U,1.0,True,1.049,42,False,left,-0.44962,0.2865,1.1281,0.8416,2.1116,2.3787,0.267,A,0.22
372,0.49958,1.2,1,0.44962,0.46627,1.22396,372,3.24725,0.21,0.10824,0.60782,5,2D1U,2.0,False,0.558,43,True,right,0.44962,0.3527,1.1614,0.8087,2.0609,3.2114,1.1505,A,0.2
373,0.49958,1.2,2,0.32472,0.24979,0.64112,373,2.02328,-0.39,-0.1915,0.30807,5,1D2U,2.0,False,0.625,39,False,right,-0.44962,1.2423,1.7505,0.5082,0.4508,0.7006,0.2498,A,0.2
374,0.49958,0.1,2,0.49958,0.58284,1.05744,374,3.26391,0.25,0.12489,0.62447,5,2D1U,2.0,True,0.483,44,True,right,0.44962,2.28,3.1214,0.8414,0.1632,1.3302,1.1671,A,0.22
375,0.49958,0.1,1,0.37468,0.3164,0.64945,375,2.1232,-0.43,-0.21648,0.28309,5,1D2U,2.0,True,0.261,39,False,right,-0.44962,0.2657,0.7656,0.4999,1.5327,1.7993,0.2666,A,0.22
376,0.49958,1.2,1,0.3497,0.44129,1.34053,376,2.91419,-0.43,-0.21648,0.28309,5,1D2U,2.0,True,0.483,39,False,right,0.44962,0.2468,0.7304,0.4835,1.7466,2.8964,1.1498,A,0.2
377,0.49958,1.2,2,0.39966,0.43297,0.53288,377,2.48956,0.25,0.12489,0.62447,5,2D1U,2.0,True,0.384,44,True,right,-0.44962,1.2065,2.0314,0.8249,0.5227,0.7729,0.2503,A,0.2
378,0.49958,0.1,2,0.44129,0.32472,0.73271,378,2.60612,0.21,0.10824,0.60782,5,2D1U,1.0,False,0.308,45,True,left,0.44962,1.9012,2.7265,0.8253,0.1093,1.2763,1.167,A,0.22
379,0.49958,0.1,1,0.35803,0.34138,0.74104,379,2.2481,-0.39,-0.1915,0.30807,5,1D2U,2.0,True,0.436,40,True,right,-0.44962,0.2465,0.7718,0.5252,1.63,1.8969,0.267,A,0.22
380,0.49958,1.2,2,0.55786,0.44962,1.16568,380,2.98081,-0.39,-0.1915,0.30807,5,1D2U,1.0,True,0.191,40,True,left,0.44962,2.4452,2.9536,0.5085,0.2285,1.3783,1.1499,A,0.2
381,0.49958,1.2,2,0.26644,0.26644,0.84928,381,2.50621,0.25,0.12489,0.62447,5,2D1U,1.0,False,0.631,46,True,left,-0.44962,1.3889,2.2143,0.8254,0.3892,0.6389,0.2497,A,0.2
382,0.49958,0.1,1,0.42464,0.60782,1.31555,382,3.48871,0.29,0.14155,0.64112,5,2D1U,1.0,True,0.699,46,False,left,0.44962,0.3125,1.1706,0.8581,2.154,3.321,1.167,A,0.22
383,0.49958,0.1,1,0.3497,0.36636,0.52456,383,2.06492,-0.35,-0.17485,0.32472,5,1D2U,2.0,True,1.184,40,False,right,-0.44962,0.2396,0.7811,0.5415,1.423,1.6895,0.2666,A,0.22
384,0.49958,1.2,1,0.58284,0.34138,1.26559,384,3.33051,0.29,0.14155,0.64112,5,2D1U,2.0,False,0.416,46,False,right,0.44962,0.479,1.3206,0.8416,2.2624,3.4121,1.1496,A,0.2
385,0.49958,1.2,2,0.29142,0.30807,0.46627,385,2.23144,0.33,0.16653,0.6661,5,2D1U,2.0,True,0.187,46,False,right,-0.44962,1.036,1.9025,0.8665,0.4195,0.6691,0.2495,A,0.2
386,0.49958,0.1,1,0.57451,0.44962,0.62447,386,2.81428,0.33,0.16653,0.6661,5,2D1U,1.0,True,0.717,46,False,left,0.44962,0.4632,1.3466,0.8834,1.6383,2.8053,1.167,A,0.22
387,0.49958,0.1,2,0.38301,0.36636,0.70773,387,2.5978,0.29,0.14155,0.64112,5,2D1U,2.0,True,0.712,47,True,right,-0.44962,1.3704,2.2282,0.8578,0.5037,0.7701,0.2664,A,0.22
388,0.49958,1.2,2,0.34138,0.37468,0.85761,388,2.39797,-0.35,-0.17485,0.32472,5,1D2U,1.0,True,0.208,40,False,left,0.44962,1.926,2.4589,0.5329,0.0174,1.1672,1.1498,A,0.2
389,0.49958,1.2,1,0.26644,0.29142,0.70773,389,2.10655,-0.31,-0.1582,0.34138,5,1D2U,2.0,True,0.268,40,False,right,-0.44962,0.1672,0.7096,0.5424,1.5425,1.7924,0.25,A,0.2
390,0.49958,0.1,1,0.65778,0.4746,0.79932,390,2.77266,-0.31,-0.1582,0.34138,5,1D2U,2.0,True,0.113,40,False,right,0.44962,0.5463,1.1052,0.559,1.5725,2.7388,1.1663,A,0.22
391,0.49958,0.1,2,0.3497,0.20816,0.77434,391,2.4729,0.29,0.14155,0.64112,5,2D1U,1.0,False,0.803,47,True,left,-0.44962,1.3972,2.2555,0.8582,0.4639,0.7305,0.2666,A,0.22
392,0.49958,1.2,1,0.3497,0.33305,0.53288,392,2.38131,0.33,0.16653,0.6661,5,2D1U,1.0,True,0.816,48,True,left,0.44962,0.2473,1.1138,0.8665,1.3224,2.4725,1.1501,A,0.2
393,0.49958,1.2,1,0.38301,0.38301,0.42464,393,2.0566,-0.27,-0.13322,0.36636,5,1D2U,2.0,True,0.184,40,False,right,-0.44962,0.2864,0.8535,0.5671,1.4032,1.6529,0.2497,A,0.2
394,0.49958,0.1,2,0.3497,0.3497,0.92422,394,2.7893,0.33,0.16653,0.6661,5,2D1U,2.0,True,0.708,48,True,right,0.44962,2.0009,2.8925,0.8916,0.0171,1.1841,1.1669,A,0.22
395,0.49958,0.1,2,0.28309,0.29975,0.55786,395,2.2814,0.29,0.14155,0.64112,5,2D1U,1.0,False,0.5,49,True,left,-0.44962,1.1187,1.9769,0.8582,0.402,0.668,0.266,A,0.22
396,0.49958,1.2,2,0.6661,0.46627,1.24894,396,3.24725,-0.27,-0.13322,0.36636,5,1D2U,1.0,True,1.224,40,False,left,0.44962,2.6367,3.2033,0.5666,0.3366,1.4866,1.15,A,0.2
397,0.49958,1.2,1,0.34138,0.24146,0.45795,397,2.20647,0.33,0.16653,0.6661,5,2D1U,1.0,True,0.491,50,True,left,-0.44962,0.2384,1.1049,0.8665,1.6879,1.9383,0.2504,A,0.2
398,0.49958,0.1,2,0.30807,0.4746,0.99083,398,2.65609,-0.23,-0.11657,0.38301,5,1D2U,2.0,False,0.599,40,False,right,0.44962,2.0255,2.6253,0.5997,999,1.1422,-997.8578,A,0.22
399,0.49958,0.1,1,0.3497,0.39134,0.5079,399,2.41462,0.33,0.16653,0.6661,5,2D1U,1.0,True,0.513,50,True,left,-0.44962,0.2394,1.1226,0.8832,1.7477,2.0145,0.2668,A,0.22
400,0.49958,1.2,1,0.54953,0.39134,1.19066,400,3.27223,0.29,0.14155,0.64112,5,2D1U,1.0,True,0.967,51,True,left,0.44962,0.4472,1.2887,0.8415,2.1555,3.3054,1.1499,A,0.2
401,0.49958,1.2,2,0.23314,0.43297,0.58284,401,2.38965,0.29,0.14155,0.64112,5,2D1U,1.0,False,0.64,51,True,left,-0.44962,1.0877,1.9288,0.8411,0.3541,0.604,0.2499,A,0.2
402,0.49958,0.1,1,0.49958,0.6328,1.07409,402,3.37215,0.33,0.16653,0.6661,5,2D1U,1.0,True,0.575,52,True,left,0.44962,0.3942,1.2781,0.8839,2.0192,3.1862,1.167,A,0.22
403,0.49958,0.1,2,0.29975,0.44129,0.54953,403,2.15651,-0.27,-0.13322,0.36636,5,1D2U,1.0,True,1.34,41,True,left,-0.44962,1.1259,1.7093,0.5834,0.4176,0.6843,0.2667,A,0.22
404,0.49958,1.2,2,0.4746,0.5079,1.15735,404,3.30553,0.33,0.16653,0.6661,5,2D1U,1.0,False,1.199,52,True,left,0.44962,2.3547,3.2209,0.8663,0.1463,1.2964,1.1501,A,0.2
405,0.49958,1.2,2,0.3164,0.42464,0.85761,405,2.78098,0.37,0.18318,0.68275,5,2D1U,2.0,True,1.255,52,False,right,-0.44962,1.4572,2.3404,0.8832,0.4488,0.6991,0.2503,A,0.2
406,0.49958,0.1,2,0.32472,0.44962,1.31555,406,2.95583,-0.27,-0.13322,0.36636,5,1D2U,1.0,True,0.475,41,True,left,0.44962,2.3636,2.9475,0.5839,999,1.1556,-997.8444,A,0.22
407,0.49958,0.1,1,0.34138,0.3497,0.58284,407,2.45625,0.37,0.18318,0.68275,5,2D1U,2.0,False,1.014,52,False,right,-0.44962,0.2322,1.1325,0.9003,1.8325,2.0992,0.2667,A,0.22
408,0.49958,1.2,2,0.41631,0.45795,0.72439,408,2.48124,-0.23,-0.11657,0.38301,5,1D2U,1.0,True,0.558,42,True,left,0.44962,1.8676,2.451,0.5834,0.0928,1.2424,1.1497,A,0.2
409,0.49958,1.2,2,0.41631,0.44129,0.68275,409,2.74766,0.41,0.20816,0.70773,5,2D1U,2.0,True,0.228,52,False,right,-0.44962,1.3773,2.2852,0.9079,0.5442,0.7941,0.2498,A,0.2
410,0.49958,0.1,2,0.43297,0.41631,0.5079,410,2.23977,-0.23,-0.11657,0.38301,5,1D2U,1.0,True,0.533,42,True,left,0.44962,1.6674,2.2669,0.5995,0.1005,1.2676,1.1671,A,0.22
411,0.49958,0.1,2,0.22481,0.22481,0.84095,411,2.19814,-0.19,-0.09159,0.40799,5,1D2U,1.0,True,0.715,42,False,left,-0.44962,1.3394,1.9638,0.6244,0.3395,0.6061,0.2666,A,0.22
412,0.49958,1.2,2,0.61614,0.39966,0.61614,412,2.83925,0.41,0.20816,0.70773,5,2D1U,2.0,True,0.216,52,False,right,0.44962,1.9551,2.8711,0.916,0.288,1.4385,1.1505,A,0.2
413,0.49958,1.2,1,0.39134,0.41631,0.68275,413,2.67273,0.37,0.18318,0.68275,5,2D1U,1.0,True,0.692,53,True,left,-0.44962,0.293,1.1759,0.883,1.9844,2.2342,0.2498,A,0.2
414,0.49958,0.1,2,0.52456,0.49958,1.22396,414,3.15567,-0.19,-0.09159,0.40799,5,1D2U,1.0,True,0.2,42,False,left,0.44962,2.4731,3.0982,0.6252,0.1899,1.3564,1.1664,A,0.22
415,0.49958,0.1,1,0.24979,0.39134,0.4746,415,2.29806,0.37,0.18318,0.68275,5,2D1U,1.0,True,1.49,53,True,left,-0.44962,0.14,1.0409,0.9008,1.6327,1.8991,0.2664,A,0.22
416,0.49958,1.2,1,0.62447,0.41631,1.11572,416,3.32218,0.33,0.16653,0.6661,5,2D1U,1.0,True,1.025,53,False,left,0.44962,0.5212,1.3879,0.8667,2.1801,3.3296,1.1495,A,0.2
417,0.49958,1.2,2,0.36636,0.36636,0.72439,417,2.38133,-0.15,-0.07494,0.42464,5,1D2U,1.0,True,0.515,42,False,left,-0.44962,1.3654,1.9905,0.6251,0.4901,0.7401,0.25,A,0.2
418,0.49958,0.1,1,0.45795,0.36636,0.91589,418,2.66442,-0.15,-0.07494,0.42464,5,1D2U,1.0,False,1.3,42,False,left,0.44962,0.346,0.9877,0.6417,1.571,2.7376,1.1666,A,0.22
419,0.49958,0.1,2,0.24979,0.20816,0.64945,419,2.01497,-0.19,-0.09159,0.40799,5,1D2U,1.0,True,1.532,43,True,left,-0.44962,1.1724,1.7967,0.6243,0.3638,0.6302,0.2664,A,0.22
420,0.49958,1.2,2,0.46627,0.49125,0.78267,420,2.90587,0.33,0.16653,0.6661,5,2D1U,2.0,True,0.241,53,False,right,0.44962,1.9757,2.8425,0.8669,0.1427,1.2925,1.1498,A,0.2
421,0.49958,1.2,1,0.21648,0.39966,0.75769,421,2.2814,-0.19,-0.09159,0.40799,5,1D2U,2.0,True,0.292,43,True,right,-0.44962,0.1124,0.7208,0.6084,1.6041,1.8541,0.2501,A,0.2
422,0.49958,0.1,2,0.64945,0.49958,0.71606,422,2.78931,-0.15,-0.07494,0.42464,5,1D2U,1.0,True,0.625,44,True,left,0.44962,2.0889,2.7304,0.6416,0.3131,1.4805,1.1674,A,0.22
423,0.49958,0.1,2,0.21648,0.40799,0.77434,423,2.53951,0.29,0.14155,0.64112,5,2D1U,2.0,True,0.171,53,False,right,-0.44962,1.2628,2.1216,0.8588,0.3291,0.596,0.2669,A,0.22
424,0.49958,1.2,1,0.49958,0.36636,1.21564,424,3.22228,0.29,0.14155,0.64112,5,2D1U,1.0,True,0.111,53,False,left,0.44962,0.4011,1.2431,0.842,2.1348,3.2846,1.1498,A,0.2
425,0.49958,1.2,1,0.27477,0.38301,0.88259,425,2.66442,0.25,0.12489,0.62447,5,2D1U,1.0,True,0.468,53,False,left,-0.44962,0.1728,0.9984,0.8257,2.0068,2.2566,0.2498,A,0.2
426,0.49958,0.1,2,0.38301,0.37468,1.1407,426,2.82261,-0.15,-0.07494,0.42464,5,1D2U,1.0,True,1.166,44,True,left,0.44962,2.2461,2.8878,0.6416,0.0455,1.2123,1.1668,A,0.22
427,0.49958,0.1,2,0.25811,0.28309,0.89924,427,2.56449,0.25,0.12489,0.62447,5,2D1U,2.0,True,0.125,53,False,right,-0.44962,1.4355,2.2776,0.8421,0.3768,0.6438,0.267,A,0.22
428,0.49958,1.2,2,0.44962,0.52456,0.71606,428,2.63111,-0.11,-0.05828,0.44129,5,1D2U,1.0,True,0.567,44,False,left,0.44962,1.8938,2.5352,0.6414,0.1263,1.2765,1.1502,A,0.2
429,0.49958,1.2,1,0.38301,0.44962,0.61614,429,2.55617,0.21,0.10824,0.60782,5,2D1U,1.0,True,1.206,53,False,left,-0.44962,0.2841,1.0925,0.8084,1.8339,2.0839,0.25,A,0.2
430,0.49958,0.1,1,0.43297,0.42464,0.44129,430,2.23977,-0.11,-0.05828,0.44129,5,1D2U,2.0,True,0.166,44,False,right,0.44962,0.3292,0.9879,0.6587,1.0965,2.2631,1.1665,A,0.22
431,0.49958,0.1,2,0.22481,0.21648,0.45795,431,2.00664,0.21,0.10824,0.60782,5,2D1U,2.0,True,0.27,53,False,right,-0.44962,0.9591,1.7834,0.8243,0.342,0.6086,0.2665,A,0.22
432,0.49958,1.2,1,0.42464,0.62447,1.00748,432,3.02244,-0.07,-0.03331,0.46627,5,1D2U,1.0,False,0.112,44,False,left,0.44962,0.3235,0.9906,0.6671,1.674,2.8242,1.1502,A,0.2
433,0.49958,1.2,2,0.37468,0.3497,0.80765,433,2.4729,-0.11,-0.05828,0.44129,5,1D2U,2.0,False,0.131,45,True,right,-0.44962,1.461,2.1023,0.6414,0.5028,0.7528,0.25,A,0.2
434,0.49958,0.1,2,0.53288,0.49958,0.70773,434,2.82261,0.17,0.08326,0.58284,5,2D1U,2.0,True,0.95,53,False,right,0.44962,1.9688,2.7693,0.8005,0.2024,1.369,1.1666,A,0.22
435,0.49958,0.1,2,0.30807,0.26644,0.52456,435,2.02329,-0.15,-0.07494,0.42464,5,1D2U,1.0,True,1.183,45,False,left,-0.44962,1.105,1.7471,0.6421,0.422,0.6883,0.2663,A,0.22
436,0.49958,1.2,1,0.41631,0.30807,0.89091,436,2.69771,0.17,0.08326,0.58284,5,2D1U,2.0,False,0.766,53,False,right,0.44962,0.3181,1.1013,0.7833,1.6685,2.8178,1.1493,A,0.2
437,0.49958,1.2,1,0.34138,0.33305,0.86593,437,2.46458,-0.15,-0.07494,0.42464,5,1D2U,1.0,False,0.415,45,False,left,-0.44962,0.2418,0.8669,0.625,1.8584,2.1081,0.2497,A,0.2
438,0.49958,0.1,1,0.30807,0.65778,1.07409,438,3.14734,0.21,0.10824,0.60782,5,2D1U,1.0,True,0.112,54,True,left,0.44962,0.2013,1.0261,0.8248,1.7672,2.9339,1.1667,A,0.22
439,0.49958,0.1,2,0.41631,0.29142,0.43297,439,2.2481,0.21,0.10824,0.60782,5,2D1U,2.0,True,0.332,54,True,right,-0.44962,1.1242,1.9489,0.8246,0.5327,0.7994,0.2667,A,0.22
440,0.49958,1.2,1,0.65778,0.39966,0.75769,440,2.7227,-0.19,-0.09159,0.40799,5,1D2U,2.0,True,0.917,45,False,right,0.44962,0.5574,1.166,0.6086,1.5993,2.7486,1.1493,A,0.2
441,0.49958,1.2,2,0.21648,0.22481,0.68275,441,2.20646,0.17,0.08326,0.58284,5,2D1U,2.0,True,0.348,55,True,right,-0.44962,1.1705,1.9535,0.783,0.3369,0.5874,0.2505,A,0.2
442,0.49958,0.1,1,0.42464,0.44962,0.74104,442,2.52287,-0.19,-0.09159,0.40799,5,1D2U,1.0,False,0.508,45,False,left,0.44962,0.3183,0.9431,0.6248,1.352,2.5182,1.1662,A,0.22
443,0.49958,0.1,1,0.39966,0.29975,0.54953,443,2.33136,0.17,0.08326,0.58284,5,2D1U,2.0,False,1.467,55,True,right,-0.44962,0.2935,1.0933,0.7999,1.7597,2.0269,0.2672,A,0.22
444,0.49958,1.2,1,0.49125,0.37468,1.15735,444,2.90587,-0.23,-0.11657,0.38301,5,1D2U,2.0,True,2.184,45,False,right,0.44962,0.387,0.9702,0.5832,1.8038,2.9537,1.15,A,0.2
445,0.49958,1.2,1,0.21648,0.24979,0.44962,445,1.79848,-0.23,-0.11657,0.38301,5,1D2U,1.0,False,0.213,45,False,left,-0.44962,0.1124,0.6961,0.5837,1.2712,1.5208,0.2496,A,0.2
446,0.49958,0.1,2,0.39966,0.38301,0.52456,446,2.41463,0.21,0.10824,0.60782,5,2D1U,2.0,True,0.366,56,True,right,0.44962,1.6486,2.4735,0.8249,0.0654,1.2318,1.1665,A,0.22
447,0.49958,0.1,2,0.33305,0.29142,0.64112,447,2.13153,-0.27,-0.13322,0.36636,5,1D2U,1.0,True,0.488,45,False,left,-0.44962,1.2467,1.8302,0.5835,0.4468,0.7131,0.2663,A,0.22
448,0.49958,1.2,2,0.38301,0.43297,0.77434,448,2.69772,0.21,0.10824,0.60782,5,2D1U,2.0,True,0.483,56,True,right,0.44962,1.8828,2.6912,0.8083,0.0575,1.2079,1.1504,A,0.2
449,0.49958,1.2,2,0.24146,0.3164,0.55786,449,2.19814,0.17,0.08326,0.58284,5,2D1U,2.0,True,0.414,57,True,right,-0.44962,1.074,1.8573,0.7833,0.3656,0.6157,0.2501,A,0.2
450,0.49958,0.1,2,0.30807,0.49958,0.80765,450,2.48124,-0.27,-0.13322,0.36636,5,1D2U,1.0,True,0.112,45,False,left,0.44962,1.8415,2.4248,0.5834,999,1.1411,-997.8589,A,0.22
451,0.49958,0.1,2,0.24979,0.28309,0.83263,451,2.2481,-0.23,-0.11657,0.38301,5,1D2U,1.0,True,0.163,46,True,left,-0.44962,1.3562,1.9558,0.5996,0.3643,0.6306,0.2664,A,0.22
452,0.49958,1.2,2,0.4746,0.54121,0.81598,452,2.91421,0.17,0.08326,0.58284,5,2D1U,1.0,False,0.191,57,True,left,0.44962,2.0159,2.7984,0.7825,0.1484,1.2985,1.1501,A,0.2
453,0.49958,1.2,1,0.29975,0.29975,0.72439,453,2.20648,-0.23,-0.11657,0.38301,5,1D2U,1.0,False,1.502,46,True,left,-0.44962,0.1981,0.7812,0.583,1.6315,1.8814,0.2499,A,0.2
454,0.49958,0.1,2,0.39966,0.39134,0.68275,454,2.33969,-0.27,-0.13322,0.36636,5,1D2U,1.0,True,0.114,47,True,left,0.44962,1.8072,2.3902,0.583,0.065,1.2315,1.1665,A,0.22
455,0.49958,0.1,1,0.25811,0.39966,0.67443,455,2.19814,-0.27,-0.13322,0.36636,5,1D2U,1.0,False,0.348,47,True,left,-0.44962,0.1472,0.7307,0.5835,1.5223,1.7891,0.2668,A,0.22
456,0.49958,1.2,1,0.42464,0.37468,0.54121,456,2.44793,0.21,0.10824,0.60782,5,2D1U,1.0,True,0.114,58,True,left,0.44962,0.3276,1.1362,0.8086,1.3528,2.5108,1.1581,A,0.2
457,0.49958,1.2,2,0.3164,0.3164,0.83263,457,2.57283,0.21,0.10824,0.60782,5,2D1U,2.0,True,0.271,58,True,right,-0.44962,1.4216,2.2304,0.8088,0.4382,0.6883,0.2501,A,0.2
458,0.49958,0.1,2,0.37468,0.3164,1.09907,458,2.87257,0.17,0.08326,0.58284,5,2D1U,2.0,True,0.217,59,True,right,0.44962,2.1976,2.9973,0.7997,0.0386,1.2055,1.1669,A,0.22
459,0.49958,0.1,1,0.3497,0.23314,0.64112,459,2.06492,-0.31,-0.1582,0.34138,5,1D2U,2.0,True,0.345,47,False,right,-0.44962,0.2377,0.7961,0.5584,1.5541,1.8216,0.2675,A,0.22
460,0.49958,1.2,2,0.54121,0.48292,0.78267,460,2.88922,0.17,0.08326,0.58284,5,2D1U,2.0,True,0.908,59,True,right,0.44962,2.0497,2.8326,0.7829,0.2161,1.3663,1.1502,A,0.2
461,0.49958,1.2,2,0.44962,0.21648,0.44962,461,2.18149,0.13,0.06661,0.56619,5,2D1U,2.0,True,0.167,59,False,right,-0.44962,1.1752,1.9419,0.7668,0.5754,0.825,0.2496,A,0.2
462,0.49958,0.1,2,0.33305,0.57451,1.32388,462,3.29721,0.13,0.06661,0.56619,5,2D1U,1.0,False,0.174,59,False,left,0.44962,2.3863,3.1699,0.7836,0.0026,1.1693,1.1667,A,0.22
463,0.49958,0.1,1,0.39966,0.34138,0.79932,463,2.38132,-0.31,-0.1582,0.34138,5,1D2U,1.0,False,0.983,47,False,left,-0.44962,0.2933,0.8521,0.5588,1.7686,2.0354,0.2669,A,0.22
464,0.49958,1.2,2,0.3497,0.6661,1.18233,464,3.28055,0.17,0.08326,0.58284,5,2D1U,1.0,False,0.891,60,True,left,0.44962,2.2544,3.0379,0.7835,0.0208,1.171,1.1502,A,0.2
465,0.49958,1.2,2,0.20816,0.44129,0.5079,465,1.98165,-0.35,-0.17485,0.32472,5,1D2U,2.0,False,0.775,47,False,right,-0.44962,0.9911,1.5167,0.5255,0.3329,0.5831,0.2502,A,0.2
466,0.49958,0.1,1,0.54953,0.38301,0.83263,466,2.87257,0.21,0.10824,0.60782,5,2D1U,1.0,True,0.85,60,False,left,0.44962,0.4396,1.2643,0.8247,1.7649,2.9311,1.1663,A,0.22
467,0.49958,0.1,2,0.34138,0.35803,0.84095,467,2.34801,-0.39,-0.1915,0.30807,5,1D2U,1.0,True,0.861,47,False,left,-0.44962,1.4545,1.9796,0.5251,0.4546,0.7213,0.2667,A,0.22
468,0.49958,1.2,2,0.36636,0.33305,0.6661,468,2.17316,-0.39,-0.1915,0.30807,5,1D2U,1.0,True,0.114,47,False,left,0.44962,1.7618,2.2706,0.5087,0.0449,1.1947,1.1498,A,0.2
469,0.49958,1.2,1,0.26644,0.39966,0.58284,469,2.35634,0.21,0.10824,0.60782,5,2D1U,1.0,True,0.368,60,False,left,-0.44962,0.1647,0.9728,0.808,1.6816,1.9314,0.2498,A,0.2
470,0.49958,0.1,1,0.52456,0.3164,1.15735,470,2.82261,-0.35,-0.17485,0.32472,5,1D2U,1.0,False,0.333,48,True,left,0.44962,0.4132,0.9544,0.5412,1.78,2.9467,1.1667,A,0.22
471,0.49958,0.1,1,0.27477,0.21648,0.49958,471,1.79848,-0.39,-0.1915,0.30807,5,1D2U,2.0,True,1.383,49,True,right,-0.44962,0.1679,0.6928,0.525,1.3094,1.5761,0.2667,A,0.22
472,0.49958,1.2,1,0.55786,0.35803,0.95752,472,2.95583,0.17,0.08326,0.58284,5,2D1U,2.0,False,1.057,61,True,right,0.44962,0.4608,1.2441,0.7833,1.8777,3.0275,1.1498,A,0.2
473,0.49958,1.2,2,0.33305,0.42464,0.51623,473,2.38132,0.21,0.10824,0.60782,5,2D1U,2.0,True,0.115,62,True,right,-0.44962,1.1221,1.9305,0.8084,0.456,0.7051,0.2491,A,0.2
474,0.49958,0.1,2,0.59117,0.39966,0.77434,474,2.87257,0.21,0.10824,0.60782,5,2D1U,1.0,False,0.958,62,True,left,0.44962,2.0901,2.9152,0.825,0.2573,1.4238,1.1665,A,0.22
475,0.49958,0.1,2,0.21648,0.36636,0.70773,475,2.09822,-0.39,-0.1915,0.30807,5,1D2U,1.0,True,0.44,49,True,left,-0.44962,1.1952,1.7205,0.5253,0.3286,0.595,0.2664,A,0.22
476,0.49958,1.2,2,0.54953,0.33305,0.78267,476,2.7893,0.25,0.12489,0.62447,5,2D1U,2.0,True,0.741,62,False,right,0.44962,2.0601,2.8926,0.8325,0.2263,1.3761,1.1498,A,0.2
477,0.49958,1.2,2,0.26644,0.42464,0.44962,477,1.965,-0.35,-0.17485,0.32472,5,1D2U,2.0,False,1.074,50,True,right,-0.44962,0.9892,1.5141,0.525,0.389,0.6388,0.2498,A,0.2
478,0.49958,0.1,2,0.41631,0.43297,0.8243,478,2.48123,-0.39,-0.1915,0.30807,5,1D2U,1.0,True,2.075,51,True,left,0.44962,1.9617,2.4869,0.5252,0.0786,1.2451,1.1664,A,0.22
479,0.49958,0.1,1,0.39966,0.24979,0.6328,479,2.0899,-0.39,-0.1915,0.30807,5,1D2U,2.0,True,0.299,51,True,right,-0.44962,0.288,0.8127,0.5248,1.5632,1.8295,0.2663,A,0.22
480,0.49958,1.2,1,0.46627,0.60782,0.95752,480,2.85591,-0.35,-0.17485,0.32472,5,1D2U,2.0,True,1.141,52,True,right,0.44962,0.3645,0.8895,0.525,1.5229,2.6728,1.1499,A,0.2
481,0.49958,1.2,2,0.38301,0.30807,0.67443,481,2.48956,0.25,0.12489,0.62447,5,2D1U,2.0,True,0.284,62,False,right,-0.44962,1.3319,2.1569,0.825,0.5077,0.7571,0.2494,A,0.2
482,0.49958,0.1,2,0.29975,0.41631,0.69108,482,2.23144,-0.35,-0.17485,0.32472,5,1D2U,1.0,True,0.616,52,True,left,0.44962,1.7138,2.2551,0.5413,999,1.1305,-997.8695,A,0.22
483,0.49958,0.1,1,0.39966,0.39966,0.86593,483,2.77265,0.21,0.10824,0.60782,5,2D1U,1.0,True,0.466,63,True,left,-0.44962,0.2882,1.1131,0.8249,2.097,2.363,0.2661,A,0.22
484,0.49958,1.2,2,0.33305,0.36636,1.20731,484,2.74768,-0.31,-0.1582,0.34138,5,1D2U,1.0,True,0.473,52,False,left,0.44962,2.2622,2.8124,0.5502,0.0073,1.1538,1.1465,A,0.2
485,0.49958,1.2,1,0.29142,0.26644,0.48292,485,1.88174,-0.31,-0.1582,0.34138,5,1D2U,1.0,False,0.675,52,False,left,-0.44962,0.1936,0.7357,0.5421,1.3439,1.5938,0.25,A,0.2
486,0.49958,0.1,1,0.35803,0.40799,0.59117,486,2.46459,0.21,0.10824,0.60782,5,2D1U,1.0,True,0.657,63,True,left,0.44962,0.251,1.0766,0.8256,1.3344,2.5012,1.1667,A,0.22
487,0.49958,0.1,2,0.43297,0.39134,0.78267,487,2.43128,-0.35,-0.17485,0.32472,5,1D2U,1.0,True,0.439,53,True,left,-0.44962,1.4945,2.036,0.5415,0.5527,0.8194,0.2667,A,0.22
488,0.49958,1.2,1,0.53288,0.3497,0.65778,488,2.62278,0.17,0.08326,0.58284,5,2D1U,2.0,False,0.758,63,False,right,0.44962,0.4303,1.2134,0.7831,1.5471,2.6971,1.1501,A,0.2
489,0.49958,1.2,1,0.3164,0.40799,0.59949,489,2.43128,0.21,0.10824,0.60782,5,2D1U,1.0,True,0.115,64,True,left,-0.44962,0.212,1.0208,0.8089,1.7455,1.9955,0.25,A,0.2
490,0.49958,0.1,1,0.39966,0.44129,0.62447,490,2.28972,-0.35,-0.17485,0.32472,5,1D2U,2.0,True,0.566,53,True,right,0.44962,0.2913,0.8331,0.5418,1.125,2.2913,1.1663,A,0.22
491,0.49958,0.1,2,0.24146,0.25811,0.88259,491,2.48956,0.21,0.10824,0.60782,5,2D1U,2.0,True,0.516,64,True,right,-0.44962,1.396,2.2213,0.8253,0.3549,0.6211,0.2662,A,0.22
492,0.49958,1.2,1,0.44129,0.48292,1.23229,492,3.23892,0.17,0.08326,0.58284,5,2D1U,2.0,False,0.224,65,True,right,0.44962,0.3373,1.1203,0.783,2.0287,3.1789,1.1503,A,0.2
493,0.49958,1.2,1,0.28309,0.44129,0.45795,493,2.02329,-0.31,-0.1582,0.34138,5,1D2U,1.0,False,0.363,54,True,left,-0.44962,0.1814,0.7229,0.5415,1.3063,1.5562,0.2499,A,0.2
494,0.49958,0.1,2,0.65778,0.36636,0.70773,494,2.55617,-0.35,-0.17485,0.32472,5,1D2U,1.0,True,0.716,55,True,left,0.44962,2.0896,2.6309,0.5414,0.3225,1.4893,1.1668,A,0.22
495,0.49958,0.1,1,0.34138,0.28309,0.51623,495,2.2481,0.21,0.10824,0.60782,5,2D1U,1.0,True,1.479,66,True,left,-0.44962,0.2297,1.0553,0.8256,1.6886,1.9558,0.2671,A,0.22
496,0.49958,1.2,2,0.54953,0.41631,0.87426,496,2.9475,0.21,0.10824,0.60782,5,2D1U,1.0,False,3.684,66,True,left,0.44962,2.1447,2.9641,0.8194,0.2193,1.3699,1.1506,A,0.2
497,0.49958,1.2,2,0.41631,0.24979,0.73271,497,2.22311,-0.35,-0.17485,0.32472,5,1D2U,2.0,False,0.412,55,True,right,-0.44962,1.4262,1.9511,0.5249,0.5429,0.793,0.2501,A,0.2
498,0.49958,0.1,2,0.65778,0.36636,1.08242,498,3.23061,0.25,0.12489,0.62447,5,2D1U,2.0,True,0.232,66,False,right,0.44962,2.4633,3.3051,0.8418,0.3216,1.4886,1.167,A,0.22
499,0.49958,0.1,2,0.38301,0.3497,0.41631,499,1.95667,-0.39,-0.1915,0.30807,5,1D2U,1.0,True,0.244,55,False,left,-0.44962,1.0739,1.5989,0.525,0.499,0.7657,0.2667,A,0.22
500,0.49958,1.2,2,0.55786,0.37468,0.60782,500,2.66441,0.25,0.12489,0.62447,5,2D1U,1.0,False,0.124,66,False,left,0.44962,1.8871,2.7123,0.8251,0.2287,1.3791,1.1504,A,0.2
501,0.49958,1.2,2,0.41631,0.44129,0.60782,501,2.27307,-0.39,-0.1915,0.30807,5,1D2U,1.0,True,0.482,55,False,left,-0.44962,1.3021,1.8103,0.5082,0.5434,0.7936,0.2503,A,0.2
502,0.49958,0.1,2,0.39966,0.48292,1.29057,502,3.31385,0.29,0.14155,0.64112,5,2D1U,2.0,True,0.441,66,False,right,0.44962,2.4115,3.2702,0.8587,0.0616,1.2286,1.1669,A,0.22
503,0.49958,0.1,2,0.32472,0.28309,0.70773,503,2.13984,-0.35,-0.17485,0.32472,5,1D2U,1.0,True,1.341,56,True,left,-0.44962,1.3056,1.8474,0.5419,0.4387,0.7058,0.2672,A,0.22
504,0.49958,1.2,2,0.51623,0.32472,1.05744,504,3.03909,0.29,0.14155,0.64112,5,2D1U,2.0,True,0.774,66,False,right,0.44962,2.2957,3.1369,0.8412,0.1872,1.3372,1.15,A,0.2
505,0.49958,1.2,2,0.19983,0.40799,0.69941,505,2.43128,0.25,0.12489,0.62447,5,2D1U,2.0,True,0.305,67,True,right,-0.44962,1.1755,2.0002,0.8247,0.3252,0.5754,0.2503,A,0.2
506,0.49958,0.1,1,0.46627,0.36636,1.06576,506,3.02244,0.25,0.12489,0.62447,5,2D1U,1.0,True,0.114,67,True,left,0.44962,0.357,1.1987,0.8417,1.9318,3.0984,1.1666,A,0.22
507,0.49958,0.1,1,0.24146,0.3164,0.68275,507,2.06491,-0.35,-0.17485,0.32472,5,1D2U,1.0,False,1.248,56,True,left,-0.44962,0.1326,0.6743,0.5417,1.4735,1.7399,0.2664,A,0.22
508,0.49958,1.2,2,0.4746,0.54953,1.31555,508,3.44708,0.21,0.10824,0.60782,5,2D1U,2.0,True,0.466,67,False,right,0.44962,2.5173,3.326,0.8087,0.1514,1.3009,1.1494,A,0.2
509,0.49958,1.2,2,0.38301,0.36636,0.53288,509,2.38965,0.21,0.10824,0.60782,5,2D1U,2.0,True,0.242,67,False,right,-0.44962,1.1892,1.9976,0.8084,0.5062,0.7557,0.2495,A,0.2
510,0.49958,0.1,2,0.52456,0.45795,0.97417,510,2.76433,-0.39,-0.1915,0.30807,5,1D2U,1.0,True,0.309,57,True,left,0.44962,2.2223,2.7475,0.5252,0.1893,1.3555,1.1663,A,0.22
511,0.49958,0.1,2,0.43297,0.36636,0.6661,511,2.54785,0.17,0.08326,0.58284,5,2D1U,2.0,True,0.524,67,False,right,-0.44962,1.37,2.1701,0.8001,0.5447,0.8115,0.2668,A,0.22
512,0.49958,1.2,1,0.37468,0.35803,0.62447,512,2.16483,-0.39,-0.1915,0.30807,5,1D2U,2.0,True,0.741,57,True,right,0.44962,0.2705,0.7792,0.5087,1.0793,2.2288,1.1495,A,0.2
513,0.49958,1.2,2,0.35803,0.39966,0.48292,513,2.32303,0.17,0.08326,0.58284,5,2D1U,1.0,False,0.814,67,False,left,-0.44962,1.1128,1.8962,0.7834,0.4796,0.7296,0.2501,A,0.2
514,0.49958,0.1,1,0.3164,0.40799,1.31555,514,2.86424,-0.35,-0.17485,0.32472,5,1D2U,2.0,True,0.642,58,True,right,0.44962,0.2049,0.7468,0.5419,1.7303,2.897,1.1666,A,0.22
515,0.49958,0.1,2,0.36636,0.29142,0.51623,515,2.28141,0.21,0.10824,0.60782,5,2D1U,2.0,True,1.491,68,True,right,-0.44962,1.1566,1.9816,0.8249,0.4817,0.7482,0.2665,A,0.22
516,0.49958,1.2,2,0.39966,0.54121,0.88259,516,2.93086,0.21,0.10824,0.60782,5,2D1U,1.0,False,0.574,68,True,left,0.44962,2.0063,2.8149,0.8086,0.0729,1.2232,1.1502,A,0.2
517,0.49958,1.2,1,0.36636,0.35803,0.83263,517,2.38132,-0.35,-0.17485,0.32472,5,1D2U,2.0,True,0.19,58,True,right,-0.44962,0.2609,0.7861,0.5251,1.7442,1.9942,0.25,A,0.2
518,0.49958,0.1,1,0.60782,0.37468,1.12405,518,2.94751,-0.31,-0.1582,0.34138,5,1D2U,2.0,True,0.942,58,False,right,0.44962,0.4964,1.0549,0.5585,1.8462,3.0211,1.1749,A,0.22
519,0.49958,0.1,1,0.25811,0.37468,0.61614,519,2.08989,-0.31,-0.1582,0.34138,5,1D2U,1.0,False,0.133,58,False,left,-0.44962,0.1479,0.7063,0.5584,1.4392,1.7064,0.2672,A,0.22
520,0.49958,1.2,1,0.44962,0.60782,0.64945,520,2.83094,0.25,0.12489,0.62447,5,2D1U,1.0,True,0.524,68,False,left,0.44962,0.349,1.174,0.8251,1.4984,2.649,1.1506,A,0.2
521,0.49958,1.2,1,0.32472,0.44129,0.74104,521,2.33135,-0.35,-0.17485,0.32472,5,1D2U,2.0,True,0.867,59,True,right,-0.44962,0.2252,0.7505,0.5253,1.6176,1.867,0.2495,A,0.2
522,0.49958,0.1,2,0.40799,0.44962,0.65778,522,2.63944,0.25,0.12489,0.62447,5,2D1U,1.0,False,0.549,68,False,left,0.44962,1.7912,2.6327,0.8415,0.0744,1.241,1.1665,A,0.22
523,0.49958,0.1,1,0.35803,0.24979,0.87426,523,2.62278,0.29,0.14155,0.64112,5,2D1U,1.0,True,2.091,68,False,left,-0.44962,0.2489,1.1074,0.8584,2.0985,2.3655,0.267,A,0.22
524,0.49958,1.2,2,0.38301,0.6661,1.19066,524,3.38047,0.29,0.14155,0.64112,5,2D1U,2.0,True,0.508,68,False,right,0.44962,2.2962,3.1381,0.842,0.0542,1.2049,1.1507,A,0.2
525,0.49958,1.2,1,0.26644,0.33305,0.64112,525,2.06491,-0.35,-0.17485,0.32472,5,1D2U,2.0,True,1.464,59,True,right,-0.44962,0.164,0.6894,0.5254,1.4552,1.705,0.2498,A,0.2
526,0.49958,0.1,2,0.34138,0.37468,0.44962,526,2.28973,0.25,0.12489,0.62447,5,2D1U,1.0,False,0.3,69,True,left,0.44962,1.5146,2.3646,0.85,0.0063,1.1733,1.167,A,0.22
527,0.49958,0.1,1,0.29975,0.36636,0.68275,527,2.48956,0.29,0.14155,0.64112,5,2D1U,1.0,True,0.706,70,True,left,-0.44962,0.1894,1.0474,0.858,1.8476,2.1142,0.2666,A,0.22
528,0.49958,1.2,1,0.54121,0.35803,1.32388,528,3.06408,-0.31,-0.1582,0.34138,5,1D2U,2.0,True,0.449,60,True,right,0.44962,0.4401,0.9813,0.5412,1.9818,3.1318,1.15,A,0.2
529,0.49958,1.2,1,0.24979,0.27477,0.46627,529,2.13153,0.29,0.14155,0.64112,5,2D1U,1.0,True,0.675,70,True,left,-0.44962,0.1532,0.9953,0.842,1.5867,1.8364,0.2497,A,0.2
530,0.49958,0.1,2,0.58284,0.40799,0.75769,530,2.58948,-0.31,-0.1582,0.34138,5,1D2U,2.0,False,0.658,60,True,right,0.44962,2.065,2.6315,0.5665,0.2484,1.415,1.1666,A,0.22
531,0.49958,0.1,1,0.20816,0.24146,0.76602,531,2.33969,0.25,0.12489,0.62447,5,2D1U,1.0,True,0.404,71,True,left,-0.44962,0.0982,0.9401,0.8419,1.8233,2.0901,0.2668,A,0.22
532,0.49958,1.2,2,0.37468,0.32472,1.09074,532,2.61444,-0.35,-0.17485,0.32472,5,1D2U,1.0,True,0.114,61,True,left,0.44962,2.1896,2.7235,0.5339,0.0483,1.198,1.1497,A,0.2
533,0.49958,1.2,2,0.24979,0.42464,0.45795,533,2.25643,0.25,0.12489,0.62447,5,2D1U,2.0,True,0.136,71,True,right,-0.44962,0.9824,1.8073,0.8249,0.3733,0.6237,0.2504,A,0.2
534,0.49958,0.1,2,0.4746,0.30807,1.26559,534,2.87256,-0.35,-0.17485,0.32472,5,1D2U,1.0,True,0.574,61,True,left,0.44962,2.4689,3.0104,0.5414,0.1435,1.31,1.1665,A,0.22
535,0.49958,0.1,2,0.29975,0.20816,0.64945,535,2.26476,0.21,0.10824,0.60782,5,2D1U,2.0,True,0.441,71,False,right,-0.44962,1.2283,2.0529,0.8245,0.4199,0.6869,0.267,A,0.22
536,0.49958,1.2,1,0.45795,0.58284,0.70773,536,2.58948,-0.31,-0.1582,0.34138,5,1D2U,2.0,True,0.642,62,True,right,0.44962,0.3584,0.9,0.5416,1.2832,2.4331,1.1499,A,0.2
537,0.49958,1.2,1,0.43297,0.39134,0.62447,537,2.55618,0.21,0.10824,0.60782,5,2D1U,1.0,True,0.111,71,False,left,-0.44962,0.3292,1.1379,0.8087,1.888,2.1381,0.2501,A,0.2
538,0.49958,0.1,2,0.48292,0.40799,1.14903,538,2.8809,-0.31,-0.1582,0.34138,5,1D2U,1.0,True,0.632,62,True,left,0.44962,2.3551,2.914,0.5589,0.147,1.3139,1.1669,A,0.22
539,0.49958,0.1,2,0.25811,0.28309,0.76602,539,2.38964,0.17,0.08326,0.58284,5,2D1U,1.0,False,1.302,71,False,left,-0.44962,1.2987,2.0996,0.8009,0.3743,0.6406,0.2663,A,0.22
540,0.49958,1.2,1,0.65778,0.29975,0.62447,540,2.6894,0.21,0.10824,0.60782,5,2D1U,2.0,False,1.616,72,True,right,0.44962,0.557,1.3652,0.8081,1.6649,2.8152,1.1502,A,0.2
541,0.49958,1.2,1,0.38301,0.36636,0.52456,541,2.13987,-0.27,-0.13322,0.36636,5,1D2U,1.0,False,0.421,62,False,left,-0.44962,0.2794,0.8462,0.5668,1.4959,1.746,0.2501,A,0.2
542,0.49958,0.1,1,0.42464,0.49125,0.81598,542,2.85592,0.25,0.12489,0.62447,5,2D1U,1.0,True,0.25,72,False,left,0.44962,0.3117,1.1532,0.8416,1.6368,2.8034,1.1666,A,0.22
543,0.49958,0.1,2,0.19983,0.30807,0.49958,543,1.84844,-0.31,-0.1582,0.34138,5,1D2U,1.0,True,0.304,63,True,left,-0.44962,0.9779,1.5363,0.5583,0.3196,0.5859,0.2663,A,0.22
544,0.49958,1.2,2,0.33305,0.65778,0.61614,544,2.73102,0.25,0.12489,0.62447,5,2D1U,2.0,True,0.666,72,False,right,0.44962,1.6707,2.496,0.8254,0.0062,1.155,1.1487,A,0.2
545,0.49958,1.2,1,0.40799,0.40799,0.81598,545,2.73936,0.21,0.10824,0.60782,5,2D1U,1.0,True,0.299,73,True,left,-0.44962,0.3042,1.1127,0.8085,2.0541,2.3042,0.2501,A,0.2
546,0.49958,0.1,1,0.5079,0.46627,1.23229,546,3.04742,-0.31,-0.1582,0.34138,5,1D2U,1.0,False,0.449,63,True,left,0.44962,0.4013,0.9593,0.558,1.8593,3.0263,1.1671,A,0.22
547,0.49958,0.1,1,0.26644,0.28309,0.6328,547,2.28973,0.21,0.10824,0.60782,5,2D1U,2.0,False,0.65,73,True,right,-0.44962,0.1607,0.9856,0.8249,1.7358,2.0035,0.2677,A,0.22
548,0.49958,1.2,1,0.39134,0.44962,1.13237,548,3.09738,0.25,0.12489,0.62447,5,2D1U,1.0,True,0.809,74,True,left,0.44962,0.2908,1.1163,0.8255,1.9249,3.0753,1.1504,A,0.2
549,0.49958,1.2,1,0.21648,0.3497,0.44129,549,1.83177,-0.35,-0.17485,0.32472,5,1D2U,1.0,False,0.412,63,False,left,-0.44962,0.1135,0.6388,0.5253,1.2053,1.4554,0.2501,A,0.2
550,0.49958,0.1,1,0.54121,0.41631,1.08242,550,3.16399,0.25,0.12489,0.62447,5,2D1U,1.0,True,0.541,74,True,left,0.44962,0.436,1.2774,0.8413,2.0272,3.1939,1.1667,A,0.22
551,0.49958,0.1,1,0.35803,0.30807,0.43297,551,2.20647,0.21,0.10824,0.60782,5,2D1U,1.0,True,0.42,75,True,left,-0.44962,0.2456,1.071,0.8254,1.6209,1.8878,0.2669,A,0.22
552,0.49958,1.2,1,0.43297,0.34138,1.26559,552,3.14734,0.21,0.10824,0.60782,5,2D1U,2.0,False,0.632,75,True,right,0.44962,0.331,1.1396,0.8086,2.0812,3.2395,1.1583,A,0.2
553,0.49958,1.2,1,0.20816,0.3497,0.53288,553,1.89839,-0.39,-0.1915,0.30807,5,1D2U,2.0,True,0.52,63,False,right,-0.44962,0.1062,0.614,0.5078,1.2725,1.5226,0.2501,A,0.2
554,0.49958,0.1,2,0.3164,0.57451,1.29057,554,2.98913,-0.39,-0.1915,0.30807,5,1D2U,1.0,True,0.114,63,False,left,0.44962,2.3314,2.856,0.5245,999,1.1481,-997.8519,A,0.22
555,0.49958,0.1,2,0.3164,0.34138,0.89091,555,2.67274,0.25,0.12489,0.62447,5,2D1U,1.0,False,1.2,76,True,left,-0.44962,1.4796,2.3206,0.841,0.4291,0.696,0.2669,A,0.22
556,0.49958,1.2,1,0.41631,0.41631,1.03246,556,2.68938,-0.35,-0.17485,0.32472,5,1D2U,2.0,True,0.75,64,True,right,0.44962,0.3135,0.8383,0.5248,1.5471,2.7081,1.161,A,0.2
557,0.49958,1.2,2,0.20816,0.24979,0.75769,557,2.03994,-0.35,-0.17485,0.32472,5,1D2U,2.0,False,0.413,64,True,right,-0.44962,1.2418,1.7666,0.5247,0.3333,0.5829,0.2497,A,0.2
558,0.49958,0.1,1,0.43297,0.39966,0.99083,558,2.96416,0.29,0.14155,0.64112,5,2D1U,1.0,True,1.058,76,False,left,0.44962,0.3273,1.1855,0.8581,1.8437,3.0105,1.1668,A,0.22
559,0.49958,0.1,1,0.35803,0.27477,0.42464,559,1.86509,-0.39,-0.1915,0.30807,5,1D2U,2.0,True,0.399,65,True,right,-0.44962,0.2462,0.772,0.5258,1.3131,1.5804,0.2673,A,0.22
560,0.49958,1.2,1,0.3497,0.43297,0.72439,560,2.64776,0.29,0.14155,0.64112,5,2D1U,2.0,False,0.466,76,False,right,0.44962,0.2464,1.0884,0.842,1.4889,2.6382,1.1492,A,0.2
561,0.49958,1.2,1,0.39134,0.28309,0.6328,561,2.47291,0.33,0.16653,0.6661,5,2D1U,1.0,True,0.421,76,False,left,-0.44962,0.2933,1.1602,0.867,1.9188,2.1683,0.2495,A,0.2
562,0.49958,0.1,1,0.34138,0.43297,0.74104,562,2.32304,-0.39,-0.1915,0.30807,5,1D2U,2.0,True,0.114,65,True,right,0.44962,0.229,0.7548,0.5257,1.1631,2.33,1.167,A,0.22
563,0.49958,0.1,1,0.39966,0.44129,0.69941,563,2.70604,0.33,0.16653,0.6661,5,2D1U,1.0,True,0.583,76,False,left,-0.44962,0.2918,1.1755,0.8837,1.9923,2.2586,0.2663,A,0.22
564,0.49958,1.2,1,0.41631,0.36636,0.60782,564,2.53119,0.29,0.14155,0.64112,5,2D1U,2.0,False,0.366,77,True,right,0.44962,0.3144,1.1569,0.8425,1.44,2.59,1.1499,A,0.2
565,0.49958,1.2,1,0.20816,0.28309,0.61614,565,1.93169,-0.35,-0.17485,0.32472,5,1D2U,2.0,True,0.439,66,True,right,-0.44962,0.1086,0.6334,0.5248,1.3749,1.6254,0.2505,A,0.2
566,0.49958,0.1,1,0.39966,0.33305,0.60782,566,2.16483,-0.35,-0.17485,0.32472,5,1D2U,2.0,True,0.132,66,True,right,0.44962,0.2903,0.8321,0.5418,1.1068,2.2736,1.1668,A,0.22
567,0.49958,0.1,2,0.25811,0.44962,0.83263,567,2.70604,0.33,0.16653,0.6661,5,2D1U,2.0,True,0.668,78,True,right,-0.44962,1.3668,2.2499,0.8832,0.3749,0.6421,0.2672,A,0.22
568,0.49958,1.2,1,0.58284,0.39134,0.791,568,2.60614,-0.31,-0.1582,0.34138,5,1D2U,2.0,True,0.275,66,False,right,0.44962,0.4808,1.0223,0.5415,1.489,2.6473,1.1583,A,0.2
569,0.49958,1.2,1,0.44129,0.27477,0.73271,569,2.28973,-0.31,-0.1582,0.34138,5,1D2U,2.0,True,0.584,66,False,right,-0.44962,0.342,0.8838,0.5418,1.7423,1.9926,0.2503,A,0.2
570,0.49958,0.1,2,0.6661,0.29975,1.06576,570,3.19729,0.33,0.16653,0.6661,5,2D1U,1.0,False,1.017,78,True,left,0.44962,2.4534,3.3374,0.884,0.329,1.4953,1.1663,A,0.22
571,0.49958,0.1,1,0.41631,0.21648,0.61614,571,2.43126,0.37,0.18318,0.68275,5,2D1U,1.0,True,0.896,78,False,left,-0.44962,0.3093,1.2093,0.9,1.942,2.2085,0.2665,A,0.22
572,0.49958,1.2,2,0.3497,0.35803,0.74937,572,2.63943,0.37,0.18318,0.68275,5,2D1U,2.0,True,0.358,78,False,right,0.44962,1.8279,2.7198,0.8919,0.0274,1.1784,1.151,A,0.2
573,0.49958,1.2,1,0.20816,0.42464,0.44129,573,1.94003,-0.27,-0.13322,0.36636,5,1D2U,1.0,False,0.157,66,False,left,-0.44962,0.1073,0.6739,0.5666,1.2405,1.4902,0.2497,A,0.2
574,0.49958,0.1,2,0.41631,0.33305,0.99083,574,2.90587,0.33,0.16653,0.6661,5,2D1U,2.0,True,0.499,79,True,right,0.44962,2.134,3.0253,0.8914,0.0834,1.2504,1.1669,A,0.22
575,0.49958,0.1,2,0.3497,0.44962,0.55786,575,2.52286,0.33,0.16653,0.6661,5,2D1U,2.0,True,0.113,79,True,right,-0.44962,1.1819,2.0653,0.8834,0.4654,0.7321,0.2667,A,0.22
576,0.49958,1.2,2,0.39966,0.57451,1.03246,576,3.14733,0.29,0.14155,0.64112,5,2D1U,1.0,False,0.458,79,False,left,0.44962,2.1556,2.9973,0.8417,0.0728,1.2227,1.1499,A,0.2
577,0.49958,1.2,1,0.41631,0.30807,0.65778,577,2.22312,-0.31,-0.1582,0.34138,5,1D2U,2.0,True,0.25,67,True,right,-0.44962,0.3142,0.8561,0.5419,1.6392,1.8896,0.2504,A,0.2
578,0.49958,0.1,2,0.33305,0.59949,0.72439,578,2.49789,-0.31,-0.1582,0.34138,5,1D2U,1.0,True,0.783,67,True,left,0.44962,1.7844,2.3433,0.5589,0.0027,1.1676,1.1649,A,0.22
579,0.49958,0.1,1,0.24979,0.35803,0.64112,579,2.41462,0.33,0.16653,0.6661,5,2D1U,2.0,False,0.925,80,True,right,-0.44962,0.1401,1.0235,0.8833,1.7817,2.0486,0.2669,A,0.22
580,0.49958,1.2,2,0.43297,0.56619,1.31555,580,3.18065,-0.27,-0.13322,0.36636,5,1D2U,2.0,False,0.975,68,True,right,0.44962,2.4729,3.0392,0.5663,0.1059,1.2561,1.1502,A,0.2
581,0.49958,1.2,2,0.25811,0.29142,0.77434,581,2.16483,-0.31,-0.1582,0.34138,5,1D2U,2.0,False,0.341,69,True,right,-0.44962,1.3097,1.8511,0.5414,0.3848,0.6351,0.2503,A,0.2
582,0.49958,0.1,1,0.6661,0.30807,1.15735,582,3.31385,0.37,0.18318,0.68275,5,2D1U,2.0,False,0.408,80,False,right,0.44962,0.5569,1.4564,0.8995,2.2818,3.4563,1.1745,A,0.22
583,0.49958,0.1,2,0.26644,0.34138,0.8243,583,2.63943,0.41,0.20816,0.70773,5,2D1U,2.0,True,1.037,80,False,right,-0.44962,1.3657,2.291,0.9253,0.3826,0.649,0.2664,A,0.22
584,0.49958,1.2,1,0.5079,0.3497,1.21564,584,3.28055,0.41,0.20816,0.70773,5,2D1U,2.0,False,0.275,80,False,right,0.44962,0.411,1.3193,0.9083,2.2109,3.3612,1.1502,A,0.2
585,0.49958,1.2,2,0.24146,0.28309,0.8243,585,2.17315,-0.35,-0.17485,0.32472,5,1D2U,2.0,False,0.214,69,False,right,-0.44962,1.3391,1.8638,0.5247,0.3641,0.6139,0.2498,A,0.2
586,0.49958,0.1,1,0.57451,0.43297,0.84095,586,3.0724,0.45,0.22481,0.72439,5,2D1U,1.0,True,2.974,80,False,left,0.44962,0.4623,1.4041,0.9418,1.9122,3.0787,1.1665,A,0.22
587,0.49958,0.1,1,0.32472,0.37468,0.51623,587,2.4396,0.45,0.22481,0.72439,5,2D1U,1.0,True,2.456,80,False,left,-0.44962,0.217,1.1582,0.9412,1.7917,2.0581,0.2664,A,0.22
588,0.49958,1.2,1,0.49958,0.38301,0.84928,588,2.53952,-0.39,-0.1915,0.30807,5,1D2U,2.0,True,0.133,69,False,right,0.44962,0.3969,0.9055,0.5087,1.4304,2.5886,1.1582,A,0.2
589,0.49958,1.2,1,0.20816,0.26644,0.8243,589,2.10655,-0.39,-0.1915,0.30807,5,1D2U,1.0,False,0.293,69,False,left,-0.44962,0.1096,0.6178,0.5082,1.5683,1.8178,0.2496,A,0.2
590,0.49958,0.1,2,0.64945,0.42464,0.8243,590,2.68106,-0.43,-0.21648,0.28309,5,1D2U,1.0,True,0.334,69,False,left,0.44962,2.1987,2.6984,0.4997,0.3155,1.4821,1.1666,A,0.22
591,0.49958,0.1,1,0.34138,0.38301,0.45795,591,2.38965,0.41,0.20816,0.70773,5,2D1U,1.0,True,0.487,81,True,left,-0.44962,0.2326,1.1577,0.9251,1.7327,1.9999,0.2672,A,0.22
592,0.49958,1.2,2,0.3164,0.32472,1.17401,592,3.02244,0.41,0.20816,0.70773,5,2D1U,2.0,True,0.115,81,True,right,0.44962,2.2148,3.1238,0.909,999,1.1404,-997.8596,A,0.2
593,0.49958,1.2,1,0.42464,0.23314,0.84095,593,2.2814,-0.43,-0.21648,0.28309,5,1D2U,2.0,True,0.357,69,False,right,-0.44962,0.3214,0.8047,0.4833,1.7714,2.021,0.2496,A,0.2
594,0.49958,0.1,2,0.36636,0.34138,0.70773,594,2.22312,-0.39,-0.1915,0.30807,5,1D2U,1.0,True,0.732,70,True,left,0.44962,1.7965,2.3211,0.5245,0.0296,1.1965,1.1669,A,0.22
595,0.49958,0.1,1,0.3164,0.28309,0.6328,595,2.41462,0.37,0.18318,0.68275,5,2D1U,1.0,True,0.478,81,False,left,-0.44962,0.2105,1.1103,0.8998,1.8607,2.1275,0.2668,A,0.22
596,0.49958,1.2,1,0.44962,0.44962,0.90756,596,2.98913,0.37,0.18318,0.68275,5,2D1U,1.0,True,0.732,81,False,left,0.44962,0.3459,1.2294,0.8835,1.813,2.9631,1.1501,A,0.2
597,0.49958,1.2,2,0.33305,0.39966,0.42464,597,1.965,-0.39,-0.1915,0.30807,5,1D2U,1.0,True,0.365,70,True,left,-0.44962,1.0292,1.5377,0.5085,0.4541,0.704,0.2499,A,0.2
598,0.49958,0.1,1,0.38301,0.3164,0.9492,598,2.81429,0.33,0.16653,0.6661,5,2D1U,1.0,True,0.466,81,False,left,0.44962,0.2706,1.1541,0.8835,1.7707,2.9373,1.1666,A,0.22
599,0.49958,0.1,1,0.32472,0.26644,0.40799,599,1.82345,-0.35,-0.17485,0.32472,5,1D2U,2.0,True,1.815,70,False,right,-0.44962,0.2175,0.7594,0.5418,1.2843,1.551,0.2667,A,0.22
600,0.49958,1.2,1,0.57451,0.38301,1.12405,600,3.24725,0.33,0.16653,0.6661,5,2D1U,2.0,False,2.257,81,False,right,0.44962,0.473,1.3396,0.8666,2.14,3.2978,1.1578,A,0.2
601,0.49958,1.2,2,0.40799,0.39966,0.60782,601,2.5978,0.37,0.18318,0.68275,5,2D1U,2.0,True,0.293,82,True,right,-0.44962,1.2914,2.1743,0.8829,0.5323,0.7824,0.2501,A,0.2
602,0.49958,0.1,1,0.39966,0.34138,0.84928,602,2.77265,0.37,0.18318,0.68275,5,2D1U,1.0,True,0.125,82,True,left,0.44962,0.2885,1.1886,0.9001,1.7053,2.8718,1.1665,A,0.22
603,0.49958,0.1,2,0.35803,0.44129,0.45795,603,2.08157,-0.35,-0.17485,0.32472,5,1D2U,1.0,True,0.298,70,False,left,-0.44962,1.0931,1.6349,0.5418,0.4767,0.7431,0.2664,A,0.22
604,0.49958,1.2,2,0.40799,0.30807,0.70773,604,2.26475,-0.31,-0.1582,0.34138,5,1D2U,1.0,True,0.291,70,False,left,0.44962,1.8422,2.3924,0.5502,0.084,1.2343,1.1503,A,0.2
605,0.49958,1.2,1,0.34138,0.39966,0.40799,605,1.98999,-0.31,-0.1582,0.34138,5,1D2U,2.0,True,0.113,70,False,right,-0.44962,0.2406,0.782,0.5413,1.3151,1.5652,0.2501,A,0.2
606,0.49958,0.1,1,0.34138,0.38301,0.81598,606,2.40631,-0.27,-0.13322,0.36636,5,1D2U,2.0,True,0.775,70,False,right,0.44962,0.2364,0.8197,0.5833,1.303,2.478,1.175,A,0.22
607,0.49958,0.1,1,0.21648,0.32472,0.78267,607,2.18981,-0.27,-0.13322,0.36636,5,1D2U,2.0,True,0.283,70,False,right,-0.44962,0.1071,0.6902,0.5831,1.5903,1.8564,0.2661,A,0.22
608,0.49958,1.2,1,0.37468,0.30807,0.89924,608,2.46458,-0.23,-0.11657,0.38301,5,1D2U,2.0,True,0.113,70,False,right,0.44962,0.2733,0.8566,0.5832,1.4319,2.5816,1.1498,A,0.2
609,0.49958,1.2,2,0.36636,0.35803,0.64945,609,2.25643,-0.23,-0.11657,0.38301,5,1D2U,2.0,False,0.241,70,False,right,-0.44962,1.2903,1.8726,0.5823,0.4898,0.7392,0.2494,A,0.2
610,0.49958,0.1,1,0.3497,0.35803,1.26559,610,2.83926,-0.27,-0.13322,0.36636,5,1D2U,2.0,True,0.233,71,True,right,0.44962,0.2365,0.8202,0.5837,1.7541,2.9283,1.1742,A,0.22
611,0.49958,0.1,2,0.24146,0.40799,0.65778,611,2.17317,-0.27,-0.13322,0.36636,5,1D2U,2.0,False,0.795,71,True,right,-0.44962,1.1762,1.7594,0.5832,0.3595,0.6262,0.2667,A,0.22
612,0.49958,1.2,2,0.67443,0.38301,0.69941,612,2.59781,-0.31,-0.1582,0.34138,5,1D2U,2.0,False,0.112,71,False,right,0.44962,2.1011,2.6511,0.55,0.351,1.5012,1.1502,A,0.2
613,0.49958,1.2,2,0.22481,0.24979,0.84095,613,2.13985,-0.35,-0.17485,0.32472,5,1D2U,2.0,False,0.375,71,False,right,-0.44962,1.3438,1.869,0.5251,0.3524,0.602,0.2497,A,0.2
614,0.49958,0.1,1,0.48292,0.5079,0.8243,614,2.62277,-0.39,-0.1915,0.30807,5,1D2U,2.0,True,0.592,71,False,right,0.44962,0.3756,0.901,0.5254,1.3926,2.5589,1.1663,A,0.22
615,0.49958,0.1,2,0.21648,0.24979,0.62447,615,1.89839,-0.39,-0.1915,0.30807,5,1D2U,1.0,True,0.812,71,False,left,-0.44962,1.1215,1.6464,0.5249,0.3385,0.6047,0.2661,A,0.22
