{
    "participantID": "HH",
    "model_type": "lognorm_LapseFree_sharedPrior",
    "simulated_file": "simulated_data/HH/HH_lognorm_LapseFree_sharedPrior_simulated.csv",
    "n_params": 42,
    "n_conditions": 402,
    "n_trials": 58380,
    "parameters": [
        0.25,
        -1.0,
        2.0,
        0.25,
        -1.0,
        2.0,
        0.25,
        -1.0,
        2.0,
        0.25,
        -1.0,
        2.0,
        0.24669235740132756,
        -1.0,
        2.0,
        0.20429535270699864,
        -1.0,
        1.8826386797330403,
        0.2175357351657804,
        -1.0,
        2.0,
        0.25,
        -1.0,
        2.0,
        0.25,
        -1.0,
        2.0,
        0.25,
        -1.0,
        2.0,
        0.25,
        -1.0,
        2.0,
        0.25,
        -1.0,
        2.0,
        0.25,
        -0.8405014349912756,
        1.3228632667255118,
        0.17623917384411328,
        -0.48104533523642234,
        1.2936433602864412
    ],
    "log_likelihood": -40738.08285621107,
    "AIC": 81560.16571242214,
    "BIC": 81728.01670014414,
    "success": true,
    "message": "CONVERGENCE: REL_REDUCTION_OF_F_<=_FACTR*EPSMCH",
    "uniqueSensory": [
        0.1,
        1.2
    ],
    "uniqueStandard": [
        0.5
    ],
    "uniqueConflict": [
        -0.25,
        -0.17,
        -0.08,
        0.0,
        0.08,
        0.17,
        0.25
    ],
    "nStart": 1
}