{
    "participantID": "HH",
    "model_type": "lognorm_LapseFree_sharedPrior",
    "simulated_file": "simulated_data/HH/HH_lognorm_LapseFree_sharedPrior_simulated.csv",
    "n_params": 42,
    "n_conditions": 402,
    "n_trials": 58380,
    "parameters": [
        0.05010486562649581,
        -0.07939027006536967,
        0.12601819115138285,
        0.012561763314927905,
        -0.049579384045591486,
        0.12777301611598282,
        0.0,
        -0.013623233931437858,
        0.15093288262031712,
        0.0,
        0.008453950714913947,
        0.14466144368142442,
        0.041509255728773585,
        0.02690039002030386,
        0.15425363984541537,
        0.006002264456473981,
        0.05298530157594933,
        0.14795371192780585,
        0.005145109008806431,
        0.05683864161345811,
        0.15932913214244934,
        0.13016853545993393,
        -0.3966116009463485,
        0.19836475852413035,
        0.037509628634705514,
        -0.28754378973515266,
        0.318295034075552,
        0.01948700013157653,
        -0.11523707666251606,
        0.35668990508356857,
        0.005977263960381092,
        0.021266214314500705,
        0.37127612428619755,
        0.00427060985961016,
        0.15912051866206608,
        0.44513988281639993,
        0.0,
        0.2894140058036985,
        0.4400375721020916,
        0.0,
        0.3969065242348497,
        0.4284978446749666
    ],
    "log_likelihood": -26293.956759707566,
    "AIC": 52671.91351941513,
    "BIC": 52839.76450713713,
    "success": true,
    "message": "CONVERGENCE: RELATIVE REDUCTION OF F <= FACTR*EPSMCH",
    "uniqueSensory": [
        0.1,
        1.2
    ],
    "uniqueStandard": [
        0.5
    ],
    "uniqueConflict": [
        -0.25,
        -0.17,
        -0.08,
        0.0,
        0.08,
        0.17,
        0.25
    ],
    "nStart": 1
}