{
    "participantID": "dt",
    "modelType": "fusionOnlyLogNorm_LapseFree_sharedPrior",
    "fittedParams": [
        0.2604827888137229,
        0.23594394981761085,
        0.5142048512222803,
        1.571775308011099,
        0.18921653411598321,
        0.2511304727464673
    ],
    "AIC": 2567.5147781821584,
    "BIC": 2579.855824721655,
    "logLikelihood": -1280.7573890910792,
    "n_conditions": 452
}