{
    "participantID": "dt",
    "modelType": "logLinearMismatch_LapseFree_sharedPrior",
    "fittedParams": [
        0.11154737112000397,
        0.33367513379194225,
        0.7271954744365885,
        0.96492747676465,
        2.222825957592445,
        0.0093040442278437,
        0.02695477827904602
    ],
    "AIC": 2585.564535596957,
    "BIC": 2602.019264316286,
    "logLikelihood": -1288.7822677984784,
    "n_conditions": 452
}