{
    "participantID": "dt",
    "modelType": "switchingFree_LapseFree_sharedPrior",
    "fittedParams": [
        0.0894728403699468,
        0.23594394981761085,
        0.5142048512222803,
        0.2111683351802639,
        1.571775308011099,
        0.0010500125573889574,
        0.07576573327658698,
        0.817825251549948
    ],
    "AIC": 2572.8599399888767,
    "BIC": 2593.428350888038,
    "logLikelihood": -1281.4299699944384,
    "n_conditions": 452
}