{
    "participantID": "mt",
    "modelType": "fusionOnlyLogNorm_LapseFree_sharedPrior",
    "fittedParams": [
        0.03511450789570808,
        0.15256166017055506,
        0.4201665517687797,
        0.5296640231609344,
        0.11001675498485565,
        0.22958120327591897
    ],
    "AIC": 2197.8099295169204,
    "BIC": 2221.0931274353247,
    "logLikelihood": -1092.9049647584602,
    "n_conditions": 358
}