{
    "participantID": "mt",
    "modelType": "fusionOnly_LapseFree_sharedPrior",
    "fittedParams": [
        0.028592339510395304,
        0.07510439220691834,
        0.19212319423836377,
        0.23132776713223202,
        0.1639595238763086,
        0.28159377955466375
    ],
    "AIC": 2196.1595701872498,
    "BIC": 2219.442768105654,
    "logLikelihood": -1092.0797850936249,
    "n_conditions": 358
}