{
    "participantID": "mt",
    "modelType": "fusionOnly_LapseFree_sharedPrior",
    "fittedParams": [
        0.1071130120252247,
        0.08246342920384717,
        0.25983530334807464,
        0.22895041583764444,
        6.802682843913807,
        9.943339490962671
    ],
    "AIC": 2229.5822925423417,
    "BIC": 2252.865490460746,
    "logLikelihood": -1108.7911462711709,
    "n_conditions": 358
}