{
    "participantID": "mt",
    "modelType": "fusionOnlyLogNorm_LapseFree_sharedPrior",
    "fittedParams": [
        0.019935672282233075,
        0.23894300173749933,
        0.506561862880536,
        3.5,
        0.05295227074784735,
        0.16894899371457867
    ],
    "AIC": 2231.726753446678,
    "BIC": 2243.3683524058797,
    "logLikelihood": -1112.863376723339,
    "n_conditions": 358
}