{
    "participantID": "mt",
    "modelType": "fusionOnlyLogNorm_LapseFree_sharedPrior",
    "fittedParams": [
        0.03745586969927231,
        0.14985641424877705,
        0.4095537685433316,
        0.5027565254799357,
        0.1319275732036868,
        0.2659732110377788
    ],
    "AIC": 2195.662850773319,
    "BIC": 2218.9460486917233,
    "logLikelihood": -1091.8314253866595,
    "n_conditions": 358
}