{
    "participantID": "mt",
    "modelType": "gaussian_LapseFree_sharedPrior",
    "fittedParams": [
        0.04390784305531201,
        0.07758843468964799,
        0.1813331700446401,
        0.5896030047706775,
        0.2555441021587895,
        0.17974321595861664,
        0.19390450916266863,
        -1.447653164294753,
        6.07925294256526
    ],
    "AIC": 2212.8989566724454,
    "BIC": 2247.8237535500516,
    "logLikelihood": -1097.4494783362227,
    "n_conditions": 358
}