{
    "participantID": "mt",
    "modelType": "gaussian",
    "fittedParams": [
        0.025978732408930227,
        0.1,
        0.16197283640036397,
        0.700037410072147,
        0.29276007230233514,
        0.10173618541414271,
        0.17429549177995796
    ],
    "AIC": 2215.3958216123033,
    "BIC": 2242.5595525171084,
    "logLikelihood": -1100.6979108061516,
    "n_conditions": 358
}