{
    "participantID": "mt",
    "modelType": "gaussian_LapseFree_sharedPrior",
    "fittedParams": [
        0.06968904153063718,
        0.07071386280479189,
        0.16905885504715884,
        0.8618598193588068,
        0.25813892156400176,
        0.22032823519429445,
        0.2761647449913087,
        -2.136090811594166,
        7.845252448595296
    ],
    "AIC": 2212.4171939132184,
    "BIC": 2247.3419907908246,
    "logLikelihood": -1097.2085969566092,
    "n_conditions": 358
}