{
    "participantID": "mt",
    "modelType": "gaussian_LapseFree_sharedPrior",
    "fittedParams": [
        0.032390027001185734,
        0.07602515963774348,
        0.17399454838786288,
        0.9179425298221688,
        0.285980151304428,
        0.14696072385156866,
        0.2152627922202514
    ],
    "AIC": 2205.103344959747,
    "BIC": 2232.267075864552,
    "logLikelihood": -1095.5516724798736,
    "n_conditions": 358
}