{
    "participantID": "mt",
    "modelType": "gaussian_LapseFree_contextualPrior",
    "fittedParams": [
        0.023177325269352872,
        0.1000012985013018,
        0.1976084056786203,
        0.708988836441061,
        0.24789208153961229,
        0.10484932256622415,
        0.18037735453544884,
        0.9593565787411702
    ],
    "AIC": 2216.5311807074368,
    "BIC": 2247.575444598642,
    "logLikelihood": -1100.2655903537184,
    "n_conditions": 358
}