{
    "participantID": "mt",
    "modelType": "gaussian_LapseFree_sharedPrior",
    "fittedParams": [
        0.03679645613354953,
        0.08933278022979274,
        4.936749675076404,
        0.05781742857043426,
        0.1497432008905204,
        0.11845609697476571,
        0.11040238262193504
    ],
    "AIC": 2306.2744870229153,
    "BIC": 2333.4382179277204,
    "logLikelihood": -1146.1372435114577,
    "n_conditions": 358
}