{
    "participantID": "mt",
    "modelType": "lognorm",
    "fittedParams": [
        0.08123588314049301,
        0.168022112182159,
        0.3382255290928873,
        0.7133951251361567,
        0.6416203713150912,
        0.3382255290928873
    ],
    "AIC": 2216.2209657691524,
    "BIC": 2239.5041636875567,
    "logLikelihood": -1102.1104828845762,
    "n_conditions": 358
}