{
    "participantID": "mt",
    "modelType": "lognorm_LapseFix_sharedPrior",
    "fittedParams": [
        0.10552920839288273,
        0.16760575146058332,
        0.3205861989876859,
        0.6074707633815706,
        0.9429871252124639
    ],
    "AIC": 2227.997234858985,
    "BIC": 2247.3998997909885,
    "logLikelihood": -1108.9986174294925,
    "n_conditions": 358
}