{
    "participantID": "mt",
    "modelType": "lognorm_LapseFree_sharedPrior",
    "fittedParams": [
        0.02305261398255823,
        0.23894300173749933,
        0.506561862880536,
        0.9521340671926737,
        3.5,
        0.04766219654530285,
        0.14478879342973233
    ],
    "AIC": 2234.576719732278,
    "BIC": 2250.0988516778807,
    "logLikelihood": -1113.288359866139,
    "n_conditions": 358
}