{
    "participantID": "mt",
    "modelType": "logLinearMismatch",
    "fittedParams": [
        0.07360121726989748,
        0.1798709964752197,
        0.45950062751770016,
        0.9999999047279359,
        0.5296125793457032,
        0.45950062751770016
    ],
    "AIC": 2220.8174489849307,
    "BIC": 2244.100646903335,
    "logLikelihood": -1104.4087244924654,
    "n_conditions": 358
}