{
    "participantID": "mt",
    "modelType": "lognorm_LapseFree_sharedPrior",
    "fittedParams": [
        0.03860751724441833,
        0.153633744081035,
        0.36420226406007,
        0.9949982108153873,
        0.6230596400934187,
        0.11110506710948628,
        0.25785483088985534
    ],
    "AIC": 2210.938024390161,
    "BIC": 2238.101755294966,
    "logLikelihood": -1098.4690121950805,
    "n_conditions": 358
}