{
    "participantID": "mt",
    "modelType": "lognorm_LapseFree_sharedPrior",
    "fittedParams": [
        0.023931638169288616,
        0.16143939733505241,
        0.3813367307186126,
        0.8892309427261353,
        0.5115729475021362,
        0.1382559737443924,
        0.24728869137763979,
        0.05308893203735354,
        9.247505923866607
    ],
    "AIC": 2210.9610411314698,
    "BIC": 2245.885838009076,
    "logLikelihood": -1096.4805205657349,
    "n_conditions": 358
}