{
    "participantID": "mt",
    "modelType": "lognorm_LapseFree_sharedPrior",
    "fittedParams": [
        0.024929204217065126,
        0.1572256681369617,
        0.3116837799642235,
        0.7295397636480629,
        0.5382590707065538,
        0.14684072155933828,
        0.24804193289903925,
        0.16595584705471994,
        3.687858335953206
    ],
    "AIC": 2200.2638643517107,
    "BIC": 2235.188661229317,
    "logLikelihood": -1091.1319321758554,
    "n_conditions": 358
}