{
    "participantID": "mt",
    "modelType": "logLinearMismatch_LapseFree_sharedPrior",
    "fittedParams": [
        0.016897095639734988,
        0.1528161765779006,
        0.41463836325661035,
        0.9065567101439136,
        0.4438999771532563,
        0.15804085369059057,
        0.21267162306198326,
        4.922578241557291,
        5.199474506880103
    ],
    "AIC": 2210.6462251498806,
    "BIC": 2245.571022027487,
    "logLikelihood": -1096.3231125749403,
    "n_conditions": 358
}