{
    "participantID": "mt",
    "modelType": "lognorm_LapseFree_contextualPrior",
    "fittedParams": [
        0.037920597362518293,
        0.15059132099151606,
        0.3920764350891113,
        0.7324689865112305,
        0.45196971416473397,
        0.127361123752594,
        0.24261684846878054,
        0.9999998092651368,
        0.07390819549560548,
        9.855427734326362
    ],
    "AIC": 2211.502285496415,
    "BIC": 2250.307615360422,
    "logLikelihood": -1095.7511427482075,
    "n_conditions": 358
}