{
    "participantID": "mt",
    "modelType": "lognorm_LapseFree_contextualPrior",
    "fittedParams": [
        0.032476304489374164,
        0.1526777604222297,
        0.29630943357944484,
        0.38882216811180115,
        0.6258024457097053,
        0.15597947919368743,
        0.19422005820274355,
        0.6904645562171936,
        0.11648503065109254,
        7.972628663363206
    ],
    "AIC": 2203.1335728894405,
    "BIC": 2241.9389027534476,
    "logLikelihood": -1091.5667864447203,
    "n_conditions": 358
}