{
    "participantID": "mt",
    "modelType": "logLinearMismatch_LapseFree_contextualPrior",
    "fittedParams": [
        0.03333685565157793,
        0.1576172737026354,
        0.3959259077458409,
        0.8553504647667752,
        0.5178268876019865,
        0.10864599672786426,
        0.22265435711597092,
        0.7432137011985178
    ],
    "AIC": 2203.3961469344763,
    "BIC": 2234.4404108256817,
    "logLikelihood": -1093.6980734672381,
    "n_conditions": 358
}