{
    "participantID": "mt",
    "modelType": "lognorm_LapseFree_sharedPrior",
    "fittedParams": [
        0.027103686989168624,
        0.15646189612489725,
        0.35115332981954983,
        0.7011736007916625,
        0.5478381961388634,
        0.11447695774301538,
        0.24206864462433733
    ],
    "AIC": 2205.0701440700614,
    "BIC": 2232.2338749748665,
    "logLikelihood": -1095.5350720350307,
    "n_conditions": 358
}