{
    "participantID": "mt",
    "modelType": "logLinearMismatch_LapseFree_sharedPrior",
    "fittedParams": [
        0.01574218315962741,
        0.1603194417899786,
        0.3145302827190526,
        0.8664204958548858,
        0.8099144982782563,
        0.17424688043462078,
        0.17664431724662313
    ],
    "AIC": 2207.091689267925,
    "BIC": 2234.2554201727303,
    "logLikelihood": -1096.5458446339626,
    "n_conditions": 358
}