{
    "participantID": "mt",
    "modelType": "lognorm_LapseFix_sharedPrior",
    "fittedParams": [
        0.12117725636638352,
        0.16079952865676306,
        0.3284076646366423,
        0.6320858791470527,
        0.6547963915788492
    ],
    "AIC": 2210.236653251346,
    "BIC": 2229.6393181833496,
    "logLikelihood": -1100.118326625673,
    "n_conditions": 358
}