{
    "participantID": "mt",
    "modelType": "lognormal",
    "fittedParams": [
        0.10822626963257792,
        0.17598822824656962,
        0.3251936081796884,
        0.6832739547118545,
        0.6195705443620683,
        0.3251936081796884
    ],
    "AIC": 2215.8557765318333,
    "BIC": 2239.1389744502376,
    "logLikelihood": -1101.9278882659166,
    "n_conditions": 358
}