{
    "participantID": "mt",
    "modelType": "lognorm_LapseFree_sharedPrior",
    "fittedParams": [
        0.03577169122129362,
        0.15806903635140668,
        0.4114713901624881,
        0.9999991155368662,
        0.48319684415875686,
        0.14542390913360043,
        0.2577524459652314
    ],
    "AIC": 2198.596100189966,
    "BIC": 2225.759831094771,
    "logLikelihood": -1092.298050094983,
    "n_conditions": 358
}