{
    "participantID": "mt",
    "modelType": "lognorm_LapseFree_sharedPrior",
    "fittedParams": [
        0.024584797384600936,
        0.1529474075965118,
        0.32470568089784063,
        0.33023976176271724,
        0.5792767467245045,
        0.09890772520139823,
        0.2001978991626574,
        1.088212320693567,
        6.969824204027864
    ],
    "AIC": 2213.757227337294,
    "BIC": 2248.6820242149,
    "logLikelihood": -1097.878613668647,
    "n_conditions": 358
}