{
    "participantID": "mt",
    "modelType": "lognorm_LapseFree_sharedPrior",
    "fittedParams": [
        0.04056844499732423,
        0.15486375207373992,
        0.35823733471033403,
        0.7905852682100886,
        0.49449169179065033,
        0.14713860304959636,
        0.20775121122273024
    ],
    "AIC": 2199.202133533191,
    "BIC": 2226.365864437996,
    "logLikelihood": -1092.6010667665955,
    "n_conditions": 358
}