{
    "participantID": "mt",
    "modelType": "lognorm",
    "fittedParams": [
        0.020897535852380134,
        0.15940189110520742,
        0.36494658068663766,
        0.7930938635918534,
        0.5677797825074095,
        0.12809260270089454,
        0.24952489504350198
    ],
    "AIC": 2198.218145989278,
    "BIC": 2225.3818768940832,
    "logLikelihood": -1092.109072994639,
    "n_conditions": 358
}