{
    "participantID": "mt",
    "modelType": "lognorm_LapseFree_sharedPrior",
    "fittedParams": [
        0.02839486761167645,
        0.15352222025963902,
        0.3706271776184439,
        0.8818093329668046,
        0.6114773971214891,
        0.14136594778969885,
        0.2334420845773071,
        0.26706552713416043,
        1.0092506809160122
    ],
    "AIC": 2204.035278635374,
    "BIC": 2238.9600755129804,
    "logLikelihood": -1093.017639317687,
    "n_conditions": 358
}