{
    "participantID": "mt",
    "modelType": "lognormal",
    "fittedParams": [
        0.09312512928475372,
        0.18071396673903106,
        0.28987417097791873,
        0.6064649338758061,
        0.7239862043927132,
        0.28987417097791873
    ],
    "AIC": 2218.696971342841,
    "BIC": 2241.9801692612455,
    "logLikelihood": -1103.3484856714206,
    "n_conditions": 358
}