{
    "participantID": "mt",
    "modelType": "lognorm_LapseFree_contextualPrior",
    "fittedParams": [
        0.039394585053332765,
        0.15494659273887462,
        0.2754976264783817,
        0.34830525950761226,
        0.5738493348702832,
        0.15230595456466745,
        0.22884859328327706,
        0.5512309173582786
    ],
    "AIC": 2200.3902543813892,
    "BIC": 2231.4345182725947,
    "logLikelihood": -1092.1951271906946,
    "n_conditions": 358
}