{
    "participantID": "mt",
    "modelType": "logLinearMismatch",
    "fittedParams": [
        0.03168845325708389,
        0.14766171336174005,
        0.39670308589935305,
        0.5512503270208836,
        0.5215777206420898,
        0.1392464220523834,
        0.2286030277609825
    ],
    "AIC": 2197.9284097267664,
    "BIC": 2225.0921406315715,
    "logLikelihood": -1091.9642048633832,
    "n_conditions": 358
}