{
    "participantID": "mt",
    "modelType": "lognorm_LapseFree_sharedPrior",
    "fittedParams": [
        0.037941740723955425,
        0.1498629650495945,
        0.4029408898161606,
        0.9877711334032939,
        0.5095825902897957,
        0.15594384402332362,
        0.25719984557768333
    ],
    "AIC": 2194.6028524419366,
    "BIC": 2221.7665833467418,
    "logLikelihood": -1090.3014262209683,
    "n_conditions": 358
}