{
    "participantID": "mt",
    "modelType": "probabilityMatchingLogNorm_LapseFree_sharedPrior",
    "fittedParams": [
        0.05426908521290788,
        0.15617232477352438,
        0.3095825616797082,
        0.7791717013711605,
        0.5298987544273223,
        0.18981127546544888,
        0.1825354817520125,
        0.1175073633377906,
        9.865428933082658
    ],
    "AIC": 2206.3293617443032,
    "BIC": 2241.2541586219095,
    "logLikelihood": -1094.1646808721516,
    "n_conditions": 358
}