{
    "participantID": "mt",
    "modelType": "probabilityMatchingLogNorm_LapseFree_sharedPrior",
    "fittedParams": [
        0.032232992494752394,
        0.15021019122496193,
        0.4012475986775791,
        2.910283125601154e-12,
        0.4507888305002683,
        0.12271815466665867,
        0.2803209188513924
    ],
    "AIC": 2196.91192526776,
    "BIC": 2224.0756561725652,
    "logLikelihood": -1091.45596263388,
    "n_conditions": 358
}