{
    "participantID": "mt",
    "modelType": "probabilityMatching_LapseFree_sharedPrior",
    "fittedParams": [
        0.03528192985387285,
        0.07648789871786943,
        0.22163418132057167,
        6.933783879498057e-05,
        0.21032020727074996,
        0.12346629043730209,
        0.19283423098228525
    ],
    "AIC": 2211.4324161072896,
    "BIC": 2238.5961470120947,
    "logLikelihood": -1098.7162080536448,
    "n_conditions": 358
}