{
    "participantID": "mt",
    "modelType": "probabilityMatchingLogNorm_LapseFree_contextualPrior",
    "fittedParams": [
        0.03324090834765234,
        0.15231615188240538,
        0.3214731208060402,
        0.5390784867454611,
        0.4852668174356222,
        0.15910123999055942,
        0.23240760723303538,
        0.8230451658644058,
        0.09682882976630935,
        6.262170442941263
    ],
    "AIC": 2204.425087069088,
    "BIC": 2243.230416933095,
    "logLikelihood": -1092.212543534544,
    "n_conditions": 358
}