{
    "participantID": "mt",
    "modelType": "probabilityMatchingLogNorm_LapseFree_sharedPrior",
    "fittedParams": [
        0.035726815013191665,
        0.15696676968664147,
        0.41979527509512604,
        0.0024659055285154996,
        0.5389152652227063,
        0.11205308902596589,
        0.2438096735417843
    ],
    "AIC": 2202.745654117458,
    "BIC": 2229.909385022263,
    "logLikelihood": -1094.372827058729,
    "n_conditions": 358
}