{
    "participantID": "mt",
    "modelType": "probabilityMatchingLogNorm_LapseFree_sharedPrior",
    "fittedParams": [
        0.020474714641273012,
        0.23894300173749933,
        0.506561862880536,
        5.2154064122955646e-08,
        3.5,
        0.05245752107501028,
        0.16571099172830583
    ],
    "AIC": 2238.2837192521447,
    "BIC": 2253.8058511977474,
    "logLikelihood": -1115.1418596260723,
    "n_conditions": 358
}