{
    "participantID": "mt",
    "modelType": "probabilityMatchingLogNorm_LapseFree_sharedPrior",
    "fittedParams": [
        0.054012515817034576,
        0.14283584884782136,
        0.2881276095254214,
        0.09406813058835006,
        0.46412248023600655,
        0.21088816914188876,
        0.25419742622774116,
        1.0808926916881032,
        1.3297709501344692
    ],
    "AIC": 2205.060374877383,
    "BIC": 2239.985171754989,
    "logLikelihood": -1093.5301874386914,
    "n_conditions": 358
}