{
    "participantID": "mt",
    "modelType": "probabilityMatching_LapseFree_sharedPrior",
    "fittedParams": [
        0.03948220009607498,
        0.06901606745975229,
        0.1688156736312914,
        0.5084450603555289,
        0.21847541976256946,
        0.17007516241275628,
        0.2044737400050496,
        0.0035375362305591906,
        10.824703499987091
    ],
    "AIC": 2216.6294423304453,
    "BIC": 2251.5542392080515,
    "logLikelihood": -1099.3147211652226,
    "n_conditions": 358
}