{
    "participantID": "mt",
    "modelType": "probabilityMatchingLogNorm_LapseFree_sharedPrior",
    "fittedParams": [
        0.032752233919654816,
        0.14569209785858217,
        0.2996548039631943,
        0.7940444752553559,
        0.48042164782891633,
        0.1729738068570441,
        0.2162197147189363,
        0.19485075725615386,
        1.100053365401937
    ],
    "AIC": 2200.883578462333,
    "BIC": 2235.808375339939,
    "logLikelihood": -1091.4417892311665,
    "n_conditions": 358
}