{
    "participantID": "mt",
    "modelType": "probabilityMatchingLogNorm_LapseFree_sharedPrior",
    "fittedParams": [
        0.0338933634163926,
        0.14705579786057787,
        0.3845175751034351,
        1.6393555590799025e-07,
        0.49323250934430185,
        0.15408177308803558,
        0.27103205013033305
    ],
    "AIC": 2203.77540076177,
    "BIC": 2230.939131666575,
    "logLikelihood": -1094.887700380885,
    "n_conditions": 358
}