{
    "participantID": "mt",
    "modelType": "probabilityMatchingLogNorm_LapseFree_sharedPrior",
    "fittedParams": [
        0.03269538898468016,
        0.15501130617141712,
        0.35089572532231045,
        0.2516961097717285,
        0.4672570995879606,
        0.12189626255997403,
        0.24058593327619132
    ],
    "AIC": 2204.945668810386,
    "BIC": 2232.109399715191,
    "logLikelihood": -1095.472834405193,
    "n_conditions": 358
}