{
    "participantID": "mt",
    "modelType": "selection_LapseFree_sharedPrior",
    "fittedParams": [
        0.03882500315904616,
        0.0728250212895869,
        0.19578020363688453,
        0.8446944534778595,
        1.944468652331829,
        0.18313275746107102,
        0.21741069462299348
    ],
    "AIC": 2230.2393337085955,
    "BIC": 2257.4030646134006,
    "logLikelihood": -1108.1196668542977,
    "n_conditions": 358
}