{
    "participantID": "mt",
    "modelType": "selection_LapseFree_sharedPrior",
    "fittedParams": [
        0.030248341900824146,
        0.0806177359959281,
        0.20360444358592458,
        0.9559720604822247,
        0.22326650505688822,
        0.1400614851143687,
        0.25348364012544655
    ],
    "AIC": 2206.959150560908,
    "BIC": 2234.122881465713,
    "logLikelihood": -1096.479575280454,
    "n_conditions": 358
}