{
    "participantID": "mt",
    "modelType": "switchingFree_LapseFree_sharedPrior",
    "fittedParams": [
        0.02791374068247876,
        0.10708899363222585,
        0.2414188713581297,
        0.1252830315650071,
        0.29000146044377134,
        0.1712263683693548,
        0.23382144432553884,
        0.6081391042515526
    ],
    "AIC": 2204.548043769094,
    "BIC": 2235.5923076602994,
    "logLikelihood": -1094.274021884547,
    "n_conditions": 358
}