{
    "participantID": "mt",
    "modelType": "selection_LapseFree_sharedPrior",
    "fittedParams": [
        0.013241045217950415,
        0.07703035002576956,
        0.19644722874721232,
        0.7150033017514795,
        0.24434990278403776,
        0.19256122091365674,
        0.2404566718434117,
        0.6696499664228301,
        6.078205328571115
    ],
    "AIC": 2210.733393191354,
    "BIC": 2245.6581900689603,
    "logLikelihood": -1096.366696595677,
    "n_conditions": 358
}