{
    "participantID": "mt",
    "modelType": "switchingFree_LapseFree_sharedPrior",
    "fittedParams": [
        0.05680582478233177,
        0.05946161495393034,
        0.19694904068063745,
        0.13686218034037023,
        0.09758677098210344,
        0.11821807165029599,
        0.2163898696380175,
        0.7167511334112033
    ],
    "AIC": 2216.7765330144252,
    "BIC": 2247.8207969056307,
    "logLikelihood": -1100.3882665072126,
    "n_conditions": 358
}