{
    "participantID": "mt",
    "modelType": "switching_LapseFree_sharedPrior",
    "fittedParams": [
        0.03953297735151494,
        0.06571185919535288,
        0.16814271780072396,
        0.6387884435632629,
        0.17619569381360642,
        0.0508560239045243,
        0.16377863105918983,
        -0.36895150618472844,
        12.11471834606672
    ],
    "AIC": 2222.6676737539874,
    "BIC": 2257.5924706315936,
    "logLikelihood": -1102.3338368769937,
    "n_conditions": 358
}