{
    "participantID": "mt",
    "modelType": "switching_LapseFree_sharedPrior",
    "fittedParams": [
        0.010897318594726202,
        0.12043793019507787,
        0.27567787699774704,
        0.49625397718325814,
        0.3181039815533444,
        0.11760338788866319,
        0.19966167618405845
    ],
    "AIC": 2210.826352774638,
    "BIC": 2237.990083679443,
    "logLikelihood": -1098.413176387319,
    "n_conditions": 358
}