{
    "participantID": "mt",
    "modelType": "selection_LapseFix_sharedPrior",
    "fittedParams": [
        0.10751155459342554,
        0.08057012089510973,
        0.19834178219661736,
        0.7545788317889675,
        0.266336951010949
    ],
    "AIC": 2221.5475382162417,
    "BIC": 2240.9502031482452,
    "logLikelihood": -1105.7737691081209,
    "n_conditions": 358
}