{
    "participantID": "mt",
    "modelType": "selection_LapseFree_sharedPrior",
    "fittedParams": [
        0.0010779296874999789,
        0.23894300173749933,
        0.506561862880536,
        0.9998046875000001,
        3.5,
        0.0010779296874999789,
        0.0010779296874999789
    ],
    "AIC": 2411.0315135869355,
    "BIC": 2426.553645532538,
    "logLikelihood": -1201.5157567934677,
    "n_conditions": 358
}