{
    "participantID": "mt",
    "modelType": "switchingWithConflict_LapseFree_sharedPrior",
    "fittedParams": [
        0.027634178268909432,
        0.05000002324581143,
        0.21868661314249038,
        0.5659490108489991,
        1.7705870729684827,
        0.1283270375907421,
        0.16237045795321464,
        4.517429959774017,
        0.2653397345542908,
        5.878729714567996
    ],
    "AIC": 2242.349849740204,
    "BIC": 2281.155179604211,
    "logLikelihood": -1111.174924870102,
    "n_conditions": 358
}