{
    "participantID": "mt",
    "modelType": "switchingFree_LapseFree_sharedPrior",
    "fittedParams": [
        0.023912793989410402,
        0.15984300081410285,
        0.08705582556783831,
        0.07963586649384519,
        0.4222224164073295,
        0.07467667374874035,
        0.18921746061726663,
        0.49050951914323376
    ],
    "AIC": 2203.0087015468916,
    "BIC": 2234.052965438097,
    "logLikelihood": -1093.5043507734458,
    "n_conditions": 358
}