{
    "participantID": "mt",
    "modelType": "switchingFree_LapseFree_sharedPrior",
    "fittedParams": [
        0.007376520880628873,
        0.23894300173749933,
        0.506561862880536,
        0.0005289423277132776,
        3.5,
        0.0408161630042842,
        0.12368133508308966,
        0.9998498084539875
    ],
    "AIC": 2254.213742983485,
    "BIC": 2273.6164079154887,
    "logLikelihood": -1122.1068714917426,
    "n_conditions": 358
}