{
    "participantID": "mt",
    "modelType": "selection_LapseFree_sharedPrior",
    "fittedParams": [
        0.057546482257345405,
        0.07129990897689276,
        0.18612713909934953,
        0.9432310411067946,
        0.23932997484148633,
        0.207216408058995,
        0.2501512329941491
    ],
    "AIC": 2209.281944932129,
    "BIC": 2236.4456758369342,
    "logLikelihood": -1097.6409724660646,
    "n_conditions": 358
}