{
    "participantID": "mt",
    "modelType": "selection_LapseFree_sharedPrior",
    "fittedParams": [
        0.05397702112051753,
        0.07375835781862317,
        0.19423557953476733,
        0.993043009906603,
        0.23141702394903363,
        0.17982285854555025,
        0.22664649425750824
    ],
    "AIC": 2207.386094788293,
    "BIC": 2234.5498256930982,
    "logLikelihood": -1096.6930473941466,
    "n_conditions": 358
}