{
    "participantID": "mt",
    "modelType": "selection_LapseFree_sharedPrior",
    "fittedParams": [
        0.001000522215547972,
        0.23894300173749933,
        0.506561862880536,
        0.5899403746472671,
        3.5,
        0.0010006414148025222,
        0.0010025867288000756
    ],
    "AIC": 2409.3387998626995,
    "BIC": 2424.860931808302,
    "logLikelihood": -1200.6693999313497,
    "n_conditions": 358
}