{
    "participantID": "mt",
    "modelType": "selection_LapseFree_sharedPrior",
    "fittedParams": [
        0.04316460034547162,
        0.07085156189703412,
        0.18995603556533747,
        0.9564660288899177,
        0.2256118238265663,
        0.21949402456183853,
        0.24968708975868142,
        0.2811881510814419,
        6.803847135154939
    ],
    "AIC": 2209.6859560291027,
    "BIC": 2244.610752906709,
    "logLikelihood": -1095.8429780145514,
    "n_conditions": 358
}