{
    "participantID": "mt",
    "modelType": "switchingFree_LapseFree_sharedPrior",
    "fittedParams": [
        0.034066419507260415,
        0.12876317390282976,
        0.2586390597892674,
        0.10980290492880151,
        0.35135056049130575,
        0.1152461572074506,
        0.22808403002376437,
        0.597272069338942
    ],
    "AIC": 2205.560092286991,
    "BIC": 2236.6043561781967,
    "logLikelihood": -1094.7800461434956,
    "n_conditions": 358
}