{
    "participantID": "mh",
    "modelType": "lognorm_LapseFree_sharedPrior",
    "fittedParams": [
        0.3647460088495681,
        0.25616696013216766,
        0.2672757390937085,
        0.8662482104602532,
        0.7950511981646547,
        0.20490255666713475,
        0.3787744647696601
    ],
    "AIC": 2440.939655515968,
    "BIC": 2457.900758896651,
    "logLikelihood": -1216.469827757984,
    "n_conditions": 513
}