{
    "participantID": "mh",
    "modelType": "logLinearMismatch_LapseFree_sharedPrior",
    "fittedParams": [
        0.2714164757650881,
        0.3622747892507995,
        0.37798497511961543,
        0.9465016429745892,
        1.124372187225434,
        0.004589864741454873,
        0.2808231803258748
    ],
    "AIC": 2429.4828496488726,
    "BIC": 2446.443953029556,
    "logLikelihood": -1210.7414248244363,
    "n_conditions": 513
}