{
    "participantID": "mh",
    "modelType": "switchingFree_LapseFree_sharedPrior",
    "fittedParams": [
        0.2275436471637513,
        0.25616696013216766,
        0.2672757390937085,
        0.4246415468980558,
        0.7950511981646547,
        0.001000000004644952,
        0.28047124976292254,
        0.7491835527704098
    ],
    "AIC": 2436.8735089120796,
    "BIC": 2458.0748881379336,
    "logLikelihood": -1213.4367544560398,
    "n_conditions": 513
}