{
    "participantID": "mh",
    "modelType": "lognorm_LapseFix_sharedPrior",
    "fittedParams": [
        0.17098943195149768,
        0.47461143119269733,
        0.4388811327254468,
        0.8208688410464675,
        0.8890383243404002
    ],
    "AIC": 2438.9296259116445,
    "BIC": 2460.1310051374985,
    "logLikelihood": -1214.4648129558223,
    "n_conditions": 513
}