{
    "participantID": "mh",
    "modelType": "switchingFree_LapseFree_sharedPrior",
    "fittedParams": [
        0.13394357037059146,
        0.0012531692916174508,
        0.5145168349286107,
        0.5687878455462396,
        0.05465893664157895,
        0.0022623455091873856,
        0.26287068939750124,
        0.7375763172827647
    ],
    "AIC": 2431.3460895677067,
    "BIC": 2465.2682963290727,
    "logLikelihood": -1207.6730447838534,
    "n_conditions": 513
}