{
    "participantID": "mh",
    "modelType": "switchingFree_LapseFix_sharedPrior",
    "fittedParams": [
        0.08394788032447395,
        0.3585048209222348,
        0.5235567923532898,
        0.370390337560093,
        0.11618963175556729,
        0.7512199545337352
    ],
    "AIC": 2442.155199089896,
    "BIC": 2467.596854160921,
    "logLikelihood": -1215.077599544948,
    "n_conditions": 513
}