{
    "participantID": "mh",
    "modelType": "logLinearMismatch_LapseFree_sharedPrior",
    "fittedParams": [
        0.1421633155979634,
        0.4144436418184444,
        0.44288788797987544,
        0.9120098171617929,
        1.371201437715831,
        0.01955260622536722,
        0.3087071654328453
    ],
    "AIC": 2437.237809921117,
    "BIC": 2466.9197408373125,
    "logLikelihood": -1211.6189049605584,
    "n_conditions": 513
}