{
    "participantID": "ip",
    "modelType": "fusionOnly_LapseFree_sharedPrior",
    "fittedParams": [
        0.2162195027805865,
        0.10001189187169068,
        0.45090162862092253,
        0.29925769746303554,
        0.5275587368756532,
        3.4494598871469497
    ],
    "AIC": 2461.023510187868,
    "BIC": 2486.226565232124,
    "logLikelihood": -1224.511755093934,
    "n_conditions": 493
}