{
    "participantID": "ip",
    "modelType": "logLinearMismatch",
    "fittedParams": [
        0.024903321712045012,
        0.2777171958866529,
        1.1989350966626078,
        0.44129465698486897,
        0.6600656928215176,
        1.1989350966626078
    ],
    "AIC": 2408.1251932981922,
    "BIC": 2433.328248342448,
    "logLikelihood": -1198.0625966490961,
    "n_conditions": 493
}