{
    "participantID": "ip",
    "modelType": "logLinearMismatch_LapseFree_sharedPrior",
    "fittedParams": [
        0.09686353355646134,
        0.2527286472916603,
        0.8461582134664057,
        0.4071992770776153,
        0.6532013964653015,
        0.1483559846878052,
        0.0006945061683655274,
        0.9958999350666999,
        1.1007740518450744
    ],
    "AIC": 2407.9814493140934,
    "BIC": 2445.786031880478,
    "logLikelihood": -1194.9907246570467,
    "n_conditions": 493
}