{
    "participantID": "ip",
    "modelType": "lognorm",
    "fittedParams": [
        0.05899105941045776,
        0.27485476375451523,
        1.1143780866579884,
        0.7473300132223708,
        0.7117940560924125,
        1.1143780866579884
    ],
    "AIC": 2410.1754926125814,
    "BIC": 2435.3785476568373,
    "logLikelihood": -1199.0877463062907,
    "n_conditions": 493
}