{
    "participantID": "ip",
    "modelType": "probabilityMatching_LapseFree_contextualPrior",
    "fittedParams": [
        0.25210129567887635,
        0.1000125709635904,
        0.36211279941315294,
        0.007024816964217473,
        0.27683891598135235,
        0.26219116723164915,
        0.02804493643809114,
        0.5827687405082804,
        0.0004598307772539223,
        3.727899714024111
    ],
    "AIC": 2452.2460891530136,
    "BIC": 2494.2511808934405,
    "logLikelihood": -1216.1230445765068,
    "n_conditions": 493
}