{
    "participantID": "ip",
    "modelType": "probabilityMatchingLogNorm_LapseFree_sharedPrior",
    "fittedParams": [
        0.11845383225008846,
        0.24008235558867452,
        1.1999999999999997,
        0.95,
        0.6344058990478516,
        0.16294415771961213,
        0.00011133044958119842,
        0.4267432451248169,
        9.99968071322888
    ],
    "AIC": 2406.085581046889,
    "BIC": 2443.890163613273,
    "logLikelihood": -1194.0427905234444,
    "n_conditions": 493
}