{
    "participantID": "ip",
    "modelType": "probabilityMatching_LapseFree_sharedPrior",
    "fittedParams": [
        0.241205096244812,
        0.1,
        0.4251616096496581,
        0.6443635997772217,
        0.287425537109375,
        0.2878548049926758,
        0.03541248321533208,
        0.9906967163085938,
        9.464080591201782
    ],
    "AIC": 2448.6203484963853,
    "BIC": 2486.4249310627697,
    "logLikelihood": -1215.3101742481927,
    "n_conditions": 493
}