{
    "participantID": "dt",
    "modelType": "gaussian",
    "fittedParams": [
        0.21928690195083622,
        0.1038459771871566,
        0.2350801360607147,
        0.7978345435082913,
        0.294503059387207,
        0.2350801360607147
    ],
    "AIC": 2550.740803771206,
    "BIC": 2575.302222391477,
    "logLikelihood": -1269.370401885603,
    "n_conditions": 443
}