{
    "participantID": "dt",
    "modelType": "gaussian_LapseFree_sharedPrior",
    "fittedParams": [
        0.2499999990881996,
        0.10721405357058011,
        0.25151335784321355,
        0.25561099863529835,
        0.2823260310365958,
        0.18945315295668425,
        0.18710885848763384,
        0.9999670744122511,
        9.661541226098537
    ],
    "AIC": 2554.9300144414556,
    "BIC": 2591.7721423718617,
    "logLikelihood": -1268.4650072207278,
    "n_conditions": 443
}