{
    "participantID": "dt",
    "modelType": "lognorm_LapseFree_sharedPrior",
    "fittedParams": [
        0.2499736201698397,
        0.2163156892129336,
        0.5093776127052843,
        0.9364212662219273,
        0.49165164442034437,
        0.18445602556923404,
        0.21896766833146103,
        0.9948520857797121,
        7.554673113837342
    ],
    "AIC": 2557.5092792679957,
    "BIC": 2594.351407198402,
    "logLikelihood": -1269.7546396339978,
    "n_conditions": 443
}