{
    "participantID": "dt",
    "modelType": "logLinearMismatch",
    "fittedParams": [
        0.232431319305324,
        0.2122235375945456,
        0.47952402378723485,
        0.2210161735810573,
        0.4937267606891692,
        0.47952402378723485
    ],
    "AIC": 2551.460836004907,
    "BIC": 2576.0222546251775,
    "logLikelihood": -1269.7304180024535,
    "n_conditions": 443
}