{
    "participantID": "dt",
    "modelType": "lognorm",
    "fittedParams": [
        0.25480081601184795,
        0.21063118781265072,
        0.32199445730828297,
        0.4340064446936053,
        0.4909472975030076,
        0.32199445730828297
    ],
    "AIC": 2552.0014670611436,
    "BIC": 2576.562885681414,
    "logLikelihood": -1270.0007335305718,
    "n_conditions": 443
}