{
    "participantID": "dt",
    "modelType": "probabilityMatchingLogNorm_LapseFree_contextualPrior",
    "fittedParams": [
        0.3043708312653507,
        0.18607266955276824,
        0.347696627777318,
        0.42524185928664,
        0.3973258729161898,
        0.25776828191397727,
        0.2468994070793724,
        0.7981909669670959,
        0.057417516055215834,
        7.271598863844572
    ],
    "AIC": 2557.9341888415256,
    "BIC": 2598.869886541977,
    "logLikelihood": -1268.9670944207628,
    "n_conditions": 443
}