{
    "participantID": "dt",
    "modelType": "probabilityMatching_LapseFree_sharedPrior",
    "fittedParams": [
        0.24999970035642285,
        0.10828979306070041,
        0.2564732805506797,
        0.9499996127369246,
        0.2910388300503587,
        0.18060722126188808,
        0.16990336633551126,
        0.9736346872943799,
        4.278410798846185
    ],
    "AIC": 2549.769434018493,
    "BIC": 2586.611561948899,
    "logLikelihood": -1265.8847170092465,
    "n_conditions": 443
}