{
    "participantID": "ip",
    "model_type": "lognorm_LapseFree_sharedPrior",
    "simulated_file": "simulated_data/ip/ip_lognorm_LapseFree_sharedPrior_simulated.csv",
    "n_params": 42,
    "n_conditions": 490,
    "n_trials": 64680,
    "parameters": [
        0.25,
        -1.0,
        2.0,
        0.25,
        -1.0,
        0.631099828228951,
        0.25,
        -1.0,
        0.6557509885760497,
        0.25,
        -1.0,
        0.7026652178079495,
        0.25,
        -1.0,
        2.0,
        0.25,
        -0.935418905769565,
        0.6037398942188028,
        0.25,
        -1.0,
        0.6552668889131449,
        0.25,
        -1.0,
        2.0,
        0.25,
        -1.0,
        1.8330751177678755,
        0.25,
        -1.0,
        2.0,
        0.25,
        -1.0,
        1.9545166812931487,
        0.25,
        -1.0,
        2.0,
        0.25,
        -1.0,
        1.984885268533958,
        0.25,
        -1.0,
        2.0
    ],
    "log_likelihood": -42834.74036137061,
    "AIC": 85753.48072274122,
    "BIC": 85929.64574916763,
    "success": true,
    "message": "CONVERGENCE: REL_REDUCTION_OF_F_<=_FACTR*EPSMCH",
    "uniqueSensory": [
        0.1,
        1.2
    ],
    "uniqueStandard": [
        0.5
    ],
    "uniqueConflict": [
        -0.25,
        -0.17,
        -0.08,
        0.0,
        0.08,
        0.17,
        0.25
    ],
    "nStart": 1
}