{
    "participantID": "ip",
    "model_type": "lognorm_LapseFree_sharedPrior",
    "simulated_file": "simulated_data/ip/ip_lognorm_LapseFree_sharedPrior_simulated.csv",
    "n_params": 42,
    "n_conditions": 490,
    "n_trials": 64680,
    "parameters": [
        0.02844313664328362,
        -0.009239591776275364,
        0.3052928484913617,
        0.21561762082450525,
        0.02120016590141589,
        0.32618132179599807,
        0.20156066408649156,
        0.023115904228602498,
        0.3235853379791172,
        0.20385055978632247,
        0.02000739801644353,
        0.3051369229536783,
        0.0129234790066702,
        0.029517122520119208,
        0.3283128860953,
        0.13210112808925611,
        0.07543108088440376,
        0.38785589218991134,
        0.16421553432468297,
        0.06353088601507166,
        0.33627172340869,
        0.0,
        -0.08691323631970926,
        0.8047714038922591,
        0.0,
        -0.0033619870573165424,
        1.0475299396382884,
        0.0,
        0.09546058219521501,
        1.076749870994777,
        0.0,
        0.11434480823895316,
        1.0648120332576674,
        0.0,
        0.08658718319771434,
        0.7880216018716297,
        0.0,
        0.1618139035510579,
        1.011587568675105,
        0.0,
        0.16286592468824293,
        1.0221738855567568
    ],
    "log_likelihood": -36769.15668997669,
    "AIC": 73622.31337995338,
    "BIC": 73798.47840637979,
    "success": true,
    "message": "CONVERGENCE: RELATIVE REDUCTION OF F <= FACTR*EPSMCH",
    "uniqueSensory": [
        0.1,
        1.2
    ],
    "uniqueStandard": [
        0.5
    ],
    "uniqueConflict": [
        -0.25,
        -0.17,
        -0.08,
        0.0,
        0.08,
        0.17,
        0.25
    ],
    "nStart": 1
}