{
    "participantID": "ln1",
    "modelType": "selection_LapseFree_sharedPrior",
    "fittedParams": [
        0.028293661372812664,
        0.16179913190183806,
        0.37860996121465434,
        0.7717019166495531,
        0.8322690843855953,
        0.03350923178903737,
        0.07736580273431902
    ],
    "AIC": 1152.577369215328,
    "BIC": 1179.128464474017,
    "logLikelihood": -569.288684607664,
    "n_conditions": 328
}