{
    "participantID": "ln1",
    "modelType": "fusionOnlyLogNorm_LapseFree_sharedPrior",
    "fittedParams": [
        0.10790948151542107,
        0.4187244588416069,
        0.7227701898748636,
        2.322315245833306,
        0.0022943693604960402,
        0.001419142563251069
    ],
    "AIC": 1167.0404923605513,
    "BIC": 1189.798574010856,
    "logLikelihood": -577.5202461802756,
    "n_conditions": 328
}