{
    "participantID": "ln1",
    "modelType": "lognorm_LapseFree_sharedPrior",
    "fittedParams": [
        0.11815447992690782,
        0.4055837412519372,
        0.6308011026266949,
        0.7742050921925796,
        2.4993831746758968,
        0.0010885990340028795,
        0.001272907625063241,
        0.3996986143717436,
        9.999999999999972
    ],
    "AIC": 1172.1098755044743,
    "BIC": 1206.2469979799316,
    "logLikelihood": -577.0549377522372,
    "n_conditions": 328
}