{
    "participantID": "ln1",
    "modelType": "lognorm_LapseFree_sharedPrior",
    "fittedParams": [
        0.08671597834192216,
        0.48285585411719967,
        0.48601455384772263,
        0.5886553294956685,
        1.6164479725270717,
        0.002381217827275378,
        0.0010736051820218473
    ],
    "AIC": 1170.9322771740326,
    "BIC": 1197.4833724327216,
    "logLikelihood": -578.4661385870163,
    "n_conditions": 328
}