{
    "participantID": "ln1",
    "modelType": "fusionOnly_LapseFree_sharedPrior",
    "fittedParams": [
        3.815969762399618e-11,
        0.18416396543420643,
        0.41766346529303155,
        0.5599107928698437,
        0.2773832160200911,
        7.660564909494939
    ],
    "AIC": 1150.48157174792,
    "BIC": 1173.2396533982248,
    "logLikelihood": -569.24078587396,
    "n_conditions": 328
}