{
    "participantID": "ln1",
    "modelType": "switchingFree_LapseFree_sharedPrior",
    "fittedParams": [
        0.1111959035807522,
        0.26838938294501036,
        0.6207346418385347,
        0.25907887946814295,
        1.0011905993554975,
        0.0010011339304037137,
        0.001005879576853469,
        0.7608983953017742
    ],
    "AIC": 1171.3444726377038,
    "BIC": 1201.688581504777,
    "logLikelihood": -577.6722363188519,
    "n_conditions": 328
}