{
    "participantID": "ln1",
    "modelType": "fusionOnlyLogNorm_LapseFree_sharedPrior",
    "fittedParams": [
        0.026568682617900123,
        0.40085063624612566,
        0.6722259963298046,
        2.0565401700275543,
        0.32914736917282406,
        13.639098007157505
    ],
    "AIC": 1166.1385273089188,
    "BIC": 1188.8966089592236,
    "logLikelihood": -577.0692636544594,
    "n_conditions": 328
}