{
    "participantID": "ln1",
    "modelType": "switchingWithConflict_LapseFree_sharedPrior",
    "fittedParams": [
        0.060379587769827464,
        0.12789297490200713,
        0.24065191309284528,
        0.1961873646799091,
        1.5108846281173762,
        0.0022060902925501447,
        0.03142555259623289,
        2.401049016091764,
        0.38985773159506976,
        1.2077081364395124
    ],
    "AIC": 1160.5094854928757,
    "BIC": 1198.4396215767172,
    "logLikelihood": -570.2547427464378,
    "n_conditions": 328
}