{
    "participantID": "ln1",
    "modelType": "selection_LapseFree_sharedPrior",
    "fittedParams": [
        0.10025225170850753,
        0.17110560399468977,
        0.285915257805325,
        0.40854821056127544,
        0.5274871026046201,
        0.002276749226078373,
        0.0010000002972781474
    ],
    "AIC": 1148.3586906883697,
    "BIC": 1174.9097859470587,
    "logLikelihood": -567.1793453441849,
    "n_conditions": 328
}