{
    "participantID": "ln1",
    "modelType": "selection_LapseFree_sharedPrior",
    "fittedParams": [
        0.0013487308438064893,
        0.1944771157433064,
        0.39194816680777256,
        0.5397101796810603,
        0.6624259906734482,
        0.0010063175865828167,
        0.004065251186977814
    ],
    "AIC": 1147.2913538910761,
    "BIC": 1173.8424491497651,
    "logLikelihood": -566.6456769455381,
    "n_conditions": 328
}