{
    "participantID": "ln1",
    "modelType": "fusionOnly_LapseFree_sharedPrior",
    "fittedParams": [
        0.0002340593739150285,
        0.16539745808398193,
        0.3616082367278128,
        6.0247694753358605,
        -0.7020903764302975,
        7.165383046287011
    ],
    "AIC": 1155.9941378132005,
    "BIC": 1178.7522194635053,
    "logLikelihood": -571.9970689066002,
    "n_conditions": 328
}