{
    "participantID": "ln1",
    "modelType": "probabilityMatchingLogNorm_LapseFree_sharedPrior",
    "fittedParams": [
        0.1011450910678508,
        0.41517416512677296,
        0.539286421454799,
        0.6042623343862943,
        1.8283923815211163,
        0.025761299592655995,
        0.0010021473043503593,
        0.39978095963917437,
        9.99995561718172
    ],
    "AIC": 1180.2799505305009,
    "BIC": 1214.4170730059582,
    "logLikelihood": -581.1399752652504,
    "n_conditions": 328
}