{
    "participantID": "ln1",
    "modelType": "lognorm_LapseFree_sharedPrior",
    "fittedParams": [
        0.13360412027460988,
        0.37613976812106553,
        0.6172642978676595,
        0.8476405502296984,
        2.154249967370415,
        0.0010705935126636146,
        0.0010040349008049732,
        0.39997855968773366,
        9.999853892182074
    ],
    "AIC": 1174.7137997835264,
    "BIC": 1208.8509222589837,
    "logLikelihood": -578.3568998917632,
    "n_conditions": 328
}