{
    "participantID": "ln1",
    "modelType": "fusionOnly_LapseFree_sharedPrior",
    "fittedParams": [
        0.0010571362439470156,
        0.19130741506363835,
        0.37303881415801876,
        0.5181079160202207,
        0.0015029271639679653,
        0.0012402353531462684
    ],
    "AIC": 1146.918579782457,
    "BIC": 1169.6766614327619,
    "logLikelihood": -567.4592898912285,
    "n_conditions": 328
}