{
    "participantID": "ln1",
    "modelType": "gaussian_LapseFree_sharedPrior",
    "fittedParams": [
        0.06121014904899638,
        0.1849383462248858,
        0.24921646051855217,
        0.7087971634580754,
        0.5685287040141359,
        0.001130364197975714,
        0.002742333466937974
    ],
    "AIC": 1158.3334691126765,
    "BIC": 1184.8845643713655,
    "logLikelihood": -572.1667345563383,
    "n_conditions": 328
}