{
    "participantID": "ln1",
    "modelType": "logLinearMismatch_LapseFree_sharedPrior",
    "fittedParams": [
        4.003345966338556e-05,
        0.44120776534080497,
        0.710152289867401,
        0.95,
        1.6999999904632568,
        5.551115123125783e-17,
        1.1217594146767373e-05,
        0.8809028744697571,
        8.173389893770217
    ],
    "AIC": 1181.240499268833,
    "BIC": 1215.3776217442903,
    "logLikelihood": -581.6202496344165,
    "n_conditions": 328
}