{
    "participantID": "ln1",
    "modelType": "switchingFree_LapseFree_sharedPrior",
    "fittedParams": [
        0.05101257728742761,
        0.12869933598960712,
        0.2745552286851276,
        0.22898321886324075,
        0.30032458737848583,
        7.782369648039189e-05,
        0.020073506615701908,
        0.7059960539084407
    ],
    "AIC": 1155.6066235883382,
    "BIC": 1185.9507324554113,
    "logLikelihood": -569.8033117941691,
    "n_conditions": 328
}