{
    "participantID": "ln1",
    "modelType": "lognorm_LapseFree_sharedPrior",
    "fittedParams": [
        0.079412626586776,
        0.38681922299038657,
        0.7600226392565581,
        0.9499441829347246,
        1.4384007722242313,
        0.0001328480259872311,
        1.8541653848402895e-07,
        0.9635832045509005,
        9.99899927017076
    ],
    "AIC": 1178.3196316408491,
    "BIC": 1212.4567541163065,
    "logLikelihood": -580.1598158204246,
    "n_conditions": 328
}