{
    "participantID": "ln1",
    "modelType": "lognorm_LapseFree_sharedPrior",
    "fittedParams": [
        0.047172731018066405,
        0.4441055085754393,
        0.7470841333007812,
        0.9797958374023439,
        1.6936281423950197,
        0.0029884246826171745,
        0.0016313522338867181
    ],
    "AIC": 1173.700837510595,
    "BIC": 1200.251932769284,
    "logLikelihood": -579.8504187552975,
    "n_conditions": 328
}