{
    "participantID": "ln1",
    "modelType": "probabilityMatching_LapseFree_contextualPrior",
    "fittedParams": [
        0.0003006087586982509,
        0.17948149391871993,
        0.36082660308005865,
        0.4211707323886934,
        0.5958285854989662,
        1.383784052455539e-05,
        5.551115123125783e-17,
        0.9487422969993698,
        0.004445236257743068,
        2.1634655758645747
    ],
    "AIC": 1155.8204730351802,
    "BIC": 1193.7506091190216,
    "logLikelihood": -567.9102365175901,
    "n_conditions": 328
}