{
    "participantID": "ln1",
    "modelType": "probabilityMatchingLogNorm_LapseFree_sharedPrior",
    "fittedParams": [
        0.19788662789803202,
        0.38119886548763293,
        0.5091193777851857,
        0.23308548202767265,
        1.9553766605039813,
        0.0028605005031829833,
        0.023489354027863008
    ],
    "AIC": 1173.1965861019949,
    "BIC": 1199.7476813606838,
    "logLikelihood": -579.5982930509974,
    "n_conditions": 328
}