{
    "participantID": "ln1",
    "modelType": "selection_LapseFree_sharedPrior",
    "fittedParams": [
        0.09427814096246113,
        0.16163451325999711,
        0.3401402870601457,
        0.5528336967395905,
        0.627434358873022,
        0.02039373990851453,
        0.0068562467932102595,
        1.0150733762875532,
        1.970543049835533
    ],
    "AIC": 1154.8422201700555,
    "BIC": 1188.9793426455128,
    "logLikelihood": -568.4211100850277,
    "n_conditions": 328
}