{
    "participantID": "ln1",
    "modelType": "lognorm_LapseFree_sharedPrior",
    "fittedParams": [
        0.2499937158955962,
        0.34373372677414105,
        0.6210443331515152,
        0.6897326087710136,
        1.581445787970424,
        8.195421339399211e-05,
        6.819471826763346e-05,
        0.828572908878185,
        5.441223135574913
    ],
    "AIC": 689.6676273449472,
    "BIC": 718.8908439943915,
    "logLikelihood": -335.8338136724736,
    "n_conditions": 190
}