{
    "participantID": "ln1",
    "modelType": "lognorm_LapseFree_contextualPrior",
    "fittedParams": [
        0.047378712574409315,
        0.43410239028235875,
        0.6652574870730074,
        0.632604999507084,
        1.6901723355271225,
        2.505763860016774e-07,
        0.0005319930145470109,
        0.9360587699103597,
        0.48937986596110933,
        6.946403460679182
    ],
    "AIC": 1173.7524694963633,
    "BIC": 1211.6826055802048,
    "logLikelihood": -576.8762347481817,
    "n_conditions": 328
}