{
    "participantID": "ln1",
    "modelType": "selection_LapseFree_sharedPrior",
    "fittedParams": [
        0.09768882499822357,
        0.16643272844366264,
        0.3384134899133481,
        0.488663017025101,
        0.49897386727982074,
        0.0010000000011612387,
        0.0010036737078334967
    ],
    "AIC": 1146.1353356657594,
    "BIC": 1172.6864309244484,
    "logLikelihood": -566.0676678328797,
    "n_conditions": 328
}