{
    "participantID": "ln1",
    "modelType": "logLinearMismatch_LapseFree_sharedPrior",
    "fittedParams": [
        0.15874431783889953,
        0.37256000489823343,
        0.7536997681432337,
        0.8187343354394543,
        1.619947244592753,
        0.17178257869056673,
        0.0449928155524046,
        5.012040682310522,
        6.100468434393574
    ],
    "AIC": 1187.4461151993776,
    "BIC": 1221.583237674835,
    "logLikelihood": -584.7230575996888,
    "n_conditions": 328
}