{
    "participantID": "ln1",
    "modelType": "lognorm_LapseFree_sharedPrior",
    "fittedParams": [
        0.10965386646988566,
        0.34672056377172306,
        0.3679404076862842,
        0.4209426515950511,
        2.689694285504803,
        0.03682449178690896,
        0.06934643670584893,
        0.6651739883167855,
        5.0305423713563755
    ],
    "AIC": 1195.0442487572238,
    "BIC": 1229.1813712326812,
    "logLikelihood": -588.5221243786119,
    "n_conditions": 328
}