{
    "participantID": "ln1",
    "modelType": "probabilityMatchingLogNorm_LapseFree_sharedPrior",
    "fittedParams": [
        0.21969194715187895,
        0.34211720446027405,
        0.25437565174232735,
        0.43360738171386404,
        0.974001712677033,
        0.0010000000000012221,
        0.001001134079142596
    ],
    "AIC": 1166.7581661034951,
    "BIC": 1193.309261362184,
    "logLikelihood": -576.3790830517476,
    "n_conditions": 328
}