{
    "participantID": "ln1",
    "modelType": "gaussian_LapseFree_sharedPrior",
    "fittedParams": [
        0.21570213334945063,
        0.1687931172135174,
        0.3716185601577095,
        0.6657401566793104,
        0.7904420292277883,
        0.11861566558773837,
        0.1357230292763777,
        2.451347137422135,
        10.743865424007142
    ],
    "AIC": 1168.460109148381,
    "BIC": 1202.5972316238383,
    "logLikelihood": -575.2300545741905,
    "n_conditions": 328
}