{
    "participantID": "ln1",
    "modelType": "probabilityMatching_LapseFree_sharedPrior",
    "fittedParams": [
        0.004946179771423337,
        0.18898654366493217,
        0.39482513580322254,
        0.003744125366210882,
        0.6656228946971894,
        0.00920586671829221,
        0.0016606900215148934
    ],
    "AIC": 1155.291364229133,
    "BIC": 1181.842459487822,
    "logLikelihood": -570.6456821145665,
    "n_conditions": 328
}