{
    "participantID": "ln1",
    "modelType": "logLinearMismatch_LapseFree_sharedPrior",
    "fittedParams": [
        0.13685739417503595,
        0.5453572879541772,
        0.5467030471512466,
        0.9821429147929303,
        3.172818663912641,
        0.01777837104919767,
        0.05891407227288514
    ],
    "AIC": 1192.0853835585356,
    "BIC": 1218.6364788172245,
    "logLikelihood": -589.0426917792678,
    "n_conditions": 328
}