{
    "participantID": "ln1",
    "modelType": "probabilityMatchingLogNorm_LapseFree_sharedPrior",
    "fittedParams": [
        0.16206868737945584,
        0.3088209000945054,
        0.12553474424760874,
        0.3123799991091632,
        1.0574866606189757,
        0.03007083851968724,
        0.0424835909497045,
        1.0084702063268356,
        7.0945579993391785
    ],
    "AIC": 1143.338513686971,
    "BIC": 1177.4756361624284,
    "logLikelihood": -562.6692568434855,
    "n_conditions": 328
}