{
    "participantID": "ln1",
    "modelType": "gaussian_LapseFree_sharedPrior",
    "fittedParams": [
        0.1921704198157442,
        0.1691881310735979,
        0.21079757433374138,
        0.8806610502614294,
        1.1915839611322379,
        0.08063775713255857,
        0.019769965975297052
    ],
    "AIC": 1156.699971834722,
    "BIC": 1183.251067093411,
    "logLikelihood": -571.349985917361,
    "n_conditions": 328
}