{
    "participantID": "ln1",
    "modelType": "probabilityMatchingLogNorm_LapseFree_sharedPrior",
    "fittedParams": [
        0.11745094793928243,
        0.39186952616376125,
        0.3772917818067607,
        0.2856935548557601,
        0.961888838682144,
        0.0020987054727534538,
        0.001000000000004525
    ],
    "AIC": 1158.4164713098817,
    "BIC": 1184.9675665685706,
    "logLikelihood": -572.2082356549408,
    "n_conditions": 328
}