{
    "participantID": "ln1",
    "modelType": "probabilityMatching_LapseFree_sharedPrior",
    "fittedParams": [
        0.012592104759521827,
        0.19907311902664251,
        0.27160281014535187,
        0.6014417206153259,
        2.8258565465897316,
        0.12267404905512133,
        0.021129780718940706,
        0.42469757929229307,
        0.9601255314979338
    ],
    "AIC": 1164.8544583225305,
    "BIC": 1198.9915807979878,
    "logLikelihood": -573.4272291612652,
    "n_conditions": 328
}