{
    "participantID": "ln1",
    "modelType": "selection_LapseFree_sharedPrior",
    "fittedParams": [
        0.006016952747008225,
        0.1960635337930977,
        0.3486331817882179,
        0.15189012611467656,
        0.3991034998312739,
        0.0010221320795447408,
        0.0010837552889087498,
        0.2307339544185129,
        9.999999468001636
    ],
    "AIC": 1147.954377964013,
    "BIC": 1182.0915004394703,
    "logLikelihood": -564.9771889820065,
    "n_conditions": 328
}