{
    "participantID": "ln1",
    "modelType": "lognorm_LapseFree_sharedPrior",
    "fittedParams": [
        0.0034363597591494655,
        0.44922915408223574,
        0.7366372916886328,
        0.9966643227584429,
        1.4508974686682805,
        0.0019079548286856096,
        0.001140057371200237
    ],
    "AIC": 1174.7836290998605,
    "BIC": 1201.3347243585495,
    "logLikelihood": -580.3918145499302,
    "n_conditions": 328
}