{
    "participantID": "ln1",
    "modelType": "switchingFree_LapseFree_sharedPrior",
    "fittedParams": [
        0.16723997141150831,
        0.322211991734012,
        0.3817143116897544,
        0.362010368471499,
        1.1837558568289226,
        0.034109675088538044,
        0.04587629910097899,
        0.6811772439007445
    ],
    "AIC": 1177.2702068105777,
    "BIC": 1207.614315677651,
    "logLikelihood": -580.6351034052889,
    "n_conditions": 328
}