{
    "participantID": "ln1",
    "modelType": "switching_LapseFree_sharedPrior",
    "fittedParams": [
        0.12327083885327869,
        0.1280848830906296,
        0.3693579742180483,
        0.6102479561741363,
        4.309227925844477,
        0.09558084477834397,
        0.14495411538410774,
        0.4474613644897346,
        7.872934377222267
    ],
    "AIC": 1173.4157722398197,
    "BIC": 1207.552894715277,
    "logLikelihood": -577.7078861199099,
    "n_conditions": 328
}