{
    "participantID": "ln1",
    "modelType": "lognorm_LapseFree_sharedPrior",
    "fittedParams": [
        0.07236591651642554,
        0.4018835817357056,
        0.7332198715964828,
        0.9482257960510763,
        3.9509103550222573,
        0.10420228430947126,
        0.08897605120443203
    ],
    "AIC": 1178.2374969800371,
    "BIC": 1204.788592238726,
    "logLikelihood": -582.1187484900186,
    "n_conditions": 328
}