{
    "participantID": "ln1",
    "modelType": "lognorm_LapseFree_contextualPrior",
    "fittedParams": [
        0.13880617141723633,
        0.41420719146728513,
        0.669361400604248,
        0.9100074768066406,
        1.5332302093505858,
        0.001000304412841796,
        0.002106236267089834,
        0.9603122711181642,
        0.3866810607910156,
        8.380671395626068
    ],
    "AIC": 1178.6112506420686,
    "BIC": 1216.5413867259101,
    "logLikelihood": -579.3056253210343,
    "n_conditions": 328
}