{
    "participantID": "ln1",
    "modelType": "switching_LapseFree_sharedPrior",
    "fittedParams": [
        0.001117783987522103,
        0.32128282072842107,
        0.6522155678308008,
        0.999905413389206,
        1.8411162190461159,
        0.001000004756450651,
        0.001000004756450651
    ],
    "AIC": 1177.765909087994,
    "BIC": 1204.317004346683,
    "logLikelihood": -581.882954543997,
    "n_conditions": 328
}