{
    "participantID": "ln1",
    "modelType": "probabilityMatchingLogNorm_LapseFree_sharedPrior",
    "fittedParams": [
        0.21647026049643756,
        0.3145374738657474,
        0.00021162497743953956,
        0.666236086189747,
        0.8117720161508022,
        0.0010076424270868134,
        0.0077978776544332384
    ],
    "AIC": 1172.9583423437812,
    "BIC": 1199.5094376024701,
    "logLikelihood": -579.4791711718906,
    "n_conditions": 328
}