{
    "participantID": "ln1",
    "modelType": "lognorm_LapseFree_contextualPrior",
    "fittedParams": [
        0.0010013956443918337,
        0.424833883380089,
        0.7233925358821995,
        0.9987385238205719,
        1.5182866152910868,
        0.04142158287738584,
        0.0010183711658857952,
        0.9998099331557329,
        0.39992319968689116,
        2.0718690447896533
    ],
    "AIC": 1175.2710270144396,
    "BIC": 1213.201163098281,
    "logLikelihood": -577.6355135072198,
    "n_conditions": 328
}