{
    "participantID": "ln1",
    "modelType": "gaussian_LapseFree_sharedPrior",
    "fittedParams": [
        0.07065362002223066,
        0.19239576051933974,
        0.2710481435585369,
        0.5599720059871837,
        0.591819248916003,
        0.07276180472176214,
        0.01682256305427786,
        0.3008138969643517,
        2.2912456979856515
    ],
    "AIC": 1154.115751772108,
    "BIC": 1188.2528742475654,
    "logLikelihood": -568.057875886054,
    "n_conditions": 328
}