{
    "participantID": "ln1",
    "modelType": "lognorm_LapseFree_sharedPrior",
    "fittedParams": [
        0.06376558199498031,
        0.4326416253476417,
        0.6001641407403258,
        0.7286085403044127,
        2.4998809615047497,
        0.001158605499475357,
        0.0015087925308380212,
        0.39762894540966953,
        5.921631581716065
    ],
    "AIC": 1168.3877628349767,
    "BIC": 1202.524885310434,
    "logLikelihood": -575.1938814174883,
    "n_conditions": 328
}