{
    "participantID": "ln1",
    "modelType": "lognorm_LapseFree_sharedPrior",
    "fittedParams": [
        0.09779787624439086,
        0.4207284474915063,
        0.6885545513129321,
        0.9999999999992725,
        1.661178481823791,
        0.0010000000002902965,
        0.001000794173684677
    ],
    "AIC": 1173.9786492200496,
    "BIC": 1200.5297444787386,
    "logLikelihood": -579.9893246100248,
    "n_conditions": 328
}