{
  "participantID": "qs",
  "best_params": [
    0.12467752779611727,
    0.21872533302410047,
    1.2220265032224789,
    0.654026997410676,
    0.6022964758239889,
    0.06451166544378002,
    0.24165844644540493
  ],
  "boot_mean": [
    0.12467766614732653,
    0.21872548247286883,
    1.2220264752129002,
    0.6540269840286816,
    0.6022964844991714,
    0.0645115958574569,
    0.24165836601694007
  ],
  "boot_std": [
    3.808254421555299e-07,
    4.770078152832437e-07,
    4.955767731412533e-07,
    6.81496487057106e-07,
    3.5170846044901004e-07,
    2.5238134600504466e-07,
    9.053679256516647e-07
  ],
  "ci_low": [
    0.1246773526752307,
    0.21872495888500854,
    1.2220253828193772,
    0.6540253968528235,
    0.6022958146320925,
    0.0645110035688231,
    0.2416564852057436
  ],
  "ci_high": [
    0.12467866930469437,
    0.2187266681611059,
    1.2220273072959644,
    0.6540278079690984,
    0.6022971670732509,
    0.06451201533726483,
    0.24165981617971669
  ],
  "n_successful": 20,
  "boot_samples": [
    [
      0.1246773427387121,
      0.218725396020407,
      1.2220264537282024,
      0.6540267691325041,
      0.6022963707298595,
      0.06451157993517759,
      0.24165824886845982
    ],
    [
      0.12467752784787915,
      0.21872533303925087,
      1.2220265031949014,
      0.6540269972128472,
      0.6022964759163237,
      0.06451166533407188,
      0.24165844631291303
    ],
    [
      0.12467752550506213,
      0.21872532819692936,
      1.2220265160427448,
      0.6540269778042652,
      0.6022964214773265,
      0.06451164000755069,
      0.2416584355801813
    ],
    [
      0.12467737892198205,
      0.21872465661522067,
      1.2220260860464385,
      0.6540265577700034,
      0.6022963236841526,
      0.06451123948908066,
      0.24165797177878695
    ],
    [
      0.12467750103068369,
      0.21872529307700353,
      1.222026499490877,
      0.6540270134541761,
      0.6022964700557315,
      0.06451165982600275,
      0.24165841052964251
    ],
    [
      0.12467817394922441,
      0.21872544231805988,
      1.2220267577380564,
      0.6540275914327256,
      0.6022969480411378,
      0.06451158655522421,
      0.24165889303853555
    ],
    [
      0.12467747532945717,
      0.2187254133311814,
      1.2220265369436738,
      0.6540270347782721,
      0.6022963008924024,
      0.06451130891928532,
      0.24165833972286224
    ],
    [
      0.12467752914438858,
      0.21872533293163585,
      1.2220265032875863,
      0.6540269962294208,
      0.6022964761333579,
      0.06451166287454661,
      0.2416584485230796
    ],
    [
      0.1246775290341999,
      0.21872533524369708,
      1.2220265006829896,
      0.6540269953851586,
      0.6022964726180299,
      0.06451166214896403,
      0.2416584468425968
    ],
    [
      0.12467777371710596,
      0.2187255026341742,
      1.2220262649095786,
      0.6540270329316326,
      0.6022964155815207,
      0.06451162381358568,
      0.24165850922725357
    ],
    [
      0.1246773636576986,
      0.21872529297266882,
      1.2220264791600768,
      0.6540270291156778,
      0.6022964879706345,
      0.06451155191779255,
      0.2416584816481254
    ],
    [
      0.124677520100534,
      0.21872532991273833,
      1.222026506958176,
      0.6540269939797536,
      0.602296467934403,
      0.06451167100630317,
      0.24165844099081515
    ],
    [
      0.1246775301686706,
      0.2187253285668137,
      1.2220265003608501,
      0.654026992851306,
      0.6022964696206058,
      0.06451166943282267,
      0.24165844144322018
    ],
    [
      0.12467767483544964,
      0.21872558927053384,
      1.2220267727077803,
      0.6540271101976494,
      0.6022966122978629,
      0.06451164338783184,
      0.24165872889533416
    ],
    [
      0.12467753148950825,
      0.21872530592807798,
      1.2220265038541729,
      0.6540270010093601,
      0.6022964674071278,
      0.06451164661004186,
      0.24165844586914287
    ],
    [
      0.12467763547575937,
      0.2187254097113712,
      1.222026109826543,
      0.6540270591728283,
      0.6022967667188954,
      0.06451198634137106,
      0.24165825656796036
    ],
    [
      0.12467841607140756,
      0.21872595470845876,
      1.2220272360194255,
      0.6540275736393653,
      0.602296310949899,
      0.0645115416691656,
      0.2416606514026901
    ],
    [
      0.12467740882061588,
      0.21872731366588186,
      1.2220247465663217,
      0.6540243464991844,
      0.6022973652451628,
      0.06451174619151342,
      0.24165514021108533
    ],
    [
      0.12467758668766653,
      0.2187256274331171,
      1.2220266549553436,
      0.6540277243818036,
      0.6022966920267075,
      0.06451204157164492,
      0.24165808594007823
    ],
    [
      0.1246788984205253,
      0.21872546388015482,
      1.2220273717842616,
      0.6540278835956985,
      0.6022953746822882,
      0.0645107901171615,
      0.24165849694603853
    ]
  ]
}