{
    "participantID": "ml",
    "modelType": "switchingFree_LapseFree_sharedPrior",
    "fittedParams": [
        0.2487651330083718,
        0.27569950160294737,
        0.37152225048088394,
        0.30721113197515704,
        1.3274855993843624,
        0.001009298184838664,
        0.14282398982826225,
        0.9299099215267916
    ],
    "AIC": 2510.373544874032,
    "BIC": 2532.3498528646096,
    "logLikelihood": -1250.186772437016,
    "n_conditions": 599
}