{
    "participantID": "mt",
    "modelType": "lognorm_LapseFree_sharedPrior",
    "fittedParams": [
        0.032721803495229546,
        0.15576154849977908,
        0.3718890945007365,
        0.7982787610074273,
        0.46007481075666873,
        0.14598556138063035,
        0.21001085452070584,
        0.5957054038783781,
        2.1428683373655852
    ],
    "AIC": 2209.9903735016615,
    "BIC": 2244.9151703792677,
    "logLikelihood": -1095.9951867508307,
    "n_conditions": 358
}