{
    "participantID": "LN01",
    "dataName": "LN01_all.csv",
    "n_params": 42,
    "n_conditions": 325,
    "n_trials": 1013,
    "parameters": [
        0.25,
        -1.0,
        0.8761028864041138,
        0.0,
        -0.5752818115314197,
        0.7225453453689953,
        0.25,
        -0.6598186851648438,
        0.606462139105843,
        0.0,
        -0.4050804553695022,
        0.884487145467653,
        0.0,
        -0.2578300105906387,
        0.7722055572224777,
        0.0,
        -0.5066667902095042,
        1.1639473201502228,
        0.0,
        -0.14693885270816726,
        0.980886410527463,
        0.03550721311800751,
        -0.394214275570091,
        0.19971843257045782,
        0.0,
        -0.35977197591897103,
        0.5208977369707051,
        0.0,
        -0.22978831981824774,
        0.4238484936512775,
        0.0,
        -0.3967492451479626,
        0.6611323023226835,
        0.0,
        -0.2792318292360639,
        0.38185799566220213,
        0.0,
        -0.1932367912152944,
        0.36867763668839293,
        0.0,
        -0.30208374442789193,
        0.6139058390283927
    ],
    "log_likelihood": -490.76515458956095,
    "AIC": 1065.530309179122,
    "BIC": 1224.4509668369708,
    "success": true,
    "message": "CONVERGENCE: REL_REDUCTION_OF_F_<=_FACTR*EPSMCH",
    "uniqueSensory": [
        1.2,
        0.1
    ],
    "uniqueStandard": [
        0.5
    ],
    "uniqueConflict": [
        -0.25,
        -0.17,
        -0.08,
        0.0,
        0.08,
        0.17,
        0.25
    ],
    "nStart": 1
}