{
    "participantID": "LN01",
    "dataName": "LN01_all.csv",
    "n_params": 42,
    "n_conditions": 325,
    "n_trials": 1013,
    "parameters": [
        0.25,
        -2.0,
        1.898322713155354,
        0.0,
        -0.43598403530616736,
        0.6459865539077907,
        0.25,
        -0.36416621774291896,
        0.19914901577982924,
        0.0,
        -0.24722587403385587,
        0.7211010060300348,
        0.0,
        -0.16166333433399085,
        0.6247909500771605,
        0.25,
        -0.4056084555048583,
        0.7383630744125785,
        0.0,
        -0.04774217639804168,
        0.8845627209160902,
        0.03605190011446803,
        -0.31992229566635244,
        0.14007301428785268,
        0.0,
        -0.27044081975880985,
        0.5008991701276613,
        0.11865236559217032,
        -0.19888719458499746,
        0.1958249866644981,
        0.0,
        -0.2680140792778336,
        0.5697439690034414,
        0.0,
        -0.21204288572635996,
        0.33879385768743636,
        0.0,
        -0.1535311869598689,
        0.395784612584954,
        0.25,
        -0.2888504993299578,
        0.16789131914468997
    ],
    "log_likelihood": -494.9739250465252,
    "AIC": 1073.9478500930504,
    "BIC": 1232.8685077508994,
    "success": true,
    "message": "CONVERGENCE: REL_REDUCTION_OF_F_<=_FACTR*EPSMCH",
    "uniqueSensory": [
        1.2,
        0.1
    ],
    "uniqueStandard": [
        0.5
    ],
    "uniqueConflict": [
        -0.25,
        -0.17,
        -0.08,
        0.0,
        0.08,
        0.17,
        0.25
    ],
    "nStart": 1
}