{
    "participantID": "LN01",
    "dataName": "LN01_all",
    "n_params": 42,
    "n_conditions": 324,
    "n_trials": 1013,
    "parameters": [
        0.25,
        -2.0,
        1.7803128130780388,
        0.0,
        -0.5753654103645733,
        0.7226592039422849,
        0.25,
        -0.658950301521562,
        0.6053660566637408,
        0.0,
        -0.40501267714117495,
        0.8845181788026981,
        0.0,
        -0.2578515417694399,
        0.7722632673865468,
        0.0,
        -0.5062895557448457,
        1.163096256241823,
        0.0,
        -0.1469517108341193,
        0.9814172933943505,
        0.03551169708723977,
        -0.39426926162548503,
        0.1997125932616365,
        0.0,
        -0.35979981436236,
        0.5209319217088665,
        0.0,
        -0.22974673392596817,
        0.4237956983872943,
        0.0,
        -0.39665667311252256,
        0.6609725210267624,
        0.0,
        -0.2792385342822263,
        0.381847235664277,
        0.0,
        -0.1933079626376559,
        0.36865434385409074,
        0.0,
        -0.30210664682722155,
        0.6139341586619028
    ],
    "log_likelihood": -490.1995014788124,
    "AIC": 1064.3990029576248,
    "BIC": 1223.1902306209026,
    "success": true,
    "message": "CONVERGENCE: RELATIVE REDUCTION OF F <= FACTR*EPSMCH",
    "uniqueSensory": [
        1.2,
        0.1
    ],
    "uniqueStandard": [
        0.5
    ],
    "uniqueConflict": [
        -0.25,
        -0.17,
        -0.08,
        0.0,
        0.08,
        0.17,
        0.25
    ],
    "nStart": 1
}