{
    "participantID": "LN01",
    "dataName": "LN01_all",
    "n_params": 42,
    "n_conditions": 325,
    "n_trials": 1013,
    "parameters": [
        0.25,
        -2.0,
        1.9177995092968174,
        0.0,
        -0.2177612438113356,
        0.32422298293839164,
        0.25,
        -0.18211285166190277,
        0.09967112039113249,
        0.0,
        -0.12334279467313766,
        0.36140786415018183,
        0.0,
        -0.08038225610268764,
        0.313966585976454,
        0.25,
        -0.20106466333147918,
        0.36632145962806517,
        0.0,
        -0.02398894358560204,
        0.4432025647791988,
        0.036166792504399706,
        -0.15931113421832008,
        0.07136829005200021,
        0.0,
        -0.13442159106823334,
        0.2485523416783743,
        0.11893917155241589,
        -0.0986461475719844,
        0.100942039717745,
        0.0,
        -0.13496049773847918,
        0.2881604312871623,
        0.0,
        -0.10515477735855473,
        0.17025786758579775,
        0.0,
        -0.07695023891294994,
        0.19875754939708407,
        0.25,
        -0.14361114718587698,
        0.08473163236412254
    ],
    "log_likelihood": -495.3437560498979,
    "AIC": 1074.6875120997956,
    "BIC": 1233.6081697576446,
    "success": true,
    "message": "CONVERGENCE: REL_REDUCTION_OF_F_<=_FACTR*EPSMCH",
    "uniqueSensory": [
        1.2,
        0.1
    ],
    "uniqueStandard": [
        0.5
    ],
    "uniqueConflict": [
        -0.25,
        -0.17,
        -0.08,
        0.0,
        0.08,
        0.17,
        0.25
    ],
    "nStart": 1
}