{
    "participantID": "oy",
    "dataName": "oy_all",
    "n_params": 42,
    "n_conditions": 392,
    "n_trials": 2171,
    "parameters": [
        0.25,
        -0.09107407214665329,
        0.1691302580261206,
        0.2150390820919095,
        -0.02493925571774204,
        0.19936542844739735,
        0.25,
        -0.010141125778272832,
        0.1259478887048623,
        0.0,
        0.08376378442270793,
        0.3421919984167839,
        0.25,
        -0.02846925978354145,
        0.09533020467549332,
        0.11025524528926864,
        0.05366706644410597,
        0.27957137310731855,
        0.25,
        0.038026100632758714,
        0.251170472105111,
        0.25,
        0.011656375627837605,
        0.12451648870860993,
        0.07282620307529437,
        0.016217043662519092,
        0.13213801581074847,
        0.1292077494539408,
        0.037794326294447005,
        0.19469605834672538,
        0.0,
        0.009919477329143604,
        0.2283285124322227,
        0.0,
        0.07626148829101825,
        0.28559257178343866,
        0.016192547455764535,
        -0.0010005382122911268,
        0.23655531358619342,
        0.0,
        0.04791687862202745,
        0.2713991322526029
    ],
    "log_likelihood": -1142.7457669847606,
    "AIC": 2369.4915339695212,
    "BIC": 2536.2845312407208,
    "success": true,
    "message": "CONVERGENCE: REL_REDUCTION_OF_F_<=_FACTR*EPSMCH",
    "uniqueSensory": [
        1.2,
        0.1
    ],
    "uniqueStandard": [
        0.5
    ],
    "uniqueConflict": [
        -0.25,
        -0.17,
        -0.08,
        0.0,
        0.08,
        0.17,
        0.25
    ],
    "nStart": 1
}