{
    "participantID": "oy",
    "dataName": "oy_all.csv",
    "n_params": 42,
    "n_conditions": 392,
    "n_trials": 2171,
    "parameters": [
        0.25,
        -0.22705427638200865,
        0.3746503159292456,
        0.11412583926031944,
        -0.08355998808745685,
        0.5136973127185291,
        0.18158927001581482,
        -0.04227323853556261,
        0.32535227567143926,
        0.0,
        0.08625986684946643,
        0.6978605346988976,
        0.25,
        -0.055411382112118275,
        0.24361968493071906,
        0.12686245353804565,
        0.05498993296300487,
        0.5356204034420567,
        0.12652018689919525,
        0.034246168167446925,
        0.6672459331445783,
        0.25,
        0.002836082846242516,
        0.2507619248014542,
        0.08977187570475273,
        0.0033687081000542338,
        0.2469191527655527,
        0.0,
        0.03704405726893321,
        0.4866283688952701,
        0.0,
        -0.03603982369992874,
        0.47088058977635044,
        0.0,
        0.07951657818560855,
        0.5325115948604343,
        0.0,
        -0.060109688044221225,
        0.4999586463249514,
        0.0,
        0.03663473376223105,
        0.5446579156332134
    ],
    "log_likelihood": -1136.8567665635253,
    "AIC": 2357.7135331270506,
    "BIC": 2524.50653039825,
    "success": true,
    "message": "CONVERGENCE: REL_REDUCTION_OF_F_<=_FACTR*EPSMCH",
    "uniqueSensory": [
        1.2,
        0.1
    ],
    "uniqueStandard": [
        0.5
    ],
    "uniqueConflict": [
        -0.25,
        -0.17,
        -0.08,
        0.0,
        0.08,
        0.17,
        0.25
    ],
    "nStart": 1
}