{
    "participantID": "oy",
    "dataName": "oy_all",
    "n_params": 42,
    "n_conditions": 674,
    "n_trials": 2171,
    "parameters": [
        0.25,
        -0.22706475044319413,
        0.37469990023359134,
        0.11407890489449636,
        -0.08356553367969453,
        0.5137709727768311,
        0.18164991640728645,
        -0.04227181032869424,
        0.32529949732655805,
        0.0,
        0.08626340351075618,
        0.6978529090178661,
        0.25,
        -0.055417684525183766,
        0.2435999738897845,
        0.12682890969351557,
        0.05499955134753784,
        0.5356506121092826,
        0.12654428848018964,
        0.03422804255060978,
        0.6673150848992918,
        0.25,
        0.002809244583934903,
        0.25076932395649965,
        0.08977204007135765,
        0.0033716169235492475,
        0.24692437992349286,
        0.0,
        0.03704413529552711,
        0.4866203867357116,
        0.0,
        -0.036040178715038874,
        0.47088232210887493,
        0.0,
        0.07951452048648353,
        0.5325208713232858,
        0.0,
        -0.060106389282425635,
        0.4999458424895408,
        0.0,
        0.036632639633466135,
        0.5446934502593255
    ],
    "log_likelihood": -1136.8567670523735,
    "AIC": 2357.713534104747,
    "BIC": 2547.2691987630637,
    "success": true,
    "message": "CONVERGENCE: RELATIVE REDUCTION OF F <= FACTR*EPSMCH",
    "uniqueSensory": [
        1.2,
        0.1
    ],
    "uniqueStandard": [
        0.5
    ],
    "uniqueConflict": [
        -0.25,
        -0.17,
        -0.08,
        0.0,
        0.08,
        0.17,
        0.25
    ],
    "nStart": 1
}