{
    "participantID": "oy",
    "dataName": "oy_all.csv",
    "n_params": 42,
    "n_conditions": 392,
    "n_trials": 2171,
    "parameters": [
        0.25,
        -0.1829182367113036,
        0.33766111522164854,
        0.21717612020703098,
        -0.050585757039886436,
        0.39579013434340476,
        0.25,
        -0.0194844096511187,
        0.2519780251155908,
        0.0,
        0.16582730360072778,
        0.6782736646703723,
        0.25,
        -0.05766832256307333,
        0.19017152194253165,
        0.10729342112236,
        0.10659025737544249,
        0.5592316859280901,
        0.25,
        0.07629037291923342,
        0.5027268848771242,
        0.25,
        0.02325558856490503,
        0.25122061264236606,
        0.07342083682811952,
        0.03233371784832297,
        0.2632884482992471,
        0.1243433136099284,
        0.0745502230959509,
        0.3920358555632486,
        0.0,
        0.019581161689583133,
        0.4565645374335322,
        0.0,
        0.15198502413113943,
        0.5705833606635212,
        0.015310237857363412,
        -0.002489889480641643,
        0.47159812275017265,
        0.0,
        0.09521276772058698,
        0.5433093346264818
    ],
    "log_likelihood": -1142.8077628464716,
    "AIC": 2369.6155256929433,
    "BIC": 2536.408522964143,
    "success": true,
    "message": "CONVERGENCE: REL_REDUCTION_OF_F_<=_FACTR*EPSMCH",
    "uniqueSensory": [
        1.2,
        0.1
    ],
    "uniqueStandard": [
        0.5
    ],
    "uniqueConflict": [
        -0.25,
        -0.17,
        -0.08,
        0.0,
        0.08,
        0.17,
        0.25
    ],
    "nStart": 1
}