{
    "participantID": "mt",
    "modelType": "switchingFree_LapseFix_sharedPrior",
    "fittedParams": [
        0.09632305900603533,
        0.15661175390839566,
        0.1283841135326027,
        0.09971614778041832,
        0.4185125240197777,
        0.5035036399960517
    ],
    "AIC": 2207.7413906144625,
    "BIC": 2231.024588532867,
    "logLikelihood": -1097.8706953072312,
    "n_conditions": 358
}