{
    "participantID": "mt",
    "modelType": "lognorm_LapseFree_sharedPrior",
    "fittedParams": [
        0.060016318320364956,
        0.14157681437677516,
        0.2453356109792027,
        0.5629474043883376,
        0.47401674918523495,
        0.1817284507244998,
        0.2952600967375416
    ],
    "AIC": 2207.909712458959,
    "BIC": 2235.073443363764,
    "logLikelihood": -1096.9548562294794,
    "n_conditions": 358
}