{
    "participantID": "mt",
    "modelType": "logLinearMismatch_LapseFree_sharedPrior",
    "fittedParams": [
        0.03431025369927725,
        0.15247623596975055,
        0.44362033839530807,
        0.9835950285297385,
        0.6618428426543371,
        0.14408820996323837,
        0.22870717732181922
    ],
    "AIC": 2205.7075607704487,
    "BIC": 2232.871291675254,
    "logLikelihood": -1095.8537803852244,
    "n_conditions": 358
}