{
    "participantID": "mt",
    "modelType": "switchingFree_LapseFree_sharedPrior",
    "fittedParams": [
        0.037807366781214546,
        0.14188179661953804,
        0.10412509952956994,
        0.0942598187979456,
        0.3805087768823714,
        0.14866814393911892,
        0.2204094619702848,
        0.4939409861923195
    ],
    "AIC": 2198.6407284071065,
    "BIC": 2229.684992298312,
    "logLikelihood": -1091.3203642035533,
    "n_conditions": 358
}