{
    "participantID": "sx",
    "dataName": "sx_all",
    "n_params": 42,
    "n_conditions": 452,
    "n_trials": 2071,
    "parameters": [
        0.0,
        -0.9703615783208006,
        0.7188817525342178,
        0.0,
        -0.3138074469794241,
        0.3674635918088862,
        0.0,
        -0.0323894363053093,
        0.41894051700871837,
        0.0,
        -0.021675616098068118,
        0.2894274802926514,
        0.18428497096697566,
        0.22522168664131895,
        0.28541596246510736,
        0.11674895822953935,
        0.26733328596673966,
        0.4598191802367526,
        0.0,
        0.25835824283177133,
        0.33674461098855696,
        0.0,
        -0.8459346291765533,
        0.7466952853511312,
        0.0,
        -0.09081600414813173,
        0.30673748607022994,
        0.0,
        0.03306396455362559,
        0.43051676828910485,
        0.12656380421372743,
        0.05400800545067973,
        0.23781835127112144,
        0.09367721901093042,
        0.08039615562207397,
        0.2546535601257803,
        0.0,
        0.12137322846705266,
        0.39599087869228,
        0.0,
        0.09615886980376627,
        0.20522072169405434
    ],
    "log_likelihood": -1012.8092986121882,
    "AIC": 2109.6185972243766,
    "BIC": 2282.39324877733,
    "success": true,
    "message": "CONVERGENCE: RELATIVE REDUCTION OF F <= FACTR*EPSMCH",
    "uniqueSensory": [
        1.2,
        0.1
    ],
    "uniqueStandard": [
        0.5
    ],
    "uniqueConflict": [
        -0.25,
        -0.17,
        -0.08,
        0.0,
        0.08,
        0.17,
        0.25
    ],
    "nStart": 1
}