{
    "participantID": "sx",
    "dataName": "sx_all.csv",
    "n_params": 42,
    "n_conditions": 445,
    "n_trials": 2071,
    "parameters": [
        0.0,
        -0.9703297848127986,
        0.7187960675566637,
        0.0,
        -0.31381519217716786,
        0.3674798399853804,
        0.0,
        -0.03238485524565746,
        0.41896802633654723,
        0.0,
        -0.021665458651342916,
        0.28942780372733523,
        0.1846941732107994,
        0.2249690719515573,
        0.2845835823232962,
        0.11676842323820356,
        0.26738884021940634,
        0.45986813440433194,
        0.0,
        0.25833212055848315,
        0.33667139264394175,
        0.0,
        -0.846114325811834,
        0.7469317240550676,
        0.0,
        -0.09081705244698615,
        0.30673588242922956,
        0.0,
        0.03305082516171046,
        0.4304879468027103,
        0.12639499675970958,
        0.05399673336565948,
        0.23789347631427446,
        0.09366234768282272,
        0.08039853582807169,
        0.25467570186558225,
        0.0,
        0.12136742353842757,
        0.3959834863610044,
        0.0,
        0.09618083272479895,
        0.2052561415237559
    ],
    "log_likelihood": -1012.8092915291106,
    "AIC": 2109.6185830582212,
    "BIC": 2281.737702909203,
    "success": true,
    "message": "CONVERGENCE: REL_REDUCTION_OF_F_<=_FACTR*EPSMCH",
    "uniqueSensory": [
        1.2,
        0.1
    ],
    "uniqueStandard": [
        0.5
    ],
    "uniqueConflict": [
        -0.25,
        -0.17,
        -0.08,
        0.0,
        0.08,
        0.17,
        0.25
    ],
    "nStart": 1
}