{
    "participantID": "sx",
    "dataName": "sx_all.csv",
    "n_params": 42,
    "n_conditions": 445,
    "n_trials": 2071,
    "parameters": [
        0.0,
        -0.6233773442973789,
        0.4499002004911376,
        0.0,
        -0.2755574493915512,
        0.3378708171638469,
        0.0,
        -0.003644898021465259,
        0.39513479135748497,
        0.0,
        -0.002652739619563658,
        0.28927984853595845,
        0.24784692550055418,
        0.1988595079714137,
        0.1511315490543865,
        0.035619976353046645,
        0.35836679850020137,
        0.6124392549813683,
        0.0,
        0.2924215992645232,
        0.35310189492431626,
        0.0,
        -0.5598826838875474,
        0.4940000441690416,
        0.0,
        -0.06903495624237067,
        0.3006842634680559,
        0.0,
        0.05951609614177549,
        0.4096845545628783,
        0.14455999896584307,
        0.06900119689090263,
        0.22992195281846262,
        0.0,
        0.09403801396504431,
        0.3612491073035242,
        0.0,
        0.15420758790149497,
        0.39570100128922214,
        0.0,
        0.11259539381155578,
        0.2120626281735075
    ],
    "log_likelihood": -1010.229397239274,
    "AIC": 2104.458794478548,
    "BIC": 2276.5779143295304,
    "success": true,
    "message": "CONVERGENCE: REL_REDUCTION_OF_F_<=_FACTR*EPSMCH",
    "uniqueSensory": [
        1.2,
        0.1
    ],
    "uniqueStandard": [
        0.5
    ],
    "uniqueConflict": [
        -0.25,
        -0.17,
        -0.08,
        0.0,
        0.08,
        0.17,
        0.25
    ],
    "nStart": 1
}