{
    "participantID": "sx",
    "dataName": "sx_all",
    "n_params": 42,
    "n_conditions": 445,
    "n_trials": 2071,
    "parameters": [
        0.0,
        -0.31102050314427393,
        0.22429485551692907,
        0.0,
        -0.1353465308480556,
        0.1684869206677471,
        0.0,
        -0.0015493914444969672,
        0.1997376476365027,
        0.0,
        0.0006547958667240338,
        0.14537071601990809,
        0.2472304089250611,
        0.09926246569460986,
        0.07584154962498925,
        0.028862819779683448,
        0.18110814403685754,
        0.3127110058437161,
        0.0,
        0.1481215212053895,
        0.17663578274214123,
        0.0,
        -0.2796895649030884,
        0.2464252594061839,
        0.0,
        -0.032351129685801054,
        0.15089257944253398,
        0.0,
        0.03017443442213133,
        0.20521402860342036,
        0.14486890516782408,
        0.03654407842410871,
        0.11525605223364653,
        0.0,
        0.046806708991716614,
        0.18015667625101664,
        0.0,
        0.07664408481460891,
        0.19688116287110924,
        0.0,
        0.058329952221339555,
        0.1068393761871322
    ],
    "log_likelihood": -1010.7496683581869,
    "AIC": 2105.499336716374,
    "BIC": 2277.6184565673557,
    "success": true,
    "message": "CONVERGENCE: REL_REDUCTION_OF_F_<=_FACTR*EPSMCH",
    "uniqueSensory": [
        1.2,
        0.1
    ],
    "uniqueStandard": [
        0.5
    ],
    "uniqueConflict": [
        -0.25,
        -0.17,
        -0.08,
        0.0,
        0.08,
        0.17,
        0.25
    ],
    "nStart": 1
}