{
    "participantID": "sx",
    "modelType": "selection_LapseFree_sharedPrior",
    "fittedParams": [
        0.001000019025802601,
        0.17447016703405704,
        0.43060209250750653,
        0.9999999523162842,
        0.44131866044697843,
        0.001000019025802601,
        0.001000019025802601
    ],
    "AIC": 2322.01044312538,
    "BIC": 2339.235544273172,
    "logLikelihood": -1157.00522156269,
    "n_conditions": 548
}