{
    "participantID": "ln1",
    "modelType": "switchingFree_LapseFree_sharedPrior",
    "fittedParams": [
        0.0011327650234103093,
        0.2246649476147582,
        0.7199796428027143,
        0.39467470347881317,
        1.4267519584938533,
        0.0010123329748865095,
        0.0010023030975600533,
        0.8405265027424321
    ],
    "AIC": 1182.6093541314865,
    "BIC": 1212.9534629985596,
    "logLikelihood": -583.3046770657432,
    "n_conditions": 328
}