{
  "participantID": "ln1",
  "best_params": [
    0.124972696350368,
    0.445288444902487,
    0.8007312624146625,
    0.803248171161862,
    4.0781349271598835,
    0.0026816229926142077,
    0.05437001320294194
  ],
  "boot_mean": [
    0.12497287262946466,
    0.4452883978538624,
    0.8007313106525913,
    0.803248085503844,
    4.078135101618498,
    0.0026816083070165396,
    0.0543701741732872
  ],
  "boot_std": [
    7.165745242781304e-07,
    1.1161384782555749e-06,
    1.0085694235840194e-06,
    1.4258186927954743e-06,
    7.201665540606175e-07,
    5.045607706172044e-07,
    5.571909985560322e-07
  ],
  "ci_low": [
    0.1249716729427259,
    0.4452863740772425,
    0.8007292523710231,
    0.8032448977725748,
    4.078133833672442,
    0.002680555586106025,
    0.05436948807279282
  ],
  "ci_high": [
    0.12497447209927666,
    0.44529076102668236,
    0.8007333620361003,
    0.8032506853053557,
    4.078136629983821,
    0.002682587427556578,
    0.05437144903878052
  ],
  "n_successful": 20,
  "boot_samples": [
    [
      0.12497269631587708,
      0.4452884448861222,
      0.8007312624047456,
      0.8032481711613034,
      4.078134927149738,
      0.0026816229766528673,
      0.054370013187825604
    ],
    [
      0.12497431484908032,
      0.4452870109935589,
      0.8007319589807406,
      0.803245026483249,
      4.078136692391317,
      0.0026816468744183686,
      0.054370112602275825
    ],
    [
      0.12497239457175095,
      0.4452875955747429,
      0.8007301043532896,
      0.8032468360859611,
      4.078133781961163,
      0.0026816876973405433,
      0.054369519020579675
    ],
    [
      0.1249711655759406,
      0.44529193765170744,
      0.800733278059286,
      0.8032502127740366,
      4.078136561007114,
      0.0026800748781303048,
      0.05437093838211959
    ],
    [
      0.12497343331691473,
      0.445288764279852,
      0.8007315452443873,
      0.8032487029088928,
      4.078135256842424,
      0.002682049992023147,
      0.05437050607416724
    ],
    [
      0.124972696350368,
      0.445288444902487,
      0.8007312624146625,
      0.803248171161862,
      4.0781349271598835,
      0.0026816229926142077,
      0.05437001320294194
    ],
    [
      0.12497270718398899,
      0.44528787382438906,
      0.8007311130921118,
      0.8032478279052758,
      4.0781348302747835,
      0.0026816992053212466,
      0.05436985678274871
    ],
    [
      0.12497264032391187,
      0.445288308766354,
      0.800731070977898,
      0.8032478867079839,
      4.078135505495148,
      0.0026817795258933133,
      0.054369460072414236
    ],
    [
      0.124973203955392,
      0.4452890452172536,
      0.8007312531785609,
      0.8032509802714894,
      4.07813567662178,
      0.002681422359011722,
      0.054371897859990886
    ],
    [
      0.124972696350368,
      0.445288444902487,
      0.8007312624146625,
      0.803248171161862,
      4.0781349271598835,
      0.0026816229926142077,
      0.05437001320294194
    ],
    [
      0.124972696350368,
      0.445288444902487,
      0.8007312624146625,
      0.803248171161862,
      4.0781349271598835,
      0.0026816229926142077,
      0.05437001320294194
    ],
    [
      0.12497373218803802,
      0.4452857978196229,
      0.8007284815299249,
      0.80324478132006,
      4.078133890827015,
      0.0026810868949212947,
      0.054369606701817834
    ],
    [
      0.12497268485119485,
      0.44528846976872805,
      0.8007312523719161,
      0.8032481524053835,
      4.078134919999042,
      0.002681592707314079,
      0.05437002974899271
    ],
    [
      0.12497461437326383,
      0.4452874667658066,
      0.8007334380151229,
      0.8032503592901553,
      4.078135617803512,
      0.0026828173884127556,
      0.05436998519616459
    ],
    [
      0.12497264196415073,
      0.44528837037424657,
      0.8007311556208248,
      0.8032481656938654,
      4.078134847531182,
      0.002681642798313191,
      0.054369920526503586
    ],
    [
      0.12497223371654123,
      0.44528874314924455,
      0.8007314722192934,
      0.8032481617556734,
      4.0781350763567055,
      0.0026815477959113267,
      0.05437001559349096
    ],
    [
      0.12497288311233784,
      0.44528865062148243,
      0.8007308723135231,
      0.8032477419291062,
      4.0781341965008515,
      0.002681493679338284,
      0.054370668739697176
    ],
    [
      0.12497254470748329,
      0.4452882375257793,
      0.8007305537144789,
      0.803247812239777,
      4.07813476195434,
      0.002681176352194764,
      0.05436994728798935
    ],
    [
      0.12497269629159086,
      0.44528844460450545,
      0.8007312622299527,
      0.8032481710919948,
      4.078134926900271,
      0.002681622776996463,
      0.05437001310690808
    ],
    [
      0.1249727762407318,
      0.44528946054639146,
      0.8007323515017826,
      0.8032482065670853,
      4.078135781273906,
      0.0026823332602944868,
      0.05437095297323223
    ]
  ]
}