{
    "participantID": "default",
    "modelType": "lognorm",
    "fittedParams": [
        0.016769113540649416,
        0.157401105761528,
        0.3338329136371612,
        0.6614916153669358,
        0.6013063716888427,
        0.1340357404947281,
        0.23257359802722932
    ],
    "AIC": 2199.4638932195594,
    "BIC": 2226.6276241243645,
    "logLikelihood": -1092.7319466097797,
    "n_conditions": 358
}