{
  "participantID": "sx",
  "best_params": [
    0.0010001342422045756,
    0.33921005301171236,
    0.33691544867392487,
    0.9999998213947973,
    1.0647684782979108,
    0.08869125069778204,
    0.1663210916604338
  ],
  "boot_mean": [
    0.0010002536559520644,
    0.33921025448978676,
    0.33691530996177466,
    0.999999632966289,
    1.064768519338169,
    0.0886911880895257,
    0.1663211359476075
  ],
  "boot_std": [
    4.1620305527918947e-07,
    6.641367729692957e-07,
    5.887196324997628e-07,
    5.428643324085977e-07,
    2.4622765288918227e-07,
    4.07336860625088e-07,
    2.066981521355136e-07
  ],
  "ci_low": [
    0.0009998401840005577,
    0.3392100210484484,
    0.33691372885479653,
    0.9999980955920639,
    1.0647681812409497,
    0.08869012391027367,
    0.1663208246622543
  ],
  "ci_high": [
    0.0010014207362237372,
    0.3392119625180033,
    0.3369157033932646,
    0.999999937442463,
    1.0647691580839536,
    0.08869181163890223,
    0.16632167768307843
  ],
  "n_successful": 20,
  "boot_samples": [
    [
      0.0010001342451832337,
      0.3392100530151672,
      0.33691544867763157,
      0.999999821396653,
      1.0647684783023046,
      0.08869125070046445,
      0.16632109166276615
    ],
    [
      0.0010011567545424296,
      0.33921015193288334,
      0.3369146472166016,
      0.999998564834991,
      1.0647693302955692,
      0.0886921188315743,
      0.16632180153856194
    ],
    [
      0.0010001609511873966,
      0.3392100181329314,
      0.3369155612560007,
      0.9999998780051937,
      1.0647684877361516,
      0.08869132124446538,
      0.1663212720322153
    ],
    [
      0.0010001358226101433,
      0.3392100529461178,
      0.33691545089736286,
      0.999999822176759,
      1.0647684788219525,
      0.08869125087007092,
      0.166321093333918
    ],
    [
      0.0010001342422045756,
      0.33921005301171236,
      0.33691544867392487,
      0.9999998213947973,
      1.0647684782979108,
      0.08869125069778204,
      0.1663210916604338
    ],
    [
      0.001000134242204574,
      0.33921005301171236,
      0.33691544867392487,
      0.9999998213947973,
      1.0647684782979108,
      0.08869125069778204,
      0.1663210916604338
    ],
    [
      0.0010001331097126104,
      0.3392100607448495,
      0.336915453981642,
      0.9999998346913642,
      1.0647684621789415,
      0.08869126011733318,
      0.16632108912929786
    ],
    [
      0.0010001236034291254,
      0.3392100504042298,
      0.33691542535034735,
      0.9999997412324337,
      1.0647684379945326,
      0.08869120988433984,
      0.16632109063483957
    ],
    [
      0.001001659576792539,
      0.3392130638255524,
      0.33691289795602053,
      0.9999976710389392,
      1.0647689677447996,
      0.08869005058459281,
      0.1663207449757993
    ],
    [
      0.0009996031313624601,
      0.3392107452833438,
      0.33691552483036774,
      0.9999992215205412,
      1.0647679608646328,
      0.08869020495444725,
      0.16632091273675723
    ],
    [
      0.001000425414163465,
      0.3392103303969732,
      0.3369158319936463,
      0.9999999912190399,
      1.064768554084209,
      0.08869147211015942,
      0.1663215407901756
    ],
    [
      0.001000135989036297,
      0.33921006997671316,
      0.33691549119107905,
      0.99999983709806,
      1.0647684248147737,
      0.0886910397145494,
      0.16632114599792705
    ],
    [
      0.0010001021895479287,
      0.33921002427086194,
      0.3369154489542273,
      0.9999998336592115,
      1.064768453551034,
      0.08869123289888473,
      0.1663211105296495
    ],
    [
      0.0010002279759663425,
      0.3392100531631072,
      0.3369154301453744,
      0.9999998690116577,
      1.064768521365611,
      0.0886913443442215,
      0.16632109370487863
    ],
    [
      0.0010001323606170086,
      0.3392100520701389,
      0.33691544824434255,
      0.9999998214561518,
      1.064768478287104,
      0.0886912505930942,
      0.16632109222454963
    ],
    [
      0.001000136541657095,
      0.33921004556256684,
      0.3369154464973052,
      0.9999998236159852,
      1.0647684809342863,
      0.08869125075560923,
      0.1663210896982069
    ],
    [
      0.0010001342422045756,
      0.33921005301171236,
      0.33691544867392487,
      0.9999998213947973,
      1.0647684782979108,
      0.08869125069778204,
      0.1663210916604338
    ],
    [
      0.0010001342422103342,
      0.33921005301173573,
      0.3369154486739196,
      0.9999998213948136,
      1.0647684782979234,
      0.08869125069779747,
      0.1663210916604385
    ],
    [
      0.0010001342422045756,
      0.33921005301171236,
      0.33691544867392487,
      0.9999998213947973,
      1.0647684782979108,
      0.08869125069778204,
      0.1663210916604338
    ],
    [
      0.0010001342422045756,
      0.33921005301171236,
      0.33691544867392487,
      0.9999998213947973,
      1.0647684782979108,
      0.08869125069778204,
      0.1663210916604338
    ]
  ]
}