{
    "participantID": "ln1",
    "modelType": "logLinearMismatch_LapseFree_sharedPrior",
    "fittedParams": [
        0.3461637718709133,
        0.46984907201261983,
        0.13760834590259297,
        0.4601594205335771,
        1.390435667409879,
        0.03355178731556424,
        0.09488716918299032
    ],
    "AIC": 1174.2836517039282,
    "BIC": 1200.8347469626171,
    "logLikelihood": -580.1418258519641,
    "n_conditions": 328
}