{
    "participantID": "mh",
    "model_type": "lognorm_LapseFree_sharedPrior",
    "simulated_file": "simulated_data/mh/mh_lognorm_LapseFree_sharedPrior_simulated.csv",
    "n_params": 42,
    "n_conditions": 471,
    "n_trials": 64920,
    "parameters": [
        0.25,
        -1.0,
        0.7932922669837184,
        0.25,
        -1.0,
        0.5868221102641846,
        0.25,
        -1.0,
        1.0603954212205176,
        0.25,
        -1.0,
        0.9680314359780388,
        0.25,
        -1.0,
        1.343923663167443,
        0.25,
        -1.0,
        2.0,
        0.25,
        -0.6070602828845487,
        1.4456049288372992,
        0.25,
        -1.0,
        0.9777073665402967,
        0.25,
        -1.0,
        0.9136911515946896,
        0.25,
        -1.0,
        1.47201455830947,
        0.25,
        -1.0,
        1.1534783560420483,
        0.25,
        -1.0,
        1.5071818846404326,
        0.25,
        -1.0,
        1.99359286804737,
        0.25,
        -0.3750647470341488,
        1.4204835399755666
    ],
    "log_likelihood": -42292.56327583086,
    "AIC": 84669.12655166171,
    "BIC": 84843.6305916104,
    "success": true,
    "message": "CONVERGENCE: REL_REDUCTION_OF_F_<=_FACTR*EPSMCH",
    "uniqueSensory": [
        0.1,
        1.2
    ],
    "uniqueStandard": [
        0.5
    ],
    "uniqueConflict": [
        -0.25,
        -0.17,
        -0.08,
        0.0,
        0.08,
        0.17,
        0.25
    ],
    "nStart": 1
}