{
    "participantID": "mh",
    "model_type": "lognorm_LapseFree_sharedPrior",
    "simulated_file": "simulated_data/mh/mh_lognorm_LapseFree_sharedPrior_simulated.csv",
    "n_params": 42,
    "n_conditions": 471,
    "n_trials": 64920,
    "parameters": [
        0.25,
        -0.2737473172993158,
        0.5493694267072968,
        0.24624837250076817,
        -0.18616518705889998,
        0.4028497344904781,
        0.0,
        -0.07916079163819563,
        0.6272932649352958,
        0.22166102545329833,
        0.08788910042494374,
        0.44382784668621833,
        0.05025295655297366,
        0.1825660174725742,
        0.6411483923377842,
        0.0,
        0.26231789894694985,
        0.5827774856358214,
        0.04200978641060888,
        0.36368854511010495,
        0.6352256903689242,
        0.25,
        -0.28511082253362124,
        0.6242863653877143,
        0.25,
        -0.1559924734720447,
        0.5491638544454076,
        0.231152531011117,
        -0.09581217133188936,
        0.45034547176383677,
        0.03791408270894112,
        0.09589697386390414,
        0.7029685407184927,
        0.0,
        0.17399702799982641,
        0.7933483261259139,
        0.0,
        0.25174375875011595,
        0.6189409233150646,
        0.0,
        0.41003687995619875,
        0.7956571102756912
    ],
    "log_likelihood": -36545.607888178514,
    "AIC": 73175.21577635703,
    "BIC": 73349.71981630572,
    "success": true,
    "message": "CONVERGENCE: RELATIVE REDUCTION OF F <= FACTR*EPSMCH",
    "uniqueSensory": [
        0.1,
        1.2
    ],
    "uniqueStandard": [
        0.5
    ],
    "uniqueConflict": [
        -0.25,
        -0.17,
        -0.08,
        0.0,
        0.08,
        0.17,
        0.25
    ],
    "nStart": 1
}