{
    "participantID": "as",
    "model_type": "lognorm_LapseFree_sharedPrior",
    "simulated_file": "simulated_data/as/as_lognorm_LapseFree_sharedPrior_simulated.csv",
    "n_params": 42,
    "n_conditions": 419,
    "n_trials": 64680,
    "parameters": [
        0.059687280819704897,
        -0.06044922723384384,
        0.3029058597117849,
        0.059646633218949655,
        -0.026813514050741276,
        0.3189507594017131,
        0.09476007675658664,
        -0.003859151079328275,
        0.3060556330151033,
        0.06408224163531084,
        0.04493794861066534,
        0.32094930691222906,
        0.07445482531420038,
        0.051068388371672775,
        0.29083997562579456,
        0.07974154497271173,
        0.042648408199000856,
        0.3306069614366275,
        0.05380386016719237,
        0.09911720618121261,
        0.3137075133628896,
        0.12815328657223027,
        -0.24801194861079304,
        0.4634496787080482,
        0.1351700873486224,
        -0.1291902305767336,
        0.537219131532099,
        0.047370155389429354,
        -0.0341597835043019,
        0.5933463184121516,
        0.0,
        0.06721914471325138,
        0.6632613590417752,
        0.0,
        0.1424429201826802,
        0.6506058898786391,
        0.0,
        0.19559453020586623,
        0.71787151352519,
        0.0,
        0.25453019066194865,
        0.710435992702896
    ],
    "log_likelihood": -34231.457313451974,
    "AIC": 68546.91462690395,
    "BIC": 68716.50520554068,
    "success": true,
    "message": "CONVERGENCE: RELATIVE REDUCTION OF F <= FACTR*EPSMCH",
    "uniqueSensory": [
        0.1,
        1.2
    ],
    "uniqueStandard": [
        0.5
    ],
    "uniqueConflict": [
        -0.25,
        -0.17,
        -0.08,
        0.0,
        0.08,
        0.17,
        0.25
    ],
    "nStart": 1
}