{
    "participantID": "as",
    "model_type": "lognorm_LapseFree_sharedPrior",
    "simulated_file": "simulated_data/as/as_lognorm_LapseFree_sharedPrior_simulated.csv",
    "n_params": 42,
    "n_conditions": 419,
    "n_trials": 64680,
    "parameters": [
        0.25,
        -1.0,
        2.0,
        0.25,
        -1.0,
        0.5261384073426899,
        0.25,
        -1.0,
        0.3703443606960965,
        0.25,
        -1.0,
        0.5157235023284072,
        0.2381032841956471,
        -1.0,
        1.6524098405795182,
        0.25,
        -1.0,
        0.7201224908222363,
        0.25,
        -1.0,
        0.6439630277720136,
        0.25,
        -1.0,
        2.0,
        0.25,
        -1.0,
        0.64179443523267,
        0.25,
        -1.0,
        1.8284872293278265,
        0.25,
        -1.0,
        1.2877493551321204,
        0.25,
        -1.0,
        2.0,
        0.25,
        -1.0,
        2.0,
        0.25,
        -0.9679076904124784,
        2.0
    ],
    "log_likelihood": -40196.30164512569,
    "AIC": 80476.60329025138,
    "BIC": 80646.19386888812,
    "success": true,
    "message": "CONVERGENCE: REL_REDUCTION_OF_F_<=_FACTR*EPSMCH",
    "uniqueSensory": [
        0.1,
        1.2
    ],
    "uniqueStandard": [
        0.5
    ],
    "uniqueConflict": [
        -0.25,
        -0.17,
        -0.08,
        0.0,
        0.08,
        0.17,
        0.25
    ],
    "nStart": 1
}