{
    "participantID": "HH",
    "modelType": "fusionOnlyLogNorm_LapseFree_sharedPrior",
    "fittedParams": [
        0.04020406814379385,
        0.10211327143222881,
        0.27552617640027616,
        0.4818923068108052,
        0.8271583565454648,
        4.9200426912533635
    ],
    "AIC": 1755.0197414425793,
    "BIC": 1779.2326300377279,
    "logLikelihood": -871.5098707212896,
    "n_conditions": 418
}