{
    "participantID": "HH",
    "modelType": "gaussian",
    "fittedParams": [
        0.0,
        0.1,
        0.1,
        0.7078564924103325,
        0.35967102969996634,
        0.1
    ],
    "AIC": 1831.1219148532678,
    "BIC": 1855.3348034484163,
    "logLikelihood": -909.5609574266339,
    "n_conditions": 418
}