{
    "participantID": "HH",
    "modelType": "lognorm_LapseFree_sharedPrior",
    "fittedParams": [
        4.93979246396492e-10,
        0.11626756968301832,
        0.2878356838942835,
        0.9495422020822473,
        0.5364967274168431,
        2.383860692178885e-09,
        0.058718839962814434,
        0.9999999663288974,
        8.383860692336846
    ],
    "AIC": 1756.388336095441,
    "BIC": 1792.7076689881637,
    "logLikelihood": -869.1941680477205,
    "n_conditions": 418
}