{
    "participantID": "HH",
    "modelType": "lognorm_LapseFree_contextualPrior",
    "fittedParams": [
        0.00017998725175860653,
        0.11989832386374466,
        0.2738072959706187,
        0.15282454239353538,
        0.4381991040706635,
        0.0022094507515430795,
        0.04111205622553829,
        0.9498032255280763,
        0.9596789669245482,
        2.1829715967705545
    ],
    "AIC": 1751.1093544243895,
    "BIC": 1791.464168749637,
    "logLikelihood": -865.5546772121947,
    "n_conditions": 418
}