{
    "participantID": "HH",
    "modelType": "logLinearMismatch_LapseFree_contextualPrior",
    "fittedParams": [
        0.0001526474952697754,
        0.11491968810558317,
        0.2882290166616439,
        0.468108293569088,
        0.7087183475494385,
        0.0020505100488662636,
        0.03807673901319503,
        0.8902272109627724
    ],
    "AIC": 1759.8008590526445,
    "BIC": 1792.0847105128425,
    "logLikelihood": -871.9004295263222,
    "n_conditions": 418
}