{
    "participantID": "HH",
    "modelType": "lognorm",
    "fittedParams": [
        0.024312787703997862,
        0.11333743534996299,
        0.264500381777475,
        0.9184152460714109,
        0.7382451775728259,
        0.264500381777475
    ],
    "AIC": 1753.0870048222116,
    "BIC": 1777.2998934173602,
    "logLikelihood": -870.5435024111058,
    "n_conditions": 418
}