{
    "participantID": "HH",
    "modelType": "probabilityMatching_LapseFree_sharedPrior",
    "fittedParams": [
        1.5028907095163135e-05,
        0.10000007065917871,
        0.14154855183791792,
        0.9163638367646778,
        0.3191098709259086,
        0.0015409007437142963,
        3.6503439145296745e-06,
        0.02893278865246174,
        1.2435672863603893
    ],
    "AIC": 1835.5165668977654,
    "BIC": 1871.8358997904882,
    "logLikelihood": -908.7582834488827,
    "n_conditions": 418
}