{
    "participantID": "HH",
    "modelType": "probabilityMatchingLogNorm_LapseFree_contextualPrior",
    "fittedParams": [
        0.0008182733443550527,
        0.11799087459046975,
        0.2746245466540233,
        0.025545037869170395,
        0.4889977350141635,
        0.0014894725520457897,
        0.05852133611894719,
        0.916488042798882,
        0.906029395640195,
        9.393549757518032
    ],
    "AIC": 1752.6712831167033,
    "BIC": 1793.026097441951,
    "logLikelihood": -866.3356415583517,
    "n_conditions": 418
}