{
    "participantID": "HH",
    "modelType": "probabilityMatching_LapseFree_contextualPrior",
    "fittedParams": [
        1.3292151197719093e-05,
        0.10000002494957694,
        0.10011302500925012,
        0.019461434545610612,
        0.21959426984685704,
        0.00038088387736937013,
        0.00953677315639656,
        0.40703870237887596,
        0.47812464626504153,
        2.631918163594207
    ],
    "AIC": 1817.1686541136094,
    "BIC": 1857.523468438857,
    "logLikelihood": -898.5843270568047,
    "n_conditions": 418
}