{
  "participantID": "qs",
  "modelType": "lognorm",
  "true_params": [
    0.12467752779611727,
    0.21872533302410047,
    1.2220265032224789,
    0.654026997410676,
    0.6022964758239889,
    0.06451166544378002,
    0.24165844644540493
  ],
  "recovered_params_mean": [
    0.12991982570461608,
    0.2238531985153532,
    1.6221956079065476,
    0.5412181903025381,
    0.6151927877385118,
    0.07512026145697284,
    0.23209668246813497
  ],
  "recovered_params_std": [
    0.05284462974287385,
    0.02740983775850933,
    0.48406928375378977,
    0.2625264287759419,
    0.10562709624176796,
    0.04522271560688448,
    0.043135140862643924
  ],
  "recovered_params_median": [
    0.13942078139372083,
    0.22407466743817073,
    2.0,
    0.5548017798528488,
    0.6015630489524925,
    0.06809636631807306,
    0.22472711125103126
  ],
  "n_successful": 50,
  "n_attempted": 50,
  "all_recovered_params": [
    [
      0.07745588153335513,
      0.22371608821591318,
      2.0,
      0.883007130959886,
      0.6359261166309655,
      0.024903538735646928,
      0.1723023597368517
    ],
    [
      0.039408023835867265,
      0.2240392827772586,
      2.0,
      0.7992680968924925,
      0.6553955044082657,
      0.06613255378795213,
      0.22205096508050737
    ],
    [
      0.07079400189392929,
      0.2622799170201806,
      1.1425554611209483,
      0.5412204155304938,
      0.7187040318574576,
      0.11615434207311973,
      0.2620356148278133
    ],
    [
      0.12672198701829523,
      0.2609678930114553,
      0.9433121239639026,
      0.8095887068826996,
      0.5644727283304687,
      0.09539901541777318,
      0.15265902239002171
    ],
    [
      0.18155095700818508,
      0.2137559304061545,
      2.0,
      0.7812180406179173,
      0.677053707856267,
      0.03319257149630718,
      0.2046332961537511
    ],
    [
      0.09961184298697381,
      0.22445953103310493,
      0.8585578971540481,
      0.44063272069594495,
      0.664867845609355,
      0.0801285777408193,
      0.27999103744523274
    ],
    [
      0.14949948423139126,
      0.23473163487456472,
      2.0,
      0.46133736702232814,
      0.49453178074660026,
      0.11225551715483012,
      0.2401043659444303
    ],
    [
      0.19299606162266225,
      0.17361830949653095,
      2.0,
      0.35413000258998717,
      0.6132889061307274,
      0.13363815646771054,
      0.3092148914770614
    ],
    [
      0.24630066888246377,
      0.18325028627209672,
      1.9761483962335842,
      0.583927371043861,
      0.4582091308529414,
      0.13551167216424573,
      0.25185733868787497
    ],
    [
      0.19039036511163587,
      0.2513641927387975,
      2.0,
      0.3535522604172571,
      0.5064881792268913,
      0.08303412756961066,
      0.29566059319699367
    ],
    [
      0.1319507323645173,
      0.26847763679380166,
      2.0,
      0.20463041298305262,
      0.5827470279287322,
      0.05236282377072002,
      0.2082733821806318
    ],
    [
      0.15815208311429316,
      0.19085250671129522,
      1.1029295512103077,
      0.6471633634807197,
      0.7264949415616899,
      0.12445157171125855,
      0.22334409727861285
    ],
    [
      0.15035940610790677,
      0.19851020604570704,
      0.8477288077139153,
      0.5124382367601162,
      0.55988606467344,
      0.09216271473890252,
      0.22186329088317977
    ],
    [
      0.0871538894124056,
      0.2774973428629938,
      0.37534356057814044,
      0.10881674307010089,
      1.0249613355064944,
      0.02881894807760499,
      0.21439109929653974
    ],
    [
      0.12408125326511328,
      0.21400262098241818,
      1.260869361101681,
      0.39916947981812145,
      0.48968668180241626,
      0.011703395505508307,
      0.17650604123861086
    ],
    [
      0.14043854636426434,
      0.23516169357691066,
      2.0,
      0.6617432485048378,
      0.5719325231241146,
      0.09750156633586944,
      0.20083919223375918
    ],
    [
      0.09112118851866365,
      0.24183673040035913,
      2.0,
      0.7559824935378432,
      0.7131171888149994,
      0.049289390347309024,
      0.16594787217108137
    ],
    [
      0.04916357956811055,
      0.28052303156720976,
      0.9216353613623376,
      0.5619145914995513,
      0.6490143614277377,
      0.012522768922517045,
      0.1668929684068659
    ],
    [
      0.11388921108639179,
      0.2428101456987585,
      2.0,
      0.8936063443387299,
      0.6787678751466032,
      0.031244261167050598,
      0.22611012522344967
    ],
    [
      0.15817322893572824,
      0.21098979001785037,
      1.0041233868443493,
      0.45905339687958413,
      0.6234875425019573,
      0.030624438145153088,
      0.1895155617761869
    ],
    [
      0.060651641494997216,
      0.20496980110502064,
      1.2405249283081832,
      0.3973197644551063,
      0.6017227912377902,
      0.1520588823863968,
      0.21625032020496227
    ],
    [
      0.15802356491804237,
      0.2153506395393182,
      2.0,
      0.5498239957015139,
      0.5461029893762288,
      0.03505003735744504,
      0.2587982082692445
    ],
    [
      0.0792558350974697,
      0.2337200088816766,
      1.335958815026863,
      0.3423997993212934,
      0.5757151450820842,
      0.06307406203164084,
      0.21817387595518095
    ],
    [
      0.07653906559030918,
      0.23747708606203882,
      2.0,
      0.12152916949159831,
      0.6501130035638754,
      0.02995268220603622,
      0.23215489655203003
    ],
    [
      0.12035239378997074,
      0.2013280258297823,
      1.8921293708225135,
      0.16073673393993693,
      0.5337261486550267,
      0.015215460020471697,
      0.196976392781494
    ],
    [
      0.20953250241663873,
      0.20904827460561462,
      1.5511190406431488,
      0.12628842214765337,
      0.599640805615821,
      0.03360002404236733,
      0.14551911322222344
    ],
    [
      0.14070931374523765,
      0.18568980997173337,
      2.0,
      0.4052716449901991,
      0.5841433795294184,
      0.05653709389786455,
      0.20318241871480597
    ],
    [
      0.08630295112704564,
      0.2063215498945862,
      2.0,
      0.517214286512637,
      0.6313989782262266,
      0.10488165764712279,
      0.29601768935895423
    ],
    [
      0.1445662452894706,
      0.2269140498887131,
      1.2050856460804982,
      0.9232348162519649,
      0.723278711950032,
      0.11622626754946784,
      0.2666466505766675
    ],
    [
      0.14842418906292573,
      0.20175742931866908,
      2.0,
      0.8647564878019351,
      0.5995385550318316,
      0.09022952404751947,
      0.2441445424942862
    ],
    [
      0.18548793164235602,
      0.20429009312087,
      1.146618368404614,
      0.6419438602818688,
      0.6014033066671948,
      0.12429040316843801,
      0.26098368884079903
    ],
    [
      0.10093410424487635,
      0.24329973544436834,
      0.8857502296264209,
      0.5854347927601522,
      0.91352282627176,
      0.06559742420039344,
      0.21045829186420756
    ],
    [
      0.14641010795203563,
      0.23988854729503203,
      2.0,
      0.7305437778886845,
      0.4423649632361337,
      0.06152480992932799,
      0.19948928638053237
    ],
    [
      0.024413471032812176,
      0.2706240919362354,
      2.0,
      0.9123234633600689,
      0.7168195532718928,
      0.001,
      0.21629986439330454
    ],
    [
      0.04924155417136492,
      0.21642031740679704,
      1.1507437660680973,
      0.3298756544387583,
      0.6574419893774619,
      0.10853124585326313,
      0.17758099233439228
    ],
    [
      0.23789030086918522,
      0.19146176450931926,
      2.0,
      0.06386548245868118,
      0.5289153854143367,
      0.06781362825889635,
      0.27019314345839374
    ],
    [
      0.10757239337308137,
      0.17116584886669511,
      2.0,
      0.6044709381607569,
      0.6592482504279259,
      0.1735243729538123,
      0.2744084016740345
    ],
    [
      0.09054266101645456,
      0.22411005209908283,
