{
    "participantID": "mh",
    "modelType": "fusionOnlyLogNorm_LapseFree_sharedPrior",
    "fittedParams": [
        0.3687730216805739,
        0.25616696013216766,
        0.2672757390937085,
        0.7950511981646547,
        0.17420065985627312,
        0.38321085424353113
    ],
    "AIC": 2446.1223548752946,
    "BIC": 2458.843182410807,
    "logLikelihood": -1220.0611774376473,
    "n_conditions": 513
}