{
    "participantID": "mh",
    "modelType": "selection_LapseFree_sharedPrior",
    "fittedParams": [
        0.19166744236946107,
        0.25616696013216766,
        0.2672757390937085,
        0.7359652280807496,
        0.7950511981646547,
        0.0010609491586685005,
        0.25920260140895846
    ],
    "AIC": 2478.130745050683,
    "BIC": 2495.091848431366,
    "logLikelihood": -1235.0653725253414,
    "n_conditions": 513
}