{
    "participantID": "ip",
    "modelType": "fusionOnlyLogNorm_LapseFree_sharedPrior",
    "fittedParams": [
        0.20910607537418252,
        0.3891260317299929,
        0.429405374849717,
        0.521550904883722,
        0.2985957116039973,
        0.23805735401407802
    ],
    "AIC": 2531.9238642056475,
    "BIC": 2544.5253917277755,
    "logLikelihood": -1262.9619321028238,
    "n_conditions": 493
}