{
    "participantID": "ip",
    "modelType": "fusionOnly_LapseFree_sharedPrior",
    "fittedParams": [
        0.3174119131387167,
        0.057077884485427416,
        0.4270122883055447,
        0.18639546054013084,
        -0.41147833351585983,
        10.55086964173403
    ],
    "AIC": 2460.905237179055,
    "BIC": 2486.108292223311,
    "logLikelihood": -1224.4526185895274,
    "n_conditions": 493
}