{
    "participantID": "ip",
    "modelType": "fusionOnlyLogNorm_LapseFree_sharedPrior",
    "fittedParams": [
        0.13788956496247556,
        0.23585898570927377,
        1.1440234290010265,
        0.6613744517928717,
        0.16571106693329493,
        0.0010000000011612387
    ],
    "AIC": 2404.0784561520286,
    "BIC": 2429.2815111962846,
    "logLikelihood": -1196.0392280760143,
    "n_conditions": 493
}