{
    "participantID": "ip",
    "modelType": "fusionOnly_LapseFree_sharedPrior",
    "fittedParams": [
        0.2962565928145836,
        0.08570053498749619,
        0.45783570496021997,
        0.25088455830782175,
        0.2956269572831399,
        0.05318175091363955
    ],
    "AIC": 2444.261337882658,
    "BIC": 2469.464392926914,
    "logLikelihood": -1216.130668941329,
    "n_conditions": 493
}