{
    "participantID": "ip",
    "modelType": "gaussian",
    "fittedParams": [
        0.24719846546649932,
        0.10013491630554194,
        0.4218256235122681,
        0.9784029127180577,
        0.31865159988403324,
        0.24513055980205536,
        0.03434751033782958
    ],
    "AIC": 2447.3654616813315,
    "BIC": 2476.7690258996304,
    "logLikelihood": -1216.6827308406657,
    "n_conditions": 493
}