{
    "participantID": "ip",
    "modelType": "gaussian",
    "fittedParams": [
        0.21009182928828524,
        0.10000004948116836,
        0.45377070844871914,
        0.9990371179037728,
        0.2863365668430925,
        0.45377070844871914
    ],
    "AIC": 2461.031439765433,
    "BIC": 2486.234494809689,
    "logLikelihood": -1224.5157198827164,
    "n_conditions": 493
}