{
    "participantID": "ip",
    "modelType": "gaussian_LapseFree_contextualPrior",
    "fittedParams": [
        0.24815387912021836,
        0.1000017993780784,
        0.4162045704240154,
        0.0010000000000000009,
        0.27966603112174204,
        0.24940763096710727,
        0.02144145493293763,
        0.9986377606435155
    ],
    "AIC": 2448.483556359276,
    "BIC": 2482.0876297516174,
    "logLikelihood": -1216.241778179638,
    "n_conditions": 493
}