{
    "participantID": "ip",
    "modelType": "gaussian_LapseFree_sharedPrior",
    "fittedParams": [
        0.341045979278908,
        0.07638476245539569,
        0.36579418326600877,
        0.23994631725648355,
        0.2650526077246597,
        0.3531607727584308,
        0.07891039548232207,
        0.7861386714605677,
        4.395753987519266
    ],
    "AIC": 2449.284499539396,
    "BIC": 2487.0890821057806,
    "logLikelihood": -1215.642249769698,
    "n_conditions": 493
}