{
    "participantID": "ip",
    "modelType": "gaussian_LapseFree_sharedPrior",
    "fittedParams": [
        0.2589838165700436,
        0.08562273838162415,
        0.2680669142854213,
        0.6922003746032716,
        0.27210296250581745,
        0.32554753239750867,
        0.029201887756586054
    ],
    "AIC": 2449.79795019576,
    "BIC": 2479.201514414059,
    "logLikelihood": -1217.89897509788,
    "n_conditions": 493
}