{
    "participantID": "ip",
    "modelType": "gaussian_LapseFree_sharedPrior",
    "fittedParams": [
        0.24999895463552094,
        0.10000002386979756,
        0.4770622830477077,
        0.8532090607666643,
        0.29191069142892956,
        0.2931168989930302,
        0.031223286513704845,
        0.4425692368473392,
        7.219047013496747
    ],
    "AIC": 2452.8806883415746,
    "BIC": 2490.685270907959,
    "logLikelihood": -1217.4403441707873,
    "n_conditions": 493
}