{
    "participantID": "ip",
    "modelType": "gaussian_LapseFree_sharedPrior",
    "fittedParams": [
        0.18700045776458166,
        0.13105093065150072,
        0.2604321783835525,
        0.7573154357399865,
        0.841224723259222,
        0.21692593569426116,
        0.021711572102073626
    ],
    "AIC": 2473.681471620509,
    "BIC": 2503.085035838808,
    "logLikelihood": -1229.8407358102545,
    "n_conditions": 493
}