{
    "participantID": "ip",
    "modelType": "gaussian_LapseFree_sharedPrior",
    "fittedParams": [
        0.23508676538004994,
        0.09138144981005791,
        0.3024001048251972,
        0.05743165426430027,
        0.2797653427794919,
        0.3231704828439594,
        0.013284221618717106,
        0.38428812080548835,
        12.868280251750175
    ],
    "AIC": 2448.7222765435463,
    "BIC": 2486.5268591099307,
    "logLikelihood": -1215.3611382717731,
    "n_conditions": 493
}