{
    "participantID": "ip",
    "modelType": "lognorm",
    "fittedParams": [
        0.01498498097062112,
        0.3081847378611564,
        0.6810249622166156,
        0.17003834303468468,
        0.7629778003692627,
        0.6810249622166156
    ],
    "AIC": 2409.9333938324085,
    "BIC": 2435.1364488766644,
    "logLikelihood": -1198.9666969162042,
    "n_conditions": 493
}