{
    "participantID": "ip",
    "modelType": "lognorm_LapseFree_sharedPrior",
    "fittedParams": [
        0.10721241273330524,
        0.24910483355866742,
        1.4493956579838412,
        0.8117462031776086,
        0.5862109066802077,
        0.13846690871180034,
        0.0010047848221380051,
        0.34638046988286075,
        1.477442545315717
    ],
    "AIC": 2405.4056513895434,
    "BIC": 2443.210233955928,
    "logLikelihood": -1193.7028256947717,
    "n_conditions": 493
}