{
    "participantID": "ip",
    "modelType": "lognorm_LapseFree_sharedPrior",
    "fittedParams": [
        0.1528499133455596,
        0.23244826508736294,
        1.1668381270681927,
        0.9718798543544835,
        0.5864245077954564,
        0.16076833701577709,
        0.0022017103254605708
    ],
    "AIC": 2406.1123870160845,
    "BIC": 2435.5159512343835,
    "logLikelihood": -1196.0561935080423,
    "n_conditions": 493
}