{
    "participantID": "ip",
    "modelType": "lognorm_LapseFree_contextualPrior",
    "fittedParams": [
        0.14006117675453428,
        0.23692564620461776,
        0.6180396258633117,
        0.001050739903177611,
        0.7259379321523011,
        0.1796433266089298,
        0.00017294558230790402,
        0.30884240142019115,
        0.8657788790646009,
        3.0767311307552934
    ],
    "AIC": 2402.0938736143708,
    "BIC": 2444.0989653547977,
    "logLikelihood": -1191.0469368071854,
    "n_conditions": 493
}