{
    "participantID": "ip",
    "modelType": "logLinearMismatch_LapseFree_sharedPrior",
    "fittedParams": [
        0.1911488932291989,
        0.19594522194790084,
        0.8900770048001022,
        0.47796687666846194,
        0.6583668110591342,
        0.24122810378158022,
        0.005008356334606826
    ],
    "AIC": 2412.4126939498838,
    "BIC": 2441.8162581681827,
    "logLikelihood": -1199.2063469749419,
    "n_conditions": 493
}