{
    "participantID": "ip",
    "modelType": "lognorm_LapseFree_sharedPrior",
    "fittedParams": [
        0.11343587721586228,
        0.25275852566584944,
        1.0630654768273233,
        0.8076592590659857,
        0.6901627516373992,
        0.16145551557801663,
        0.0010000002972781474,
        0.20117685183882714,
        1.046408006670947
    ],
    "AIC": 2405.8489441562015,
    "BIC": 2443.653526722586,
    "logLikelihood": -1193.9244720781007,
    "n_conditions": 493
}