{
    "participantID": "ip",
    "modelType": "logLinearMismatch",
    "fittedParams": [
        0.1367870092391968,
        0.22704603195190431,
        1.3179201316833495,
        0.9999999047279359,
        0.5432545471191406,
        0.18274426460266113,
        2.2649765014648438e-06
    ],
    "AIC": 2402.4373802433493,
    "BIC": 2431.840944461648,
    "logLikelihood": -1194.2186901216746,
    "n_conditions": 493
}