{
    "participantID": "ip",
    "modelType": "lognorm_LapseFree_sharedPrior",
    "fittedParams": [
        0.1418696952292521,
        0.23918279859368335,
        1.127756049276504,
        0.43914263799894687,
        0.6831221170746722,
        0.16669909547432327,
        0.003110901268664784,
        0.7277652393924654,
        8.744205800772615
    ],
    "AIC": 2405.4557977672443,
    "BIC": 2443.2603803336287,
    "logLikelihood": -1193.7278988836222,
    "n_conditions": 493
}