{
    "participantID": "ip",
    "modelType": "lognorm",
    "fittedParams": [
        0.15411990284919738,
        0.229946231842041,
        1.140194368362427,
        0.9360814243078233,
        0.5956486320495606,
        0.1886644572019577,
        0.00015793889760970514
    ],
    "AIC": 2400.910228362289,
    "BIC": 2430.313792580588,
    "logLikelihood": -1193.4551141811446,
    "n_conditions": 493
}