{
    "participantID": "ip",
    "modelType": "lognorm_LapseFree_sharedPrior",
    "fittedParams": [
        0.1469093589388649,
        0.22630050269479396,
        1.0337061407783765,
        0.3601030655684532,
        0.6179025795124471,
        0.18730732410913334,
        0.0005236223689280839,
        0.8721908890060149,
        4.278918407963356
    ],
    "AIC": 2408.8757028314685,
    "BIC": 2446.680285397853,
    "logLikelihood": -1195.4378514157343,
    "n_conditions": 493
}