{
    "participantID": "ip",
    "modelType": "lognorm_LapseFree_sharedPrior",
    "fittedParams": [
        0.2343352245943664,
        0.2284334583580042,
        1.064813352146531,
        0.3353068706785999,
        0.4900031431677666,
        0.2632604681867656,
        0.016476255123406988,
        4.846633834616048,
        14.616745052819324
    ],
    "AIC": 2419.753292471778,
    "BIC": 2457.5578750381624,
    "logLikelihood": -1200.876646235889,
    "n_conditions": 493
}