{
    "participantID": "ip",
    "modelType": "lognorm_LapseFree_sharedPrior",
    "fittedParams": [
        0.133238647881051,
        0.25088028517441396,
        0.8141370474081865,
        0.17120126035676242,
        0.8065720918262647,
        0.08863059094109119,
        0.010652222908665713
    ],
    "AIC": 2414.735255358405,
    "BIC": 2444.138819576704,
    "logLikelihood": -1200.3676276792025,
    "n_conditions": 493
}