{
    "participantID": "ip",
    "modelType": "lognorm_LapseFree_contextualPrior",
    "fittedParams": [
        0.09234041762267334,
        0.25586419450241005,
        0.9849394908561043,
        0.7445984113343003,
        0.698472481656463,
        0.12323717931106912,
        0.001000120203729582,
        0.9629373783609481,
        0.1176579190445773,
        2.2994462787277703
    ],
    "AIC": 2408.8924235006757,
    "BIC": 2450.8975152411026,
    "logLikelihood": -1194.4462117503379,
    "n_conditions": 493
}