{
    "participantID": "ip",
    "modelType": "lognorm_LapseFree_sharedPrior",
    "fittedParams": [
        0.041094481605663896,
        0.3891260317299929,
        0.429405374849717,
        0.058724678307771616,
        0.521550904883722,
        0.06153045530356466,
        0.0010226827699690855
    ],
    "AIC": 2423.594654313066,
    "BIC": 2440.3966910092367,
    "logLikelihood": -1207.797327156533,
    "n_conditions": 493
}