{
    "participantID": "ip",
    "modelType": "lognorm_LapseFree_sharedPrior",
    "fittedParams": [
        0.13274211932896435,
        0.2470267239290842,
        1.1069154305988194,
        0.40967279663163936,
        0.6145407691484434,
        0.165447609792609,
        0.0010032430893785194,
        0.00012387351307555083,
        0.5452266639906158
    ],
    "AIC": 2405.6281627199755,
    "BIC": 2443.43274528636,
    "logLikelihood": -1193.8140813599878,
    "n_conditions": 493
}