{
    "participantID": "ip",
    "modelType": "lognorm_LapseFree_sharedPrior",
    "fittedParams": [
        0.205323462075321,
        0.2071558441040804,
        0.9361349521095718,
        0.6256454930233304,
        0.5830694691812304,
        0.19773227090591683,
        0.011948316011059779
    ],
    "AIC": 2401.1144254316414,
    "BIC": 2430.5179896499403,
    "logLikelihood": -1193.5572127158207,
    "n_conditions": 493
}