{
    "participantID": "ip",
    "modelType": "logLinearMismatch_LapseFree_sharedPrior",
    "fittedParams": [
        0.08524701050376557,
        0.2592879330382489,
        1.015531771322878,
        0.6118730931591028,
        0.6943205922708735,
        0.13193717912603473,
        0.0009284267821007277
    ],
    "AIC": 2410.2440959679193,
    "BIC": 2439.647660186218,
    "logLikelihood": -1198.1220479839596,
    "n_conditions": 493
}