{
    "participantID": "ip",
    "modelType": "logLinearMismatch_LapseFree_contextualPrior",
    "fittedParams": [
        0.15831147648192995,
        0.22309503708938105,
        1.1499534868974772,
        0.0010951214232067796,
        0.5456982645992321,
        0.21749533716375707,
        0.002522291456602932,
        0.7249723398085939
    ],
    "AIC": 2401.618753947144,
    "BIC": 2435.2228273394853,
    "logLikelihood": -1192.809376973572,
    "n_conditions": 493
}