{
    "participantID": "ip",
    "modelType": "logLinearMismatch_LapseFree_sharedPrior",
    "fittedParams": [
        0.036525871814043306,
        0.3891260317299929,
        0.429405374849717,
        0.25772021303671105,
        0.521550904883722,
        0.12499739249350532,
        0.018484094694790548
    ],
    "AIC": 2425.347185903365,
    "BIC": 2442.1492225995357,
    "logLikelihood": -1208.6735929516824,
    "n_conditions": 493
}