{
    "participantID": "ip",
    "modelType": "lognorm_LapseFree_contextualPrior",
    "fittedParams": [
        0.13263455033302307,
        0.23500514268875117,
        1.0251833033561706,
        0.0010000000000000009,
        0.5898493957519532,
        0.1910637080669403,
        1.821517944335105e-05,
        0.7493796252727508
    ],
    "AIC": 2401.580307063411,
    "BIC": 2435.1843804557525,
    "logLikelihood": -1192.7901535317055,
    "n_conditions": 493
}