{
    "participantID": "ip",
    "modelType": "lognorm_LapseFree_sharedPrior",
    "fittedParams": [
        0.12544344489196776,
        0.22909150830789177,
        1.685261247398748,
        0.9488256649007243,
        0.5875190384782899,
        0.1634607958550764,
        0.0014171482443643465
    ],
    "AIC": 2400.7618084590163,
    "BIC": 2430.165372677315,
    "logLikelihood": -1193.3809042295081,
    "n_conditions": 493
}