{
    "participantID": "ip",
    "modelType": "lognorm_LapseFree_sharedPrior",
    "fittedParams": [
        0.14247516427040102,
        0.2335343058657645,
        1.143277091217041,
        0.9997496843338014,
        0.6232884244394301,
        0.1749848576068878,
        0.0010036434412002415
    ],
    "AIC": 2406.0541788821374,
    "BIC": 2435.4577431004363,
    "logLikelihood": -1196.0270894410687,
    "n_conditions": 493
}