{
    "participantID": "ip",
    "modelType": "logLinearMismatch_LapseFree_sharedPrior",
    "fittedParams": [
        0.1716759013107659,
        0.23309593249388888,
        1.0613538500136455,
        0.19100532094879208,
        0.5284362000514109,
        0.29383034249948575,
        0.018162405359588206,
        2.044464764946967,
        4.437522047316284
    ],
    "AIC": 2415.6560940615327,
    "BIC": 2453.460676627917,
    "logLikelihood": -1198.8280470307664,
    "n_conditions": 493
}