{
    "participantID": "ip",
    "modelType": "lognorm_LapseFree_sharedPrior",
    "fittedParams": [
        0.08275589867259259,
        0.245217479711768,
        1.250552751396008,
        0.9978444776381367,
        0.6722554231965868,
        0.13654347129600938,
        0.0014013199336302684
    ],
    "AIC": 2403.3902229686737,
    "BIC": 2432.7937871869726,
    "logLikelihood": -1194.6951114843368,
    "n_conditions": 493
}