{
    "participantID": "ip",
    "modelType": "lognorm_LapseFree_contextualPrior",
    "fittedParams": [
        0.06142172140982294,
        0.2747959418251411,
        0.6615424272532981,
        0.02247415230376637,
        0.821187612316644,
        0.05286727666445076,
        0.001616143125260705,
        0.42090021347685247,
        0.15320952814072372,
        2.0587537708499166
    ],
    "AIC": 2411.8275189133005,
    "BIC": 2453.8326106537274,
    "logLikelihood": -1195.9137594566503,
    "n_conditions": 493
}