{
    "participantID": "ip",
    "modelType": "probabilityMatchingLogNorm_LapseFree_sharedPrior",
    "fittedParams": [
        0.04483298634231131,
        0.2730049366265547,
        1.5923915331319891,
        0.9927139482325231,
        0.7399747288407152,
        0.09785320385213667,
        0.0011893702245040216,
        0.21809136084902775,
        5.321958124717661
    ],
    "AIC": 2416.772922336866,
    "BIC": 2454.5775049032504,
    "logLikelihood": -1199.386461168433,
    "n_conditions": 493
}