{
    "participantID": "ip",
    "modelType": "probabilityMatchingLogNorm_LapseFree_sharedPrior",
    "fittedParams": [
        0.10151951662975553,
        0.2577246840774037,
        1.5943511631959497,
        7.01494176609252e-05,
        0.5942758691673433,
        0.16706654918200192,
        0.001002872566546631
    ],
    "AIC": 2406.457744562825,
    "BIC": 2435.861308781124,
    "logLikelihood": -1196.2288722814126,
    "n_conditions": 493
}