{
    "participantID": "ip",
    "modelType": "probabilityMatchingLogNorm_LapseFree_sharedPrior",
    "fittedParams": [
        0.13731397299786485,
        0.2426780805811527,
        0.7651587213464994,
        0.29714465659772027,
        0.6097080383210504,
        0.15323629670333438,
        0.0013373465080783464
    ],
    "AIC": 2408.1950375640295,
    "BIC": 2437.5986017823284,
    "logLikelihood": -1197.0975187820147,
    "n_conditions": 493
}