{
    "participantID": "ip",
    "modelType": "probabilityMatching_LapseFree_sharedPrior",
    "fittedParams": [
        0.3405020695242803,
        0.06543971621972444,
        0.3744195891982713,
        0.5270298515695572,
        0.22222023379212177,
        0.3442303654355379,
        0.11148615213433931,
        0.6081161220848577,
        9.463775319345997
    ],
    "AIC": 2450.686355965561,
    "BIC": 2488.490938531945,
    "logLikelihood": -1216.3431779827804,
    "n_conditions": 493
}