{
    "participantID": "ip",
    "modelType": "probabilityMatchingLogNorm_LapseFree_sharedPrior",
    "fittedParams": [
        0.03162515383084427,
        0.3891260317299929,
        0.429405374849717,
        0.877561367076487,
        0.521550904883722,
        0.0010000000002902965,
        0.0012267532859437658
    ],
    "AIC": 2426.8649390636733,
    "BIC": 2443.6669757598443,
    "logLikelihood": -1209.4324695318367,
    "n_conditions": 493
}