{
    "participantID": "ip",
    "modelType": "probabilityMatchingLogNorm_LapseFree_contextualPrior",
    "fittedParams": [
        0.08973433242179456,
        0.26179594795059524,
        0.7032287744013591,
        0.0010000000000000009,
        0.6605432069161907,
        0.11689778488071172,
        6.793619832523579e-07,
        0.4415430775817658,
        0.1569651455414714,
        6.487068712884818
    ],
    "AIC": 2404.493526588909,
    "BIC": 2446.498618329336,
    "logLikelihood": -1192.2467632944545,
    "n_conditions": 493
}