{
    "participantID": "ip",
    "modelType": "probabilityMatchingLogNorm_LapseFree_sharedPrior",
    "fittedParams": [
        0.05232280412316323,
        0.28728097705185396,
        1.5419076618504524,
        0.03014054894447321,
        0.73535794190228,
        0.09944524137377739,
        0.00440881738066673
    ],
    "AIC": 2412.9915898381673,
    "BIC": 2442.3951540564663,
    "logLikelihood": -1199.4957949190837,
    "n_conditions": 493
}