{
    "participantID": "ip",
    "modelType": "probabilityMatching_LapseFree_sharedPrior",
    "fittedParams": [
        0.33392498803362836,
        0.08365451541888458,
        0.3792687118978332,
        0.45616328839678316,
        0.23074329852303488,
        0.3477271074606921,
        0.05544971431459997
    ],
    "AIC": 2447.0289966725195,
    "BIC": 2476.4325608908184,
    "logLikelihood": -1216.5144983362597,
    "n_conditions": 493
}