{
    "participantID": "ip",
    "modelType": "probabilityMatchingLogNorm_LapseFree_sharedPrior",
    "fittedParams": [
        0.09504219374897074,
        0.2280577935028294,
        0.7210396786539573,
        0.3959239523803526,
        0.6036173223767455,
        0.17873595095974623,
        0.0026165580910128662,
        2.67941386457594,
        4.9302905938290715
    ],
    "AIC": 2409.9203913197184,
    "BIC": 2447.724973886103,
    "logLikelihood": -1195.9601956598592,
    "n_conditions": 493
}