{
    "participantID": "ip",
    "modelType": "selection_LapseFree_sharedPrior",
    "fittedParams": [
        0.25820865921918307,
        0.08748895739100859,
        0.4340822476640994,
        0.6560525532811881,
        0.35026400290022597,
        0.2718005255350843,
        0.051541730565205196
    ],
    "AIC": 2448.254773814344,
    "BIC": 2477.658338032643,
    "logLikelihood": -1217.127386907172,
    "n_conditions": 493
}