{
    "participantID": "ip",
    "modelType": "switchingWithConflict_LapseFree_sharedPrior",
    "fittedParams": [
        0.33534177813138816,
        0.057297535799443744,
        0.34435810417868196,
        0.06949250083416691,
        0.2127846809662879,
        0.2986223350059241,
        0.22038890290828422,
        0.10000000091269623,
        0.000261856652796294,
        1.0974249425390221
    ],
    "AIC": 2470.964306404442,
    "BIC": 2512.969398144869,
    "logLikelihood": -1225.482153202221,
    "n_conditions": 493
}