{
    "participantID": "ip",
    "modelType": "selection_LapseFree_sharedPrior",
    "fittedParams": [
        0.270233619255852,
        0.08600768295582384,
        0.390794470901601,
        0.24215370528399943,
        0.2710210749646649,
        0.2876807881139219,
        0.0672895666461438,
        0.25407746713608503,
        8.800301414376808
    ],
    "AIC": 2447.5669211970844,
    "BIC": 2485.371503763469,
    "logLikelihood": -1214.7834605985422,
    "n_conditions": 493
}