{
    "participantID": "ip",
    "modelType": "switchingFree_LapseFree_sharedPrior",
    "fittedParams": [
        0.27741391938039656,
        0.086155398029629,
        0.05624809900332445,
        0.02147049744412996,
        0.33055291800299563,
        0.29311601209296817,
        0.05080105248140317,
        0.42358195887862776
    ],
    "AIC": 2446.7944788805207,
    "BIC": 2480.398552272862,
    "logLikelihood": -1215.3972394402604,
    "n_conditions": 493
}