{
    "participantID": "ip",
    "modelType": "switchingFree_LapseFree_sharedPrior",
    "fittedParams": [
        0.10259680707518276,
        0.2037800020464473,
        0.8949073798694143,
        0.07630188884095895,
        0.4501911887139922,
        0.10661864780261826,
        0.0013170072362646834,
        0.2818192594973823
    ],
    "AIC": 2406.888550398083,
    "BIC": 2440.4926237904247,
    "logLikelihood": -1195.4442751990416,
    "n_conditions": 493
}