{
    "participantID": "ip",
    "modelType": "selection_LapseFree_sharedPrior",
    "fittedParams": [
        0.0010000270844014725,
        0.3891260317299929,
        0.429405374849717,
        0.4332474717587729,
        0.521550904883722,
        0.0010000000000181253,
        0.0010000000000181253
    ],
    "AIC": 2547.6113985845714,
    "BIC": 2564.4134352807423,
    "logLikelihood": -1269.8056992922857,
    "n_conditions": 493
}