{
    "participantID": "ip",
    "modelType": "switchingFree_LapseFree_sharedPrior",
    "fittedParams": [
        0.03856674714559985,
        0.17040530185358171,
        1.1500588346492875,
        0.20698441524167624,
        0.35409096294191666,
        0.05284933247183639,
        0.015710209009067853,
        0.3522036075771558
    ],
    "AIC": 2412.120769451343,
    "BIC": 2445.7248428436847,
    "logLikelihood": -1198.0603847256716,
    "n_conditions": 493
}