{
    "participantID": "ip",
    "modelType": "selection_LapseFree_sharedPrior",
    "fittedParams": [
        0.28124853283969,
        0.0843586400485572,
        0.43919113210483374,
        0.6201403687705351,
        0.2897832844475431,
        0.28468752164739874,
        0.05319799137013517
    ],
    "AIC": 2445.8542204043547,
    "BIC": 2475.2577846226536,
    "logLikelihood": -1215.9271102021773,
    "n_conditions": 493
}