{
    "participantID": "ip",
    "modelType": "selection_LapseFree_sharedPrior",
    "fittedParams": [
        0.2697256206274033,
        0.08787417933940878,
        0.4051121446967124,
        0.9864372730255128,
        0.2742201662921905,
        0.311354171872139,
        0.05210030925273895
    ],
    "AIC": 2440.4617708053,
    "BIC": 2469.865335023599,
    "logLikelihood": -1213.23088540265,
    "n_conditions": 493
}