{
    "participantID": "ip",
    "modelType": "switching_LapseFree_sharedPrior",
    "fittedParams": [
        0.09832786460742354,
        0.2192676163485645,
        0.866714675943218,
        0.5454980790615082,
        0.5279658529750629,
        0.10642833268977701,
        0.001027384075522414
    ],
    "AIC": 2400.7711667173253,
    "BIC": 2430.174730935624,
    "logLikelihood": -1193.3855833586626,
    "n_conditions": 493
}