{
    "participantID": "ip",
    "modelType": "switchingFree_LapseFree_sharedPrior",
    "fittedParams": [
        0.11834809536103458,
        0.2522383957853629,
        0.18797887047528916,
        0.00043798435681302594,
        0.6324928441096848,
        0.19264845486810664,
        0.0026120116195247622,
        0.2518974311040437
    ],
    "AIC": 2406.307677201717,
    "BIC": 2439.9117505940585,
    "logLikelihood": -1195.1538386008585,
    "n_conditions": 493
}