{
    "participantID": "ip",
    "modelType": "switching_LapseFree_sharedPrior",
    "fittedParams": [
        0.27314112638435994,
        0.10224985842073724,
        0.2993907326015278,
        0.6078132162577836,
        0.2273425976761387,
        0.25670264241777313,
        0.08457004663047518,
        1.8189908598136606,
        9.91546705098791
    ],
    "AIC": 2463.951617735106,
    "BIC": 2501.7562003014905,
    "logLikelihood": -1222.975808867553,
    "n_conditions": 493
}