{
    "participantID": "ip",
    "modelType": "selection_LapseFree_sharedPrior",
    "fittedParams": [
        0.0010000011891126426,
        0.3891260317299929,
        0.429405374849717,
        0.4882492333650589,
        0.521550904883722,
        0.0014675793141126492,
        0.0010000011891126426
    ],
    "AIC": 2544.08223350068,
    "BIC": 2560.884270196851,
    "logLikelihood": -1268.04111675034,
    "n_conditions": 493
}