{
    "participantID": "ip",
    "modelType": "switchingFree_LapseFree_sharedPrior",
    "fittedParams": [
        0.15811710771340878,
        0.2751536557724896,
        0.30363545243418627,
        4.656602881070171e-11,
        0.36879218157725985,
        0.2322542087677168,
        0.0010000000185798608,
        0.24044815492816268
    ],
    "AIC": 2413.0457343229286,
    "BIC": 2434.048280193142,
    "logLikelihood": -1201.5228671614643,
    "n_conditions": 493
}