{
    "participantID": "ip",
    "modelType": "switchingFree_LapseFree_sharedPrior",
    "fittedParams": [
        0.12214574800145214,
        0.23331189902548533,
        0.026563536635288654,
        2.7755575615628914e-15,
        0.6811127213795589,
        0.17739491875040964,
        0.0011524190442415427,
        0.28481674195090956
    ],
    "AIC": 2403.337181869707,
    "BIC": 2436.9412552620483,
    "logLikelihood": -1193.6685909348535,
    "n_conditions": 493
}