{
    "participantID": "ip",
    "modelType": "selection_LapseFree_sharedPrior",
    "fittedParams": [
        0.27261553544340034,
        0.08176903753110558,
        0.6423135827627536,
        0.908754296425772,
        0.26306707234058985,
        0.32271491384557266,
        0.10499434337483762
    ],
    "AIC": 2446.1560045482893,
    "BIC": 2475.559568766588,
    "logLikelihood": -1216.0780022741446,
    "n_conditions": 493
}