{
    "participantID": "ip",
    "modelType": "switchingFree_LapseFree_sharedPrior",
    "fittedParams": [
        0.020774586856365185,
        0.3891260317299929,
        0.429405374849717,
        1.7642974852738469e-06,
        0.521550904883722,
        0.001000004756450651,
        0.001000004756450651,
        0.20356436967849728
    ],
    "AIC": 2420.2779286018413,
    "BIC": 2441.2804744720547,
    "logLikelihood": -1205.1389643009206,
    "n_conditions": 493
}