{
    "participantID": "ip",
    "modelType": "selection_LapseFree_sharedPrior",
    "fittedParams": [
        0.2904062191439588,
        0.08961435212699607,
        0.42120273170246214,
        0.26792355213476327,
        0.2756897526134815,
        0.27663358144517525,
        0.012560354095144364,
        1.8222624992261434,
        11.789149231391796
    ],
    "AIC": 2447.0611878762184,
    "BIC": 2484.8657704426028,
    "logLikelihood": -1214.5305939381092,
    "n_conditions": 493
}