{
  "participantID": "mt",
  "modelType": "lognorm",
  "true_params": [
    0.060016318320364956,
    0.14157681437677516,
    0.2453356109792027,
    0.5629474043883376,
    0.47401674918523495,
    0.1817284507244998,
    0.2952600967375416
  ],
  "recovered_params_mean": [
    0.06817236264587707,
    0.14578756678145066,
    0.34558210225228053,
    0.6651155414613283,
    0.5340241301374955,
    0.17219000232970733,
    0.2998270432072584
  ],
  "recovered_params_std": [
    0.028559883629236435,
    0.017661345088630622,
    0.3423402411551843,
    0.15089188029978964,
    0.2755787522212757,
    0.03733339407770186,
    0.03945195254225836
  ],
  "recovered_params_median": [
    0.06507187114544792,
    0.14749427479674113,
    0.2764635680269465,
    0.6251420595952697,
    0.4524831810871495,
    0.17531288198492767,
    0.3001186214682894
  ],
  "n_successful": 50,
  "n_attempted": 50,
  "all_recovered_params": [
    [
      0.08291494504619008,
      0.17158156051636062,
      0.2301843461735661,
      0.5099705457140354,
      0.42022992428491246,
      0.1218741049418948,
      0.30520190872154923
    ],
    [
      0.0476556936343721,
      0.17047117955393543,
      0.3442274752753654,
      0.8206473011431594,
      0.40310320753937945,
      0.23820581712430366,
      0.27212964051194855
    ],
    [
      0.04399514220516608,
      0.12625659420420293,
      2.0,
      0.7764922366385567,
      0.3547562781707243,
      0.17595824815501518,
      0.2787025823471808
    ],
    [
      0.030352514959821168,
      0.16695404716974213,
      2.0,
      0.8827463363083881,
      0.3111877173074992,
      0.20099408900449284,
      0.29003803011788354
    ],
    [
      0.07129592037802533,
      0.14784128589504547,
      0.3312015951395842,
      0.6185413549246523,
      0.8038996456053855,
      0.13143858960480576,
      0.22745832919094963
    ],
    [
      0.030602529329380866,
      0.1541174085593926,
      0.3317503803157828,
      0.7705455680317237,
      0.38544204311236296,
      0.15673068477751118,
      0.2985177129379914
    ],
    [
      0.03139564546595628,
      0.15524093625203483,
      0.27550452859002944,
      0.6249842123950807,
      0.9536048545762699,
      0.17546279324057007,
      0.298959898465568
    ],
    [
      0.07364281851207066,
      0.12965950767459597,
      0.26755058907392176,
      0.6835805686581131,
      0.5030772558107839,
      0.20095697099191723,
      0.2906104607341364
    ],
    [
      0.0610203055774853,
      0.12107284033229217,
      0.2671125431029503,
      0.6831081501941402,
      1.0256646785601535,
      0.17747120915028666,
      0.4
    ],
    [
      0.05502965855715858,
      0.17141748382831593,
      0.3284741022096703,
      0.7905932369712443,
      0.4501877296813753,
      0.20218905498984513,
      0.24450453357035526
    ],
    [
      0.06296998546453204,
      0.1291119217463201,
      0.29123456871703746,
      0.7911390648208597,
      0.4092901587933878,
      0.21916259579995068,
      0.30951544594857683
    ],
    [
      0.04117620062762738,
      0.16320603098605363,
      0.2591978439992909,
      0.5065198549159633,
      0.41985343941746367,
      0.11913624434419459,
      0.293362153629655
    ],
    [
      0.10324459548441639,
      0.12799255156469808,
      0.16838548332905198,
      0.34121580788629136,
      0.4803598074706836,
      0.16599289251429267,
      0.2389871747700169
    ],
    [
      0.06289523554706133,
      0.17143774934653772,
      0.3403149806261048,
      0.7841480694549137,
      0.5188659698048066,
      0.1647256378362359,
      0.28330868692461225
    ],
    [
      0.12600106154266993,
      0.12302378995981796,
      0.2981069191426427,
      0.8255422186994477,
      0.31103244784773565,
      0.17096099520706107,
      0.3428263513545811
    ],
    [
      0.0675576413932709,
      0.15609723909858803,
      0.269828735040113,
      0.5862800631505496,
      0.3699708789307864,
      0.17212569472617534,
      0.2687688405489379
    ],
    [
      0.083770408929707,
      0.12744459233043384,
      0.20657645922262752,
      0.5694947175706385,
      0.47161211586730445,
      0.22193455735990184,
      0.32659200899168167
    ],
    [
      0.0688496285974056,
      0.15514468090425765,
      0.2748435648731474,
      0.7276915456413807,
      0.4411857732168388,
      0.18990148906523097,
      0.30711052691846247
    ],
    [
      0.07449790609388408,
      0.12274936392188439,
      0.2875019139275973,
      0.576166030384551,
      0.5162705807171978,
      0.19535182065004544,
      0.2995282238880077
    ],
    [
      0.07880095526762226,
      0.14264263901136998,
      0.24594169757658063,
      0.6165769909215385,
      1.1441527241430385,
      0.0942434264523078,
      0.2278853738189463
    ],
    [
      0.11719179539073935,
      0.12142677817343898,
      0.23876572804755627,
      0.5632076695164265,
      0.637042216249387,
      0.20339469248532935,
      0.2477638756253988
    ],
    [
      0.051793972077733993,
      0.1754826902865526,
      0.4044542318805594,
      0.8364528932544102,
      0.4220520219400115,
      0.17683169155469208,
      0.2951537088999854
    ],
    [
      0.05205551644476103,
      0.15376215173023217,
      0.3619873307836396,
      0.9756194443078375,
      0.5277306461649408,
      0.18443404883860334,
      0.3835888676947707
    ],
    [
      0.06985735835873927,
      0.13410571501129112,
      0.2676095516431535,
      0.5923865910053011,
      0.4547786324929237,
      0.15679262165588503,
      0.30700036127238167
    ],
    [
      0.0684878469650533,
      0.14946654549549498,
      0.1895259714101612,
      0.49304355744989936,
      0.862790027120738,
      0.14203109535103353,
      0.30866044892015754
    ],
    [
      0.061786723796386486,
      0.16048788693274518,
      0.32557628147246553,
      0.9690395469747828,
      0.3456806196123846,
      0.13622692634076583,
      0.2501473209051273
    ],
    [
      0.14335001157829413,
      0.13354021056347776,
      0.20703262255612112,
      0.5644333455905133,
      0.4030686247958275,
      0.21553853132144465,
      0.26716227491917316
    ],
    [
      0.05989693465060285,
      0.1468684474565798,
      0.3027974534066876,
      0.853060481863017,
      0.33538665286139535,
      0.17066374604789275,
      0.3358155909054091
    ],
    [
      0.04193570726601181,
      0.13102531006965562,
      0.3000815691956996,
      0.49899119014537896,
      0.589386461113965,
      0.13840004294271827,
      0.3470703702054651
    ],
    [
      0.026000053033754418,
      0.1581859881500725,
      0.2812671626901726,
      0.6223626020891392,
      0.4165207957766288,
      0.13240794853429017,
      0.2591401442860347
    ],
    [
      0.04068430446286724,
      0.15924502871420637,
      0.2536733081807674,
      0.5169680364681107,
      0.6378129571713862,
      0.16335930903805787,
      0.24835473123457216
    ],
    [
      0.08508600438774666,
      0.12085861578074773,
      0.2517308243352833,
      0.5100322108363041,
      0.5201629672187899,
      0.18030765907790003,
      0.3564625283928313
    ],
    [
      0.07467190993937542,
      0.1486848495883155,
      0.23846089520634575,
      0.4920837870127799,
      0.5996447220589821,
      0.15486721945549686,
      0.31917744585407815
    ],
    [
      0.07460356643703145,
      0.15148429771530464,
      0.1694617675922104,
      0.4826458657852493,
      0.4776658808053914,
      0.2135721099503222,
      0.3045912088426497
    ],
    [
      0.06255653041071621,
      0.1549405186115934,
      0.24180710422878832,
      0.6252999067954588,
      0.5561056304521041,
      0.18421171336364595,
      0.3198789410451245
    ],
    [
      0.02683316081693979,
      0.19325721455094924,
      0.38026609392270283,
      0.6869029151360116,
      0.44270598091255464,
      0.07533792746037579,
      0.3140637475560645
    ],
