{
    "participantID": "ln2",
    "modelType": "probabilityMatching_LapseFree_contextualPrior",
    "fittedParams": [
        0.015541913080960562,
        0.10001750122770314,
        0.4339503065483586,
        0.8791172276501471,
        0.23618078149389476,
        5.551115123125783e-17,
        0.10814761588058902,
        0.5528157533641599,
        0.3662458720616996,
        8.258705750431236
    ],
    "AIC": 2200.4564224656283,
    "BIC": 2242.380047360377,
    "logLikelihood": -1090.2282112328141,
    "n_conditions": 489
}