{
    "participantID": "ln2",
    "modelType": "fusionOnlyLogNorm_LapseFree_sharedPrior",
    "fittedParams": [
        0.04839762449264526,
        0.189088454246521,
        1.1210622310638425,
        0.4310137176513672,
        0.6588738918304443,
        2.0441496253013614
    ],
    "AIC": 2175.921720616501,
    "BIC": 2201.07589555335,
    "logLikelihood": -1081.9608603082504,
    "n_conditions": 489
}