{
    "participantID": "ln2",
    "modelType": "logLinearMismatch_LapseFree_sharedPrior",
    "fittedParams": [
        0.05698392074045841,
        0.1846805919981852,
        0.9054918812478716,
        0.419102257983436,
        0.4103848937386647,
        0.0019879297382431604,
        0.09411650101596027,
        0.6955295037958422,
        1.1000131944670288
    ],
    "AIC": 2175.0385972762506,
    "BIC": 2212.7698596815244,
    "logLikelihood": -1078.5192986381253,
    "n_conditions": 489
}