{
    "participantID": "ln2",
    "modelType": "probabilityMatchingLogNorm_LapseFree_sharedPrior",
    "fittedParams": [
        0.0654732236487689,
        0.18129973611714373,
        0.19214207483455537,
        0.0929723240872532,
        0.47239625208836517,
        0.004132430569879997,
        0.12671113529286232,
        0.13277709540016075,
        4.785329274864743
    ],
    "AIC": 2177.095396540737,
    "BIC": 2214.826658946011,
    "logLikelihood": -1079.5476982703685,
    "n_conditions": 489
}