{
    "participantID": "ln2",
    "modelType": "probabilityMatchingLogNorm_LapseFree_contextualPrior",
    "fittedParams": [
        0.02188975447264968,
        0.1966078303580434,
        0.7052500116384544,
        0.9392340884287935,
        0.44741271863575094,
        0.00026570193527736263,
        0.06200221976803735,
        0.25899033869874766,
        0.043256235032822554,
        1.989427268235671
    ],
    "AIC": 2181.7114169327174,
    "BIC": 2223.635041827466,
    "logLikelihood": -1080.8557084663587,
    "n_conditions": 489
}