{
    "participantID": "ln2",
    "modelType": "probabilityMatchingLogNorm_LapseFree_sharedPrior",
    "fittedParams": [
        0.04059805574977782,
        0.17723130518664562,
        0.539744514754995,
        0.15358705353291946,
        1.926643361607792,
        0.0010001873795954241,
        0.10222608882455343
    ],
    "AIC": 2219.5801370794848,
    "BIC": 2236.349587037384,
    "logLikelihood": -1105.7900685397424,
    "n_conditions": 489
}