{
    "participantID": "ln2",
    "modelType": "lognorm_LapseFree_sharedPrior",
    "fittedParams": [
        0.0635340127825737,
        0.17723130518664562,
        0.539744514754995,
        0.5257556796073913,
        1.926643361607792,
        0.001000004756450651,
        0.1032048660159111
    ],
    "AIC": 2209.538283306796,
    "BIC": 2226.3077332646953,
    "logLikelihood": -1100.769141653398,
    "n_conditions": 489
}