{
    "participantID": "ln2",
    "modelType": "switchingFree_LapseFree_sharedPrior",
    "fittedParams": [
        0.0010045322357091213,
        0.17723130518664562,
        0.539744514754995,
        0.09429247517618927,
        1.926643361607792,
        0.0010286084667430195,
        0.001006244272278467,
        0.6348357089595084
    ],
    "AIC": 2218.4541209542367,
    "BIC": 2239.4159334016113,
    "logLikelihood": -1104.2270604771184,
    "n_conditions": 489
}