{
    "participantID": "ln2",
    "modelType": "logLinearMismatch_LapseFree_sharedPrior",
    "fittedParams": [
        0.00546611804099101,
        0.2506429154720393,
        0.7633140129829991,
        0.9458258244571659,
        2.724685171841831,
        0.0026130658217484596,
        0.04419923108224629
    ],
    "AIC": 2225.2337126343127,
    "BIC": 2242.003162592212,
    "logLikelihood": -1108.6168563171564,
    "n_conditions": 489
}