{
    "participantID": "ln2",
    "modelType": "selection_LapseFree_sharedPrior",
    "fittedParams": [
        0.0010000000000011111,
        0.17723130518664562,
        0.539744514754995,
        0.9425086091437621,
        1.926643361607792,
        0.0010000000000011111,
        0.001000014492236856
    ],
    "AIC": 2292.770172030375,
    "BIC": 2309.539621988274,
    "logLikelihood": -1142.3850860151874,
    "n_conditions": 489
}