{
    "participantID": "ml",
    "modelType": "fusionOnlyLogNorm_LapseFree_sharedPrior",
    "fittedParams": [
        0.3542068122953445,
        0.27569950160294737,
        0.37152225048088394,
        1.3274855993843624,
        0.12710099905389788,
        0.28722638031661674
    ],
    "AIC": 2523.1195872727367,
    "BIC": 2536.305372067083,
    "logLikelihood": -1258.5597936363683,
    "n_conditions": 599
}