{
    "participantID": "ml",
    "modelType": "lognorm_LapseFree_sharedPrior",
    "fittedParams": [
        0.3999999256688099,
        0.27569950160294737,
        0.37152225048088394,
        0.9999999999999546,
        1.3274855993843624,
        0.10657289534361418,
        0.2827825867247813
    ],
    "AIC": 2521.882533351537,
    "BIC": 2539.4635797439987,
    "logLikelihood": -1256.9412666757685,
    "n_conditions": 599
}