{
    "participantID": "ml",
    "modelType": "selection_LapseFree_sharedPrior",
    "fittedParams": [
        0.0010000000011612387,
        0.27569950160294737,
        0.37152225048088394,
        0.40739437706215537,
        1.3274855993843624,
        0.0010000000011612387,
        0.0010002060166720006
    ],
    "AIC": 2515.746135677857,
    "BIC": 2533.327182070319,
    "logLikelihood": -1253.8730678389286,
    "n_conditions": 599
}