{
    "participantID": "qs",
    "model_type": "lognorm_LapseFree_sharedPrior",
    "simulated_file": "simulated_data/qs/qs_lognorm_LapseFree_sharedPrior_simulated.csv",
    "n_params": 42,
    "n_conditions": 487,
    "n_trials": 67200,
    "parameters": [
        0.2249249213649539,
        0.03310186736599524,
        0.2996627977164509,
        0.06110718974692292,
        0.014443282554985542,
        0.3250761826195409,
        0.13586164548560453,
        0.014868189409348325,
        0.2910730819365275,
        0.1021033989596999,
        0.028650727622625938,
        0.2920209045517276,
        0.19474632421405716,
        0.05393759960919876,
        0.2932296987607505,
        0.12925107069576605,
        0.05303597477599115,
        0.30261302559795983,
        0.0630308299684431,
        0.03686080387426789,
        0.2953702280501771,
        0.0,
        -0.05156390273355079,
        0.9493443129105195,
        0.0,
        -0.08003035704576432,
        0.7752456191013172,
        0.0,
        0.02022458733461374,
        0.8664465468601378,
        0.0,
        0.037093540619316474,
        0.7988171144628172,
        0.0,
        0.1255060810663224,
        0.9787213291098392,
        0.0,
        0.15658831696537437,
        0.9357279159532311,
        0.0,
        0.13338403840046334,
        0.8585458876058739
    ],
    "log_likelihood": -37665.333260997504,
    "AIC": 75414.66652199501,
    "BIC": 75590.57361516448,
    "success": true,
    "message": "CONVERGENCE: RELATIVE REDUCTION OF F <= FACTR*EPSMCH",
    "uniqueSensory": [
        0.1,
        1.2
    ],
    "uniqueStandard": [
        0.5
    ],
    "uniqueConflict": [
        -0.25,
        -0.17,
        -0.08,
        0.0,
        0.08,
        0.17,
        0.25
    ],
    "nStart": 1
}