{
    "participantID": "qs",
    "model_type": "lognorm_LapseFree_sharedPrior",
    "simulated_file": "simulated_data/qs/qs_lognorm_LapseFree_sharedPrior_simulated.csv",
    "n_params": 42,
    "n_conditions": 487,
    "n_trials": 67200,
    "parameters": [
        0.25,
        -1.0,
        0.94307659399356,
        0.25,
        -1.0,
        0.9511894506140703,
        0.25,
        -1.0,
        0.4619156736573199,
        0.25,
        -1.0,
        0.5985298205522914,
        0.25,
        -1.0,
        0.8540148037415065,
        0.25,
        -1.0,
        0.5177465138790457,
        0.25,
        -1.0,
        0.5858743002789912,
        0.25,
        -1.0,
        1.6766779032049914,
        0.25,
        -1.0,
        1.306632070660875,
        0.25,
        -1.0,
        1.9694430797723386,
        0.25,
        -1.0,
        2.0,
        0.25,
        -1.0,
        2.0,
        0.25,
        -1.0,
        2.0,
        0.25,
        -1.0,
        2.0
    ],
    "log_likelihood": -43101.59167955912,
    "AIC": 86287.18335911824,
    "BIC": 86463.09045228771,
    "success": true,
    "message": "CONVERGENCE: REL_REDUCTION_OF_F_<=_FACTR*EPSMCH",
    "uniqueSensory": [
        0.1,
        1.2
    ],
    "uniqueStandard": [
        0.5
    ],
    "uniqueConflict": [
        -0.25,
        -0.17,
        -0.08,
        0.0,
        0.08,
        0.17,
        0.25
    ],
    "nStart": 1
}