{
    "participantID": "mt",
    "dataName": "mt_all.csv",
    "n_params": 42,
    "n_conditions": 353,
    "n_trials": 2156,
    "parameters": [
        0.21198197895380036,
        -0.30611281889796493,
        0.5180444934829086,
        0.0,
        -0.2142727223548571,
        0.3895067751769843,
        0.056434784512036734,
        -0.06597442625721171,
        0.5039553432174892,
        0.0,
        -0.012995815965905377,
        0.3544521861489839,
        0.08210641139111308,
        0.18434311793079006,
        0.586978102655746,
        0.0,
        0.14365236907477097,
        0.5336719788010151,
        0.0,
        0.30369131309867997,
        0.46353430970145093,
        0.10893831596005685,
        -0.012701553783142475,
        0.32483036067989085,
        0.0,
        -0.048317995881329526,
        0.2230926616865035,
        0.03824814442181028,
        0.0900441050354047,
        0.33190426996344097,
        0.10852776955826392,
        0.023868797975943674,
        0.2020317026733384,
        0.09980148384081802,
        -0.00496829672109186,
        0.26631144549138136,
        0.0,
        0.07568965591301774,
        0.25521817977905653,
        0.05323952768763457,
        0.06300742400225774,
        0.1418726299523476
    ],
    "log_likelihood": -1079.1231083476353,
    "AIC": 2242.2462166952705,
    "BIC": 2404.6378750864687,
    "success": true,
    "message": "CONVERGENCE: REL_REDUCTION_OF_F_<=_FACTR*EPSMCH",
    "uniqueSensory": [
        1.2,
        0.1
    ],
    "uniqueStandard": [
        0.5
    ],
    "uniqueConflict": [
        -0.25,
        -0.17,
        -0.08,
        0.0,
        0.08,
        0.17,
        0.25
    ],
    "nStart": 1
}