{
    "participantID": "mt",
    "dataName": "mt_all",
    "n_params": 42,
    "n_conditions": 353,
    "n_trials": 2156,
    "parameters": [
        0.0,
        -0.4296093086803304,
        0.8995233956430729,
        0.0,
        -0.2692387065613404,
        0.4419707309239056,
        0.1455714185290422,
        -0.09019039248860501,
        0.4125885799705979,
        0.0,
        -0.0330859576366197,
        0.35708725585607676,
        0.14810377260802757,
        0.13677537792587055,
        0.5370740380028267,
        0.0,
        0.1011240599101792,
        0.5255996163228812,
        0.0,
        0.256323219162803,
        0.4232608518033205,
        0.0,
        -0.045048408613060635,
        0.4275355078119992,
        0.0,
        -0.06396387311610381,
        0.22826693496356654,
        0.07127296664430603,
        0.062048318076337414,
        0.280235464890987,
        0.09428362391779795,
        0.009127236104842854,
        0.20588883017027823,
        0.028031193268444107,
        -0.03663929337964696,
        0.33363258321376876,
        0.0,
        0.04905882635032773,
        0.24461014584385066,
        0.05586741992377162,
        0.050590841772334805,
        0.13895134908257567
    ],
    "log_likelihood": -1074.2848183612182,
    "AIC": 2232.5696367224364,
    "BIC": 2394.961295113635,
    "success": true,
    "message": "CONVERGENCE: RELATIVE REDUCTION OF F <= FACTR*EPSMCH",
    "uniqueSensory": [
        1.2,
        0.1
    ],
    "uniqueStandard": [
        0.5
    ],
    "uniqueConflict": [
        -0.25,
        -0.17,
        -0.08,
        0.0,
        0.08,
        0.17,
        0.25
    ],
    "nStart": 1
}