{
    "participantID": "mt",
    "dataName": "mt_all",
    "n_params": 42,
    "n_conditions": 353,
    "n_trials": 2156,
    "parameters": [
        0.2060895057763733,
        -0.1531101751257239,
        0.26317660614328586,
        0.0,
        -0.1075676917287405,
        0.19569392703909422,
        0.05495805844301849,
        -0.03312339729843699,
        0.2525943105168671,
        0.0,
        -0.006315619962306624,
        0.17761843565984875,
        0.08081751741718536,
        0.09248317130351245,
        0.29539371975221984,
        0.0,
        0.07161222491493494,
        0.2664603433657715,
        0.0,
        0.1528482766950847,
        0.23332371286070308,
        0.10747424727508043,
        -0.006622189285029837,
        0.1619147071670453,
        0.0,
        -0.024278962766164404,
        0.11184105432464254,
        0.03905491830260508,
        0.04508722676157084,
        0.16621425017463395,
        0.10833698712914502,
        0.01202423258924479,
        0.10163411713662653,
        0.09658211393529491,
        -0.002670662500422831,
        0.13382710648299928,
        0.0,
        0.03749631940642256,
        0.12647709817701352,
        0.05407009625984339,
        0.031065593605619703,
        0.07093305472201487
    ],
    "log_likelihood": -1078.6649481103027,
    "AIC": 2241.3298962206054,
    "BIC": 2403.721554611804,
    "success": true,
    "message": "CONVERGENCE: REL_REDUCTION_OF_F_<=_FACTR*EPSMCH",
    "uniqueSensory": [
        1.2,
        0.1
    ],
    "uniqueStandard": [
        0.5
    ],
    "uniqueConflict": [
        -0.25,
        -0.17,
        -0.08,
        0.0,
        0.08,
        0.17,
        0.25
    ],
    "nStart": 1
}