{
    "participantID": "mt",
    "dataName": "mt_all.csv",
    "n_params": 42,
    "n_conditions": 353,
    "n_trials": 2156,
    "parameters": [
        0.0,
        -0.42949882737549633,
        0.8992322163931862,
        0.0,
        -0.26920084707413267,
        0.44192074013821064,
        0.14525774140530626,
        -0.09021676249351276,
        0.41290963636422945,
        0.0,
        -0.033085150822826696,
        0.3570317179693132,
        0.14767403148122518,
        0.13672475430817096,
        0.537535854571871,
        0.0,
        0.10115077640684776,
        0.5257280287077004,
        0.0,
        0.2563276168691327,
        0.4232676558689816,
        0.0,
        -0.04504521424971756,
        0.42758368935178265,
        0.0,
        -0.06395121552836647,
        0.2282733352662991,
        0.07129454579015024,
        0.0620470816483821,
        0.28021980299381594,
        0.09431069304876942,
        0.00912386481781263,
        0.20587763138898263,
        0.027889953608921332,
        -0.03661399955725809,
        0.33374616019967196,
        0.0,
        0.04905526653657687,
        0.24460845700657874,
        0.055885744647576494,
        0.05057836238684511,
        0.138964249020535
    ],
    "log_likelihood": -1074.284816345965,
    "AIC": 2232.56963269193,
    "BIC": 2394.9612910831283,
    "success": true,
    "message": "CONVERGENCE: REL_REDUCTION_OF_F_<=_FACTR*EPSMCH",
    "uniqueSensory": [
        1.2,
        0.1
    ],
    "uniqueStandard": [
        0.5
    ],
    "uniqueConflict": [
        -0.25,
        -0.17,
        -0.08,
        0.0,
        0.08,
        0.17,
        0.25
    ],
    "nStart": 1
}