{
    "participantID": "ip",
    "modelType": "selection_LapseFix_sharedPrior",
    "fittedParams": [
        0.2814023932036013,
        0.06839938983645277,
        0.38994191331557915,
        0.890548836067319,
        0.2814022309414296
    ],
    "AIC": 2458.2675958259947,
    "BIC": 2479.270141696208,
    "logLikelihood": -1224.1337979129974,
    "n_conditions": 493
}