{
    "participantID": "ip",
    "modelType": "lognorm_LapseFix_sharedPrior",
    "fittedParams": [
        0.01914886531829832,
        0.2961445193910598,
        1.6001305730080604,
        0.8341773509979249,
        0.6647819112610815
    ],
    "AIC": 2404.3263351475994,
    "BIC": 2425.328881017813,
    "logLikelihood": -1197.1631675737997,
    "n_conditions": 493
}