{
    "participantID": "ip",
    "modelType": "probabilityMatchingLogNorm_LapseFree_sharedPrior",
    "fittedParams": [
        0.2032555799741298,
        0.21163538554217654,
        0.852451734625697,
        0.09691554158926002,
        0.6955799605877324,
        0.21875588203929366,
        0.0010000002972781474
    ],
    "AIC": 2405.4804738180264,
    "BIC": 2434.8840380363254,
    "logLikelihood": -1195.7402369090132,
    "n_conditions": 493
}