{
    "participantID": "ip",
    "modelType": "switchingFree_LapseFix_sharedPrior",
    "fittedParams": [
        0.029638349885707432,
        0.283162866117188,
        0.07937523629021438,
        4.8268015724772795e-05,
        0.6857130106875178,
        0.15641218488162845
    ],
    "AIC": 2401.432791297886,
    "BIC": 2426.635846342142,
    "logLikelihood": -1194.716395648943,
    "n_conditions": 493
}