{
  "participantID": "ln2",
  "best_params": [
    0.07084624898815445,
    0.1786744132693321,
    1.3243077591752068,
    0.7435898302842248,
    0.39729205353097163,
    0.0015418196092628345,
    0.08938274314332492
  ],
  "boot_mean": [
    0.07084627318737095,
    0.17867436583655855,
    1.3243078804091373,
    0.7435902145052109,
    0.39729205562606645,
    0.0015418670210496288,
    0.08938252653654792
  ],
  "boot_std": [
    8.522260483714386e-07,
    2.94207812001396e-07,
    4.932495815521048e-07,
    1.293327488022085e-06,
    3.824537519269578e-07,
    4.0787304499267665e-07,
    8.621010435658302e-07
  ],
  "ci_low": [
    0.07084454487101624,
    0.17867377138050541,
    1.3243070486076465,
    0.7435896211708047,
    0.3972911846202646,
    0.001541127587275021,
    0.0893801723686868
  ],
  "ci_high": [
    0.07084788975505751,
    0.17867487570769983,
    1.324308987615279,
    0.7435933162629389,
    0.39729262817135375,
    0.0015426970535256394,
    0.0893836457285859
  ],
  "n_successful": 20,
  "boot_samples": [
    [
      0.0708463257016501,
      0.1786748701727735,
      1.3243082839537048,
      0.7435903658974611,
      0.39729210367685264,
      0.0015423170859161337,
      0.08938302262048917
    ],
    [
      0.07084625567851194,
      0.17867445382926508,
      1.3243076839828158,
      0.743589747071586,
      0.3972919813225935,
      0.0015418056571824303,
      0.08938267516230468
    ],
    [
      0.07084679843283184,
      0.17867488071549031,
      1.3243082580481835,
      0.7435902688106425,
      0.39729278325726514,
      0.0015425501841368923,
      0.08938376299546402
    ],
    [
      0.07084626974729027,
      0.17867438329148183,
      1.3243077614266263,
      0.7435898123913738,
      0.39729207858074567,
      0.0015417955025299542,
      0.08938272374894847
    ],
    [
      0.07084629012412755,
      0.1786743515421174,
      1.3243078303202105,
      0.7435898771099753,
      0.3972920794336295,
      0.0015421621698342965,
      0.08938267034697012
    ],
    [
      0.07084558626338347,
      0.17867418401112722,
      1.3243091063881602,
      0.7435898167532957,
      0.3972924567606096,
      0.001540998981874501,
      0.08938074887822403
    ],
    [
      0.07084360265887447,
      0.1786741409175123,
      1.324306667020395,
      0.743595750815239,
      0.3972906538339888,
      0.0015421161001416856,
      0.08937965076481977
    ],
    [
      0.0708487440521435,
      0.17867353284170057,
      1.3243088563399892,
      0.7435897935082408,
      0.3972921475693983,
      0.0015420442956667671,
      0.08938215600564527
    ],
    [
      0.07084624898815445,
      0.1786744132693321,
      1.3243077591752068,
      0.7435898302842248,
      0.39729205353097163,
      0.0015418196092628345,
      0.08938274314332492
    ],
    [
      0.07084612222000604,
      0.17867431491385613,
      1.3243074745112604,
      0.743590169613073,
      0.3972918914194687,
      0.0015413035959805652,
      0.08938271155347816
    ],
    [
      0.07084645449289148,
      0.17867403502865814,
      1.3243077582791356,
      0.7435896986404699,
      0.3972923962015282,
      0.001541269730086122,
      0.089382668568319
    ],
    [
      0.07084694553196248,
      0.17867484141513731,
      1.324308239228073,
      0.7435906254419757,
      0.39729213044396017,
      0.0015428299353535534,
      0.08938351611782587
    ],
    [
      0.07084613589457087,
      0.17867436247021032,
      1.3243078932555938,
      0.7435899188104919,
      0.3972921245510262,
      0.001541828291524001,
      0.08938278704047399
    ],
    [
      0.07084625186615341,
      0.17867440957412564,
      1.3243077677448922,
      0.7435898099127568,
      0.397292036435062,
      0.0015418050160589663,
      0.08938274016186305
    ],
    [
      0.07084626829397365,
      0.1786744029327777,
      1.3243077444763982,
      0.7435898166898404,
      0.39729208238880503,
      0.0015418406065688458,
      0.08938278497657268
    ],
    [
      0.07084620890430111,
      0.17867439179500078,
      1.3243074703619773,
      0.743589551079203,
      0.39729177127877985,
      0.001541554831665415,
      0.08938233783465517
    ],
    [
      0.07084624898815445,
      0.1786744132693321,
      1.3243077591752068,
      0.7435898302842248,
      0.39729205353097163,
      0.0015418196092628345,
      0.08938274314332492
    ],
    [
      0.07084624898815443,
      0.1786744132693321,
      1.3243077591752068,
      0.7435898302842248,
      0.39729205353097163,
      0.0015418196092628167,
      0.08938274314332492
    ],
    [
      0.07084624908913371,
      0.1786744264315624,
      1.3243077661836202,
      0.7435898349587047,
      0.3972920474611764,
      0.001541813075379422,
      0.08938273368105588
    ],
    [
      0.07084620783114964,
      0.17867409504037737,
      1.3243077691360918,
      0.7435899417472102,
      0.397292187313524,
      0.0015418465333045385,
      0.08938261084387412
    ]
  ]
}