{
    "participantID": "dt",
    "model_type": "lognorm_LapseFree_sharedPrior",
    "simulated_file": "simulated_data/dt/dt_lognorm_LapseFree_sharedPrior_simulated.csv",
    "n_params": 42,
    "n_conditions": 360,
    "n_trials": 66780,
    "parameters": [
        0.25,
        -1.0,
        0.8349884777545482,
        0.25,
        -1.0,
        0.6360771256901946,
        0.25,
        -1.0,
        0.40908218700997667,
        0.25,
        -1.0,
        0.6281721912868983,
        0.25,
        -1.0,
        1.476715659535229,
        0.25,
        -1.0,
        0.5712634945029983,
        0.25,
        -1.0,
        0.930108326120396,
        0.25,
        -1.0,
        1.1328940881544365,
        0.25,
        -1.0,
        1.1147632802414713,
        0.25,
        -1.0,
        0.7910494322481476,
        0.25,
        -1.0,
        1.5367906503126953,
        0.25,
        -1.0,
        1.8003769170893285,
        0.25,
        -1.0,
        1.4427015573798685,
        0.25,
        -0.9989090828865965,
        2.0
    ],
    "log_likelihood": -44052.90894210175,
    "AIC": 88189.8178842035,
    "BIC": 88353.0342535244,
    "success": true,
    "message": "CONVERGENCE: REL_REDUCTION_OF_F_<=_FACTR*EPSMCH",
    "uniqueSensory": [
        0.1,
        1.2
    ],
    "uniqueStandard": [
        0.5
    ],
    "uniqueConflict": [
        -0.25,
        -0.17,
        -0.08,
        0.0,
        0.08,
        0.17,
        0.25
    ],
    "nStart": 1
}