{
    "participantID": "dt",
    "model_type": "lognorm_LapseFree_sharedPrior",
    "simulated_file": "simulated_data/dt/dt_lognorm_LapseFree_sharedPrior_simulated.csv",
    "n_params": 42,
    "n_conditions": 360,
    "n_trials": 66780,
    "parameters": [
        0.16462819520796798,
        -0.05673677039976168,
        0.2950924186499509,
        0.24144156833012445,
        -0.0256145698925108,
        0.28820536070645814,
        0.13884692510185132,
        0.002696362161400927,
        0.3169236708577742,
        0.2062853939498959,
        0.035477762904601425,
        0.31512826576254327,
        0.16844021546695231,
        0.0451390803525895,
        0.2806560033537981,
        0.16828462398083968,
        0.06545848670268632,
        0.29680208185655454,
        0.25,
        0.11145411681162985,
        0.31149204351668947,
        0.25,
        -0.26670842482747775,
        0.41280342268781556,
        0.25,
        -0.15211293902893078,
        0.5720876275662364,
        0.23775205420777493,
        -0.045354137952617356,
        0.49903018608481653,
        0.0007215429559899208,
        0.04137873492140047,
        0.8095560615510362,
        0.25,
        0.09687213858576434,
        0.43047657537764134,
        0.25,
        0.1429723235030637,
        0.4843721508857619,
        0.25,
        0.23746366942362396,
        0.5018595552656293
    ],
    "log_likelihood": -38232.68786132081,
    "AIC": 76549.37572264162,
    "BIC": 76712.59209196252,
    "success": true,
    "message": "CONVERGENCE: RELATIVE REDUCTION OF F <= FACTR*EPSMCH",
    "uniqueSensory": [
        0.1,
        1.2
    ],
    "uniqueStandard": [
        0.5
    ],
    "uniqueConflict": [
        -0.25,
        -0.17,
        -0.08,
        0.0,
        0.08,
        0.17,
        0.25
    ],
    "nStart": 1
}