{
    "participantID": "hh",
    "modelType": "lognorm_LapseFree_sharedPrior",
    "fittedParams": [
        0.24879187885322637,
        0.0070710678118654745,
        0.3574092125483299,
        0.9999496605128115,
        1.5067118527325143,
        0.3492397512058402,
        0.24885332977694044
    ],
    "AIC": 1391.4640479532143,
    "BIC": 1407.538420811199,
    "logLikelihood": -691.7320239766071,
    "n_conditions": 411
}