{
    "participantID": "hh",
    "modelType": "selection_LapseFree_sharedPrior",
    "fittedParams": [
        0.23424761177548237,
        0.0070710678118654745,
        0.3574092125483299,
        0.9999735267144388,
        1.5067118527325143,
        0.3999997235361322,
        0.24753827839033113
    ],
    "AIC": 1480.842282687519,
    "BIC": 1496.9166555455038,
    "logLikelihood": -736.4211413437595,
    "n_conditions": 411
}