{
    "participantID": "hh",
    "modelType": "fusionOnlyLogNorm_LapseFree_sharedPrior",
    "fittedParams": [
        0.0010025263547576435,
        0.11165075592135365,
        0.27515074358053304,
        2.3067460369190194,
        0.0010002486561548896,
        0.0502121144673838
    ],
    "AIC": 1194.8916910899723,
    "BIC": 1219.0032503769496,
    "logLikelihood": -591.4458455449861,
    "n_conditions": 411
}