{
    "participantID": "hh",
    "modelType": "fusionOnlyLogNorm_LapseFree_sharedPrior",
    "fittedParams": [
        0.24087373148820174,
        0.0070710678118654745,
        0.3574092125483299,
        1.5067118527325143,
        0.2998040493299915,
        0.25588819325671447
    ],
    "AIC": 1389.8944799289761,
    "BIC": 1401.9502595724648,
    "logLikelihood": -691.9472399644881,
    "n_conditions": 411
}