{
    "participantID": "hh",
    "modelType": "fusionOnlyLogNorm_LapseFree_sharedPrior",
    "fittedParams": [
        0.24801762695312501,
        0.0070710678118654745,
        0.3574092125483299,
        1.5067118527325143,
        0.3999951293945313,
        0.23537840576171876
    ],
    "AIC": 1388.037377289388,
    "BIC": 1400.0931569328766,
    "logLikelihood": -691.018688644694,
    "n_conditions": 411
}