{
    "participantID": "hh",
    "modelType": "fusionOnly_LapseFree_sharedPrior",
    "fittedParams": [
        0.0010000000000002784,
        0.055953714731835524,
        0.13685294627999633,
        1.9341536736995768,
        0.0010001356853093502,
        0.02964184965855407
    ],
    "AIC": 1201.126623860981,
    "BIC": 1225.2381831479584,
    "logLikelihood": -594.5633119304905,
    "n_conditions": 411
}