{
    "participantID": "HH",
    "modelType": "fusionOnly_LapseFree_sharedPrior",
    "fittedParams": [
        0.0006375653683790006,
        0.1,
        0.15980370590172238,
        0.3766821764037013,
        0.846831139572896,
        9.97644893295248
    ],
    "AIC": 1837.5974912898687,
    "BIC": 1861.8103798850173,
    "logLikelihood": -912.7987456449343,
    "n_conditions": 418
}