{
    "participantID": "hh",
    "modelType": "fusionOnlyLogNorm_LapseFree_sharedPrior",
    "fittedParams": [
        0.25295799020449516,
        0.01,
        0.5054529557029364,
        2.1308123367226153,
        0.3604652633944776,
        0.24181241082713006
    ],
    "AIC": 1425.4307464662302,
    "BIC": 1437.4865261097189,
    "logLikelihood": -709.7153732331151,
    "n_conditions": 411
}