{
    "participantID": "hh",
    "modelType": "fusionOnly_LapseFree_sharedPrior",
    "fittedParams": [
        0.0010000190153514055,
        0.053820830515978746,
        0.12971570144320133,
        1.7980864384092272,
        0.0014402004374743926,
        0.0390656122297485
    ],
    "AIC": 1195.8501925611135,
    "BIC": 1219.961751848091,
    "logLikelihood": -591.9250962805568,
    "n_conditions": 411
}