{
    "participantID": "HH",
    "modelType": "fusionOnly_LapseFree_sharedPrior",
    "fittedParams": [
        0.04849514853660028,
        0.05964742930259739,
        0.14134365478922073,
        0.38694182773678065,
        -5.308608293449884,
        12.885505470481696
    ],
    "AIC": 1793.602122119536,
    "BIC": 1817.8150107146846,
    "logLikelihood": -890.801061059768,
    "n_conditions": 418
}