{
    "participantID": "hh",
    "modelType": "gaussian_LapseFree_sharedPrior",
    "fittedParams": [
        0.045441080210729276,
        0.04037368475780187,
        0.10896342413134787,
        0.9729300482514242,
        0.6209082141164737,
        0.2271252258836057,
        0.08658058734493128
    ],
    "AIC": 1217.8503946049445,
    "BIC": 1245.9805471064183,
    "logLikelihood": -601.9251973024723,
    "n_conditions": 411
}