{
    "participantID": "HH",
    "modelType": "gaussian_LapseFree_sharedPrior",
    "fittedParams": [
        0.0,
        0.1,
        0.13167933184204228,
        0.8391276389679044,
        0.41298827133636223,
        0.0,
        0.027993045514040193
    ],
    "AIC": 1833.0453174345328,
    "BIC": 1861.293687462206,
    "logLikelihood": -909.5226587172664,
    "n_conditions": 418
}