{
    "participantID": "hh",
    "modelType": "gaussian_LapseFree_sharedPrior",
    "fittedParams": [
        0.005909495498491475,
        0.05091902040796113,
        0.11596330557106328,
        0.9865436689060211,
        2.164392212493362,
        0.042152581205974135,
        0.02233716800216511,
        -1.6551679824047771,
        9.807068908048748
    ],
    "AIC": 1205.147493236986,
    "BIC": 1241.314832167452,
    "logLikelihood": -593.573746618493,
    "n_conditions": 411
}