{
    "participantID": "HH",
    "modelType": "gaussian_LapseFree_sharedPrior",
    "fittedParams": [
        4.973628620064119e-07,
        0.10004253978348965,
        0.16122578118493947,
        0.9425791445249702,
        0.33422235272242684,
        4.474390155606578e-08,
        0.028748104350670517,
        0.9999924427292172,
        6.64549954855569
    ],
    "AIC": 1836.3004190078955,
    "BIC": 1872.6197519006182,
    "logLikelihood": -909.1502095039477,
    "n_conditions": 418
}