{
    "participantID": "HH",
    "modelType": "gaussian_LapseFree_sharedPrior",
    "fittedParams": [
        0.0356443455981575,
        0.04943185484916118,
        0.1175367535453722,
        0.9113267502032056,
        0.7020046311733122,
        0.15437192069212594,
        0.04587300634939845,
        -0.8912582519996919,
        2.124988303650504
    ],
    "AIC": 1797.673451378094,
    "BIC": 1833.9927842708166,
    "logLikelihood": -889.836725689047,
    "n_conditions": 418
}