{
    "participantID": "hh",
    "modelType": "gaussian_LapseFree_sharedPrior",
    "fittedParams": [
        0.001993597570061678,
        0.05579957634642707,
        0.13138771557658901,
        0.999979217723012,
        0.966602542022057,
        0.03402924207635222,
        0.029566605703905208
    ],
    "AIC": 1199.4387265955131,
    "BIC": 1227.5688790969868,
    "logLikelihood": -592.7193632977566,
    "n_conditions": 411
}