{
    "participantID": "HH",
    "modelType": "gaussian_LapseFree_contextualPrior",
    "fittedParams": [
        1.6806045118750168e-05,
        0.10000000018758326,
        0.10248121723319847,
        0.3543075521632143,
        0.3733706745464588,
        0.0,
        0.026895935317816103,
        0.7770623049992684
    ],
    "AIC": 1814.0143833537509,
    "BIC": 1846.298234813949,
    "logLikelihood": -899.0071916768754,
    "n_conditions": 418
}