{
    "participantID": "HH",
    "modelType": "gaussian",
    "fittedParams": [
        0.0,
        0.1,
        0.13167933184204228,
        0.8391276389679044,
        0.41298827133636223,
        0.0,
        0.027993045514040193
    ],
    "AIC": 1832.361357043629,
    "BIC": 1860.6097270713021,
    "logLikelihood": -909.1806785218145,
    "n_conditions": 418
}