{
    "participantID": "HH",
    "modelType": "lognorm_LapseFree_sharedPrior",
    "fittedParams": [
        0.012705908971695034,
        0.10271916496873992,
        0.26560023909681935,
        0.6264264022824672,
        0.6720313963811471,
        0.04823028318336715,
        0.06109803718365525,
        1.2590467823727594,
        5.1069327951100805
    ],
    "AIC": 1755.4330472991137,
    "BIC": 1791.7523801918364,
    "logLikelihood": -868.7165236495568,
    "n_conditions": 418
}