{
    "participantID": "HH",
    "modelType": "lognorm",
    "fittedParams": [
        7.292365990230198e-07,
        0.1194329025932529,
        0.24854301323543038,
        0.8291596904329688,
        0.8796149760909612,
        0.24854301323543038
    ],
    "AIC": 1754.0684057775793,
    "BIC": 1778.2812943727279,
    "logLikelihood": -871.0342028887897,
    "n_conditions": 418
}