{
    "participantID": "hh",
    "modelType": "lognorm_LapseFree_sharedPrior",
    "fittedParams": [
        0.0010000000743195236,
        0.11129171277396377,
        0.26047748986631625,
        0.9798145757056773,
        1.518030157391913,
        0.0012412673920392803,
        0.04300842532478272,
        0.044529761895537395,
        9.739451550459489
    ],
    "AIC": 1201.7144193953886,
    "BIC": 1237.8817583258547,
    "logLikelihood": -591.8572096976943,
    "n_conditions": 411
}