{
    "participantID": "hh",
    "modelType": "lognorm_LapseFree_sharedPrior",
    "fittedParams": [
        0.0406123134725576,
        0.10952864414570007,
        0.2651894457883055,
        0.9861699246486199,
        3.1615399563097153,
        0.011698662504131733,
        0.046276573618942
    ],
    "AIC": 1197.846300718488,
    "BIC": 1225.9764532199617,
    "logLikelihood": -591.923150359244,
    "n_conditions": 411
}