{
    "participantID": "hh",
    "modelType": "lognorm_LapseFree_sharedPrior",
    "fittedParams": [
        0.01529691303225362,
        0.1113458414915928,
        0.2546119714860861,
        0.947507737117141,
        3.5396430382020325,
        0.033616632237035385,
        0.03742104232164865
    ],
    "AIC": 1196.9139089047594,
    "BIC": 1225.0440614062331,
    "logLikelihood": -591.4569544523797,
    "n_conditions": 411
}