{
    "participantID": "HH",
    "modelType": "lognorm_LapseFree_sharedPrior",
    "fittedParams": [
        0.0011784479786228902,
        0.11435315671465107,
        0.29825259949561767,
        0.9493877971792154,
        0.6702337187703233,
        0.006869182736627455,
        0.04646430427943418,
        0.9579614271146056,
        9.886489440493197
    ],
    "AIC": 1750.8796110643045,
    "BIC": 1787.1989439570273,
    "logLikelihood": -866.4398055321523,
    "n_conditions": 418
}