{
    "participantID": "HH",
    "modelType": "lognorm_LapseFree_sharedPrior",
    "fittedParams": [
        0.0,
        0.11108129147440193,
        0.2848188249394297,
        0.9873632011964917,
        0.5088259702920914,
        0.016346827428787944,
        0.07156696673482657,
        0.4781140279024839,
        9.139127530753614
    ],
    "AIC": 1755.9773996833312,
    "BIC": 1792.296732576054,
    "logLikelihood": -868.9886998416656,
    "n_conditions": 418
}