{
    "participantID": "hh",
    "modelType": "lognorm_LapseFree_sharedPrior",
    "fittedParams": [
        0.23534187622070313,
        0.01,
        0.5054529557029364,
        0.9999877929687501,
        2.1308123367226153,
        0.3419643005371094,
        0.2364377624511719
    ],
    "AIC": 1428.6955613143282,
    "BIC": 1444.769934172313,
    "logLikelihood": -710.3477806571641,
    "n_conditions": 411
}