{
    "participantID": "HH",
    "modelType": "lognorm_LapseFree_contextualPrior",
    "fittedParams": [
        0.0012569681132845179,
        0.10924232286077307,
        0.2796809002582085,
        0.9865902515485606,
        0.43407426595222204,
        0.011704888185249729,
        0.05800242390378116,
        0.999
    ],
    "AIC": 1751.838068348052,
    "BIC": 1784.1219198082501,
    "logLikelihood": -867.919034174026,
    "n_conditions": 418
}