{
    "participantID": "HH",
    "modelType": "logLinearMismatch",
    "fittedParams": [
        0.00023619498861079946,
        0.11425733200136168,
        0.28248452273968727,
        0.874165944751637,
        0.6515430171205663,
        0.027148019363448836,
        0.042330817244055644
    ],
    "AIC": 1763.091144734856,
    "BIC": 1791.3395147625292,
    "logLikelihood": -874.545572367428,
    "n_conditions": 418
}