{
    "participantID": "HH",
    "modelType": "lognorm_LapseFree_sharedPrior",
    "fittedParams": [
        0.001000292037654088,
        0.10906063695282653,
        0.27698848815813215,
        0.999999972738522,
        0.466416821280246,
        0.009430888993899655,
        0.05695619830322782,
        0.39999880579196234,
        2.5970194826447077
    ],
    "AIC": 1753.2342694624663,
    "BIC": 1789.553602355189,
    "logLikelihood": -867.6171347312331,
    "n_conditions": 418
}