{
    "participantID": "hh",
    "modelType": "lognorm_LapseFix_sharedPrior",
    "fittedParams": [
        0.018850879795306613,
        0.11164309775531889,
        0.25354181744644366,
        0.9615575673457898,
        1.2459359635681415
    ],
    "AIC": 1193.8951739551076,
    "BIC": 1213.9881400275888,
    "logLikelihood": -591.9475869775538,
    "n_conditions": 411
}