{
    "participantID": "HH",
    "modelType": "logLinearMismatch",
    "fittedParams": [
        0.013016956309002126,
        0.11010792191009389,
        0.2873765201811329,
        0.9181167333102815,
        1.0297486973856576,
        0.2873765201811329
    ],
    "AIC": 1757.861905270531,
    "BIC": 1782.0747938656796,
    "logLikelihood": -872.9309526352655,
    "n_conditions": 418
}