{
    "participantID": "hh",
    "modelType": "lognorm_LapseFree_sharedPrior",
    "fittedParams": [
        0.0010702512646432183,
        0.1108283865914611,
        0.255734943165257,
        0.9856460294937279,
        1.2420522374266303,
        0.0010003395619205546,
        0.053908421634049214
    ],
    "AIC": 1203.9739130474509,
    "BIC": 1232.1040655489246,
    "logLikelihood": -594.9869565237254,
    "n_conditions": 411
}