{
    "participantID": "hh",
    "modelType": "logLinearMismatch_LapseFree_sharedPrior",
    "fittedParams": [
        0.018128204353390503,
        0.1104532033090265,
        0.2240593746058859,
        0.9318326708723217,
        1.0604768039146142,
        0.018734091698205398,
        0.056388850464138274
    ],
    "AIC": 1211.12164974818,
    "BIC": 1239.2518022496538,
    "logLikelihood": -598.56082487409,
    "n_conditions": 411
}