{
    "participantID": "hh",
    "modelType": "logLinearMismatch_LapseFree_sharedPrior",
    "fittedParams": [
        0.0019170268955456477,
        0.11025382927575438,
        0.2617793788051069,
        0.9975381401013205,
        1.9222459817420985,
        0.05626090139026995,
        0.00517560689267214
    ],
    "AIC": 1212.2793849356249,
    "BIC": 1240.4095374370986,
    "logLikelihood": -599.1396924678124,
    "n_conditions": 411
}