{
    "participantID": "HH",
    "modelType": "lognorm_LapseFree_contextualPrior",
    "fittedParams": [
        0.0010555645849390227,
        0.11384504998087808,
        0.3027847530368305,
        0.9172078894196034,
        0.6012528983970038,
        0.037513677932867584,
        0.04894701100224416,
        0.999999971930248,
        0.0008589498079982216,
        8.588811662004108
    ],
    "AIC": 1758.9967341822446,
    "BIC": 1799.3515485074922,
    "logLikelihood": -869.4983670911223,
    "n_conditions": 418
}