{
    "participantID": "HH",
    "modelType": "lognorm",
    "fittedParams": [
        1.7099208992010784e-05,
        0.11452394397929311,
        0.2762975070604614,
        0.9428468398948087,
        0.7520712530120637,
        0.023022657098846364,
        0.04764669894954493
    ],
    "AIC": 1749.7696826834863,
    "BIC": 1778.0180527111595,
    "logLikelihood": -867.8848413417431,
    "n_conditions": 418
}