{
    "participantID": "HH",
    "modelType": "lognorm_LapseFree_sharedPrior",
    "fittedParams": [
        6.07239456912323e-08,
        0.11860919944614234,
        0.29140163813950604,
        0.989999987813914,
        0.5831035947026613,
        1.0382329458019646e-05,
        0.06318660478165583,
        0.11924263675092903,
        2.8119641473613437
    ],
    "AIC": 1761.734720712896,
    "BIC": 1798.0540536056187,
    "logLikelihood": -871.867360356448,
    "n_conditions": 418
}