{
    "participantID": "hh",
    "modelType": "lognorm_LapseFree_sharedPrior",
    "fittedParams": [
        0.001000019025802601,
        0.1116575321960448,
        0.2514336870360373,
        0.9382326126098633,
        1.7938303086948393,
        0.0010310976743697908,
        0.04053420040607453
    ],
    "AIC": 1203.7229391585372,
    "BIC": 1231.853091660011,
    "logLikelihood": -594.8614695792686,
    "n_conditions": 411
}