{
    "participantID": "hh",
    "modelType": "lognorm_LapseFree_sharedPrior",
    "fittedParams": [
        0.0010000000011612387,
        0.10648570226194243,
        0.24660316938944515,
        0.9275562083494151,
        1.513052193715462,
        0.04493164074694214,
        0.03766243343376116
    ],
    "AIC": 1203.78410770254,
    "BIC": 1231.9142602040138,
    "logLikelihood": -594.89205385127,
    "n_conditions": 411
}