{
    "participantID": "HH",
    "modelType": "lognorm_LapseFree_contextualPrior",
    "fittedParams": [
        0.0010046868875622506,
        0.12059736814349886,
        0.2963908062689006,
        0.5266438908874989,
        0.646946922428906,
        0.009425800685957053,
        0.03448198676407335,
        0.9996371153742076,
        0.2956586121022701,
        7.22911474780934
    ],
    "AIC": 1754.9894218654408,
    "BIC": 1795.3442361906884,
    "logLikelihood": -867.4947109327204,
    "n_conditions": 418
}