{
    "participantID": "hh",
    "modelType": "logLinearMismatch_LapseFree_sharedPrior",
    "fittedParams": [
        0.002696235133858635,
        0.10046033722354712,
        0.23859535773552168,
        0.4585976649611728,
        1.0923878927441917,
        0.07101571781281185,
        0.03724397255587553,
        2.126160983632773,
        6.797279132194065
    ],
    "AIC": 1207.9373715155793,
    "BIC": 1244.1047104460454,
    "logLikelihood": -594.9686857577897,
    "n_conditions": 411
}