{
    "participantID": "HH",
    "modelType": "logLinearMismatch_LapseFree_sharedPrior",
    "fittedParams": [
        0.028134248773193038,
        0.09947642799655187,
        0.25732220455063004,
        0.8178572869469141,
        0.9118381080857091,
        0.11825074092985702,
        0.040014870064869784,
        0.16002531263498354,
        7.590328580066955
    ],
    "AIC": 1773.8167816126522,
    "BIC": 1810.136114505375,
    "logLikelihood": -877.9083908063261,
    "n_conditions": 418
}