{
    "participantID": "HH",
    "modelType": "logLinearMismatch_LapseFree_sharedPrior",
    "fittedParams": [
        2.7006864547721166e-05,
        0.11080301716923713,
        0.2777591427788138,
        0.9499966902516782,
        0.6061989063024521,
        0.03222972720861439,
        0.054767807573080085,
        0.9989489298313856,
        9.789536704458296
    ],
    "AIC": 1762.9767461161784,
    "BIC": 1799.2960790089012,
    "logLikelihood": -872.4883730580892,
    "n_conditions": 418
}