{
    "participantID": "hh",
    "modelType": "lognorm_LapseFree_sharedPrior",
    "fittedParams": [
        0.0010000002972781474,
        0.11218579366922365,
        0.2629771921456977,
        0.9737051330506803,
        1.9928057438302784,
        0.0010137889504432673,
        0.061968152067810284
    ],
    "AIC": 1202.734916472787,
    "BIC": 1230.8650689742608,
    "logLikelihood": -594.3674582363935,
    "n_conditions": 411
}