{
    "participantID": "HH",
    "modelType": "lognorm_LapseFree_sharedPrior",
    "fittedParams": [
        0.0010077475538489977,
        0.11173844888224005,
        0.2943045936045193,
        0.9997367112932096,
        0.4820961202747803,
        0.001110792003799932,
        0.04273244743280033,
        0.04089888745347936,
        1.4567180160767452
    ],
    "AIC": 1752.7471355861562,
    "BIC": 1789.066468478879,
    "logLikelihood": -867.3735677930781,
    "n_conditions": 418
}