{
    "participantID": "hh",
    "modelType": "lognorm_LapseFree_contextualPrior",
    "fittedParams": [
        0.0011159136053507253,
        0.13243324773126813,
        0.1175304626251277,
        0.18295506175639126,
        1.5619439928873158,
        0.023116958633299125,
        0.028178982148436057,
        0.8660721061925265,
        6.965955175894088,
        13.049288831735767
    ],
    "AIC": 1200.4947976122867,
    "BIC": 1240.680729757249,
    "logLikelihood": -590.2473988061433,
    "n_conditions": 411
}