{
    "participantID": "hh",
    "modelType": "probabilityMatching_LapseFree_sharedPrior",
    "fittedParams": [
        0.0010225783909582897,
        0.05131245494360548,
        0.12322994407903776,
        3.075120303397405e-07,
        2.4969345533032308,
        0.052518754636788095,
        0.03890459675420077
    ],
    "AIC": 1204.4639248960457,
    "BIC": 1232.5940773975194,
    "logLikelihood": -595.2319624480228,
    "n_conditions": 411
}
