{
    "participantID": "hh",
    "modelType": "probabilityMatchingLogNorm_LapseFree_sharedPrior",
    "fittedParams": [
        0.015728480393467588,
        0.11414681304437334,
        0.25581128210121756,
        0.012091342935177284,
        5.380446409683045,
        0.0015735471779161417,
        0.02485864112251395,
        0.9668297326606987,
        6.178374609963708
    ],
    "AIC": 1198.9476513020509,
    "BIC": 1235.114990232517,
    "logLikelihood": -590.4738256510254,
    "n_conditions": 411
}