{
    "participantID": "hh",
    "modelType": "probabilityMatchingLogNorm_LapseFree_sharedPrior",
    "fittedParams": [
        0.24576105023026468,
        0.0070710678118654745,
        0.3574092125483299,
        2.9802321721561498e-09,
        1.5067118527325143,
        0.3427130259200931,
        0.24676523090302946
    ],
    "AIC": 1392.569753185276,
    "BIC": 1408.644126043261,
    "logLikelihood": -692.284876592638,
    "n_conditions": 411
}