{
    "participantID": "hh",
    "modelType": "probabilityMatchingLogNorm_LapseFree_sharedPrior",
    "fittedParams": [
        0.23425468049936465,
        0.01,
        0.5054529557029364,
        5.732290436766263e-08,
        2.1308123367226153,
        0.3558589467272628,
        0.24934723271087278
    ],
    "AIC": 1426.5668334601785,
    "BIC": 1442.6412063181633,
    "logLikelihood": -709.2834167300892,
    "n_conditions": 411
}