{
    "participantID": "hh",
    "modelType": "probabilityMatchingLogNorm_LapseFree_sharedPrior",
    "fittedParams": [
        0.0010020437409402616,
        0.11243702278737433,
        0.2756792846763704,
        1.1641465569312004e-11,
        1.9999989203717232,
        0.0010010106969915722,
        0.04190320349620888
    ],
    "AIC": 1204.1576341185448,
    "BIC": 1232.2877866200186,
    "logLikelihood": -595.0788170592724,
    "n_conditions": 411
}