{
    "participantID": "HH",
    "modelType": "probabilityMatchingLogNorm_LapseFree_sharedPrior",
    "fittedParams": [
        2.2579493088412117e-05,
        0.11492570097984756,
        0.28465193630579044,
        0.9372377509789012,
        0.47826828643825137,
        0.0016862746278639429,
        0.05039124886068752,
        0.9726741798225703,
        9.916330884922763
    ],
    "AIC": 1753.354931253575,
    "BIC": 1789.6742641462977,
    "logLikelihood": -867.6774656267875,
    "n_conditions": 418
}