{
    "participantID": "HH",
    "modelType": "probabilityMatchingLogNorm_LapseFree_sharedPrior",
    "fittedParams": [
        0.004791100454330427,
        0.11660687446594231,
        0.29322473764419554,
        0.9685613155364992,
        1.0940185797214508,
        0.001000019025802601,
        0.035312445211410526,
        0.010378866195678738,
        3.83798668454814
    ],
    "AIC": 1762.5515183379002,
    "BIC": 1798.870851230623,
    "logLikelihood": -872.2757591689501,
    "n_conditions": 418
}