{
    "participantID": "HH",
    "modelType": "probabilityMatching_LapseFree_sharedPrior",
    "fittedParams": [
        0.03819270811924863,
        0.055836510701131103,
        0.10473767852285741,
        0.6573394605530101,
        0.2672561467976216,
        0.12633540722311715,
        0.04588926880911018,
        -2.385277057105515,
        4.417797224292815
    ],
    "AIC": 1796.972512291182,
    "BIC": 1833.2918451839048,
    "logLikelihood": -889.486256145591,
    "n_conditions": 418
}