{
    "participantID": "hh",
    "modelType": "probabilityMatchingLogNorm_LapseFree_sharedPrior",
    "fittedParams": [
        0.0010000011891126426,
        0.11320055670931928,
        0.2778182234179972,
        1.7468631267447687e-05,
        1.5845892005717754,
        0.0011959871709346648,
        0.06404432940036059
    ],
    "AIC": 1197.1238519790568,
    "BIC": 1225.2540044805305,
    "logLikelihood": -591.5619259895284,
    "n_conditions": 411
}