{
    "participantID": "hh",
    "modelType": "probabilityMatching_LapseFree_sharedPrior",
    "fittedParams": [
        0.0028667200868539183,
        0.058734385282664794,
        0.10586173722750647,
        0.006402179634139902,
        7.452738333767733,
        0.043278729225253,
        0.019942548965517514,
        0.6207380743526293,
        13.72862520913829
    ],
    "AIC": 1196.8689965333142,
    "BIC": 1233.0363354637802,
    "logLikelihood": -589.4344982666571,
    "n_conditions": 411
}