{
    "participantID": "hh",
    "modelType": "probabilityMatchingLogNorm_LapseFree_sharedPrior",
    "fittedParams": [
        0.0010000483727315435,
        0.11378630555947822,
        0.27985717688670897,
        2.5820918375663027e-07,
        2.4999999999708975,
        0.0010088915249099883,
        0.0511554477949743
    ],
    "AIC": 1199.0636894266752,
    "BIC": 1227.193841928149,
    "logLikelihood": -592.5318447133376,
    "n_conditions": 411
}