{
    "participantID": "hh",
    "modelType": "probabilityMatchingLogNorm_LapseFree_sharedPrior",
    "fittedParams": [
        0.0018058736802635533,
        0.10599528829089215,
        0.25400069497645056,
        0.010764088693326535,
        6.7050249285046455,
        0.004878496119695118,
        0.0011650429606054197,
        0.8193937831748088,
        9.040089238035769
    ],
    "AIC": 1197.6949876364133,
    "BIC": 1233.8623265668793,
    "logLikelihood": -589.8474938182067,
    "n_conditions": 411
}