{
    "participantID": "hh",
    "modelType": "selection_LapseFree_sharedPrior",
    "fittedParams": [
        0.23721871065064334,
        0.01,
        0.5054529557029364,
        0.5657861865649465,
        2.1308123367226153,
        0.39996549719700714,
        0.24700842670137063
    ],
    "AIC": 1517.5894875930703,
    "BIC": 1533.6638604510551,
    "logLikelihood": -754.7947437965352,
    "n_conditions": 411
}