{
    "participantID": "hh",
    "modelType": "switching_LapseFree_sharedPrior",
    "fittedParams": [
        0.0010002139080501349,
        0.093408228020323,
        0.24046328981358944,
        0.4510618783817165,
        1.7775168185652603,
        0.03043154533493289,
        0.03568396783833172
    ],
    "AIC": 1204.121411665192,
    "BIC": 1232.2515641666657,
    "logLikelihood": -595.060705832596,
    "n_conditions": 411
}