{
    "participantID": "HH",
    "modelType": "switchingFree_LapseFree_sharedPrior",
    "fittedParams": [
        0.025343730147825764,
        0.047454481057301164,
        0.0772828349521621,
        0.0478153382156481,
        0.13569843296100786,
        0.07227380539673196,
        0.08019710359537094,
        0.7427639847759906
    ],
    "AIC": 1789.5410893715691,
    "BIC": 1821.8249408317672,
    "logLikelihood": -886.7705446857846,
    "n_conditions": 418
}