{
    "participantID": "hh",
    "modelType": "selection_LapseFree_sharedPrior",
    "fittedParams": [
        0.001000000004644952,
        0.059419204793032754,
        0.12639354151718774,
        0.505138739006361,
        1.9936054173495696,
        0.0010013283433567,
        0.003102935556246661
    ],
    "AIC": 1191.1898099472812,
    "BIC": 1219.319962448755,
    "logLikelihood": -588.5949049736406,
    "n_conditions": 411
}