{
    "participantID": "hh",
    "modelType": "selection_LapseFree_sharedPrior",
    "fittedParams": [
        0.01858204002648519,
        0.06165105494463411,
        0.13874298632538068,
        0.8123418331229225,
        3.3525301267028365,
        0.015494572876376211,
        0.01260398754113598
    ],
    "AIC": 1199.5685393624283,
    "BIC": 1227.698691863902,
    "logLikelihood": -592.7842696812141,
    "n_conditions": 411
}