{
    "participantID": "hh",
    "modelType": "selection_LapseFree_sharedPrior",
    "fittedParams": [
        0.0010053343594074171,
        0.05607127947449675,
        0.12222286894261825,
        0.5670999109745025,
        1.4592970011967419,
        0.0018039899885654298,
        0.01823214507102966
    ],
    "AIC": 1191.80453415952,
    "BIC": 1219.9346866609937,
    "logLikelihood": -588.90226707976,
    "n_conditions": 411
}