{
    "participantID": "HH",
    "modelType": "selection_LapseFree_sharedPrior",
    "fittedParams": [
        0.0012040145267606384,
        0.05122369085919887,
        0.10209811121031831,
        0.14746656572897332,
        0.17829876593299887,
        0.13987623464443727,
        0.08693091608953202,
        0.39384329687771724,
        5.598000830354656
    ],
    "AIC": 1781.7704329723908,
    "BIC": 1818.0897658651136,
    "logLikelihood": -881.8852164861954,
    "n_conditions": 418
}