{
    "participantID": "hh",
    "modelType": "selection_LapseFree_sharedPrior",
    "fittedParams": [
        0.22849664738469294,
        0.01,
        0.5054529557029364,
        0.6667533382540569,
        2.1308123367226153,
        0.3721514307900565,
        0.23554387851804498
    ],
    "AIC": 1517.782076330367,
    "BIC": 1533.856449188352,
    "logLikelihood": -754.8910381651835,
    "n_conditions": 411
}