{
    "participantID": "hh",
    "modelType": "switchingWithConflict_LapseFree_sharedPrior",
    "fittedParams": [
        0.02165252373846292,
        0.07609553034477884,
        0.2551575751430668,
        0.156089943066718,
        4.871840852460575,
        0.0008825928739967788,
        0.04800834629533972,
        4.386614478312611,
        0.12618825105339243,
        9.345354423155307
    ],
    "AIC": 1210.2566253377188,
    "BIC": 1250.4425574826812,
    "logLikelihood": -595.1283126688594,
    "n_conditions": 411
}