{
    "participantID": "HH",
    "modelType": "switching_LapseFree_sharedPrior",
    "fittedParams": [
        0.05633435755420962,
        0.041244953140549295,
        0.11470249840410067,
        0.4488384145559001,
        0.3346526376053421,
        0.03827366458323166,
        0.032683016792988726,
        9.565894910931798,
        12.128496164081342
    ],
    "AIC": 1808.1632799811746,
    "BIC": 1844.4826128738973,
    "logLikelihood": -895.0816399905873,
    "n_conditions": 418
}