{
    "participantID": "hh",
    "modelType": "selection_LapseFree_sharedPrior",
    "fittedParams": [
        0.001001674124313262,
        0.058396281540040396,
        0.1201346818332163,
        0.6210661862802226,
        1.9886570644096166,
        0.0010002796504995637,
        0.03238990756258134
    ],
    "AIC": 1192.8435893259768,
    "BIC": 1220.9737418274506,
    "logLikelihood": -589.4217946629884,
    "n_conditions": 411
}