{
    "participantID": "hh",
    "modelType": "switching_LapseFree_sharedPrior",
    "fittedParams": [
        0.005432462820770141,
        0.09377567137053772,
        0.24382516187254066,
        0.33460845324381394,
        2.6883162027859164,
        0.03879901179528986,
        0.027257937914227304,
        2.061557006710486,
        13.852383055389904
    ],
    "AIC": 1204.9530142469805,
    "BIC": 1241.1203531774465,
    "logLikelihood": -593.4765071234903,
    "n_conditions": 411
}