{
    "participantID": "hh",
    "modelType": "selection_LapseFree_sharedPrior",
    "fittedParams": [
        0.035311916888753986,
        0.053220142951971514,
        0.11138896978626485,
        0.43938427717406914,
        3.6883789120595383,
        0.06550093684146162,
        0.030773672921243694,
        -1.4111949229908944,
        1.2757852005530834
    ],
    "AIC": 1198.1890441865303,
    "BIC": 1234.3563831169963,
    "logLikelihood": -590.0945220932651,
    "n_conditions": 411
}