{
    "participantID": "hh",
    "modelType": "switchingFree_LapseFree_sharedPrior",
    "fittedParams": [
        0.0010146118175674845,
        0.11125497605516,
        0.2498971462031151,
        0.03603332379861962,
        0.00010000000582033319,
        0.0010000000011612387,
        0.046073091125872434,
        0.9970990723959403
    ],
    "AIC": 1204.973830230334,
    "BIC": 1237.1225759463039,
    "logLikelihood": -594.486915115167,
    "n_conditions": 411
}