{
    "participantID": "hh",
    "modelType": "switchingFree_LapseFree_sharedPrior",
    "fittedParams": [
        0.0010000000743195236,
        0.01,
        0.5054529557029364,
        0.28780668666586273,
        2.1308123367226153,
        0.0010000000743195236,
        0.0010000000743195236,
        0.9999999998137356
    ],
    "AIC": 1314.1546948979778,
    "BIC": 1334.247660970459,
    "logLikelihood": -652.0773474489889,
    "n_conditions": 411
}