{
    "participantID": "hh",
    "modelType": "switchingFree_LapseFree_sharedPrior",
    "fittedParams": [
        0.001224301018222712,
        0.10718943155819671,
        0.2536737804536814,
        0.03353971380795423,
        0.0012913495752497894,
        0.0010028876102661233,
        0.04957233374865627,
        0.9933265260885946
    ],
    "AIC": 1207.681601797848,
    "BIC": 1239.830347513818,
    "logLikelihood": -595.840800898924,
    "n_conditions": 411
}