{
    "participantID": "HH",
    "modelType": "switchingWithConflict_LapseFree_sharedPrior",
    "fittedParams": [
        0.0010062182301014966,
        0.050000000022701,
        0.14090045197051948,
        0.5804279389907606,
        1.09342565280298,
        0.0011960190749203126,
        0.001000000004644952,
        1.1477436676895014,
        0.21969706385629253,
        7.234839153280769
    ],
    "AIC": 1810.988903123774,
    "BIC": 1851.3437174490216,
    "logLikelihood": -895.494451561887,
    "n_conditions": 418
}