{
    "participantID": "hh",
    "modelType": "selection_LapseFix_sharedPrior",
    "fittedParams": [
        0.012118412685394264,
        0.056606764669418164,
        0.12161682729721057,
        0.585605525970459,
        1.6979965538692472
    ],
    "AIC": 1187.477989624284,
    "BIC": 1207.5709556967652,
    "logLikelihood": -588.738994812142,
    "n_conditions": 411
}