{
    "participantID": "hh",
    "modelType": "switchingFree_LapseFree_sharedPrior",
    "fittedParams": [
        0.0010000000000181253,
        0.10868354030374838,
        0.25394841618158825,
        0.03369665268842248,
        1.9404413665667302,
        0.0010000000000181253,
        0.07603386060246176,
        0.9999999956992498
    ],
    "AIC": 1205.0575567372782,
    "BIC": 1237.206302453248,
    "logLikelihood": -594.5287783686391,
    "n_conditions": 411
}