{
    "participantID": "hh",
    "modelType": "switchingFree_LapseFree_sharedPrior",
    "fittedParams": [
        0.0033370615505574353,
        0.10662080814492134,
        0.23780005251942776,
        0.02577809406866041,
        1.4048451670079471,
        0.09403302942353765,
        0.04485130130596161,
        0.9914087596057288
    ],
    "AIC": 1204.6880615106347,
    "BIC": 1236.8368072266046,
    "logLikelihood": -594.3440307553174,
    "n_conditions": 411
}