{
  "participantID": "oy",
  "best_params": [
    0.08410660290365946,
    0.29852335361276694,
    0.9865746703231218,
    0.8558858769735136,
    0.3924577143692063,
    0.055491089033059826,
    0.11943352237614092
  ],
  "boot_mean": [
    0.0841067373633309,
    0.29852366067346836,
    0.9865747311832965,
    0.8558861207899747,
    0.3924578947298488,
    0.055491329616977614,
    0.11943373720613767
  ],
  "boot_std": [
    6.307737036996842e-07,
    5.999327934715231e-07,
    5.706372630707142e-07,
    5.419576405813305e-07,
    3.4938067374104634e-07,
    9.018216004730681e-07,
    4.6494346287135083e-07
  ],
  "ci_low": [
    0.08410564664294853,
    0.29852315902420173,
    0.9865737076262288,
    0.8558852890129331,
    0.3924576366114891,
    0.055490495590662145,
    0.11943313791772674
  ],
  "ci_high": [
    0.08410822677556475,
    0.29852520804883087,
    0.9865760784246276,
    0.8558871638731691,
    0.39245885237258143,
    0.0554936248914417,
    0.11943487164290911
  ],
  "n_successful": 20,
  "boot_samples": [
    [
      0.0841073831328224,
      0.29852385809988125,
      0.9865744733156122,
      0.8558869281508881,
      0.39245827792760996,
      0.055490535234379856,
      0.1194331766264271
    ],
    [
      0.08410660290365946,
      0.29852335361276694,
      0.9865746703231218,
      0.8558858769735136,
      0.3924577143692063,
      0.055491089033059826,
      0.11943352237614092
    ],
    [
      0.08410670675545245,
      0.2985233448017998,
      0.9865744714816752,
      0.8558858863125391,
      0.3924577944669679,
      0.05549130420738779,
      0.11943363730129483
    ],
    [
      0.08410692041833283,
      0.2985237649710651,
      0.9865747996895823,
      0.8558861383197247,
      0.3924579216933607,
      0.05549156693376862,
      0.11943394182837147
    ],
    [
      0.08410541272155843,
      0.2985234328182677,
      0.9865762998853708,
      0.8558873771457092,
      0.39245802706314653,
      0.055491466435928616,
      0.119434150376183
    ],
    [
      0.08410660637898357,
      0.2985233648165998,
      0.9865746912051265,
      0.8558858900167918,
      0.39245771512179556,
      0.055491100050417276,
      0.11943352228741572
    ],
    [
      0.08410590518764285,
      0.29852363419519684,
      0.9865737895566585,
      0.8558847979922508,
      0.3924577876778414,
      0.0554907039931076,
      0.11943493744327556
    ],
    [
      0.08410662445481434,
      0.29852300259939385,
      0.9865742311810435,
      0.8558858687698616,
      0.3924576086157179,
      0.05549045972253659,
      0.11943394592814142
    ],
    [
      0.08410607700612503,
      0.29852354828469685,
      0.9865750778355863,
      0.8558864219979971,
      0.39245773185172017,
      0.05549081750165327,
      0.11943363681168333
    ],
    [
      0.08410662491450015,
      0.29852339339149103,
      0.9865746773612398,
      0.8558858917056649,
      0.39245773955262375,
      0.05549111540137122,
      0.11943350252675537
    ],
    [
      0.08410660290365946,
      0.29852335361276694,
      0.9865746703231218,
      0.8558858769735136,
      0.3924577143692063,
      0.055491089033059826,
      0.11943352237614092
    ],
    [
      0.08410817599186696,
      0.2985242233900198,
      0.9865749621055738,
      0.8558866004525505,
      0.3924589066757431,
      0.0554923311785775,
      0.11943479891618831
    ],
    [
      0.08410684649625944,
      0.29852360201984485,
      0.9865750932332334,
      0.8558860235415696,
      0.39245770679915803,
      0.05549078161630419,
      0.11943343839600949
    ],
    [
      0.08410660290365946,
      0.29852335361276694,
      0.9865746703231218,
      0.8558858769735136,
      0.3924577143692063,
      0.055491089033059826,
      0.11943352237614092
    ],
    [
      0.08410660290365946,
      0.29852335361276694,
      0.9865746703231218,
      0.8558858769735136,
      0.3924577143692063,
      0.055491089033059826,
      0.11943352237614092
    ],
    [
      0.08410660269023869,
      0.29852335300573274,
      0.9865746691125686,
      0.8558858756161264,
      0.39245771364431187,
      0.05549108860560199,
      0.11943352123795745
    ],
    [
      0.08410663014721571,
      0.2985235958578234,
      0.9865745781546948,
      0.8558858323054744,
      0.39245783147026514,
      0.05549116490443706,
      0.11943357474653336
    ],
    [
      0.08410690897387228,
      0.2985245019663087,
      0.9865758336522271,
      0.8558866560315211,
      0.39245781465240787,
      0.05549192582219341,
      0.11943425226811902
    ],
    [
      0.08410663765957525,
      0.29852333191477887,
      0.9865746611045513,
      0.855885831720003,
      0.3924576675541836,
      0.05549107920609107,
      0.11943351502826567
    ],
    [
      0.08410827272271988,
      0.29852584688539857,
      0.986573633498697,
      0.8558868878267706,
      0.39245879235329745,
      0.05549479539355692,
      0.11943310289556926
    ]
  ]
}