{
    "participantID": "sx",
    "modelType": "fusionOnly_LapseFree_sharedPrior",
    "fittedParams": [
        0.022887993079794316,
        0.153758934479332,
        0.1607707455219013,
        4.540105667747264,
        1.2874759638919624,
        10.370533282402727
    ],
    "AIC": 2152.265324809473,
    "BIC": 2177.8113303367686,
    "logLikelihood": -1070.1326624047365,
    "n_conditions": 522
}