{
    "participantID": "sx",
    "modelType": "fusionOnly_LapseFree_sharedPrior",
    "fittedParams": [
        0.008858090510583339,
        0.1727225276603912,
        0.16691830609387326,
        1.9743907332213189,
        0.13677725693370488,
        0.03541298697726944
    ],
    "AIC": 2143.728556902461,
    "BIC": 2169.566208624149,
    "logLikelihood": -1065.8642784512306,
    "n_conditions": 548
}