{
    "participantID": "sx",
    "modelType": "fusionOnlyLogNorm_LapseFree_sharedPrior",
    "fittedParams": [
        0.0026196144590546577,
        0.24673807644906276,
        0.6089633192103499,
        0.6241188349324437,
        0.021333909666459816,
        0.28897165910152345
    ],
    "AIC": 2260.4814066746703,
    "BIC": 2273.4002325355145,
    "logLikelihood": -1127.2407033373352,
    "n_conditions": 548
}