{
    "participantID": "sx",
    "modelType": "fusionOnlyLogNorm_LapseFree_sharedPrior",
    "fittedParams": [
        0.03372071183489368,
        0.4798202508094025,
        0.40463437796541224,
        5.7082514618889295,
        1.1787506016193448,
        10.811942494483443
    ],
    "AIC": 2174.4700047368747,
    "BIC": 2200.0160102641703,
    "logLikelihood": -1081.2350023684373,
    "n_conditions": 522
}