{
    "participantID": "sx",
    "modelType": "fusionOnly_LapseFree_sharedPrior",
    "fittedParams": [
        0.002594144436608964,
        0.6241188349324437,
        0.6089633192103499,
        0.24673807644906276,
        0.0011278044572846924,
        0.00100318343001074
    ],
    "AIC": 2495.1970920277913,
    "BIC": 2508.1159178886355,
    "logLikelihood": -1244.5985460138957,
    "n_conditions": 548
}