{
    "participantID": "sx",
    "modelType": "fusionOnly_LapseFree_sharedPrior",
    "fittedParams": [
        0.03003782983869313,
        0.18873894642107186,
        0.17288640954298895,
        1.3675798554345966,
        0.050131907314062085,
        2.4748321233736355
    ],
    "AIC": 2148.500639344186,
    "BIC": 2174.0466448714815,
    "logLikelihood": -1068.250319672093,
    "n_conditions": 522
}