{
    "participantID": "sx",
    "modelType": "fusionOnlyLogNorm_LapseFree_sharedPrior",
    "fittedParams": [
        0.001000086629595498,
        0.30521380870952497,
        0.324708037342906,
        2.496487774411305,
        0.12380726630019709,
        0.16888733342032047
    ],
    "AIC": 2149.645483751456,
    "BIC": 2175.483135473144,
    "logLikelihood": -1068.822741875728,
    "n_conditions": 548
}