{
    "participantID": "sx",
    "modelType": "fusionOnlyLogNorm_LapseFree_sharedPrior",
    "fittedParams": [
        0.03758412265406302,
        0.17447016703405704,
        0.43060209250750653,
        0.44131866044697843,
        0.15206406565796265,
        0.3456548044747791
    ],
    "AIC": 2227.2056829127987,
    "BIC": 2240.124508773643,
    "logLikelihood": -1110.6028414563993,
    "n_conditions": 548
}