{
    "participantID": "sx",
    "modelType": "gaussian_LapseFree_sharedPrior",
    "fittedParams": [
        0.12789422658547878,
        2.4914182077075844,
        0.07054792561290311,
        0.9569114019295417,
        1.7099787641371011,
        0.24262976052433413,
        0.04093411645611149
    ],
    "AIC": 2189.51352756362,
    "BIC": 2219.657454572256,
    "logLikelihood": -1087.75676378181,
    "n_conditions": 548
}