{
    "participantID": "sx",
    "modelType": "gaussian_LapseFree_sharedPrior",
    "fittedParams": [
        0.026685843446472873,
        0.182929612059605,
        0.16870164200969429,
        0.9906280280152203,
        1.4902796876003936,
        0.060863647166224444,
        0.001000000000004525
    ],
    "AIC": 2149.050336307107,
    "BIC": 2179.1942633157432,
    "logLikelihood": -1067.5251681535535,
    "n_conditions": 548
}