{
    "participantID": "sx",
    "modelType": "gaussian",
    "fittedParams": [
        0.015899938300663052,
        0.19083264995460925,
        0.1556243939709384,
        0.9121052513835461,
        0.9224472319666529,
        0.13248603971514966,
        0.016258597150317647
    ],
    "AIC": 2144.688748480035,
    "BIC": 2174.4924215952133,
    "logLikelihood": -1065.3443742400175,
    "n_conditions": 522
}