{
    "participantID": "sx",
    "modelType": "gaussian_LapseFree_sharedPrior",
    "fittedParams": [
        0.03643896368823434,
        0.13348994532246475,
        0.1194279130139725,
        0.9926902857525508,
        7.575740868346337,
        0.14392194505082184,
        0.12121649981580124,
        1.487005422673887,
        9.966410999455386
    ],
    "AIC": 2149.2531296582606,
    "BIC": 2188.009607240793,
    "logLikelihood": -1065.6265648291303,
    "n_conditions": 548
}