{
    "participantID": "sx",
    "modelType": "gaussian_LapseFree_sharedPrior",
    "fittedParams": [
        0.06952723351056243,
        0.15931100019073438,
        0.13145334262814823,
        0.5092129598347055,
        0.24411558187550192,
        0.19316836139056448,
        0.1623230844231785,
        0.4029749937032782,
        6.8151694982709135
    ],
    "AIC": 2162.2795355868266,
    "BIC": 2200.59854387777,
    "logLikelihood": -1072.1397677934133,
    "n_conditions": 522
}