{
    "participantID": "sx",
    "modelType": "lognorm_LapseFree_sharedPrior",
    "fittedParams": [
        0.0010227908979344447,
        0.30495022626632284,
        0.32513935178534015,
        0.9814261431361957,
        1.2488086217326477,
        0.174173586546781,
        0.17969040865733332
    ],
    "AIC": 2153.17373710106,
    "BIC": 2183.317664109696,
    "logLikelihood": -1069.58686855053,
    "n_conditions": 548
}