{
    "participantID": "sx",
    "modelType": "lognorm_LapseFree_sharedPrior",
    "fittedParams": [
        0.01963576735088135,
        0.2862127779552247,
        0.3122554621170275,
        0.9999992251861841,
        0.8871523427625652,
        0.10707064844951965,
        0.2116307283716975,
        0.05431022877804936,
        2.1310341396152457
    ],
    "AIC": 2163.4951001973172,
    "BIC": 2201.814108488261,
    "logLikelihood": -1072.7475500986586,
    "n_conditions": 522
}