{
    "participantID": "sx",
    "modelType": "lognorm_LapseFree_sharedPrior",
    "fittedParams": [
        0.0010000000185798608,
        0.3143413079623133,
        0.30386053092195653,
        0.894329591211863,
        1.4581922202534041,
        0.14166726028963458,
        0.1799504633579636,
        0.3988935037422925,
        1.5990061340737163
    ],
    "AIC": 2155.2219303173306,
    "BIC": 2193.5409386082742,
    "logLikelihood": -1068.6109651586653,
    "n_conditions": 522
}