{
    "participantID": "sx",
    "modelType": "lognorm_LapseFree_sharedPrior",
    "fittedParams": [
        0.0010001342422045756,
        0.33921005301171236,
        0.33691544867392487,
        0.9999998213947973,
        1.0647684782979108,
        0.08869125069778204,
        0.1663210916604338
    ],
    "AIC": 2151.719865742691,
    "BIC": 2181.8637927513273,
    "logLikelihood": -1068.8599328713456,
    "n_conditions": 548
}