{
    "participantID": "sx",
    "modelType": "lognorm_LapseFree_sharedPrior",
    "fittedParams": [
        0.0010043366753030303,
        0.3135373390298103,
        0.32252265259856816,
        0.9999999999534339,
        1.8664733191649825,
        0.10256980808891822,
        0.18732418804976625
    ],
    "AIC": 2154.9518235867163,
    "BIC": 2185.0957505953525,
    "logLikelihood": -1070.4759117933581,
    "n_conditions": 548
}