{
    "participantID": "sx",
    "modelType": "lognorm_LapseFree_sharedPrior",
    "fittedParams": [
        0.0022184504508971914,
        0.33683209634542455,
        0.3231877018475532,
        0.9715372800827027,
        1.9995506034493444,
        0.17044537720680236,
        0.1714499966621399
    ],
    "AIC": 2154.4619259600936,
    "BIC": 2184.60585296873,
    "logLikelihood": -1070.2309629800468,
    "n_conditions": 548
}