{
    "participantID": "sx",
    "modelType": "logLinearMismatch",
    "fittedParams": [
        0.05015625000000001,
        0.5031542968749999,
        0.32397460937499994,
        0.9999024414062501,
        1.6998437499999999,
        0.32397460937499994
    ],
    "AIC": 2178.1703469448485,
    "BIC": 2203.716352472144,
    "logLikelihood": -1083.0851734724242,
    "n_conditions": 522
}