{
    "participantID": "sx",
    "modelType": "logLinearMismatch",
    "fittedParams": [
        4.65638935565893e-05,
        0.3061444669961929,
        0.31183541417121885,
        0.996482413969934,
        1.129570288658142,
        0.11347991116344928,
        0.20223800502717496
    ],
    "AIC": 2162.656785211404,
    "BIC": 2192.4604583265823,
    "logLikelihood": -1074.328392605702,
    "n_conditions": 522
}