{
    "participantID": "sx",
    "modelType": "logLinearMismatch_LapseFree_sharedPrior",
    "fittedParams": [
        0.032859806000393364,
        0.2476851209303061,
        0.2841268218349522,
        0.9682135651302719,
        0.6450741348400388,
        0.11999614383515793,
        0.2637963067840355
    ],
    "AIC": 2173.184571517718,
    "BIC": 2203.328498526354,
    "logLikelihood": -1079.592285758859,
    "n_conditions": 548
}