{
    "participantID": "sx",
    "modelType": "lognorm",
    "fittedParams": [
        8.395750395634449e-05,
        0.3212084532424035,
        0.33288087023879825,
        0.9999998988808834,
        1.5958319146728628,
        0.10596473838614458,
        0.16981172087150895
    ],
    "AIC": 2149.6521474812293,
    "BIC": 2179.4558205964076,
    "logLikelihood": -1067.8260737406147,
    "n_conditions": 522
}