{
    "participantID": "sx",
    "modelType": "lognorm_LapseFree_sharedPrior",
    "fittedParams": [
        0.04585349643125695,
        0.23700428870599702,
        0.3217381713312767,
        0.9797878771810006,
        9.221162094054307,
        0.12225589465482103,
        0.2079401971789647,
        0.9841456406869427,
        6.27942913186581
    ],
    "AIC": 2167.7270719762755,
    "BIC": 2206.046080267219,
    "logLikelihood": -1074.8635359881378,
    "n_conditions": 522
}