{
    "participantID": "sx",
    "modelType": "lognorm_LapseFree_sharedPrior",
    "fittedParams": [
        0.001000000004644952,
        0.24673807644906276,
        0.6089633192103499,
        0.9999997839797289,
        0.6241188349324437,
        0.001000000004644952,
        0.2836648704219435
    ],
    "AIC": 2259.5316113298773,
    "BIC": 2276.756712477669,
    "logLikelihood": -1125.7658056649386,
    "n_conditions": 548
}