{
    "participantID": "sx",
    "modelType": "lognorm_LapseFree_contextualPrior",
    "fittedParams": [
        0.0008648830690390213,
        0.3049621103138997,
        0.3281370984678255,
        0.9989145857808006,
        1.6567235560995324,
        0.11053705302488197,
        0.19011315484547708,
        0.9989888586756739
    ],
    "AIC": 2149.2529041231815,
    "BIC": 2183.3142448262424,
    "logLikelihood": -1066.6264520615907,
    "n_conditions": 522
}