{
    "participantID": "sx",
    "modelType": "lognorm_LapseFree_sharedPrior",
    "fittedParams": [
        0.0010000000743195236,
        0.29345128405839205,
        0.3263401010073721,
        0.9923373525030912,
        2.4999999995436517,
        0.1291397844279185,
        0.2040133698514663,
        0.3191459134593606,
        1.1348092807922514
    ],
    "AIC": 2155.6100527373305,
    "BIC": 2194.3665303198627,
    "logLikelihood": -1068.8050263686653,
    "n_conditions": 548
}