{
    "participantID": "sx",
    "modelType": "lognorm_LapseFree_contextualPrior",
    "fittedParams": [
        0.0010329935359771059,
        0.29171806405810485,
        0.30375527478063047,
        0.8247637038826441,
        1.2127789108312026,
        0.19079900333349645,
        0.21614430394025005,
        0.999999163172447,
        0.39999616643820446,
        9.723271793783667
    ],
    "AIC": 2162.1974250198687,
    "BIC": 2204.774100898695,
    "logLikelihood": -1071.0987125099343,
    "n_conditions": 522
}