{
    "participantID": "sx",
    "modelType": "lognorm_LapseFree_contextualPrior",
    "fittedParams": [
        0.001000000000072554,
        0.39824967999063565,
        0.31504350973844786,
        0.6028858961799415,
        2.499998905237489,
        0.08245203826028555,
        0.1082557180913037,
        0.9999999999998181,
        0.30311938308488606,
        9.462521980144878
    ],
    "AIC": 2163.2189006672943,
    "BIC": 2205.7955765461206,
    "logLikelihood": -1071.6094503336471,
    "n_conditions": 522
}