{
    "participantID": "sx",
    "modelType": "lognorm_LapseFree_sharedPrior",
    "fittedParams": [
        1.9010156392940125e-06,
        0.2935996612906456,
        0.319333152025938,
        0.9495471972987055,
        0.9181615614891052,
        0.1130542612075806,
        0.1940696579217911,
        0.9999776676297187,
        8.50198610842228
    ],
    "AIC": 2155.0915220803636,
    "BIC": 2193.4105303713072,
    "logLikelihood": -1068.5457610401818,
    "n_conditions": 522
}