{
    "participantID": "sx",
    "modelType": "lognorm_LapseFree_sharedPrior",
    "fittedParams": [
        0.0030903540362487436,
        0.2919327979558147,
        0.31626607153564684,
        0.9499981880701147,
        0.6686277178674936,
        0.14960310623049738,
        0.2046345358947292,
        0.9999862004537136,
        8.366944795753223
    ],
    "AIC": 2164.9414561815606,
    "BIC": 2203.2604644725043,
    "logLikelihood": -1073.4707280907803,
    "n_conditions": 522
}