{
    "participantID": "sx",
    "modelType": "logLinearMismatch_LapseFree_sharedPrior",
    "fittedParams": [
        0.000777923726726774,
        0.293559182663938,
        0.2936789898063423,
        0.6364476361133755,
        1.3474210953446608,
        0.1734042683709822,
        0.21362449493935956,
        5.631424277801316,
        6.9276931365124
    ],
    "AIC": 2169.7462667034724,
    "BIC": 2208.065274994416,
    "logLikelihood": -1075.8731333517362,
    "n_conditions": 522
}