{
    "participantID": "sx",
    "modelType": "logLinearMismatch_LapseFree_contextualPrior",
    "fittedParams": [
        1.6883539501577616e-05,
        0.3050813876232132,
        0.3055823031882755,
        0.9967612093799282,
        1.2550798136740924,
        0.12686348999850453,
        0.18895603173878045,
        0.9989009595382958
    ],
    "AIC": 2164.2025175400745,
    "BIC": 2198.2638582431355,
    "logLikelihood": -1074.1012587700372,
    "n_conditions": 522
}