{
    "participantID": "sx",
    "modelType": "lognorm_LapseFix_sharedPrior",
    "fittedParams": [
        0.10815626760255545,
        0.33398359366427166,
        0.3100760087743587,
        0.9999999998137356,
        1.8364420235073844
    ],
    "AIC": 2160.9162336080103,
    "BIC": 2182.4476100427505,
    "logLikelihood": -1075.4581168040052,
    "n_conditions": 548
}