{
    "participantID": "sx",
    "modelType": "lognorm_LapseFree_sharedPrior",
    "fittedParams": [
        0.001238659667968739,
        0.33831245864868154,
        0.3291851074218749,
        0.9999969482421875,
        1.5029423345947266,
        0.09270132446289063,
        0.1646535614013672
    ],
    "AIC": 2155.4948380798346,
    "BIC": 2185.638765088471,
    "logLikelihood": -1070.7474190399173,
    "n_conditions": 548
}