{
    "participantID": "sx",
    "modelType": "lognorm_LapseFree_sharedPrior",
    "fittedParams": [
        0.013145268002119296,
        0.3927542930239359,
        0.3194096267727278,
        0.9840477360957329,
        5.2564748421928975,
        0.12045996384502951,
        0.0911340432206733
    ],
    "AIC": 2166.2126601304003,
    "BIC": 2196.3565871390365,
    "logLikelihood": -1076.1063300652002,
    "n_conditions": 548
}