{
    "participantID": "sx",
    "modelType": "lognorm_LapseFree_sharedPrior",
    "fittedParams": [
        0.010827709444374759,
        0.2970975477012458,
        0.34202477642304635,
        0.9936713412820063,
        7.588504444556158,
        0.1140800001175444,
        0.17731227541257222
    ],
    "AIC": 2155.071194182266,
    "BIC": 2185.215121190902,
    "logLikelihood": -1070.535597091133,
    "n_conditions": 548
}