{
    "participantID": "sx",
    "modelType": "logLinearMismatch_LapseFree_sharedPrior",
    "fittedParams": [
        0.05612607853226369,
        0.2885361430902179,
        0.27915776918513335,
        0.9260344715441499,
        1.4656063033610571,
        0.16280116808138784,
        0.20719209718509396
    ],
    "AIC": 2168.4765576111267,
    "BIC": 2198.620484619763,
    "logLikelihood": -1077.2382788055634,
    "n_conditions": 548
}