{
    "participantID": "sx",
    "modelType": "probabilityMatchingLogNorm_LapseFree_contextualPrior",
    "fittedParams": [
        0.00018794596195226276,
        0.29069075293838975,
        0.2914752570912241,
        0.2841140302598476,
        0.8518515592813491,
        0.15007014662027363,
        0.2007649204134941,
        0.95,
        0.749152347072959,
        9.981984326477292
    ],
    "AIC": 2157.9283507054993,
    "BIC": 2200.5050265843256,
    "logLikelihood": -1068.9641753527496,
    "n_conditions": 522
}