{
    "participantID": "sx",
    "modelType": "probabilityMatching_LapseFree_sharedPrior",
    "fittedParams": [
        0.02081735255010425,
        0.15337837850734581,
        0.14713386219676572,
        7.450579597723106e-10,
        1.2136541533688456,
        0.13862892243228853,
        0.05645050580725072
    ],
    "AIC": 2151.241924051783,
    "BIC": 2181.385851060419,
    "logLikelihood": -1068.6209620258915,
    "n_conditions": 548
}