{
    "participantID": "sx",
    "modelType": "probabilityMatchingLogNorm_LapseFree_sharedPrior",
    "fittedParams": [
        0.0010000761032104288,
        0.31589689247131336,
        0.3251169362068175,
        1.9073486318132993e-07,
        0.9969190530395506,
        0.13731998987197877,
        0.18424492502212525
    ],
    "AIC": 2150.865753086947,
    "BIC": 2181.009680095583,
    "logLikelihood": -1068.4328765434734,
    "n_conditions": 548
}