{
    "participantID": "sx",
    "modelType": "probabilityMatchingLogNorm_LapseFree_sharedPrior",
    "fittedParams": [
        0.004276495513355156,
        0.29498842207616105,
        0.010690364319888233,
        0.34282875090530596,
        0.2770414873544128,
        0.11677505886162468,
        0.21152032010546057,
        0.18959510269611407,
        13.152721673317536
    ],
    "AIC": 2158.0637213682326,
    "BIC": 2196.8201989507647,
    "logLikelihood": -1070.0318606841163,
    "n_conditions": 548
}