{
    "participantID": "sx",
    "modelType": "probabilityMatchingLogNorm_LapseFree_sharedPrior",
    "fittedParams": [
        0.0014916786335946453,
        0.3284443404477623,
        0.3234876976939046,
        6.694371218279871e-05,
        1.1230542302170552,
        0.18567132580424123,
        0.18100557765571418
    ],
    "AIC": 2150.1116201367313,
    "BIC": 2180.2555471453675,
    "logLikelihood": -1068.0558100683656,
    "n_conditions": 548
}