{
    "participantID": "sx",
    "modelType": "probabilityMatchingLogNorm_LapseFree_sharedPrior",
    "fittedParams": [
        0.0010008540894603235,
        0.34848662199568925,
        0.3150385444657877,
        0.9478835051879287,
        2.4999735696322745,
        0.07810946580772288,
        0.13478713274346665,
        0.3388883280009031,
        3.1569451423021966
    ],
    "AIC": 2162.374997563237,
    "BIC": 2200.6940058541804,
    "logLikelihood": -1072.1874987816184,
    "n_conditions": 522
}