{
    "participantID": "sx",
    "modelType": "probabilityMatching_LapseFree_contextualPrior",
    "fittedParams": [
        0.00010179519653324975,
        0.176700444817543,
        0.14739459812641142,
        0.3608408435285091,
        0.8472579765319824,
        0.12584641218185427,
        0.023381943702697805,
        0.9198850207209587,
        0.6021313548088074,
        1.9596086641620998
    ],
    "AIC": 2146.4341429270007,
    "BIC": 2189.010818805827,
    "logLikelihood": -1063.2170714635004,
    "n_conditions": 522
}