{
    "participantID": "sx",
    "modelType": "probabilityMatching_LapseFree_sharedPrior",
    "fittedParams": [
        0.0,
        0.18763452715240414,
        0.17131735718576235,
        0.9499530891918344,
        0.7099002595990896,
        0.11430541744455698,
        0.0024082022160292205,
        0.5430969860171899,
        8.399821161457803
    ],
    "AIC": 2150.666911584624,
    "BIC": 2188.9859198755676,
    "logLikelihood": -1066.333455792312,
    "n_conditions": 522
}