{
    "participantID": "sx",
    "modelType": "probabilityMatchingLogNorm_LapseFree_sharedPrior",
    "fittedParams": [
        0.00029993839561938407,
        0.30251020714640614,
        0.3222260551154613,
        0.9498834807381034,
        0.9643541955947876,
        0.12420144736766818,
        0.19331926345825196,
        0.849887204170227,
        8.752376509606837
    ],
    "AIC": 2156.8604915076,
    "BIC": 2195.1794997985435,
    "logLikelihood": -1069.4302457538,
    "n_conditions": 522
}