{
    "participantID": "sx",
    "modelType": "probabilityMatching_LapseFree_sharedPrior",
    "fittedParams": [
        0.01677429728995287,
        0.20008984906707544,
        0.16600845764981068,
        0.881276398885362,
        1.730304073794867,
        0.1452946445601084,
        0.04684021688197465,
        0.40908469753353627,
        15.007786702629797
    ],
    "AIC": 2156.5560967390525,
    "BIC": 2194.875105029996,
    "logLikelihood": -1069.2780483695262,
    "n_conditions": 522
}