{
    "participantID": "sx",
    "modelType": "probabilityMatchingLogNorm_LapseFree_sharedPrior",
    "fittedParams": [
        0.013386030469147936,
        0.24978987224322502,
        0.00011001883027250692,
        0.7304281832533889,
        0.20158861331077982,
        0.19242296318990995,
        0.2558238157374785
    ],
    "AIC": 2148.5629570313963,
    "BIC": 2178.7068840400325,
    "logLikelihood": -1067.2814785156982,
    "n_conditions": 548
}