{
    "participantID": "sx",
    "modelType": "probabilityMatchingLogNorm_LapseFree_sharedPrior",
    "fittedParams": [
        0.0010000773251269413,
        0.31688790877348294,
        0.34031495598807093,
        7.847822535378413e-06,
        1.84254867382585,
        0.12065356744987796,
        0.19027554403704805
    ],
    "AIC": 2156.085893430287,
    "BIC": 2186.229820438923,
    "logLikelihood": -1071.0429467151434,
    "n_conditions": 548
}