{
    "participantID": "sx",
    "modelType": "probabilityMatchingLogNorm_LapseFree_sharedPrior",
    "fittedParams": [
        0.0010000002972781474,
        0.24673807644906276,
        0.6089633192103499,
        7.450579597723106e-10,
        0.6241188349324437,
        0.0010000002972781474,
        0.2650905979976058
    ],
    "AIC": 2261.627321533165,
    "BIC": 2278.852422680957,
    "logLikelihood": -1126.8136607665824,
    "n_conditions": 548
}