{
    "participantID": "sx",
    "modelType": "selection_LapseFree_sharedPrior",
    "fittedParams": [
        0.0011960085749626037,
        0.21006738007068626,
        0.17947391629219056,
        0.996107280254364,
        1.0630405488610268,
        0.06607110356092452,
        0.001927334266901004,
        0.39994087219238283,
        9.999999893296469
    ],
    "AIC": 2156.0382482213163,
    "BIC": 2194.35725651226,
    "logLikelihood": -1069.0191241106581,
    "n_conditions": 522
}