{
    "participantID": "sx",
    "modelType": "selection_LapseFree_sharedPrior",
    "fittedParams": [
        0.09741642873526993,
        0.1502664252100058,
        0.1468979863536158,
        0.9294384917600034,
        4.68353561059841,
        0.1589671313422937,
        0.09754396421197252,
        -0.37230692494726936,
        6.824916154937315
    ],
    "AIC": 2156.3122718718646,
    "BIC": 2195.0687494543968,
    "logLikelihood": -1069.1561359359323,
    "n_conditions": 548
}