{
    "participantID": "sx",
    "modelType": "switchingFree_LapseFree_sharedPrior",
    "fittedParams": [
        0.03739401438313155,
        0.05099128254541919,
        0.1335200941555468,
        0.5138395357512615,
        0.06039181419250735,
        0.20005765957605437,
        0.06427267824132883,
        0.9835706086970079
    ],
    "AIC": 2137.6099519634545,
    "BIC": 2171.6712926665155,
    "logLikelihood": -1060.8049759817272,
    "n_conditions": 522
}