{
    "participantID": "sx",
    "modelType": "switchingFree_LapseFree_sharedPrior",
    "fittedParams": [
        0.0010002813415979916,
        0.24673807644906276,
        0.6089633192103499,
        0.4730489246494187,
        0.6241188349324437,
        0.0010345871479111868,
        0.0010993989921759262,
        0.9998999762099232
    ],
    "AIC": 2230.1358947036633,
    "BIC": 2251.6672711384035,
    "logLikelihood": -1110.0679473518317,
    "n_conditions": 548
}