{
    "participantID": "sx",
    "modelType": "switchingFree_LapseFree_sharedPrior",
    "fittedParams": [
        0.0010000761032104288,
        0.0684153325366973,
        0.3303540629482268,
        0.601440143585205,
        0.00010047681808478259,
        0.12156034679412842,
        0.0699506121635437,
        0.9906208038330079
    ],
    "AIC": 2141.0762496248844,
    "BIC": 2175.5264519204684,
    "logLikelihood": -1062.5381248124422,
    "n_conditions": 548
}