{
    "participantID": "sx",
    "modelType": "switchingFree_LapseFree_sharedPrior",
    "fittedParams": [
        0.0005876257007729965,
        0.08356170619715197,
        0.2923527068376506,
        0.5190272962367969,
        0.23533959263384624,
        0.17240800794752242,
        0.15335840724216154,
        0.9635636743624825
    ],
    "AIC": 2140.3093090376747,
    "BIC": 2174.7595113332586,
    "logLikelihood": -1062.1546545188373,
    "n_conditions": 548
}