{
    "participantID": "sx",
    "modelType": "switchingFree_LapseFix_sharedPrior",
    "fittedParams": [
        0.03930565599016517,
        0.07266671095401167,
        0.324019793683481,
        0.5873396532333572,
        0.005350341435925499,
        0.9546607840991783
    ],
    "AIC": 2140.0654017373977,
    "BIC": 2165.9030534590856,
    "logLikelihood": -1064.0327008686988,
    "n_conditions": 548
}