{
    "participantID": "sx",
    "modelType": "switchingFree_LapseFree_sharedPrior",
    "fittedParams": [
        0.00100676619969306,
        0.05494942788865409,
        0.3265732268878071,
        0.5909009285271167,
        0.009080413008145882,
        0.11910683874487878,
        0.11785325075797737,
        0.9412440426647664
    ],
    "AIC": 2145.1477610448133,
    "BIC": 2179.597963340397,
    "logLikelihood": -1064.5738805224066,
    "n_conditions": 548
}