{
    "participantID": "sx",
    "modelType": "switchingWithConflict_LapseFree_sharedPrior",
    "fittedParams": [
        0.04279914738066373,
        0.05034554357831711,
        0.1383505275361332,
        0.6089046992094982,
        0.07263936235786983,
        0.16942075781219948,
        0.04716724794872565,
        4.998145163970561,
        0.358010125518947,
        9.049035058155532
    ],
    "AIC": 2135.4817336999754,
    "BIC": 2178.0584095788017,
    "logLikelihood": -1057.7408668499877,
    "n_conditions": 522
}