{
    "participantID": "sx",
    "modelType": "switching_LapseFree_sharedPrior",
    "fittedParams": [
        0.0012982364620162112,
        0.23572555661003003,
        0.2805695379741139,
        0.07650827331053728,
        1.9999422726404679,
        0.10799480952587728,
        0.1168906777318567
    ],
    "AIC": 2159.789068705629,
    "BIC": 2189.932995714265,
    "logLikelihood": -1072.8945343528144,
    "n_conditions": 548
}