{
    "participantID": "sx",
    "modelType": "selection_LapseFree_sharedPrior",
    "fittedParams": [
        0.07286962939904203,
        0.17338405672799798,
        0.16310119962209402,
        0.8381287030521853,
        6.194390210146237,
        0.09533346994598135,
        0.054532261757544234
    ],
    "AIC": 2153.024872870414,
    "BIC": 2183.1687998790503,
    "logLikelihood": -1069.512436435207,
    "n_conditions": 548
}