{
    "participantID": "sx",
    "modelType": "switching_LapseFree_sharedPrior",
    "fittedParams": [
        0.12304771896045526,
        0.09869740264109744,
        0.09731303775652105,
        0.8028146702797617,
        5.283290092027215,
        0.26625068575471594,
        0.0615020368205074,
        0.5688235403090878,
        8.336647928665649
    ],
    "AIC": 2166.997284395109,
    "BIC": 2205.3162926860527,
    "logLikelihood": -1074.4986421975545,
    "n_conditions": 522
}