{
    "participantID": "sx",
    "modelType": "selection_LapseFree_sharedPrior",
    "fittedParams": [
        0.0010048706054687495,
        0.24673807644906276,
        0.6089633192103499,
        0.961773681640625,
        0.6241188349324437,
        0.0010048706054687495,
        0.0010048706054687495
    ],
    "AIC": 2408.8710693623693,
    "BIC": 2426.0961705101613,
    "logLikelihood": -1200.4355346811847,
    "n_conditions": 548
}