{
    "participantID": "sx",
    "modelType": "selection_LapseFree_sharedPrior",
    "fittedParams": [
        0.050903453087806694,
        1.1108583154320715,
        0.17490700933456405,
        0.4106556892395019,
        1.9999999046373365,
        0.04093054592609405,
        0.0029241269826889016
    ],
    "AIC": 2189.3689294128285,
    "BIC": 2219.5128564214647,
    "logLikelihood": -1087.6844647064142,
    "n_conditions": 548
}