{
    "participantID": "sx",
    "modelType": "switchingFree_LapseFree_sharedPrior",
    "fittedParams": [
        0.001030051088079742,
        0.07850905277043718,
        0.3222760465788016,
        0.5508218893616685,
        0.0005225443841415656,
        0.15772228812972616,
        0.12027261056295264,
        0.9232733149916386
    ],
    "AIC": 2138.6661320286544,
    "BIC": 2173.1163343242383,
    "logLikelihood": -1061.3330660143272,
    "n_conditions": 548
}