{
    "participantID": "sx",
    "modelType": "selection_LapseFree_sharedPrior",
    "fittedParams": [
        0.0010000000000011111,
        0.24673807644906276,
        0.6089633192103499,
        0.6943145395666065,
        0.6241188349324437,
        0.0010000000000011111,
        0.0010000000000011111
    ],
    "AIC": 2412.778544063887,
    "BIC": 2430.0036452116788,
    "logLikelihood": -1202.3892720319434,
    "n_conditions": 548
}