{
    "participantID": "sx",
    "modelType": "selection_LapseFree_sharedPrior",
    "fittedParams": [
        0.051137719284647803,
        0.17340518760795887,
        0.15894513779305675,
        0.9999991268582336,
        1.9998374674932309,
        0.1522704876796087,
        0.02941394206373535
    ],
    "AIC": 2147.8759266479547,
    "BIC": 2178.019853656591,
    "logLikelihood": -1066.9379633239773,
    "n_conditions": 548
}