{
    "participantID": "sx",
    "modelType": "selection_LapseFix_sharedPrior",
    "fittedParams": [
        0.009376927780560429,
        0.19851754706008873,
        0.17533520332207275,
        0.9999611551189447,
        0.951173516954457
    ],
    "AIC": 2146.319520635116,
    "BIC": 2167.8508970698563,
    "logLikelihood": -1068.159760317558,
    "n_conditions": 548
}