{
    "participantID": "ln2",
    "modelType": "switchingFree_LapseFree_sharedPrior",
    "fittedParams": [
        0.0425575383165622,
        0.1897338444616613,
        0.00010109120520140902,
        0.09428251994395392,
        0.4245370936085703,
        0.0010211678431940319,
        0.06245859061130504,
        0.04216687315201845
    ],
    "AIC": 2175.906758535379,
    "BIC": 2209.445658451178,
    "logLikelihood": -1079.9533792676896,
    "n_conditions": 489
}