{
    "participantID": "ln2",
    "modelType": "lognorm_LapseFix_sharedPrior",
    "fittedParams": [
        0.025651274224255477,
        0.22502769190640448,
        0.14286433854237413,
        0.06685155608199689,
        0.546566049311439
    ],
    "AIC": 2167.374293663273,
    "BIC": 2188.3361061106475,
    "logLikelihood": -1078.6871468316365,
    "n_conditions": 489
}