{
    "participantID": "ln2",
    "modelType": "lognorm_LapseFree_sharedPrior",
    "fittedParams": [
        0.07084624898815445,
        0.1786744132693321,
        1.3243077591752068,
        0.7435898302842248,
        0.39729205353097163,
        0.0015418196092628345,
        0.08938274314332492
    ],
    "AIC": 2177.574163091192,
    "BIC": 2206.9207005175163,
    "logLikelihood": -1081.787081545596,
    "n_conditions": 489
}