{
    "participantID": "sx",
    "model_type": "lognorm_LapseFree_sharedPrior",
    "simulated_file": "simulated_data/sx/sx_lognorm_LapseFree_sharedPrior_simulated.csv",
    "n_params": 42,
    "n_conditions": 448,
    "n_trials": 62130,
    "parameters": [
        0.25,
        -1.0,
        2.0,
        0.25,
        -1.0,
        0.01,
        0.25,
        -1.0,
        2.0,
        0.25,
        -1.0,
        0.8054236339765851,
        0.25,
        -1.0,
        2.0,
        0.25,
        -1.0,
        1.5785896405807383,
        0.1844467018109786,
        -1.0,
        1.4793176893020963,
        0.25,
        -1.0,
        2.0,
        0.25,
        -1.0,
        0.2796026893944238,
        0.25,
        -1.0,
        2.0,
        0.25,
        -1.0,
        0.990984866265922,
        0.25,
        -1.0,
        2.0,
        0.25,
        -0.8042470680018005,
        2.0,
        0.18804759084633035,
        -0.37650151129464177,
        1.1341123187326636
    ],
    "log_likelihood": -42820.174315686585,
    "AIC": 85724.34863137317,
    "BIC": 85896.7499471346,
    "success": true,
    "message": "CONVERGENCE: REL_REDUCTION_OF_F_<=_FACTR*EPSMCH",
    "uniqueSensory": [
        0.1,
        1.2
    ],
    "uniqueStandard": [
        0.5
    ],
    "uniqueConflict": [
        -0.25,
        -0.17,
        -0.08,
        0.0,
        0.08,
        0.17,
        0.25
    ],
    "nStart": 1
}