{
    "participantID": "sx",
    "model_type": "lognorm_LapseFree_sharedPrior",
    "simulated_file": "simulated_data/sx/sx_lognorm_LapseFree_sharedPrior_simulated.csv",
    "n_params": 42,
    "n_conditions": 448,
    "n_trials": 62130,
    "parameters": [
        0.22114211592656727,
        -0.24702416690512494,
        0.20171265386626697,
        0.017793838727456508,
        -0.17663280697943456,
        0.29037894207134296,
        0.18809585128129006,
        -0.052536761029966544,
        0.2608839972966971,
        0.013972239051969457,
        0.021184450018240618,
        0.315578759967397,
        0.23904606476282383,
        0.07838477685543503,
        0.2607358102453773,
        0.14975679607401718,
        0.15249984722071241,
        0.2908286196230023,
        0.000302895174650264,
        0.21580195214168815,
        0.3198550122179113,
        0.25,
        -0.3910698310517632,
        0.2231276401799688,
        0.05759749759451526,
        -0.3014183416150657,
        0.338131609338185,
        0.25,
        -0.11264958455151569,
        0.3030915437959934,
        0.08194161944250135,
        0.025357610343677735,
        0.3669676949842463,
        0.19496934324405496,
        0.1596930571082404,
        0.4251964337585642,
        0.01164767059209781,
        0.3096078074547312,
        0.5715409703390615,
        0.0,
        0.3903585261467408,
        0.4429898294419174
    ],
    "log_likelihood": -32341.727263040426,
    "AIC": 64767.45452608085,
    "BIC": 64939.85584184228,
    "success": true,
    "message": "CONVERGENCE: RELATIVE REDUCTION OF F <= FACTR*EPSMCH",
    "uniqueSensory": [
        0.1,
        1.2
    ],
    "uniqueStandard": [
        0.5
    ],
    "uniqueConflict": [
        -0.25,
        -0.17,
        -0.08,
        0.0,
        0.08,
        0.17,
        0.25
    ],
    "nStart": 1
}