{
    "participantID": "ml",
    "dataName": "ml_all",
    "n_params": 42,
    "n_conditions": 601,
    "n_trials": 2187,
    "parameters": [
        0.0,
        -0.8028357517845807,
        0.9150786400018893,
        0.20815735186532064,
        -0.5104204750086772,
        0.3622865408787263,
        0.0,
        -0.02317400851886472,
        0.4431143999084589,
        0.25,
        -0.27561885441800715,
        0.2539052596784928,
        0.11776074418926336,
        -0.036339595563685365,
        0.46526955173765816,
        0.0,
        0.20702454645257412,
        0.5462591653954212,
        0.25,
        -0.2142401448099303,
        0.15966332791516372,
        0.0,
        -0.29120532384527464,
        0.6518831798903648,
        0.0,
        -0.3071227542795411,
        0.6535928754072379,
        0.0,
        -0.17953705738517006,
        0.3995856455035819,
        0.0,
        -0.29657574106114565,
        0.6596614139901922,
        0.0,
        -0.18739759511976337,
        0.4716224157788389,
        0.0,
        -0.21105057984455106,
        0.3545239270393291,
        0.0,
        -0.16230939894366844,
        0.6194911754107575
    ],
    "log_likelihood": -1155.8740293841308,
    "AIC": 2395.7480587682617,
    "BIC": 2580.4890460187403,
    "success": true,
    "message": "CONVERGENCE: RELATIVE REDUCTION OF F <= FACTR*EPSMCH",
    "uniqueSensory": [
        1.2,
        0.1
    ],
    "uniqueStandard": [
        0.5
    ],
    "uniqueConflict": [
        -0.25,
        -0.17,
        -0.08,
        0.0,
        0.08,
        0.17,
        0.25
    ],
    "nStart": 1
}