{
    "participantID": "ml",
    "dataName": "ml_all",
    "n_params": 42,
    "n_conditions": 594,
    "n_trials": 2187,
    "parameters": [
        0.25,
        -0.23792524939527052,
        0.11685336466497762,
        0.0,
        -0.31617452685871567,
        0.4031428099589038,
        0.027191247822477935,
        0.008888925378725621,
        0.22200765733289282,
        0.0,
        -0.09813403278139654,
        0.2886123217722986,
        0.0,
        0.011890941044646042,
        0.26808446878428455,
        0.0,
        0.13091675702187427,
        0.28882962505580856,
        0.25,
        -0.09022891459946826,
        0.05980693197571011,
        0.22235557532458572,
        -0.1231907715259712,
        0.16797431461443565,
        0.0,
        -0.1070791576823987,
        0.2982133151957431,
        0.17307165689810666,
        -0.09055561760234998,
        0.04954190840751178,
        0.0,
        -0.10975513533113607,
        0.32352869899497055,
        0.0,
        -0.06055371556667697,
        0.22496547597928793,
        0.0,
        -0.08754436033460773,
        0.17861631135838427,
        0.25,
        -0.11327829052538467,
        0.07515514499197651
    ],
    "log_likelihood": -1162.1891635903105,
    "AIC": 2408.378327180621,
    "BIC": 2592.6272585938523,
    "success": true,
    "message": "CONVERGENCE: REL_REDUCTION_OF_F_<=_FACTR*EPSMCH",
    "uniqueSensory": [
        1.2,
        0.1
    ],
    "uniqueStandard": [
        0.5
    ],
    "uniqueConflict": [
        -0.25,
        -0.17,
        -0.08,
        0.0,
        0.08,
        0.17,
        0.25
    ],
    "nStart": 1
}