{
    "participantID": "ml",
    "dataName": "ml_all.csv",
    "n_params": 42,
    "n_conditions": 594,
    "n_trials": 2187,
    "parameters": [
        0.0,
        -0.8027206977616206,
        0.9149200733415712,
        0.20803200483964387,
        -0.5106161073742181,
        0.36274894093966914,
        0.0,
        -0.02317619047937415,
        0.44311248606381637,
        0.25,
        -0.2756056830506088,
        0.2539681188467543,
        0.11785486424265393,
        -0.03634404830383315,
        0.46518511837389803,
        0.0,
        0.20703461859942665,
        0.5462535048123639,
        0.25,
        -0.2142458229631339,
        0.15967674286270306,
        0.0,
        -0.29119593010940553,
        0.6518403653496007,
        0.0,
        -0.3070691863104621,
        0.6535494982181482,
        0.0,
        -0.17953827897912328,
        0.3995936956105921,
        0.0,
        -0.2965155614703658,
        0.6595568135447732,
        0.0,
        -0.18739650957908593,
        0.47162460803752015,
        0.0,
        -0.21105509718269932,
        0.35450594901797217,
        0.0,
        -0.1623261765016852,
        0.6196597554900541
    ],
    "log_likelihood": -1155.8740334935433,
    "AIC": 2395.7480669870865,
    "BIC": 2579.996998400318,
    "success": true,
    "message": "CONVERGENCE: REL_REDUCTION_OF_F_<=_FACTR*EPSMCH",
    "uniqueSensory": [
        1.2,
        0.1
    ],
    "uniqueStandard": [
        0.5
    ],
    "uniqueConflict": [
        -0.25,
        -0.17,
        -0.08,
        0.0,
        0.08,
        0.17,
        0.25
    ],
    "nStart": 1
}