{
    "participantID": "ml",
    "dataName": "ml_all.csv",
    "n_params": 42,
    "n_conditions": 594,
    "n_trials": 2187,
    "parameters": [
        0.23832729140957842,
        -0.4828418615836557,
        0.2530241258647378,
        0.0,
        -0.5920440600345526,
        0.7543785105210887,
        0.03493438401236524,
        0.016029000756505884,
        0.4365287507378441,
        0.0,
        -0.1973313807134553,
        0.5834313974889709,
        0.0,
        0.023179435901954464,
        0.5362346340357615,
        0.0,
        0.26556674451008655,
        0.587944321528075,
        0.25,
        -0.18752844078749975,
        0.12689760031415376,
        0.25,
        -0.31914584294427684,
        0.11002893106008267,
        0.0,
        -0.21683131591942426,
        0.6169293617486307,
        0.19845915038885223,
        -0.17946276399952416,
        0.09060706177707736,
        0.0,
        -0.2209712246256132,
        0.6440839210681999,
        0.0,
        -0.12064635820217538,
        0.44632586139503394,
        0.0,
        -0.17390876786612416,
        0.3566497705229472,
        0.25,
        -0.23572186341150236,
        0.1210075462230479
    ],
    "log_likelihood": -1159.3345505289178,
    "AIC": 2402.6691010578356,
    "BIC": 2586.918032471067,
    "success": true,
    "message": "CONVERGENCE: REL_REDUCTION_OF_F_<=_FACTR*EPSMCH",
    "uniqueSensory": [
        1.2,
        0.1
    ],
    "uniqueStandard": [
        0.5
    ],
    "uniqueConflict": [
        -0.25,
        -0.17,
        -0.08,
        0.0,
        0.08,
        0.17,
        0.25
    ],
    "nStart": 1
}