{
    "participantID": "LN01",
    "modelType": "gaussian",
    "fittedParams": [
        0.06818589104805142,
        0.17212962893769146,
        0.3790975129045546,
        0.9999999999069609,
        0.5219413833320141,
        0.00014635145198553523,
        0.0
    ],
    "AIC": 1147.7348859520987,
    "BIC": 1174.2859812107877,
    "logLikelihood": -566.8674429760493,
    "n_conditions": 328
}