{
    "participantID": "LN01",
    "modelType": "gaussian_LapseFree_contextualPrior",
    "fittedParams": [
        7.459908374157775e-05,
        0.19483789438372578,
        0.18706122101639377,
        0.27089236156579155,
        0.7570296861244514,
        6.55285380443682e-07,
        1.1823516494757769e-05,
        0.5036824932392351
    ],
    "AIC": 1148.6973055427932,
    "BIC": 1179.0414144098663,
    "logLikelihood": -566.3486527713966,
    "n_conditions": 328
}