{
    "participantID": "LN01",
    "modelType": "logLinearMismatch_LapseFree_contextualPrior",
    "fittedParams": [
        0.0404959473761778,
        0.4027225849839373,
        0.7208947089746038,
        0.6639473582749577,
        1.481202317985444,
        1.518886196549829e-05,
        0.008417590695745492,
        0.9989910529359843
    ],
    "AIC": 1183.654268888076,
    "BIC": 1213.9983777551492,
    "logLikelihood": -583.827134444038,
    "n_conditions": 328
}