{
    "participantID": "LN01",
    "modelType": "lognorm",
    "fittedParams": [
        0.04631990195803154,
        0.4359284143702098,
        0.7647211457386585,
        0.9999237274679058,
        1.6983889399457257,
        0.00012761030802721507,
        8.650080235372837e-06
    ],
    "AIC": 1172.3535803287361,
    "BIC": 1198.9046755874251,
    "logLikelihood": -579.1767901643681,
    "n_conditions": 328
}