{
    "participantID": "LN01",
    "modelType": "lognorm_LapseFree_sharedPrior",
    "fittedParams": [
        5.029389285454711e-07,
        0.41429448742099334,
        0.7414331141827277,
        0.95,
        1.5377079368080013,
        4.8098724801382e-06,
        9.184403868861546e-05,
        0.9999977430037689,
        9.986438450388814
    ],
    "AIC": 1178.801032912542,
    "BIC": 1212.9381553879994,
    "logLikelihood": -580.400516456271,
    "n_conditions": 328
}