{
    "participantID": "LN01",
    "modelType": "lognorm_LapseFree_contextualPrior",
    "fittedParams": [
        0.11943354449513208,
        0.3718345903536464,
        0.6419668813529642,
        0.9984139381821325,
        1.5178548229765148,
        0.00019539850009095416,
        0.03970586044024457,
        0.7405625184377146
    ],
    "AIC": 1169.9087572158337,
    "BIC": 1200.2528660829068,
    "logLikelihood": -576.9543786079169,
    "n_conditions": 328
}