{
    "participantID": "LN01",
    "modelType": "logLinearMismatch",
    "fittedParams": [
        0.11352187782758846,
        0.3699493958009407,
        0.7010275219206232,
        0.9913408940377937,
        1.600212190328166,
        1.129751035477966e-05,
        0.0001911388404550879
    ],
    "AIC": 1178.5532106883927,
    "BIC": 1205.1043059470817,
    "logLikelihood": -582.2766053441964,
    "n_conditions": 328
}