{
    "participantID": "LN01",
    "modelType": "lognorm",
    "fittedParams": [
        5.267076397225123e-06,
        0.427656816487638,
        0.7628765277934427,
        0.9999999410344216,
        1.6999965383054587,
        0.7628765277934427
    ],
    "AIC": 1169.1254182557136,
    "BIC": 1191.8834999060184,
    "logLikelihood": -578.5627091278568,
    "n_conditions": 328
}