{
    "participantID": "LN01",
    "modelType": "gaussian",
    "fittedParams": [
        7.200062507764504e-05,
        0.18950377253815526,
        0.3624814282334409,
        0.7793497424280271,
        0.5896132379025221,
        0.3624814282334409
    ],
    "AIC": 1146.467846432221,
    "BIC": 1169.2259280825258,
    "logLikelihood": -567.2339232161105,
    "n_conditions": 328
}