{
    "participantID": "LN01",
    "modelType": "logLinearMismatch",
    "fittedParams": [
        0.0,
        0.40831451605190516,
        0.7826469365431693,
        0.9996433902672259,
        1.631533261295408,
        0.7826469365431693
    ],
    "AIC": 1177.4513697291172,
    "BIC": 1200.209451379422,
    "logLikelihood": -582.7256848645586,
    "n_conditions": 328
}