{
  "participantID": "oy",
  "modelType": "lognorm",
  "true_params": [
    0.08410660290365946,
    0.29852335361276694,
    0.9865746703231218,
    0.8558858769735136,
    0.3924577143692063,
    0.055491089033059826,
    0.11943352237614092
  ],
  "recovered_params_mean": [
    0.10331978362689469,
    0.29696506051523136,
    1.2733626185633296,
    0.5153099118907868,
    0.3717847236169578,
    0.07922320400512936,
    0.13926559225969798
  ],
  "recovered_params_std": [
    0.033191908828176526,
    0.03550791419144151,
    0.572985664185675,
    0.23958651891863755,
    0.04679791947959424,
    0.041933386316923636,
    0.04246746425631255
  ],
  "recovered_params_median": [
    0.0995433061576501,
    0.3076479394574001,
    1.1053202617756432,
    0.5578759096125575,
    0.37197072282175336,
    0.07827262729784926,
    0.12821738392791399
  ],
  "n_successful": 50,
  "n_attempted": 50,
  "all_recovered_params": [
    [
      0.10029154464591211,
      0.30599498680641884,
      0.456018024808157,
      0.24641947340865444,
      0.37066348063558374,
      0.007588423905775243,
      0.12949035469215373
    ],
    [
      0.09558849463900938,
      0.26408359596010345,
      2.0,
      0.7738745314530769,
      0.37342119863879947,
      0.11422411253428524,
      0.12677774519903887
    ],
    [
      0.11766106902650916,
      0.3369148050971107,
      1.1848683865434309,
      0.7086190179795324,
      0.3226111957737534,
      0.026882340429405904,
      0.18887737391300358
    ],
    [
      0.08984952919911894,
      0.28954275853124767,
      0.4388625164390715,
      0.11741413989917153,
      0.38264648851696254,
      0.06359630231213789,
      0.1994905740484371
    ],
    [
      0.09937827041189554,
      0.31471892950940256,
      1.1442405387372565,
      0.9541998776985026,
      0.3173289349833541,
      0.19272217258594565,
      0.1855881856668633
    ],
    [
      0.07636415810434975,
      0.3368714223096791,
      2.0,
      0.13604119223864053,
      0.38961300131182985,
      0.053601157600738344,
      0.10924919232727216
    ],
    [
      0.11932294469694812,
      0.261409941743887,
      2.0,
      0.5975575457058622,
      0.4037151833323232,
      0.10725280159343968,
      0.15238568306982161
    ],
    [
      0.09878160586481816,
      0.2853733407554817,
      2.0,
      0.4220371099409501,
      0.400598102119561,
      0.030149764929329363,
      0.13197841382495742
    ],
    [
      0.05391496217414987,
      0.31495883103540495,
      2.0,
      0.7438126592947507,
      0.43252678563274205,
      0.0535814944192307,
      0.0926845926458254
    ],
    [
      0.12958006583938997,
      0.19281672022922883,
      0.8996053773605974,
      0.31350288617236655,
      0.36803885378954604,
      0.14144113449082474,
      0.1781562172315966
    ],
    [
      0.12173754611039107,
      0.25905584928668707,
      0.5221577214454524,
      0.15008183943913977,
      0.32006838816368943,
      0.08882412420481141,
      0.19878054895242783
    ],
    [
      0.065698785862434,
      0.32055572638340235,
      0.8068681524103262,
      0.7514735580496118,
      0.4320582623512875,
      0.06187299046709703,
      0.11462016965599527
    ],
    [
      0.12211754350739124,
      0.31191953661687166,
      1.3340461429773542,
      0.5902650950018578,
      0.3233025081889639,
      0.09321537863471496,
      0.11013288116103803
    ],
    [
      0.13012474379938407,
      0.3099068471459667,
      0.6336693254359469,
      0.7872238287063442,
      0.34370884922511796,
      0.10589647395285183,
      0.14952715213461987
    ],
    [
      0.07589586830432228,
      0.31247307279636893,
      0.6738438535711788,
      0.12811051318971237,
      0.3985562382725002,
      0.018116061541384603,
      0.05187037374029504
    ],
    [
      0.05712119970936314,
      0.3138917820867363,
      0.6968065587844826,
      0.6493671090277373,
      0.43963458121967885,
      0.01013090438109864,
      0.18866752860733546
    ],
    [
      0.10406767605146933,
      0.2950220764084149,
      1.2528329421324245,
      0.37061975069815173,
      0.3695170207319141,
      0.08813869372777286,
      0.15441271696739814
    ],
    [
      0.07407859092734052,
      0.3203100351740363,
      0.7901405102217385,
      0.13847794408930925,
      0.3902290130319273,
      0.0260341179720916,
      0.10443188918156629
    ],
    [
      0.12065423365083128,
      0.26146646998442996,
      0.8329226997194447,
      0.5374044670427574,
      0.32159987832911047,
      0.09091229596762113,
      0.14339591441727528
    ],
    [
      0.09970834190340466,
      0.2763544709368718,
      0.7978959302499448,
      0.3070545844367625,
      0.4856952051950803,
      0.06920166083625731,
      0.16063224130165965
    ],
    [
      0.09042335776695785,
      0.32909195505702954,
      2.0,
      0.6511772206370421,
      0.41793865916119355,
      0.09994506773257887,
      0.07846754765982539
    ],
    [
      0.06020895472445056,
      0.34538036596405614,
      1.6243141960424499,
      0.7737620040019287,
      0.3306997900861198,
      0.09787028298571424,
      0.1147115147119917
    ],
    [
      0.15762794850726894,
      0.2727451590629811,
      0.9839856338904187,
      0.7454797306903186,
      0.384899895120144,
      0.03966693124275508,
      0.1794339756452173
    ],
    [
      0.12210925513429446,
      0.30947586476383787,
      0.8893976342810567,
      0.7810870201048583,
      0.42903611228076943,
      0.03219374051420057,
      0.12202406230649208
    ],
    [
      0.056535301823549156,
      0.34228097796904716,
      0.7847827647632029,
      0.7656845942172982,
      0.3943762028084189,
      0.03096452172696921,
      0.11802961344876917
    ],
    [
      0.08304265612087644,
      0.3255171043270445,
      2.0,
      0.22385738275526115,
      0.3477477675397,
      0.05910099402371259,
      0.12477701063478681
    ],
    [
      0.09525581440405659,
      0.31609405203720903,
      1.821038434225914,
      0.1283646122470259,
      0.3263726721164564,
      0.0577169870919932,
      0.10141837678196473
    ],
    [
      0.04524776928933278,
      0.3812369093764419,
      0.8800744150129488,
      0.5748875478379771,
      0.4359393967284453,
      0.07070242764222924,
      0.10153710527350794
    ],
    [
      0.0640821435543355,
      0.2735085460081517,
      2.0,
      0.6378634898990446,
      0.382481931878428,
      0.11390849918841664,
      0.1905676572792605
    ],
    [
      0.15402155961987749,
      0.3469938407556121,
      0.5672892271371149,
      0.5136492892232711,
      0.3772329463890974,
      0.06579276870876885,
      0.12035843195305793
    ],
    [
      0.14011556898732846,
      0.26760362456585796,
      2.0,
      0.9548183818624233,
      0.32298270120467204,
      0.0849207142163081,
      0.18903109164732637
    ],
    [
      0.07424883448959739,
      0.3000688081351323,
      1.0663999848140298,
      0.3738184538950864,
      0.43644013706264256,
      0.06628523121054054,
      0.11636749851308743
    ],
    [
      0.17009450679684351,
      0.24565693742210254,
      0.8748766785985126,
      0.42535883249291323,
      0.3246558068589068,
      0.1951761328676272,
      0.24495502870158145
    ],
    [
      0.09553886208926785,
      0.2774186804207321,
      1.3869581377050042,
      0.736047630731796,
      0.41258603117147585,
      0.09076730352069284,
      0.04564157004709801
    ],
    [
      0.10926451230710657,
      0.32008098816933944,
      0.44601428230530643,
      0.2526288692272649,
      0.4716940825881867,
      0.07939116314775647,
      0.08581895147532057
    ],
    [
      0.1577420863337203,
      0.2437956084748198,
      2.0,
      0.5819456529883376,
      0.33141153907557624,
      0.14037938747293485,
      0.12694441316367425
    ],
    [
      0.08342178573118605,
      0.2658888352073347,
      1.5455963625055298,
