{
    "participantID": "as",
    "modelType": "logLinearMismatch_LapseFree_sharedPrior",
    "fittedParams": [
        0.0651323835446016,
        0.25440791425355685,
        0.43829282282965515,
        0.655940304979801,
        0.9331287379661655,
        0.08274272437705019,
        0.03184156803901066
    ],
    "AIC": 2261.175898595878,
    "BIC": 2289.5075038492023,
    "logLikelihood": -1123.587949297939,
    "n_conditions": 423
}