{
    "participantID": "as",
    "modelType": "probabilityMatchingLogNorm_LapseFree_sharedPrior",
    "fittedParams": [
        0.05322521398015087,
        0.23588878002314873,
        0.5659911930199548,
        7.7817321289253e-05,
        0.5405572407686837,
        0.09831807877224637,
        0.05145637294610497
    ],
    "AIC": 2257.4700925324696,
    "BIC": 2285.8016977857937,
    "logLikelihood": -1121.7350462662348,
    "n_conditions": 423
}