{
    "participantID": "as",
    "modelType": "lognorm_LapseFree_sharedPrior",
    "fittedParams": [
        0.0518914042053049,
        0.22862421389736387,
        0.5003566807451038,
        0.6465994239029974,
        0.5956168872412269,
        0.09559286076953433,
        0.02038653079797979
    ],
    "AIC": 2258.499805436624,
    "BIC": 2286.831410689948,
    "logLikelihood": -1122.249902718312,
    "n_conditions": 423
}