{
    "participantID": "as",
    "modelType": "lognorm_LapseFix_sharedPrior",
    "fittedParams": [
        0.05496940234399761,
        0.241329470072826,
        0.6067817170121538,
        0.9999999999998181,
        0.6323210509046611
    ],
    "AIC": 2248.7487025847386,
    "BIC": 2268.98556347997,
    "logLikelihood": -1119.3743512923693,
    "n_conditions": 423
}