{
    "participantID": "as",
    "modelType": "selection_LapseFix_sharedPrior",
    "fittedParams": [
        0.011277476966381067,
        0.13511613942325107,
        0.31873899784505355,
        0.7362450182437897,
        0.2958832852953671
    ],
    "AIC": 2255.129538749867,
    "BIC": 2275.3663996450987,
    "logLikelihood": -1122.5647693749336,
    "n_conditions": 423
}