{
    "participantID": "ln1",
    "modelType": "gaussian_LapseFree_sharedPrior",
    "fittedParams": [
        0.039522121892869674,
        0.18967103621177156,
        0.33613214984321016,
        0.4998992535920283,
        0.4761997344072097,
        0.00033742272019257613,
        1.037224649738655e-05,
        0.41784022959703293,
        2.6696558345107184
    ],
    "AIC": 1151.2147301054767,
    "BIC": 1185.351852580934,
    "logLikelihood": -566.6073650527384,
    "n_conditions": 328
}