{
    "participantID": "ln1",
    "modelType": "probabilityMatchingLogNorm_LapseFree_sharedPrior",
    "fittedParams": [
        0.1691583090271706,
        0.36591355382453905,
        0.49555847783154594,
        0.5810004037926155,
        1.5345412588235923,
        4.2868297900344743e-07,
        2.549193304779429e-06,
        0.40283240271965043,
        2.618761461393151
    ],
    "AIC": 1170.0363859730926,
    "BIC": 1204.17350844855,
    "logLikelihood": -576.0181929865463,
    "n_conditions": 328
}