{
    "participantID": "ln1",
    "modelType": "probabilityMatchingLogNorm_LapseFree_contextualPrior",
    "fittedParams": [
        0.1379369547427632,
        0.3946351644227979,
        0.573508616570034,
        0.5373276507857081,
        1.6889085879549386,
        8.85639735497823e-05,
        0.0015893888147548163,
        0.6361671385275142,
        0.6570433985791169,
        4.875025775944731
    ],
    "AIC": 1176.1713738433693,
    "BIC": 1214.1015099272108,
    "logLikelihood": -578.0856869216847,
    "n_conditions": 328
}