{
    "participantID": "ln1",
    "modelType": "probabilityMatching_LapseFree_sharedPrior",
    "fittedParams": [
        0.0013291255524364859,
        0.1919088580848074,
        0.3554847662775045,
        0.6330812811595876,
        0.4843317869837756,
        0.00010639535508974451,
        5.551115123125783e-17,
        0.6946687893829164,
        3.441405515408646
    ],
    "AIC": 1155.0656960146728,
    "BIC": 1189.20281849013,
    "logLikelihood": -568.5328480073364,
    "n_conditions": 328
}