{
    "participantID": "as",
    "modelType": "fusionOnly_LapseFree_sharedPrior",
    "fittedParams": [
        0.04676763125061989,
        0.1276721656322478,
        0.2767611481547355,
        0.32616376554965965,
        0.08186380159258842,
        0.001000004756450651
    ],
    "AIC": 2258.7163649070453,
    "BIC": 2283.000597981323,
    "logLikelihood": -1123.3581824535227,
    "n_conditions": 423
}