{
    "participantID": "as",
    "modelType": "fusionOnlyLogNorm_LapseFree_sharedPrior",
    "fittedParams": [
        0.0065850639235464845,
        0.23842696610960668,
        1.1840946689607288,
        3.5,
        0.033300552339693014,
        0.01273334882530677
    ],
    "AIC": 2306.063044102194,
    "BIC": 2318.205160639333,
    "logLikelihood": -1150.031522051097,
    "n_conditions": 423
}