{
    "participantID": "as",
    "modelType": "fusionOnlyLogNorm_LapseFree_sharedPrior",
    "fittedParams": [
        0.044979540117004946,
        0.24555278316620388,
        0.5844037070005288,
        0.5671854704766884,
        0.08377315789968998,
        0.03812758846185024
    ],
    "AIC": 2252.7846879864146,
    "BIC": 2277.0689210606924,
    "logLikelihood": -1120.3923439932073,
    "n_conditions": 423
}