{
    "participantID": "as",
    "modelType": "fusionOnlyLogNorm_LapseFree_sharedPrior",
    "fittedParams": [
        0.04143515266452341,
        0.2585220129859007,
        0.5750576380989696,
        0.553115711350183,
        0.06537657904023253,
        0.061554029348167005
    ],
    "AIC": 2255.5400067026753,
    "BIC": 2279.824239776953,
    "logLikelihood": -1121.7700033513377,
    "n_conditions": 423
}