{
    "participantID": "as",
    "modelType": "fusionOnlyLogNorm_LapseFree_sharedPrior",
    "fittedParams": [
        0.051448432932284044,
        0.24152984114491116,
        0.6145791414372069,
        0.6430450268788264,
        0.8268497871937144,
        1.5953834462523449
    ],
    "AIC": 2255.328775190596,
    "BIC": 2279.6130082648738,
    "logLikelihood": -1121.664387595298,
    "n_conditions": 423
}