{
    "participantID": "as",
    "modelType": "fusionOnlyLogNorm_LapseFree_sharedPrior",
    "fittedParams": [
        0.11553065224688988,
        0.16859332455383802,
        0.8372813699889714,
        2.4748737341529163,
        0.11432139156308403,
        0.06864874977343524
    ],
    "AIC": 2305.1995734834927,
    "BIC": 2317.3416900206316,
    "logLikelihood": -1149.5997867417464,
    "n_conditions": 423
}