{
    "participantID": "as",
    "modelType": "fusionOnly_LapseFree_sharedPrior",
    "fittedParams": [
        0.004950100536123167,
        0.1219643571558086,
        0.3237101395967262,
        0.31821863247793936,
        1.9879340777615917,
        3.0197394124927763
    ],
    "AIC": 2263.345437108623,
    "BIC": 2287.629670182901,
    "logLikelihood": -1125.6727185543116,
    "n_conditions": 423
}