{
    "participantID": "as",
    "modelType": "gaussian_LapseFree_sharedPrior",
    "fittedParams": [
        0.058913914515638835,
        0.11820929758285788,
        0.23433107398585484,
        0.4646292383026744,
        0.2956075902096571,
        0.1155957001286543,
        0.023152181822821038,
        -0.15873792478088322,
        6.822763079796489
    ],
    "AIC": 2261.304337955492,
    "BIC": 2297.7306875669083,
    "logLikelihood": -1121.652168977746,
    "n_conditions": 423
}