{
    "participantID": "as",
    "modelType": "gaussian",
    "fittedParams": [
        0.015192731788993136,
        0.13575119408982572,
        0.19520008906285508,
        0.490123467620682,
        0.366306764157489,
        0.19520008906285508
    ],
    "AIC": 2253.6862721040875,
    "BIC": 2277.9705051783653,
    "logLikelihood": -1120.8431360520437,
    "n_conditions": 423
}