{
    "participantID": "as",
    "modelType": "gaussian",
    "fittedParams": [
        0.003926116228103627,
        0.1363117790222168,
        0.21517887115478518,
        0.5784573668956757,
        0.3720173263549805,
        0.04600045680999755,
        8.249282836914062e-05
    ],
    "AIC": 2255.098023200974,
    "BIC": 2283.429628454298,
    "logLikelihood": -1120.549011600487,
    "n_conditions": 423
}