{
    "participantID": "as",
    "modelType": "gaussian_LapseFree_sharedPrior",
    "fittedParams": [
        0.003926116228103627,
        0.1363117790222168,
        0.21517887115478518,
        0.5784573668956757,
        0.3720173263549805,
        0.04600045680999755,
        8.249282836914062e-05
    ],
    "AIC": 2253.2979222711133,
    "BIC": 2281.6295275244374,
    "logLikelihood": -1119.6489611355566,
    "n_conditions": 423
}