{
    "participantID": "as",
    "modelType": "gaussian_LapseFree_sharedPrior",
    "fittedParams": [
        0.07571488478415078,
        0.13020358263218362,
        0.29197790054735634,
        0.9423944218384233,
        0.5256419906309752,
        0.06479765617519469,
        0.0171250785689344
    ],
    "AIC": 2269.057035511598,
    "BIC": 2297.388640764922,
    "logLikelihood": -1127.528517755799,
    "n_conditions": 423
}