{
    "participantID": "as",
    "modelType": "gaussian_LapseFree_contextualPrior",
    "fittedParams": [
        0.02187144746421836,
        0.13171528641832986,
        0.2186862988461507,
        0.44022085592001675,
        0.37670893007889394,
        0.05473590066976612,
        0.0,
        0.6341937246515532
    ],
    "AIC": 2255.9647265178874,
    "BIC": 2288.343703950258,
    "logLikelihood": -1119.9823632589437,
    "n_conditions": 423
}