{
    "participantID": "as",
    "modelType": "gaussian_LapseFree_sharedPrior",
    "fittedParams": [
        0.0010000000743195236,
        0.1295290108470617,
        0.26850718861506306,
        0.8539783583953977,
        0.34818854210462424,
        0.050811869154032324,
        0.0014364384600892566
    ],
    "AIC": 2258.929913961734,
    "BIC": 2287.2615192150583,
    "logLikelihood": -1122.464956980867,
    "n_conditions": 423
}