{
    "participantID": "as",
    "modelType": "gaussian_LapseFree_sharedPrior",
    "fittedParams": [
        0.126925382575299,
        0.11668819863600204,
        0.24338920715417756,
        0.6785501424592121,
        0.34375222076568457,
        0.1596224122221119,
        0.033867944766604915,
        0.37885440405588433,
        2.368061512514215
    ],
    "AIC": 2277.9863382975286,
    "BIC": 2314.412687908945,
    "logLikelihood": -1129.9931691487643,
    "n_conditions": 423
}