{
    "participantID": "as",
    "modelType": "lognorm_LapseFree_sharedPrior",
    "fittedParams": [
        0.040635945296488424,
        0.24899916658159327,
        0.493854174354069,
        0.6543224086424744,
        0.7381143198332302,
        0.07586578085310365,
        0.06354295851400893,
        0.06568643460668683,
        0.7900365053534646
    ],
    "AIC": 2256.924335283015,
    "BIC": 2293.350684894431,
    "logLikelihood": -1119.4621676415074,
    "n_conditions": 423
}