{
    "participantID": "as",
    "modelType": "lognorm_LapseFree_sharedPrior",
    "fittedParams": [
        0.0010000000002902965,
        0.23842696610960668,
        1.1840946689607288,
        0.9999886520559813,
        3.5,
        0.0462796170599202,
        0.0010033697085393145
    ],
    "AIC": 2305.1964419103942,
    "BIC": 2321.3859306265795,
    "logLikelihood": -1148.5982209551971,
    "n_conditions": 423
}