{
    "participantID": "as",
    "modelType": "lognorm_LapseFree_sharedPrior",
    "fittedParams": [
        0.10416219263662707,
        0.24991686744314526,
        0.5388840043061107,
        0.9698229655618958,
        0.6747318443429895,
        0.12421681764623521,
        0.06750085093685042
    ],
    "AIC": 2261.326372420674,
    "BIC": 2289.657977673998,
    "logLikelihood": -1123.663186210337,
    "n_conditions": 423
}