{
    "participantID": "as",
    "modelType": "lognorm_LapseFree_sharedPrior",
    "fittedParams": [
        0.034273775140459456,
        0.269932451133427,
        0.45411755039647683,
        0.6391082395319245,
        0.7403115700903435,
        0.07044411267403339,
        0.028687976908167184,
        0.11920013147289867,
        4.749212279351527
    ],
    "AIC": 2269.104209044765,
    "BIC": 2305.5305586561813,
    "logLikelihood": -1125.5521045223825,
    "n_conditions": 423
}