{
    "participantID": "as",
    "modelType": "lognorm",
    "fittedParams": [
        0.06354465456563049,
        0.24080885848321482,
        0.5373112424131249,
        0.8332847063691298,
        0.6692015263624489,
        0.5373112424131249
    ],
    "AIC": 2253.6819117719742,
    "BIC": 2277.966144846252,
    "logLikelihood": -1120.8409558859871,
    "n_conditions": 423
}