{
    "participantID": "as",
    "modelType": "lognorm_LapseFree_sharedPrior",
    "fittedParams": [
        0.0774992083677648,
        0.2405821350876688,
        0.4112880736504606,
        0.45352246591641004,
        0.6729185152573023,
        0.07742735916205717,
        0.02189801737643257
    ],
    "AIC": 2251.5119980427494,
    "BIC": 2279.8436032960735,
    "logLikelihood": -1118.7559990213747,
    "n_conditions": 423
}