{
    "participantID": "as",
    "modelType": "logLinearMismatch_LapseFree_contextualPrior",
    "fittedParams": [
        0.05518783522420563,
        0.2285181885072961,
        0.5437176029314286,
        0.7373118608213496,
        0.5752601276338101,
        0.10173896683263592,
        0.04793694472173228,
        0.8778602561484556
    ],
    "AIC": 2256.174856089149,
    "BIC": 2288.5538335215197,
    "logLikelihood": -1120.0874280445746,
    "n_conditions": 423
}