{
    "participantID": "as",
    "modelType": "logLinearMismatch",
    "fittedParams": [
        0.0654298513836693,
        0.2379038127046078,
        0.5508434740593657,
        0.7643451888463229,
        0.599793801791966,
        0.07340162400505505,
        0.045478011784143735
    ],
    "AIC": 2256.4209158611247,
    "BIC": 2284.752521114449,
    "logLikelihood": -1121.2104579305624,
    "n_conditions": 423
}