{
    "participantID": "as",
    "modelType": "lognorm_LapseFree_sharedPrior",
    "fittedParams": [
        0.07963475167070427,
        0.23676767033596224,
        0.4425026356473126,
        0.7663669250774547,
        0.6197871250884275,
        0.08163426567138812,
        0.05920817945169837
    ],
    "AIC": 2256.3202947121313,
    "BIC": 2284.6518999654554,
    "logLikelihood": -1121.1601473560656,
    "n_conditions": 423
}