{
    "participantID": "as",
    "modelType": "lognorm_sharedPrior_freeLambda",
    "fittedParams": [
        0.06617064926497278,
        0.23034897481048572,
        0.5017701477973605,
        0.7805338209037502,
        0.7694027653735247,
        0.0848285528366432,
        0.06314563244141028
    ],
    "AIC": 2257.323221060684,
    "BIC": 2285.654826314008,
    "logLikelihood": -1121.661610530342,
    "n_conditions": 423
}