{
    "participantID": "as",
    "modelType": "lognorm",
    "fittedParams": [
        0.05194668332726628,
        0.24830571154514414,
        0.47943866246246586,
        0.6438909946637792,
        0.6815008577266894,
        0.09465915594401046,
        0.03770946130831837
    ],
    "AIC": 2253.6057912188635,
    "BIC": 2281.9373964721876,
    "logLikelihood": -1119.8028956094317,
    "n_conditions": 423
}