{
    "participantID": "as",
    "modelType": "lognorm_LapseFree_contextualPrior",
    "fittedParams": [
        0.07146320193158462,
        0.2297563657211139,
        0.6297672116570174,
        0.9999999998137356,
        0.6225497705955059,
        0.09744409965146333,
        0.06359861548990012,
        0.9999999998137356,
        0.16981309965252878,
        9.389511742001746
    ],
    "AIC": 2263.121318004794,
    "BIC": 2303.5950397952565,
    "logLikelihood": -1121.560659002397,
    "n_conditions": 423
}