{
    "participantID": "as",
    "modelType": "lognorm_LapseFree_sharedPrior",
    "fittedParams": [
        0.0676817931622099,
        0.2287545651738574,
        0.568834523686163,
        0.9770781756051286,
        0.5711278026948962,
        0.10201013095880263,
        0.05446763764430762,
        0.39905279906909397,
        8.282983342053777
    ],
    "AIC": 2258.7679092025937,
    "BIC": 2295.19425881401,
    "logLikelihood": -1120.3839546012969,
    "n_conditions": 423
}