{
    "participantID": "as",
    "modelType": "lognorm_LapseFree_sharedPrior",
    "fittedParams": [
        0.09007079748748124,
        0.22518498565964593,
        0.4540028859317823,
        0.6476868432989441,
        0.861929025265744,
        0.068578572684649,
        0.048510195241397304
    ],
    "AIC": 2256.433943031965,
    "BIC": 2284.7655482852892,
    "logLikelihood": -1121.2169715159826,
    "n_conditions": 423
}