{
    "participantID": "as",
    "modelType": "logLinearMismatch_LapseFree_sharedPrior",
    "fittedParams": [
        0.0868547393236269,
        0.23842696610960668,
        1.1840946689607288,
        0.9916619305654092,
        3.5,
        0.026105491685283422,
        0.002955225025012399
    ],
    "AIC": 2333.0379090941024,
    "BIC": 2349.2273978102876,
    "logLikelihood": -1162.5189545470512,
    "n_conditions": 423
}