{
    "participantID": "as",
    "modelType": "lognorm_LapseFree_sharedPrior",
    "fittedParams": [
        0.14931554755850596,
        0.22708276477232514,
        0.5839479980413943,
        0.9017711360910763,
        0.4941761765125091,
        0.09591419308067045,
        0.08861405397132889,
        2.685458057380423,
        9.427736036602887
    ],
    "AIC": 2275.8939944276044,
    "BIC": 2312.3203440390207,
    "logLikelihood": -1128.9469972138022,
    "n_conditions": 423
}