{
    "participantID": "as",
    "modelType": "lognorm_LapseFree_sharedPrior",
    "fittedParams": [
        0.05103380918735638,
        0.2428966175555251,
        0.5991701459162868,
        0.9046293602321064,
        0.650918868407607,
        0.06308682732284071,
        0.0314110066648573,
        0.8803892866242677,
        9.999972604783252
    ],
    "AIC": 2256.6765476499518,
    "BIC": 2293.102897261368,
    "logLikelihood": -1119.3382738249759,
    "n_conditions": 423
}