{
    "participantID": "as",
    "modelType": "lognorm_LapseFree_sharedPrior",
    "fittedParams": [
        0.060453813187129474,
        0.23641189022461884,
        0.3619862642693602,
        0.5093569051346776,
        1.0356994382163969,
        0.14289316799236146,
        0.08388312976226643
    ],
    "AIC": 2260.620275774028,
    "BIC": 2288.951881027352,
    "logLikelihood": -1123.310137887014,
    "n_conditions": 423
}