{
    "participantID": "as",
    "modelType": "lognorm_LapseFree_contextualPrior",
    "fittedParams": [
        0.0603772117986231,
        0.24465722764402464,
        0.5094662043599691,
        0.47948104945571685,
        0.7090488603185259,
        0.060616682296599445,
        0.039964417407640285,
        0.7189631049785931,
        0.2556733953759249,
        3.2654936293893897
    ],
    "AIC": 2254.386464252801,
    "BIC": 2294.8601860432636,
    "logLikelihood": -1117.1932321264005,
    "n_conditions": 423
}