{
    "participantID": "as",
    "modelType": "lognorm_LapseFree_sharedPrior",
    "fittedParams": [
        0.056712579378193184,
        0.24353106855804407,
        0.5006287563529289,
        0.6730991861404618,
        0.6573203141037678,
        0.10380499114968843,
        0.06453108258715948
    ],
    "AIC": 2251.8459764962063,
    "BIC": 2280.1775817495304,
    "logLikelihood": -1118.9229882481031,
    "n_conditions": 423
}