{
    "participantID": "as",
    "modelType": "lognorm",
    "fittedParams": [
        0.0648401801398599,
        0.24187794955027808,
        0.41100005849003374,
        0.6649471531770231,
        0.6296139660728863,
        0.41100005849003374
    ],
    "AIC": 2257.1298620160596,
    "BIC": 2281.4140950903375,
    "logLikelihood": -1122.5649310080298,
    "n_conditions": 423
}