{
    "participantID": "as",
    "modelType": "lognorm_LapseFree_sharedPrior",
    "fittedParams": [
        0.06207897216081619,
        0.2406888705492019,
        0.5814301401376724,
        0.8252678786993026,
        0.6429601478576661,
        0.09632156610488894,
        0.07918697595596316,
        0.9235823631286622,
        1.1747461998462683
    ],
    "AIC": 2268.6274415925905,
    "BIC": 2305.0537912040068,
    "logLikelihood": -1125.3137207962952,
    "n_conditions": 423
}