{
    "participantID": "as",
    "modelType": "lognorm_LapseFree_sharedPrior",
    "fittedParams": [
        0.1258803104010916,
        0.16859332455383802,
        0.8372813699889714,
        0.983411055591941,
        2.4748737341529163,
        0.1393235313579931,
        0.09783352730156199
    ],
    "AIC": 2305.116924540108,
    "BIC": 2321.306413256293,
    "logLikelihood": -1148.558462270054,
    "n_conditions": 423
}