{
    "participantID": "as",
    "modelType": "logLinearMismatch_LapseFree_sharedPrior",
    "fittedParams": [
        0.07229496452370548,
        0.24105473309871903,
        0.627604541481067,
        0.5294546917881833,
        0.7033924971046226,
        0.1194001092731277,
        0.035995853493994895,
        1.3102469413588942,
        4.581653351392959
    ],
    "AIC": 2267.6786388690907,
    "BIC": 2304.104988480507,
    "logLikelihood": -1124.8393194345454,
    "n_conditions": 423
}