{
    "participantID": "as",
    "modelType": "lognorm_LapseFree_contextualPrior",
    "fittedParams": [
        0.03866479227490344,
        0.2521736449576383,
        0.3540822553034467,
        0.2136477974199677,
        0.7602093844603224,
        0.08188730897384175,
        0.03809539748633596,
        0.45726834272149497
    ],
    "AIC": 2253.807140956918,
    "BIC": 2286.186118389288,
    "logLikelihood": -1118.903570478459,
    "n_conditions": 423
}