{
    "participantID": "as",
    "modelType": "logLinearMismatch_LapseFree_sharedPrior",
    "fittedParams": [
        0.030893654589347362,
        0.25531396270770135,
        0.5739275008791171,
        0.8642635860908864,
        0.6912316612660174,
        0.046637174102462944,
        0.07095055876051139
    ],
    "AIC": 2256.951348548615,
    "BIC": 2285.282953801939,
    "logLikelihood": -1121.4756742743075,
    "n_conditions": 423
}