{
    "participantID": "as",
    "modelType": "probabilityMatchingLogNorm_LapseFree_sharedPrior",
    "fittedParams": [
        0.12049958713753149,
        0.16859332455383802,
        0.8372813699889714,
        1.1641465569312004e-11,
        2.4748737341529163,
        0.11518484941751231,
        0.07991261510174955
    ],
    "AIC": 2307.013156104485,
    "BIC": 2323.2026448206702,
    "logLikelihood": -1149.5065780522425,
    "n_conditions": 423
}