{
    "participantID": "as",
    "modelType": "probabilityMatching_LapseFree_contextualPrior",
    "fittedParams": [
        0.042969270290341255,
        0.1282623921148479,
        0.2571633994672447,
        0.26182459085594745,
        0.27702194093726573,
        0.08513750222045931,
        0.0006549561978318186,
        0.6704066060334269,
        0.01912048021331425,
        8.94202519920067
    ],
    "AIC": 2261.2193951093227,
    "BIC": 2301.6931168997853,
    "logLikelihood": -1120.6096975546614,
    "n_conditions": 423
}