{
    "participantID": "as",
    "modelType": "probabilityMatchingLogNorm_LapseFree_sharedPrior",
    "fittedParams": [
        0.050044237762100416,
        0.24008392961830538,
        0.3301621089074639,
        0.07367174129506081,
        0.7372847952678104,
        0.10149098751308011,
        0.01836746526642112,
        1.1788105629611305,
        6.620940477505523
    ],
    "AIC": 2256.563321447744,
    "BIC": 2292.98967105916,
    "logLikelihood": -1119.281660723872,
    "n_conditions": 423
}