{
    "participantID": "as",
    "modelType": "probabilityMatching_LapseFree_sharedPrior",
    "fittedParams": [
        0.06077270959821643,
        0.1171440262449846,
        0.17701890459565814,
        0.6391270201639914,
        0.2664753725866159,
        0.08554747938710017,
        0.012274509288183293,
        6.158184244159064,
        6.366472502971631
    ],
    "AIC": 2269.1576997433367,
    "BIC": 2305.584049354753,
    "logLikelihood": -1125.5788498716684,
    "n_conditions": 423
}