{
    "participantID": "as",
    "modelType": "probabilityMatchingLogNorm_LapseFree_sharedPrior",
    "fittedParams": [
        0.041682052612304676,
        0.2446871948242187,
        0.5995452880859374,
        0.945502328491211,
        0.6268310546875,
        0.05824768066406252,
        0.04157470703125005,
        0.2598678588867187,
        3.6226535034179688
    ],
    "AIC": 2261.465334845037,
    "BIC": 2297.8916844564533,
    "logLikelihood": -1121.7326674225185,
    "n_conditions": 423
}