{
    "participantID": "as",
    "modelType": "probabilityMatchingLogNorm_LapseFree_sharedPrior",
    "fittedParams": [
        0.0635266580725598,
        0.24624228267844794,
        0.6013888801318141,
        6.204714154584012e-05,
        0.6171717670660161,
        0.09994538309184572,
        0.025970194273530783
    ],
    "AIC": 2255.998562842798,
    "BIC": 2284.330168096122,
    "logLikelihood": -1120.999281421399,
    "n_conditions": 423
}