{
    "participantID": "as",
    "modelType": "probabilityMatchingLogNorm_LapseFree_sharedPrior",
    "fittedParams": [
        0.046374613084984584,
        0.257904078990549,
        0.5625219048858705,
        0.09619836465863041,
        0.5923718918743575,
        0.054809712802671134,
        0.04301148378584038
    ],
    "AIC": 2257.45730676692,
    "BIC": 2285.788912020244,
    "logLikelihood": -1121.72865338346,
    "n_conditions": 423
}