{
    "participantID": "as",
    "modelType": "probabilityMatching_LapseFree_sharedPrior",
    "fittedParams": [
        0.022258904579002398,
        0.11421982619401982,
        0.37506680181149377,
        6.605125963621283e-06,
        0.3017402697012108,
        0.050951420183293517,
        0.001000489245541386
    ],
    "AIC": 2259.227177368635,
    "BIC": 2287.558782621959,
    "logLikelihood": -1122.6135886843174,
    "n_conditions": 423
}