{
    "participantID": "as",
    "modelType": "probabilityMatchingLogNorm_LapseFree_sharedPrior",
    "fittedParams": [
        0.05735354987004537,
        0.23209609387158703,
        0.5423024325657024,
        0.9999953682796332,
        0.6227160349472979,
        0.09331538813376829,
        0.09614610206553188,
        0.26880714145139795,
        2.8305170978581016
    ],
    "AIC": 2257.2497191851458,
    "BIC": 2293.676068796562,
    "logLikelihood": -1119.6248595925729,
    "n_conditions": 423
}