{
    "participantID": "as",
    "modelType": "probabilityMatchingLogNorm_LapseFree_sharedPrior",
    "fittedParams": [
        0.0010000000011612387,
        0.23842696610960668,
        1.1840946689607288,
        1.6628982847932683e-06,
        3.5,
        0.044616907332738626,
        0.0010001196759447106
    ],
    "AIC": 2303.8612875937774,
    "BIC": 2320.0507763099627,
    "logLikelihood": -1147.9306437968887,
    "n_conditions": 423
}