{
    "participantID": "as",
    "modelType": "probabilityMatchingLogNorm_LapseFree_sharedPrior",
    "fittedParams": [
        0.07025668854519687,
        0.2417403512429961,
        0.5174575131053041,
        0.06238659007278563,
        0.6695140613577987,
        0.09235514692809306,
        0.06365828037510043
    ],
    "AIC": 2256.764028569554,
    "BIC": 2285.095633822878,
    "logLikelihood": -1121.382014284777,
    "n_conditions": 423
}