{
    "participantID": "as",
    "modelType": "selection_LapseFree_sharedPrior",
    "fittedParams": [
        0.0010143351990729577,
        0.1260885300920157,
        0.27718914051409804,
        0.5879221834242344,
        0.3387120743990688,
        0.052771595308557157,
        0.0010909923873841654
    ],
    "AIC": 2255.563480329175,
    "BIC": 2283.895085582499,
    "logLikelihood": -1120.7817401645875,
    "n_conditions": 423
}