{
    "participantID": "as",
    "modelType": "switchingFree_LapseFree_sharedPrior",
    "fittedParams": [
        0.001000000004644952,
        0.23842696610960668,
        1.1840946689607288,
        1.1641465569312004e-11,
        3.5,
        0.06149507291254122,
        0.001000000004644952,
        0.9999999999883585
    ],
    "AIC": 2312.317304244462,
    "BIC": 2332.5541651396934,
    "logLikelihood": -1151.158652122231,
    "n_conditions": 423
}