{
    "participantID": "as",
    "modelType": "switching_LapseFree_sharedPrior",
    "fittedParams": [
        0.020434824173631825,
        0.11469761340442988,
        0.20314848273894562,
        0.0004827542736226542,
        0.22703469288239997,
        0.027336979668026756,
        0.01566266358750202,
        1.2909375157995908,
        8.401746180374795
    ],
    "AIC": 2265.876715945043,
    "BIC": 2302.3030655564594,
    "logLikelihood": -1123.9383579725215,
    "n_conditions": 423
}