{
    "participantID": "as",
    "modelType": "switchingFree_LapseFix_sharedPrior",
    "fittedParams": [
        0.041798329653777166,
        0.24819909366565973,
        0.00011288145631305202,
        0.09269677326083176,
        0.5773441456479043,
        0.392353755608201
    ],
    "AIC": 2251.0878651811536,
    "BIC": 2275.3720982554314,
    "logLikelihood": -1119.5439325905768,
    "n_conditions": 423
}