{
    "participantID": "as",
    "modelType": "selection_LapseFree_sharedPrior",
    "fittedParams": [
        0.0010667831160246222,
        0.12337766998822874,
        0.25980343619369795,
        0.5284609666097367,
        0.34794657653987715,
        0.03998967475047413,
        0.003554827023198731
    ],
    "AIC": 2258.617039814642,
    "BIC": 2286.948645067966,
    "logLikelihood": -1122.308519907321,
    "n_conditions": 423
}