{
    "participantID": "as",
    "modelType": "switchingFree_LapseFree_sharedPrior",
    "fittedParams": [
        0.016599556553649003,
        0.23127762895995452,
        0.13537988199235917,
        0.11539632533676919,
        0.6003581203216816,
        0.07464467482930631,
        0.029929071358038323,
        0.41680687420885076
    ],
    "AIC": 2259.03480627927,
    "BIC": 2291.4137837116405,
    "logLikelihood": -1121.517403139635,
    "n_conditions": 423
}