{
    "participantID": "as",
    "modelType": "selection_LapseFree_sharedPrior",
    "fittedParams": [
        0.025935487166699023,
        0.12163905569143818,
        0.2826537957717523,
        0.7064061020500958,
        0.35669436241599717,
        0.05435589188670273,
        0.0010000000185798608
    ],
    "AIC": 2251.5719661258618,
    "BIC": 2279.903571379186,
    "logLikelihood": -1118.7859830629309,
    "n_conditions": 423
}