{
    "participantID": "as",
    "modelType": "switchingFree_LapseFree_sharedPrior",
    "fittedParams": [
        0.0775149006321355,
        0.21931559657159694,
        0.0012728691281073123,
        0.12496345046783969,
        0.5614907449427589,
        0.09048118525639784,
        0.037258096948835195,
        0.37210181876071147
    ],
    "AIC": 2256.6016980786612,
    "BIC": 2288.980675511031,
    "logLikelihood": -1120.3008490393306,
    "n_conditions": 423
}