{
    "participantID": "as",
    "modelType": "selection_LapseFree_sharedPrior",
    "fittedParams": [
        0.001000000004644952,
        0.23842696610960668,
        1.1840946689607288,
        0.9614779265364632,
        3.5,
        0.001000000004644952,
        0.001000000004644952
    ],
    "AIC": 2481.7413257055337,
    "BIC": 2497.930814421719,
    "logLikelihood": -1236.8706628527668,
    "n_conditions": 423
}