{
    "participantID": "as",
    "modelType": "selection_LapseFree_sharedPrior",
    "fittedParams": [
        0.08771927573471909,
        0.11374899012506945,
        0.26749236882811306,
        0.8823678447062397,
        0.2950246325544345,
        0.10446948571254036,
        0.0490712859609759
    ],
    "AIC": 2260.181117589263,
    "BIC": 2288.512722842587,
    "logLikelihood": -1123.0905587946315,
    "n_conditions": 423
}