{
    "participantID": "as",
    "modelType": "selection_LapseFree_sharedPrior",
    "fittedParams": [
        0.044159649541473556,
        0.11838462848409559,
        0.3102398623357703,
        0.6417211621401293,
        0.31157700339117134,
        0.09613496009399342,
        0.001006794857605825,
        0.1852055527167613,
        9.418904275061315
    ],
    "AIC": 2264.961733788751,
    "BIC": 2301.3880834001675,
    "logLikelihood": -1123.4808668943756,
    "n_conditions": 423
}