{
    "participantID": "as",
    "modelType": "selection_LapseFree_sharedPrior",
    "fittedParams": [
        0.004265557134919606,
        0.1263893510080588,
        0.22531645474904705,
        0.20815679569022644,
        0.3693614769821581,
        0.09619118132692984,
        0.005998490877106789,
        -1.6544137362443907,
        7.477623878929043
    ],
    "AIC": 2260.3897819292633,
    "BIC": 2296.8161315406796,
    "logLikelihood": -1121.1948909646317,
    "n_conditions": 423
}