{
    "participantID": "as",
    "modelType": "switchingWithConflict_LapseFree_sharedPrior",
    "fittedParams": [
        0.06624296529681625,
        0.09723680995148642,
        0.16517978663025645,
        0.03791854514382176,
        0.22149521516521142,
        0.05495570896196175,
        0.016197455806782113,
        4.448989455503488,
        0.04776036762346622,
        3.636183360186367
    ],
    "AIC": 2268.3348874243857,
    "BIC": 2308.8086092148483,
    "logLikelihood": -1124.1674437121928,
    "n_conditions": 423
}