{
    "participantID": "as",
    "modelType": "switchingFree_LapseFree_sharedPrior",
    "fittedParams": [
        0.055052166281174875,
        0.2344636846322029,
        0.0001000000931274947,
        0.16018557513598347,
        0.5602858195839472,
        0.09527777552069165,
        0.029825142588443126,
        0.3872880154522136
    ],
    "AIC": 2253.208466310285,
    "BIC": 2285.5874437426555,
    "logLikelihood": -1118.6042331551425,
    "n_conditions": 423
}