{
    "participantID": "as",
    "modelType": "switchingFree_LapseFree_sharedPrior",
    "fittedParams": [
        0.005948626511122712,
        0.10440029051715322,
        0.16341135023419864,
        0.1155056922617351,
        0.30147906399101143,
        0.018397274774776935,
        0.008505827266410616,
        0.5396202203308242
    ],
    "AIC": 2259.5717232500665,
    "BIC": 2291.950700682437,
    "logLikelihood": -1121.7858616250332,
    "n_conditions": 423
}