{
    "participantID": "as",
    "modelType": "selection_LapseFree_sharedPrior",
    "fittedParams": [
        0.0010000011891126426,
        0.23842696610960668,
        1.1840946689607288,
        0.8703206226229668,
        3.5,
        0.001081521996855711,
        0.0010950493425130603
    ],
    "AIC": 2480.919190578325,
    "BIC": 2497.1086792945102,
    "logLikelihood": -1236.4595952891625,
    "n_conditions": 423
}