{
    "participantID": "as",
    "modelType": "switchingFree_LapseFree_sharedPrior",
    "fittedParams": [
        0.07065622585466717,
        0.19850412256019254,
        0.3220411018170908,
        0.12916667514435182,
        0.4479807940200375,
        0.10683530159032176,
        0.06594432406896122,
        0.520295749517435
    ],
    "AIC": 2256.817665298284,
    "BIC": 2289.1966427306543,
    "logLikelihood": -1120.408832649142,
    "n_conditions": 423
}