{
    "participantID": "as",
    "modelType": "switching_LapseFree_sharedPrior",
    "fittedParams": [
        0.050097747338824106,
        0.18770019884487288,
        0.3940462509831516,
        0.3467374973518147,
        0.4197901235671998,
        0.0701455280343824,
        0.03785062847679066
    ],
    "AIC": 2253.818273886935,
    "BIC": 2282.149879140259,
    "logLikelihood": -1119.9091369434675,
    "n_conditions": 423
}