{
    "participantID": "mt",
    "modelType": "lognorm_LapseFree_sharedPrior",
    "fittedParams": [
        0.022466996210813522,
        0.16895821684565476,
        0.358193328333317,
        0.8378356114029886,
        2.4748737341529163,
        0.12497082001417875,
        0.23117571417391303
    ],
    "AIC": 2208.5007431764493,
    "BIC": 2224.022875122052,
    "logLikelihood": -1100.2503715882247,
    "n_conditions": 358
}