{
    "participantID": "mt",
    "modelType": "switchingFree_LapseFree_sharedPrior",
    "fittedParams": [
        0.026536959247523917,
        0.16895821684565476,
        0.358193328333317,
        0.047165906499139876,
        2.4748737341529163,
        0.07056861824281513,
        0.169549944380112,
        0.90766887399368
    ],
    "AIC": 2219.54173268191,
    "BIC": 2238.9443976139137,
    "logLikelihood": -1104.770866340955,
    "n_conditions": 358
}