{
    "participantID": "ip",
    "dataName": "ip_all.csv",
    "n_params": 42,
    "n_conditions": 486,
    "n_trials": 2156,
    "parameters": [
        0.0,
        0.06659472689986422,
        0.3401424565666118,
        0.0,
        0.12269921263395223,
        0.5281578816473433,
        0.0,
        0.10895680815254527,
        0.5163628153765792,
        0.15283841025101627,
        0.042554809252159126,
        0.341969698962982,
        0.0,
        0.026873096223005846,
        0.2682540193654992,
        0.17858324125504096,
        0.13889562063530508,
        0.2000646482627259,
        0.0,
        0.07510145958226129,
        0.35644712656637717,
        0.0,
        -0.1318469048644232,
        0.624897803957914,
        0.0,
        -0.09526275659730118,
        0.8277535925389394,
        0.0,
        0.3718025335413093,
        1.5400046256502122,
        0.0,
        0.22459767683425072,
        0.6761833176777525,
        0.0,
        0.30716889967819916,
        0.530896754498707,
        0.0,
        0.016204429868455016,
        0.9714836522127718,
        0.0,
        0.12340140983862585,
        0.9126421708800112
    ],
    "log_likelihood": -1149.872595390233,
    "AIC": 2383.745190780466,
    "BIC": 2559.565952984287,
    "success": true,
    "message": "CONVERGENCE: REL_REDUCTION_OF_F_<=_FACTR*EPSMCH",
    "uniqueSensory": [
        0.1,
        1.2
    ],
    "uniqueStandard": [
        0.5
    ],
    "uniqueConflict": [
        -0.25,
        -0.17,
        -0.08,
        0.0,
        0.08,
        0.17,
        0.25
    ],
    "nStart": 1
}