{
    "participantID": "ip",
    "dataName": "ip_all.csv",
    "n_params": 42,
    "n_conditions": 486,
    "n_trials": 2156,
    "parameters": [
        0.09349441650139008,
        0.07072727672608294,
        0.2665552738709242,
        0.0,
        0.19277957211526595,
        0.5882908343241351,
        0.0,
        0.19814356558095841,
        0.5347911090441448,
        0.23974454528564046,
        0.06719821411836549,
        0.3024241330499435,
        0.0,
        0.04586848711438658,
        0.2640409914669617,
        0.19069692590011966,
        0.17898741185111178,
        0.21775117466068045,
        0.0,
        0.13756034244237514,
        0.4168527530294128,
        0.0,
        -0.08746873262016036,
        0.5396883870130271,
        0.25,
        -0.057241651703703426,
        0.5809994191817005,
        0.0,
        0.494584992942445,
        1.5291902680953615,
        0.0,
        0.3147832470055144,
        0.7403791001153738,
        0.0,
        0.3517049644070368,
        0.5521931500154236,
        0.0,
        0.14510975766908804,
        0.890199633690918,
        0.0,
        0.2158453569063844,
        0.9067688386246032
    ],
    "log_likelihood": -1159.8483259642976,
    "AIC": 2403.696651928595,
    "BIC": 2579.517414132416,
    "success": true,
    "message": "CONVERGENCE: REL_REDUCTION_OF_F_<=_FACTR*EPSMCH",
    "uniqueSensory": [
        0.1,
        1.2
    ],
    "uniqueStandard": [
        0.5
    ],
    "uniqueConflict": [
        -0.25,
        -0.17,
        -0.08,
        0.0,
        0.08,
        0.17,
        0.25
    ],
    "nStart": 1
}