{
    "participantID": "ip",
    "dataName": "ip_all",
    "n_params": 42,
    "n_conditions": 490,
    "n_trials": 2156,
    "parameters": [
        0.0,
        0.0665882639509689,
        0.3401274479011343,
        0.0,
        0.12270694108625768,
        0.5281386626159612,
        0.0,
        0.10896205573438468,
        0.5163285553041345,
        0.15294544631229734,
        0.04253648988580284,
        0.3418959160432746,
        0.0,
        0.02687930719801851,
        0.26824654623529437,
        0.17858259731794573,
        0.1388800843142966,
        0.200059328774182,
        0.0,
        0.07510288447086573,
        0.3564505980434135,
        0.0,
        -0.1317924817715053,
        0.6245843819539721,
        0.0,
        -0.09521398953992752,
        0.8275686629756532,
        0.0,
        0.37192694162745094,
        1.540381884680855,
        0.0,
        0.22461100010986457,
        0.6760656595891695,
        0.0,
        0.3071343934683726,
        0.5308449063978822,
        0.0,
        0.016218922959657583,
        0.9712198268803831,
        0.0,
        0.12343501930418933,
        0.9135004330602906
    ],
    "log_likelihood": -1149.8725994319052,
    "AIC": 2383.7451988638104,
    "BIC": 2559.9102252902067,
    "success": true,
    "message": "CONVERGENCE: RELATIVE REDUCTION OF F <= FACTR*EPSMCH",
    "uniqueSensory": [
        0.1,
        1.2
    ],
    "uniqueStandard": [
        0.5
    ],
    "uniqueConflict": [
        -0.25,
        -0.17,
        -0.08,
        0.0,
        0.08,
        0.17,
        0.25
    ],
    "nStart": 1
}