{
    "participantID": "ip",
    "dataName": "ip_all",
    "n_params": 42,
    "n_conditions": 486,
    "n_trials": 2156,
    "parameters": [
        0.09255137921691477,
        0.03586776439887808,
        0.13517704722538607,
        0.0,
        0.09669466312481799,
        0.2949254104514533,
        0.0,
        0.09877508620807723,
        0.26647202059146613,
        0.2360184214929637,
        0.03513360127418109,
        0.15371452464238305,
        0.0,
        0.02276537711633971,
        0.13139158189908787,
        0.18911211002684522,
        0.09030508798722754,
        0.11019696947351731,
        0.0,
        0.06907683800169534,
        0.20788622495393666,
        0.0,
        -0.04422118555164229,
        0.27027986400803167,
        0.25,
        -0.028475065983824766,
        0.293050823996613,
        0.0,
        0.24792032004048245,
        0.7683728993797084,
        0.0,
        0.1575015558305846,
        0.3698353496729219,
        0.0,
        0.17519305723356002,
        0.2745505186954213,
        0.0,
        0.07239107948562493,
        0.4463387578365652,
        0.0,
        0.10832867249150428,
        0.4541564534449089
    ],
    "log_likelihood": -1159.9158220055767,
    "AIC": 2403.8316440111535,
    "BIC": 2579.6524062149742,
    "success": true,
    "message": "CONVERGENCE: REL_REDUCTION_OF_F_<=_FACTR*EPSMCH",
    "uniqueSensory": [
        0.1,
        1.2
    ],
    "uniqueStandard": [
        0.5
    ],
    "uniqueConflict": [
        -0.25,
        -0.17,
        -0.08,
        0.0,
        0.08,
        0.17,
        0.25
    ],
    "nStart": 1
}