{
    "participantID": "ln2",
    "modelType": "fusionOnlyLogNorm_LapseFree_sharedPrior",
    "fittedParams": [
        0.06090496838666296,
        0.17723130518664562,
        0.539744514754995,
        1.926643361607792,
        0.03323771375731448,
        0.21524035267780778
    ],
    "AIC": 2246.120338694185,
    "BIC": 2258.6974261626096,
    "logLikelihood": -1120.0601693470926,
    "n_conditions": 489
}