lambda,mu,sigma
0.1857613156773855,0.6,0.26018660474571786
,0.16937412327669024,0.027777878131851345
