lambda,mu,sigma
0.15521562301401776,0.6,0.23952951531528166
,0.25721425842047924,0.17404537039785767
,,0.09376823834801978
,,0.02680436640904378
