lambda,mu,sigma
0.005842074003170365,0.6,0.020235160292939435
,0.47631732624338546,0.0536411151535409
,,0.2814371408169339
,,0.02714096152900328
,,0.01
,,0.03645028590543556
