{
    "participantID": "all",
    "modelType": "lognorm_LapseFree_contextualPrior",
    "fittedParams": [
        0.10940445349806396,
        0.2716543056416776,
        0.4397882532460789,
        0.33907974398384394,
        0.756588336743298,
        0.08567121484575183,
        0.1767214957005308,
        0.7100805129523192
    ],
    "AIC": 27059.189352342,
    "BIC": 27112.407339721274,
    "logLikelihood": -13521.594676171,
    "n_conditions": 5723
}