{
    "participantID": "all",
    "modelType": "logLinearMismatch_LapseFree_sharedPrior",
    "fittedParams": [
        0.11611354928463698,
        0.25839881864376363,
        0.5250520826317369,
        0.9898496802503243,
        0.6560876722633839,
        0.0813867641845718,
        0.16687892307527363
    ],
    "AIC": 27074.826482190943,
    "BIC": 27121.392221147806,
    "logLikelihood": -13530.413241095472,
    "n_conditions": 5723
}