{
    "participantID": "all",
    "modelType": "lognorm",
    "fittedParams": [
        0.10827859053388239,
        0.2812500152364373,
        0.47115918238647275,
        0.721972877976764,
        0.7821288478374482,
        0.47115918238647275
    ],
    "AIC": 27090.086124691956,
    "BIC": 27129.99961522641,
    "logLikelihood": -13539.043062345978,
    "n_conditions": 5723
}