{
    "participantID": "qs",
    "dataName": "qs_all",
    "n_params": 42,
    "n_conditions": 487,
    "n_trials": 2240,
    "parameters": [
        0.0,
        -0.04006519489710075,
        1.0059295976454725,
        0.0,
        -0.1831191011520202,
        0.8542501144627997,
        0.25,
        0.10083836983866258,
        0.7724147231467434,
        0.0,
        -0.07914025203295172,
        0.5597716678191208,
        0.25,
        0.2194843536154245,
        0.838505877716521,
        0.0,
        0.13387630311143697,
        0.8400688623420832,
        0.17528245793880837,
        0.10976295691580533,
        0.5877832739225259,
        0.20167948324451632,
        -0.034343651023608104,
        0.4696360155433819,
        0.2484549970968866,
        -0.020487190418317328,
        0.13446288892509903,
        0.0,
        0.058026020290290976,
        0.43463049058512765,
        0.13503774550372039,
        0.08933225661385365,
        0.30289143845019856,
        0.0,
        -0.004435905489111336,
        0.41361582156585525,
        0.0,
        0.10365205484697478,
        0.2529552205371226,
        0.0,
        0.02178276259983815,
        0.2747680697573766
    ],
    "log_likelihood": -1215.4381441003866,
    "AIC": 2514.876288200773,
    "BIC": 2690.783381370242,
    "success": true,
    "message": "CONVERGENCE: RELATIVE REDUCTION OF F <= FACTR*EPSMCH",
    "uniqueSensory": [
        1.2,
        0.1
    ],
    "uniqueStandard": [
        0.5
    ],
    "uniqueConflict": [
        -0.25,
        -0.17,
        -0.08,
        0.0,
        0.08,
        0.17,
        0.25
    ],
    "nStart": 1
}