{
    "participantID": "qs",
    "dataName": "qs_all.csv",
    "n_params": 42,
    "n_conditions": 483,
    "n_trials": 2240,
    "parameters": [
        0.0,
        0.05986491817891153,
        0.7960531164749732,
        0.20579035629444747,
        -0.12492782350249708,
        0.5381497151946258,
        0.0,
        0.15284138725594043,
        1.0549359787595511,
        0.20846803161694716,
        -0.051785363983907005,
        0.3695755843458521,
        0.0,
        0.2778294390412343,
        1.1167337550348273,
        0.0,
        0.2064187621604193,
        0.8184824016042201,
        0.12981781753454935,
        0.158235649548314,
        0.651842485437113,
        0.0,
        0.009502145933202852,
        0.6482105279359586,
        0.1577177782834339,
        -0.0040221932996909885,
        0.20302158440739268,
        0.12171173413378651,
        0.09299836887305493,
        0.3779865329170814,
        0.17474738387540972,
        0.12019461593198531,
        0.29788172520302114,
        0.05823037478117914,
        0.03784651551810818,
        0.3578448492642832,
        0.0,
        0.14450047371368796,
        0.2807387249015298,
        0.0,
        0.05387927736068421,
        0.28086074152374774
    ],
    "log_likelihood": -1224.3309702819672,
    "AIC": 2532.6619405639344,
    "BIC": 2708.222640017342,
    "success": true,
    "message": "CONVERGENCE: REL_REDUCTION_OF_F_<=_FACTR*EPSMCH",
    "uniqueSensory": [
        1.2,
        0.1
    ],
    "uniqueStandard": [
        0.5
    ],
    "uniqueConflict": [
        -0.25,
        -0.17,
        -0.08,
        0.0,
        0.08,
        0.17,
        0.25
    ],
    "nStart": 1
}