{
    "participantID": "qs",
    "dataName": "qs_all.csv",
    "n_params": 42,
    "n_conditions": 483,
    "n_trials": 2240,
    "parameters": [
        0.0,
        -0.03989046857026588,
        1.0050921284428,
        0.0,
        -0.1831959991835886,
        0.8544044405833596,
        0.25,
        0.10083632848625414,
        0.7733854562912463,
        0.0,
        -0.07920728534503044,
        0.5598954173930091,
        0.25,
        0.21935789218513502,
        0.8378824738949343,
        0.0,
        0.13375955819263374,
        0.8392420204528157,
        0.1759959199298543,
        0.10975564353351078,
        0.5872994600586314,
        0.20199712770136463,
        -0.03428077832515244,
        0.46939466960049003,
        0.24864296206662212,
        -0.020522265364241673,
        0.13452527648682336,
        0.0,
        0.0580367281812446,
        0.43460821381596215,
        0.13506946838325048,
        0.08932939447389374,
        0.3028749303077444,
        0.0,
        -0.0044223158341667726,
        0.4136680125926442,
        0.0,
        0.10359357055083829,
        0.252880059453218,
        0.0,
        0.02177225532173485,
        0.2748274470042303
    ],
    "log_likelihood": -1215.438172987511,
    "AIC": 2514.876345975022,
    "BIC": 2690.43704542843,
    "success": true,
    "message": "CONVERGENCE: REL_REDUCTION_OF_F_<=_FACTR*EPSMCH",
    "uniqueSensory": [
        1.2,
        0.1
    ],
    "uniqueStandard": [
        0.5
    ],
    "uniqueConflict": [
        -0.25,
        -0.17,
        -0.08,
        0.0,
        0.08,
        0.17,
        0.25
    ],
    "nStart": 1
}