{
    "participantID": "qs",
    "dataName": "qs_all",
    "n_params": 42,
    "n_conditions": 483,
    "n_trials": 2240,
    "parameters": [
        0.0,
        0.03005853255580059,
        0.3970571946721657,
        0.20389037624347103,
        -0.06225490229472773,
        0.2720270745077281,
        0.0,
        0.0760592597931587,
        0.5301578232280799,
        0.20753267234995965,
        -0.025975337966465506,
        0.1853185933663174,
        0.0,
        0.1383857813996588,
        0.5575318115358201,
        0.0,
        0.10298096783742397,
        0.41092112620792115,
        0.1372990258794832,
        0.07885697375126968,
        0.3209079858161231,
        0.0,
        0.004886816598715842,
        0.32401231466681446,
        0.15909053826077102,
        -0.0017908139411147823,
        0.10135939281195971,
        0.12272935085668873,
        0.046224380129094134,
        0.18834882839753508,
        0.1754989906473046,
        0.06010965702218092,
        0.14870702797787344,
        0.058099454342667264,
        0.019180319225017825,
        0.1795044499666767,
        0.0,
        0.07186367968180483,
        0.1410323007357908,
        0.0,
        0.027369546878106187,
        0.14073346823652183
    ],
    "log_likelihood": -1224.758430667293,
    "AIC": 2533.516861334586,
    "BIC": 2709.077560787994,
    "success": true,
    "message": "CONVERGENCE: REL_REDUCTION_OF_F_<=_FACTR*EPSMCH",
    "uniqueSensory": [
        1.2,
        0.1
    ],
    "uniqueStandard": [
        0.5
    ],
    "uniqueConflict": [
        -0.25,
        -0.17,
        -0.08,
        0.0,
        0.08,
        0.17,
        0.25
    ],
    "nStart": 1
}