{
    "participantID": "sx",
    "modelType": "gaussian_LapseFree_sharedPrior",
    "fittedParams": [
        0.04665449922904372,
        0.16671377513557667,
        0.14528917379677297,
        0.91298774491176,
        0.9498127001523972,
        0.15729101032018664,
        0.051538756489753756,
        0.33906653001904485,
        1.1000000000000005
    ],
    "AIC": 2148.4774157781067,
    "BIC": 2186.7964240690503,
    "logLikelihood": -1065.2387078890533,
    "n_conditions": 522
}