{
    "participantID": "sx",
    "modelType": "gaussian",
    "fittedParams": [
        0.022599676268873742,
        0.22621155038941648,
        0.15488111663958987,
        0.8630742866699294,
        0.696962445853278,
        0.15488111663958987
    ],
    "AIC": 2146.4687922281914,
    "BIC": 2172.014797755487,
    "logLikelihood": -1067.2343961140957,
    "n_conditions": 522
}