{
    "participantID": "sx",
    "modelType": "gaussian_LapseFree_contextualPrior",
    "fittedParams": [
        0.02403827160596847,
        0.18041607856750486,
        0.1435198771953583,
        0.8096958819389344,
        0.7976537132263184,
        0.1268308073282242,
        0.04863570928573607,
        0.9368013207793235
    ],
    "AIC": 2142.61707731845,
    "BIC": 2176.678418021511,
    "logLikelihood": -1063.308538659225,
    "n_conditions": 522
}