{
    "participantID": "sx",
    "modelType": "logLinearMismatch_LapseFree_sharedPrior",
    "fittedParams": [
        0.01596221923828124,
        0.26807872772216795,
        0.29232082366943357,
        0.9499493179321289,
        0.93840087890625,
        0.16744369506835938,
        0.23157363891601562,
        0.20850028991699215,
        9.999979629516602
    ],
    "AIC": 2165.217185457696,
    "BIC": 2203.5361937486396,
    "logLikelihood": -1073.608592728848,
    "n_conditions": 522
}