{
    "participantID": "sx",
    "modelType": "lognorm_LapseFree_contextualPrior",
    "fittedParams": [
        0.003716031234662326,
        0.30387558858011054,
        0.291291388433633,
        0.3340951248574608,
        0.7203311677597958,
        0.1423810885174862,
        0.2079175069356279,
        0.95,
        0.567497899865748,
        9.999827466469668
    ],
    "AIC": 2155.696507979449,
    "BIC": 2198.2731838582754,
    "logLikelihood": -1067.8482539897245,
    "n_conditions": 522
}