{
    "participantID": "sx",
    "modelType": "lognorm",
    "fittedParams": [
        0.020634088399383493,
        0.7792550647289317,
        0.3386038180766627,
        0.9089526520459724,
        1.3808606602577493,
        0.3386038180766627
    ],
    "AIC": 2178.11326996847,
    "BIC": 2203.6592754957655,
    "logLikelihood": -1083.056634984235,
    "n_conditions": 522
}