{
    "participantID": "as",
    "dataName": "as_all",
    "n_params": 42,
    "n_conditions": 419,
    "n_trials": 2156,
    "parameters": [
        0.0,
        -0.13830724678245226,
        0.29802837605578847,
        0.0,
        -0.11919559293645471,
        0.3328708048364481,
        0.11264153521761991,
        -0.030565242187702332,
        0.2763830840626337,
        0.0,
        0.0676294175969581,
        0.3091605684026122,
        0.0,
        0.019321895135254497,
        0.2718895389695669,
        0.0,
        0.09186700759754739,
        0.2859320933421826,
        0.10642867120795496,
        0.1007282888082455,
        0.26138216079166726,
        0.0,
        -0.01399817644623375,
        0.16713801918280136,
        0.0,
        -0.0033650076577736213,
        0.17784743234828107,
        0.0,
        0.028134630918301463,
        0.14146658053510516,
        0.0,
        0.0013364708575829237,
        0.17028907659905765,
        0.0,
        0.028144240734259005,
        0.14052661719096735,
        0.18496387338398412,
        0.01123872577994403,
        0.14169133656155602,
        0.0,
        0.08489136805419036,
        0.20891737581030836
    ],
    "log_likelihood": -1106.7365683378957,
    "AIC": 2297.4731366757915,
    "BIC": 2467.0637153125213,
    "success": true,
    "message": "CONVERGENCE: REL_REDUCTION_OF_F_<=_FACTR*EPSMCH",
    "uniqueSensory": [
        1.2,
        0.1
    ],
    "uniqueStandard": [
        0.5
    ],
    "uniqueConflict": [
        -0.25,
        -0.17,
        -0.08,
        0.0,
        0.08,
        0.17,
        0.25
    ],
    "nStart": 1
}