{
    "participantID": "as",
    "dataName": "as_all",
    "n_params": 42,
    "n_conditions": 419,
    "n_trials": 2156,
    "parameters": [
        0.18675388243529156,
        -0.3598816987648349,
        0.47959479139580435,
        0.0,
        -0.33982852524661866,
        0.7429686669807866,
        0.14620847438793963,
        -0.10748453341928633,
        0.5641658050057525,
        0.0,
        0.07865969923918664,
        0.6099028417451295,
        0.10289184282754114,
        -0.005043368312387254,
        0.49709804761222265,
        0.0,
        0.1330348204659729,
        0.565115096580004,
        0.16121613279271899,
        0.15417634070402764,
        0.4533589785522785,
        0.0,
        -0.0719876470646796,
        0.3508669112259252,
        0.0,
        -0.04737420853234662,
        0.36107995138895915,
        0.0,
        0.02363167217941554,
        0.275319504620033,
        0.0,
        -0.0409055054321515,
        0.3462366291935009,
        0.0,
        0.021253356918876375,
        0.3031777845136576,
        0.25,
        0.010938429628326439,
        0.22505433351772747,
        0.0,
        0.12399454507670457,
        0.4121068473267952
    ],
    "log_likelihood": -1105.44871308157,
    "AIC": 2294.89742616314,
    "BIC": 2464.48800479987,
    "success": true,
    "message": "CONVERGENCE: RELATIVE REDUCTION OF F <= FACTR*EPSMCH",
    "uniqueSensory": [
        1.2,
        0.1
    ],
    "uniqueStandard": [
        0.5
    ],
    "uniqueConflict": [
        -0.25,
        -0.17,
        -0.08,
        0.0,
        0.08,
        0.17,
        0.25
    ],
    "nStart": 1
}