{
    "participantID": "as",
    "dataName": "as_all.csv",
    "n_params": 42,
    "n_conditions": 419,
    "n_trials": 2156,
    "parameters": [
        0.1867049666567972,
        -0.35988350764530685,
        0.4796636862994775,
        0.0,
        -0.33977944236540103,
        0.7429087437715268,
        0.14611937435144554,
        -0.10748916720566662,
        0.5642244925621183,
        0.0,
        0.07865867482066849,
        0.6098938794060617,
        0.10290061547232611,
        -0.0050506657725541935,
        0.49705623923317366,
        0.0,
        0.13303438652843377,
        0.5651155937899881,
        0.1613013112597387,
        0.1541871809961805,
        0.453288904473919,
        0.0,
        -0.0720001053932493,
        0.35086267447734926,
        0.0,
        -0.047355002155488796,
        0.36107867274253597,
        0.0,
        0.023639558030121813,
        0.27534193621930364,
        0.0,
        -0.04090676026134873,
        0.34623303604707173,
        0.0,
        0.021255502464076474,
        0.3031867679104678,
        0.25,
        0.010930758763249379,
        0.225044883943141,
        0.0,
        0.12399792515536594,
        0.41209695277980496
    ],
    "log_likelihood": -1105.4487127672705,
    "AIC": 2294.897425534541,
    "BIC": 2464.488004171271,
    "success": true,
    "message": "CONVERGENCE: REL_REDUCTION_OF_F_<=_FACTR*EPSMCH",
    "uniqueSensory": [
        1.2,
        0.1
    ],
    "uniqueStandard": [
        0.5
    ],
    "uniqueConflict": [
        -0.25,
        -0.17,
        -0.08,
        0.0,
        0.08,
        0.17,
        0.25
    ],
    "nStart": 1
}