{
    "participantID": "as",
    "dataName": "as_all.csv",
    "n_params": 42,
    "n_conditions": 419,
    "n_trials": 2156,
    "parameters": [
        0.0,
        -0.27751121270403056,
        0.5947707436023258,
        0.0,
        -0.2389930784633345,
        0.6671916242613881,
        0.11367331582706752,
        -0.06174795332483781,
        0.549386655180602,
        0.0,
        0.134996202058447,
        0.6191774327647348,
        0.0,
        0.03670894777650963,
        0.5417034812190247,
        0.0,
        0.18286169877887834,
        0.5694833731820919,
        0.10612520247403744,
        0.20192446516467252,
        0.5233058538368249,
        0.0,
        -0.029058047683154484,
        0.33326677782848646,
        0.0,
        -0.007138635944727273,
        0.3563162008828605,
        0.0,
        0.05654070682977561,
        0.28267170455212826,
        0.0,
        0.0022067488759697274,
        0.3428278336031908,
        0.0,
        0.055837546524452907,
        0.2819877431602669,
        0.17976246398352935,
        0.0221363505623943,
        0.28688758919169866,
        0.0,
        0.17009083062161348,
        0.4191109963623541
    ],
    "log_likelihood": -1106.6181279107266,
    "AIC": 2297.236255821453,
    "BIC": 2466.826834458183,
    "success": true,
    "message": "CONVERGENCE: REL_REDUCTION_OF_F_<=_FACTR*EPSMCH",
    "uniqueSensory": [
        1.2,
        0.1
    ],
    "uniqueStandard": [
        0.5
    ],
    "uniqueConflict": [
        -0.25,
        -0.17,
        -0.08,
        0.0,
        0.08,
        0.17,
        0.25
    ],
    "nStart": 1
}