{
    "participantID": "ml",
    "modelType": "fusionOnlyLogNorm_LapseFree_sharedPrior",
    "fittedParams": [
        0.1858348094498444,
        0.4352746679933188,
        0.5728056999878153,
        0.7331444981628282,
        0.0010000735408192407,
        0.13627312822953447
    ],
    "AIC": 2514.5742715864126,
    "BIC": 2540.945841175105,
    "logLikelihood": -1251.2871357932063,
    "n_conditions": 599
}