{
    "participantID": "ml",
    "modelType": "lognorm_LapseFix_sharedPrior",
    "fittedParams": [
        0.09565216632587253,
        0.4722356712786614,
        0.5829046875192612,
        0.9999623603405781,
        0.8389018354064408
    ],
    "AIC": 2514.804872339907,
    "BIC": 2536.7811803304844,
    "logLikelihood": -1252.4024361699535,
    "n_conditions": 599
}