{
    "participantID": "ml",
    "modelType": "logLinearMismatch_LapseFree_sharedPrior",
    "fittedParams": [
        0.30851850427112354,
        0.6253465244687468,
        0.08107298208983862,
        0.5262126110786545,
        0.574168178122934,
        0.0013300129212429346,
        0.17713182822488396
    ],
    "AIC": 2518.8959344194013,
    "BIC": 2549.6627656062096,
    "logLikelihood": -1252.4479672097007,
    "n_conditions": 599
}