{
    "participantID": "ml",
    "modelType": "selection_LapseFix_sharedPrior",
    "fittedParams": [
        0.0010098239378770746,
        0.22469354216521598,
        0.19686110077708485,
        0.40095948246889745,
        0.6330708077146822
    ],
    "AIC": 2491.127467653385,
    "BIC": 2513.1037756439623,
    "logLikelihood": -1240.5637338266924,
    "n_conditions": 599
}