{
    "participantID": "ml",
    "modelType": "lognorm_LapseFree_sharedPrior",
    "fittedParams": [
        0.21438643143279304,
        0.45282259274393216,
        0.5017308785021144,
        0.789761092337249,
        1.0694440229838584,
        0.059006849287473684,
        0.08144664627566071
    ],
    "AIC": 2525.9038234691784,
    "BIC": 2556.6706546559867,
    "logLikelihood": -1255.9519117345892,
    "n_conditions": 599
}