{
    "participantID": "ip",
    "modelType": "lognorm_LapseFree_sharedPrior",
    "fittedParams": [
        0.14483095670189688,
        0.2751536557724896,
        0.30363545243418627,
        7.275291480368651e-13,
        0.36879218157725985,
        0.22899326372453943,
        0.0010007555870368279
    ],
    "AIC": 2425.5221405988814,
    "BIC": 2442.3241772950523,
    "logLikelihood": -1208.7610702994407,
    "n_conditions": 493
}