{
    "participantID": "ip",
    "modelType": "probabilityMatchingLogNorm_LapseFree_sharedPrior",
    "fittedParams": [
        0.13758997177139246,
        0.2751536557724896,
        0.30363545243418627,
        0.9999999999970897,
        0.36879218157725985,
        0.22351852878105422,
        0.0010146118175674845
    ],
    "AIC": 2421.78215631535,
    "BIC": 2438.584193011521,
    "logLikelihood": -1206.891078157675,
    "n_conditions": 493
}