{
    "participantID": "ip",
    "modelType": "selection_LapseFree_sharedPrior",
    "fittedParams": [
        0.0010000155101489994,
        0.2751536557724896,
        0.30363545243418627,
        0.35474427041654477,
        0.36879218157725985,
        0.0010000202065603148,
        0.0010000000000011111
    ],
    "AIC": 2503.0520659264853,
    "BIC": 2519.8541026226562,
    "logLikelihood": -1247.5260329632426,
    "n_conditions": 493
}