{
  "participantID": "as",
  "modelType": "lognorm",
  "true_params": [
    0.0518914042053049,
    0.22862421389736387,
    0.5003566807451038,
    0.6465994239029974,
    0.5956168872412269,
    0.09559286076953433,
    0.02038653079797979
  ],
  "recovered_params_mean": [
    0.07628006080334995,
    0.25740477587476907,
    0.5200109582697015,
    0.6596510462240179,
    0.6243010331102967,
    0.11293685209099572,
    0.044037557611194676
  ],
  "recovered_params_std": [
    0.04730266679746343,
    0.24976158303684687,
    0.2305121006572121,
    0.15852712431942798,
    0.15354866768124656,
    0.052661619570089774,
    0.03139280114593465
  ],
  "recovered_params_median": [
    0.07320819088481097,
    0.22229900477390688,
    0.4931408269794543,
    0.6269349650658065,
    0.5774383980164055,
    0.10808154524037643,
    0.03937175266943084
  ],
  "n_successful": 50,
  "n_attempted": 50,
  "all_recovered_params": [
    [
      0.019287699860333334,
      0.22164879245671296,
      0.7328088419098319,
      0.8752458307285795,
      0.46246102410068,
      0.12596162811911651,
      0.04249186052582963
    ],
    [
      0.14168182149392178,
      0.2448133891980976,
      0.5270469089228452,
      0.5199455955073684,
      0.5008368843274351,
      0.08979500378261619,
      0.0653052994606885
    ],
    [
      0.053945491178225474,
      0.20073354743737445,
      0.4203190673738733,
      0.610276572342699,
      0.7073253104193292,
      0.19449384969471856,
      0.10031352552251552
    ],
    [
      0.08151993791992578,
      0.20922985907285163,
      0.4003781504674635,
      0.6005102653699489,
      0.5949625362013164,
      0.06463412316512146,
      0.03463247084426104
    ],
    [
      0.06282784753101418,
      0.22701235010765558,
      0.5021334520626701,
      0.5693204702455045,
      0.5423608241399405,
      0.1246344945525677,
      0.04627903328157264
    ],
    [
      0.015572872067859561,
      0.2116138795030702,
      0.49241818332997106,
      0.5129648311280691,
      0.986079611683504,
      0.07701240237005669,
      0.035240165854582575
    ],
    [
      0.20580989337126143,
      0.19973576486723274,
      0.6741772244045007,
      0.9518478953561792,
      0.5941671673414501,
      0.1003069592425961,
      0.05440502510119942
    ],
    [
      0.10208540744985176,
      0.21902055454303337,
      0.5740098476139177,
      0.8398853391109654,
      0.4880179809098033,
      0.14621598745132278,
      0.01574518228894287
    ],
    [
      0.064747107282383,
      0.2375205332737942,
      0.5376063122225098,
      0.8351391839854907,
      0.570717270527326,
      0.09325740597375444,
      0.012120963468818722
    ],
    [
      0.053891455678339584,
      0.22539175801765962,
      0.43443178700353496,
      0.5499620835198388,
      0.47334476004968945,
      0.105554712124469,
      0.04733941939942679
    ],
    [
      0.05711843724394573,
      0.23810389765421316,
      0.42626985145858226,
      0.5894421298685866,
      0.5977286891420285,
      0.0756361823318683,
      0.06207948804623336
    ],
    [
      0.00965788415550533,
      0.2470991804949528,
      0.6177071317567057,
      0.8610764969524768,
      0.4908942794272503,
      0.11446109637858262,
      0.00731062921687093
    ],
    [
      0.021005580589934205,
      0.23320411699330051,
      0.6732517920605918,
      0.7352530621203156,
      0.6128586227393332,
      0.09051903023954654,
      0.025571643266864084
    ],
    [
      0.1904521199438236,
      2.0,
      0.3870172990179077,
      0.9680720559334639,
      0.359669962675056,
      0.2870349884818869,
      0.1696746539055301
    ],
    [
      0.015155936943375907,
      0.25102160738898527,
      0.6523603103954543,
      0.9131892646994233,
      0.5444504875494857,
      0.04853043200349034,
      0.00773050825279443
    ],
    [
      0.08782483664020693,
      0.20828323092507497,
      0.442961767269639,
      0.6434477191756494,
      0.5021350559160745,
      0.13072663809227517,
      0.01244576185528342
    ],
    [
      0.06790672384098889,
      0.21984396328306163,
      0.38870662127055516,
      0.6687553426759001,
      0.5677565493498488,
      0.0901491782708904,
      0.0707757097222641
    ],
    [
      0.09998502007754753,
      0.24305746772920386,
      0.4275471550670145,
      0.5527134673753864,
      0.4612622379058637,
      0.03738815808937714,
      0.04721259199964823
    ],
    [
      0.04490418718857821,
      0.2057805055533884,
      0.5521398178600526,
      0.8281336794428823,
      0.4343663071516677,
      0.1423121619528292,
      0.0810846117628759
    ],
    [
      0.07586167034073564,
      0.17527283481874167,
      0.45047170332077147,
      0.6327730572611227,
      0.4891498356301789,
      0.16603359837485016,
      0.11408017158845757
    ],
    [
      0.018365465316984006,
      0.25244047535832487,
      0.4499703084082371,
      0.4974837879333738,
      1.0346323551762007,
      0.11695539049470914,
      0.0065739553609869186
    ],
    [
      0.19124284732693378,
      0.17966042284718406,
      0.4462269655288357,
      0.9310045183405347,
      0.5413984005793582,
      0.18709917998604086,
      0.07872873779653963
    ],
    [
      0.03349147631773077,
      0.2488247231848499,
      0.5240819038419314,
      0.5880109832357365,
      0.6934449031675555,
      0.10956834703780555,
      0.007008183917443332
    ],
    [
      0.0734747098153114,
      0.21287346350055414,
      0.5033139055146417,
      0.6588157365818753,
      0.569511512497621,
      0.12557556079293988,
      0.037650837407134576
    ],
    [
      0.0809073327568477,
      0.24278271615208008,
      0.5420213262068064,
      0.6052116820590325,
      0.911733939287454,
      0.008435334262200611,
      0.02584856603579224
    ],
    [
      0.05779733536955531,
      0.23396676853303403,
      0.44772253215820607,
      0.6216121658847316,
      0.5285700005898877,
      0.09911996686191359,
      0.050230314589508135
    ],
    [
      0.03694580967050761,
      0.21695906279535926,
      0.41265978766428046,
      0.6238701372029949,
      0.8206941734361768,
      0.13004079732650295,
      0.004152528568170985
    ],
    [
      0.1251222604837059,
      0.17853083507410328,
      0.5652842325825004,
      0.9526575679826368,
      0.4182924573407234,
      0.238965281059892,
      0.05213404248811407
    ],
    [
      0.0753288739472254,
      0.2207968130298382,
      0.4350714018014029,
      0.6299997929286181,
      0.5495742332515409,
      0.07152217903193406,
      0.08135610492114723
    ],
    [
      0.027085854974736125,
      0.22747753613613736,
      0.5003862364404956,
      0.6787182244566603,
      0.7818302447777653,
      0.1583602980679169,
      0.040727545050842404
    ],
    [
      0.09266413045607416,
      0.24161280040558894,
      0.4517152105488387,
      0.5630244748434275,
      1.0119708605969038,
      0.04051391020413231,
      0.03981195307959257
    ],
    [
      0.10611351609688734,
      0.20952458632164336,
      0.38283344178609585,
      0.3482151942488888,
      0.6962601732072181,
      0.07329489927470999,
      0.027687394157097797
    ],
    [
      0.06280262101315791,
      0.21236605746679488,
      0.42666601130219106,
      0.617989623643232,
      0.557000717255982,
      0.17770858851577398,
      0.054195323025900105
    ],
    [
      0.10575384626708079,
      0.21558401539452796,
      0.5324603429701458,
      0.8521325720572449,
      0.6864361242971289,
      0.10659474344294731,
      0.026772560363825852
    ],
    [
      0.02845233358568572,
      0.23370214613299706,
      0.5771084185660966,
      0.6319566320653348,
      0.7068176605334436,
      0.029595310524797483,
      0.03307467399677265
    ],
    [
      0.07294167195431053,
      0.24311311362684931,
      0.49882908949845406,
      0.5798761810956747,
      0.6196263631776827,
