{
  "participantID": "as",
  "modelType": "lognorm",
  "true_params": [
    0.0518914042053049,
    0.22862421389736387,
    0.5003566807451038,
    0.6465994239029974,
    0.5956168872412269,
    0.09559286076953433,
    0.02038653079797979
  ],
  "recovered_params_all": [
    [
      0.052651642899774004,
      0.23638511792516326,
      0.3396336861839051,
      0.31806387519463897,
      0.6151741566033102,
      0.10089206626266241,
      0.028374477042164642
    ],
    [
      0.08381896268321434,
      0.21587800686706338,
      0.44991619541561634,
      0.5456367692979256,
      0.5564303400671473,
      0.13545884637600938,
      0.04559153865583321
    ]
  ],
  "recovered_params_mean": [
    0.06823530279149417,
    0.22613156239611332,
    0.3947749407997607,
    0.4318503222462823,
    0.5858022483352288,
    0.1181754563193359,
    0.036983007848998925
  ],
  "recovered_params_std": [
    0.01558365989172017,
    0.01025355552904994,
    0.05514125461585562,
    0.11378644705164331,
    0.029371908268081448,
    0.017283390056673488,
    0.008608530806834283
  ],
  "recovered_params_median": [
    0.06823530279149417,
    0.22613156239611332,
    0.3947749407997607,
    0.4318503222462823,
    0.5858022483352288,
    0.1181754563193359,
    0.036983007848998925
  ],
  "n_successful": 2,
  "n_attempted": 2
}