{
    "participantID": "mt",
    "modelType": "fusionOnlyLogNorm_LapseFree_sharedPrior",
    "fittedParams": [
        0.008487861864199286,
        0.16895821684565476,
        0.358193328333317,
        2.4748737341529163,
        0.09925035547787804,
        0.2642421491072577
    ],
    "AIC": 2219.4506330563554,
    "BIC": 2231.0922320155573,
    "logLikelihood": -1106.7253165281777,
    "n_conditions": 358
}