{
    "participantID": "mt",
    "modelType": "logLinearMismatch_LapseFree_sharedPrior",
    "fittedParams": [
        0.009965386974761133,
        0.23894300173749933,
        0.506561862880536,
        0.9940649389334852,
        3.5,
        0.044961597739746145,
        0.10889082363689678
    ],
    "AIC": 2251.463089944081,
    "BIC": 2266.9852218896835,
    "logLikelihood": -1121.7315449720404,
    "n_conditions": 358
}