{
    "participantID": "mt",
    "modelType": "probabilityMatchingLogNorm_LapseFree_sharedPrior",
    "fittedParams": [
        0.031103288234578197,
        0.16895821684565476,
        0.358193328333317,
        0.020554426719900154,
        2.4748737341529163,
        0.11884485521264142,
        0.24738079195531903
    ],
    "AIC": 2210.9569737816264,
    "BIC": 2226.479105727229,
    "logLikelihood": -1101.4784868908132,
    "n_conditions": 358
}