{
    "participantID": "mt",
    "modelType": "selection_LapseFree_sharedPrior",
    "fittedParams": [
        0.0020150773760629626,
        0.16895821684565476,
        0.358193328333317,
        0.7087297338061035,
        2.4748737341529163,
        0.0013833615988492753,
        0.02012847823598421
    ],
    "AIC": 2313.3954892611637,
    "BIC": 2328.9176212067664,
    "logLikelihood": -1152.6977446305818,
    "n_conditions": 358
}