{
    "participantID": "oy",
    "modelType": "fusionOnlyLogNorm_LapseFree_sharedPrior",
    "fittedParams": [
        0.07019546568712684,
        0.30644960598042226,
        0.8135783223754259,
        0.4301590095274149,
        0.08789411060879938,
        0.1330801384391263
    ],
    "AIC": 2330.076416008522,
    "BIC": 2357.1557966739956,
    "logLikelihood": -1159.038208004261,
    "n_conditions": 674
}