{
    "participantID": "oy",
    "modelType": "lognorm_LapseFree_sharedPrior",
    "fittedParams": [
        0.08410660290365946,
        0.29852335361276694,
        0.9865746703231218,
        0.8558858769735136,
        0.3924577143692063,
        0.055491089033059826,
        0.11943352237614092
    ],
    "AIC": 2334.0547917993813,
    "BIC": 2365.6474025757675,
    "logLikelihood": -1160.0273958996906,
    "n_conditions": 674
}