{
    "participantID": "oy",
    "modelType": "switchingFree_LapseFree_sharedPrior",
    "fittedParams": [
        0.08825566885614142,
        0.24364900073271167,
        0.9270702285475356,
        0.10250598425593577,
        0.118832549593615,
        0.10079676557813727,
        0.12645313437826766,
        0.39331124763857583
    ],
    "AIC": 2326.440142879955,
    "BIC": 2362.545983767254,
    "logLikelihood": -1155.2200714399776,
    "n_conditions": 674
}