{
    "participantID": "oy",
    "modelType": "switchingFree_LapseFix_sharedPrior",
    "fittedParams": [
        0.11266707645021962,
        0.27441848987639983,
        0.8622767472814157,
        3.7828570930209526e-05,
        0.09902839367430116,
        0.4071161328582093
    ],
    "AIC": 2319.5775818518277,
    "BIC": 2346.6569625173015,
    "logLikelihood": -1153.7887909259139,
    "n_conditions": 674
}