{
    "participantID": "mh",
    "modelType": "fusionOnlyLogNorm_LapseFree_sharedPrior",
    "fittedParams": [
        0.13681440688669683,
        0.4988797631859779,
        0.5392939276993274,
        0.7724707412719727,
        0.8132879227399826,
        1.1650526480376726
    ],
    "AIC": 2447.068179608175,
    "BIC": 2472.3076351685245,
    "logLikelihood": -1217.5340898040874,
    "n_conditions": 496
}