{
    "participantID": "mh",
    "modelType": "gaussian",
    "fittedParams": [
        0.16581560480408372,
        0.2713659311830997,
        0.23417104016989465,
        0.8245518706450239,
        0.6552187705039978,
        0.23417104016989465
    ],
    "AIC": 2493.7820237521355,
    "BIC": 2519.021479312485,
    "logLikelihood": -1240.8910118760678,
    "n_conditions": 496
}