{
    "participantID": "mh",
    "modelType": "lognorm",
    "fittedParams": [
        0.14543362398748289,
        0.4950402605853741,
        0.4875251535396091,
        0.816964875712205,
        0.9103949062898755,
        0.4875251535396091
    ],
    "AIC": 2444.385520137072,
    "BIC": 2469.6249756974216,
    "logLikelihood": -1216.192760068536,
    "n_conditions": 496
}