{
    "participantID": "mh",
    "modelType": "lognorm_LapseFree_contextualPrior",
    "fittedParams": [
        0.1672535880864598,
        0.6533636824204585,
        0.15348532508418428,
        0.22842621996433007,
        0.8856106572318823,
        2.9514154885001975e-05,
        0.2144333078665659,
        0.33318002921249135,
        0.4869721379887778,
        2.4003962581049056
    ],
    "AIC": 2424.503826687944,
    "BIC": 2466.5695859551934,
    "logLikelihood": -1202.251913343972,
    "n_conditions": 496
}