{
    "participantID": "mh",
    "modelType": "logLinearMismatch_LapseFree_sharedPrior",
    "fittedParams": [
        0.15618624850743573,
        0.5124555962289218,
        0.47036614969078067,
        0.6640277979125021,
        0.8360082970498115,
        2.4320818742262773e-07,
        0.24893742377435957,
        0.4107226576755011,
        6.33217252653427
    ],
    "AIC": 2431.2947888803737,
    "BIC": 2469.153972220898,
    "logLikelihood": -1206.6473944401869,
    "n_conditions": 496
}