{
    "participantID": "mh",
    "modelType": "probabilityMatchingLogNorm_LapseFree_contextualPrior",
    "fittedParams": [
        0.13493995904922487,
        0.5202013662457465,
        0.3368377281725406,
        0.28239021208286286,
        0.7361120104789733,
        0.0012836825847626077,
        0.20605397284030916,
        0.4840670682311058,
        0.585216400027275,
        4.35146355213894
    ],
    "AIC": 2431.1944614897247,
    "BIC": 2473.260220756974,
    "logLikelihood": -1205.5972307448624,
    "n_conditions": 496
}