{
    "participantID": "mh",
    "modelType": "probabilityMatching_LapseFree_contextualPrior",
    "fittedParams": [
        0.16031583515810782,
        0.31370018837551467,
        0.12301882232146455,
        0.12501283083137388,
        0.4185542923281901,
        0.0031702208204660853,
        0.20988590979308355,
        0.1824497202798273,
        0.5014794268136029,
        4.080804249524206
    ],
    "AIC": 2469.648994898667,
    "BIC": 2511.714754165916,
    "logLikelihood": -1224.8244974493334,
    "n_conditions": 496
}