{
    "participantID": "qs",
    "modelType": "logLinearMismatch_LapseFree_sharedPrior",
    "fittedParams": [
        0.10581786105735974,
        0.24400583726554798,
        0.46638913161019285,
        0.27790721927921314,
        0.3758429564173369,
        0.15297608133256074,
        0.2512888502438771
    ],
    "AIC": 2513.5529584727065,
    "BIC": 2530.306014965037,
    "logLikelihood": -1252.7764792363532,
    "n_conditions": 487
}