{
    "participantID": "qs",
    "modelType": "probabilityMatchingLogNorm_LapseFree_sharedPrior",
    "fittedParams": [
        0.19401942397952082,
        0.17253818217957015,
        0.3297869176332725,
        0.8207656040787698,
        0.26576110314389895,
        0.2939569262370467,
        0.37081704435348517
    ],
    "AIC": 2537.4711092003713,
    "BIC": 2554.2241656927017,
    "logLikelihood": -1264.7355546001857,
    "n_conditions": 487
}