{
  "participantID": "mt",
  "best_params": [
    0.060016318320364956,
    0.14157681437677516,
    0.2453356109792027,
    0.5629474043883376,
    0.47401674918523495,
    0.1817284507244998,
    0.2952600967375416
  ],
  "boot_mean": [
    0.060016386015174394,
    0.14157654390597724,
    0.24533534838143436,
    0.5629476972401182,
    0.47401701045819833,
    0.18172866919558034,
    0.29525989423027144
  ],
  "boot_std": [
    1.5463385394882606e-06,
    1.0823690663177244e-06,
    9.707043402459302e-07,
    8.74138968881118e-07,
    1.2330257471990275e-06,
    8.906148731406676e-07,
    6.79729903810525e-07
  ],
  "ci_low": [
    0.0600128948713246,
    0.14157384529063033,
    0.24533308151988556,
    0.5629459858596207,
    0.4740146399561214,
    0.1817271896338703,
    0.2952585142610621
  ],
  "ci_high": [
    0.06001783309616874,
    0.14157739549936696,
    0.24533702830337872,
    0.5629491634420477,
    0.4740194155446494,
    0.18173054803521888,
    0.29526089007769424
  ],
  "n_successful": 20,
  "boot_samples": [
    [
      0.0600158470704369,
      0.14157710131755194,
      0.24533506029240656,
      0.5629487335055866,
      0.47401929788555125,
      0.18172971270772245,
      0.29526107613839186
    ],
    [
      0.060016856720263155,
      0.14157742984103536,
      0.2453361612647037,
      0.562947765947748,
      0.47401718992118663,
      0.18172812833859267,
      0.2952602021290905
    ],
    [
      0.06001643457612887,
      0.1415773575427861,
      0.2453352114185441,
      0.5629485220181858,
      0.4740134210198123,
      0.18172862484521327,
      0.29525909537001255
    ],
    [
      0.060017198506127425,
      0.14157705273897075,
      0.24533520892548968,
      0.5629480817498045,
      0.47401745879959545,
      0.18172910933592124,
      0.29526068443166004
    ],
    [
      0.060016203017472174,
      0.141576557392501,
      0.24533545601300763,
      0.5629475159642268,
      0.47401666445313567,
      0.18172837332731975,
      0.2952600257439375
    ],
    [
      0.06001774091005072,
      0.1415771315126216,
      0.24533781276694183,
      0.5629495524321791,
      0.4740195219981191,
      0.1817296185931562,
      0.29526008637947115
    ],
    [
      0.06001632632452552,
      0.14157651793135198,
      0.24533515141621387,
      0.5629473818820034,
      0.47401598720151567,
      0.18172801426498444,
      0.29526054119937234
    ],
    [
      0.0600178459535236,
      0.14157735649911563,
      0.24533533131640217,
      0.5629482318827991,
      0.47401859180957623,
      0.18173039140812872,
      0.2952586620102368
    ],
    [
      0.06001626999301787,
      0.14157678617613387,
      0.24533566357210362,
      0.5629472053212027,
      0.47401671739003737,
      0.1817283869463897,
      0.29526010484329185
    ],
    [
      0.06001586771281466,
      0.14157652653482028,
      0.24533544525976578,
      0.562947443041419,
      0.47401670034421806,
      0.18172848817889029,
      0.2952602495346522
    ],
    [
      0.0600178188854081,
      0.14157570310096826,
      0.2453332392531562,
      0.5629449236951771,
      0.4740177664084609,
      0.18172644353905273,
      0.29525838058323733
    ],
    [
      0.06001706965710409,
      0.14157649317049092,
      0.24533454646704375,
      0.5629481589072804,
      0.47401720834220545,
      0.18172822887367765,
      0.29525963209614814
    ],
    [
      0.06001722514452385,
      0.1415763504959669,
      0.24533589468617767,
      0.5629481865704424,
      0.47401674304533303,
      0.1817285183248338,
      0.29525979695440685
    ],
    [
      0.06001631623764967,
      0.14157681303799682,
      0.24533560891688572,
      0.5629474036786014,
      0.47401674969665597,
      0.18172845037352348,
      0.2952600973978819
    ],
    [
      0.06001022383403252,
      0.1415721644146103,
      0.24533293880883117,
      0.5629471598308479,
      0.47401717872554816,
      0.1817287468327526,
      0.29526043449501205
    ],
    [
      0.06001607519598671,
      0.14157679280262858,
      0.2453354961127944,
      0.5629472051590351,
      0.47401663299149277,
      0.18172807580404562,
      0.2952597737299122
    ],
    [
      0.0600174126443521,
      0.14157629238998165,
      0.24533593983495416,
      0.5629481808022423,
      0.47401613065479536,
      0.18173068974544332,
      0.29525868710896686
    ],
    [
      0.060016333866187176,
      0.14157680930790073,
      0.24533563838224054,
      0.5629474398569299,
      0.47401676990166997,
      0.18172848506645134,
      0.29526011532728885
    ],
    [
      0.06001633707346763,
      0.14157682521908602,
      0.24533561687911631,
      0.5629474224132148,
      0.47401674913875097,
      0.18172846469001505,
      0.29526012362861326
    ],
    [
      0.06001631698041497,
      0.141576816693026,
      0.24533554604190935,
      0.5629474301434375,
      0.4740167294363039,
      0.18172843271549183,
      0.2952601155038443
    ]
  ]
}