{
  "participantID": "hh",
  "best_params": [
    0.0010001052750820139,
    0.10928299969578481,
    0.2493397581844209,
    0.9562729134020629,
    1.429903605482726,
    0.03566837587162153,
    0.05868916946420466
  ],
  "boot_mean": [
    0.0010001704405109024,
    0.10928308478711805,
    0.24933988173082638,
    0.9562730721467216,
    1.4299036783086199,
    0.0356685284626118,
    0.05868927114931124
  ],
  "boot_std": [
    5.046641378379668e-07,
    3.075273195746987e-07,
    4.2554420684084097e-07,
    3.7125168606870323e-07,
    2.4561855410638855e-07,
    4.457047690364665e-07,
    3.3439111911455263e-07
  ],
  "ci_low": [
    0.000999531689626021,
    0.10928267972925132,
    0.24933938025314448,
    0.956272578113834,
    1.4299032738590425,
    0.035667893277033125,
    0.05868866412868295
  ],
  "ci_high": [
    0.001001372735861942,
    0.10928377699174714,
    0.24934088544161725,
    0.9562739099783942,
    1.4299041284791363,
    0.035669498078340856,
    0.05868996769414855
  ],
  "n_successful": 20,
  "boot_samples": [
    [
      0.0009994702117536798,
      0.10928311930555439,
      0.24933957877536955,
      0.956272647550327,
      1.4299039751153169,
      0.03566873802136548,
      0.05868919690052176
    ],
    [
      0.0009995996388533451,
      0.10928347481328063,
      0.24934039276858547,
      0.9562735190993013,
      1.4299033772451546,
      0.0356677464863097,
      0.05868954245371704
    ],
    [
      0.0009999702898639822,
      0.10928280925256433,
      0.2493395968402652,
      0.9562728621008885,
      1.4299034741497774,
      0.03566819002867289,
      0.05868901843701636
    ],
    [
      0.0009999574832198906,
      0.10928291442604253,
      0.2493396751110455,
      0.956272901305732,
      1.4299035348476645,
      0.03566831785295183,
      0.05868909841379368
    ],
    [
      0.000999599834230159,
      0.10928267627747651,
      0.2493401787816569,
      0.9562730342275154,
      1.429903912422623,
      0.03566815524354709,
      0.05868932332700693
    ],
    [
      0.0010002720573062899,
      0.10928268354437085,
      0.24933920063779796,
      0.9562727721222043,
      1.4299035126456336,
      0.035668348773038296,
      0.0586888516104814
    ],
    [
      0.0010001052750820139,
      0.10928299969578481,
      0.2493397581844209,
      0.9562729134020629,
      1.429903605482726,
      0.03566837587162153,
      0.05868916946420466
    ],
    [
      0.0010009300518842598,
      0.10928397452542586,
      0.24934009565539836,
      0.9562739513946793,
      1.4299031803192268,
      0.03566979602464692,
      0.05869013834038976
    ],
    [
      0.0010001429304051775,
      0.10928296124094775,
      0.24933976247028072,
      0.9562728802408172,
      1.4299035202306962,
      0.03566838057086751,
      0.05868920971568312
    ],
    [
      0.000999605807862985,
      0.1092828016815791,
      0.24933958788726596,
      0.9562725152903404,
      1.4299038600912528,
      0.035669130504492504,
      0.05868964373361984
    ],
    [
      0.001001185195958067,
      0.1092835586650496,
      0.24933993700995769,
      0.9562738642025003,
      1.429904137912039,
      0.035668966127680356,
      0.058689542986535406
    ],
    [
      0.001000041278097477,
      0.10928294136223345,
      0.24933981354308962,
      0.9562729226668378,
      1.4299037623618314,
      0.03566841651890394,
      0.05868925025468066
    ],
    [
      0.0010001052750820139,
      0.10928299969578481,
      0.2493397581844209,
      0.9562729134020629,
      1.429903605482726,
      0.03566837587162153,
      0.05868916946420466
    ],
    [
      0.0010001460179697244,
      0.10928328503014978,
      0.24933970431260954,
      0.9562733406494839,
      1.429903706085809,
      0.035668582748627026,
      0.05868849450229387
    ],
    [
      0.0010002164563301889,
      0.10928302445289778,
      0.24933960512099468,
      0.9562730627421147,
      1.4299035498993622,
      0.03566805551941165,
      0.05868924313565532
    ],
    [
      0.0010001072912664464,
      0.10928299445934808,
      0.24933976657598172,
      0.9562729174069309,
      1.4299035905664772,
      0.035668363827974954,
      0.05868916391064424
    ],
    [
      0.0010000791749427823,
      0.10928296331275066,
      0.24933973328363918,
      0.9562729084656757,
      1.4299035361470156,
      0.03566837186660947,
      0.05868916639622963
    ],
    [
      0.0010002268513381327,
      0.10928314454713754,
      0.24934046969678253,
      0.9562730387483612,
      1.4299040016318418,
      0.03566871275229904,
      0.0586897790851451
    ],
    [
      0.0010001052739488387,
      0.10928299969658162,
      0.24933975818525866,
      0.9562729134024804,
      1.4299036054819252,
      0.03566837587232879,
      0.05868916946453716
    ],
    [
      0.001001542414822591,
      0.10928336975740163,
      0.24934126159170583,
      0.9562735645141193,
      1.4299041180532963,
      0.03566916876926573,
      0.0586892513898643
    ]
  ]
}