{
  "participantID": "dt",
  "best_params": [
    0.30035988267852,
    0.19791469219461832,
    0.3055316658343932,
    0.5653568119953958,
    0.5266942718132727,
    0.2301037388275785,
    0.21946004528819468
  ],
  "boot_mean": [
    0.2695190557734417,
    0.2201922485860715,
    0.39187538163303565,
    0.6631108448920325,
    0.5352431890681436,
    0.1979728455974896,
    0.19347424611646252
  ],
  "boot_std": [
    0.05183740501472805,
    0.03191382034458487,
    0.07650480405485073,
    0.09636098453907699,
    0.0489909882370815,
    0.05817890037429467,
    0.03794374384478813
  ],
  "ci_low": [
    0.1690018684274111,
    0.16998766471030455,
    0.3030581132550776,
    0.546478116064384,
    0.4877126796674565,
    0.09815694977036718,
    0.14676321064907688
  ],
  "ci_high": [
    0.3351413776572043,
    0.2738052524069959,
    0.5337180515558049,
    0.8002526855496942,
    0.6378899644598347,
    0.2692091023393125,
    0.2617767983352358
  ],
  "n_successful": 10,
  "boot_samples": [
    [
      0.3247789569543718,
      0.21172865251176481,
      0.33842303163833637,
      0.6121354078558078,
      0.5087368765357955,
      0.23502274544471768,
      0.1868279335283673
    ],
    [
      0.23664809161100553,
      0.2359224843006731,
      0.29701161912210067,
      0.5453078929545734,
      0.6508230165573602,
      0.13312520049191828,
      0.16000277993307788
    ],
    [
      0.33814982237738145,
      0.16508742373559454,
      0.36501910485269845,
      0.6608021571615883,
      0.4926764761547531,
      0.26332896933459843,
      0.25387153457539413
    ],
    [
      0.27334782735332297,
      0.22194155633285867,
      0.3465772338920555,
      0.5608593625093059,
      0.5262922234502536,
      0.2130765903965356,
      0.19530176912295766
    ],
    [
      0.14936264234185143,
      0.2796249940439739,
      0.5476415519312335,
      0.7869625250891263,
      0.5542597195967908,
      0.09049728759387493,
      0.1463163064886206
    ],
    [
      0.2594808166053726,
      0.22719572892567966,
      0.4255531240175095,
      0.6880768249057654,
      0.5160780169816102,
      0.20332006618189366,
      0.18128638659460128
    ],
    [
      0.2510884342171031,
      0.2298431252925171,
      0.3441775502036141,
      0.5505088845537316,
      0.5271803327023844,
      0.2122282104413353,
      0.14830254720175967
    ],
    [
      0.3235299117071436,
      0.18686627251208346,
      0.32388492637977584,
      0.6311287344811655,
      0.4862715774614672,
      0.2709162377277779,
      0.26407187491067374
    ],
    [
      0.27981714397366214,
      0.18995277254816462,
      0.4857593280404393,
      0.8023712494229281,
      0.49677086622821987,
      0.23367291776173693,
      0.20696017094234967
    ],
    [
      0.2589869105932021,
      0.25375947565740486,
      0.4447063462525935,
      0.7929554099863327,
      0.5933427850128021,
      0.12454023060050716,
      0.19180115786682295
    ]
  ]
}