{
  "participantID": "dt",
  "best_params": [
    0.30035988267852,
    0.19791469219461832,
    0.3055316658343932,
    0.5653568119953958,
    0.5266942718132727,
    0.2301037388275785,
    0.21946004528819468
  ],
  "boot_mean": [
    0.3003600976779166,
    0.19791473926633701,
    0.30553170856033496,
    0.5653570374903982,
    0.5266943388054823,
    0.23010393649722802,
    0.21946011102834176
  ],
  "boot_std": [
    3.5351845563098207e-07,
    4.892455643756252e-07,
    6.404217651465183e-07,
    4.3821791138816074e-07,
    4.923707033867525e-07,
    5.93808170100285e-07,
    4.1055332380896164e-07
  ],
  "ci_low": [
    0.3003597231465038,
    0.19791375473617268,
    0.305530086371165,
    0.5653566608962047,
    0.5266932856565214,
    0.23010335962778403,
    0.21945943601051462
  ],
  "ci_high": [
    0.3003607316545068,
    0.19791571258109447,
    0.30553266488162706,
    0.5653580341268138,
    0.5266951544848661,
    0.2301055011594335,
    0.21946107373211965
  ],
  "n_successful": 20,
  "boot_samples": [
    [
      0.3003606605408841,
      0.19791532948948767,
      0.3055318214746615,
      0.5653567551425324,
      0.5266948972203417,
      0.23010378790182506,
      0.2194605569460423
    ],
    [
      0.30035985341019905,
      0.19791467745362093,
      0.3055316650056989,
      0.565356731510142,
      0.5266942505520107,
      0.23010362186488054,
      0.21946004489795737
    ],
    [
      0.30035988267852,
      0.19791469219461832,
      0.3055316658343932,
      0.5653568119953958,
      0.5266942718132727,
      0.2301037388275785,
      0.21946004528819468
    ],
    [
      0.30035988695296995,
      0.19791449464534788,
      0.30553154000411953,
      0.5653568521667747,
      0.5266941503014967,
      0.2301038020569281,
      0.21945995537602
    ],
    [
      0.3003605223371203,
      0.19791528375353962,
      0.30552970681938946,
      0.565356890154009,
      0.5266933976009363,
      0.2301033862984575,
      0.2194600375507358
    ],
    [
      0.3003607048268233,
      0.197915797295988,
      0.3055330131441418,
      0.5653578373222804,
      0.5266951864536665,
      0.23010473174226628,
      0.21946040032181177
    ],
    [
      0.30035988267852,
      0.19791469219461832,
      0.3055316658343932,
      0.5653568119953958,
      0.5266942718132727,
      0.2301037388275785,
      0.21946004528819468
    ],
    [
      0.30036043857246303,
      0.19791442544482726,
      0.30553214693114256,
      0.565357570303484,
      0.5266945781942101,
      0.23010389044359986,
      0.21945994191302562
    ],
    [
      0.3003598767475191,
      0.19791468745002222,
      0.30553166802534143,
      0.5653568099293194,
      0.526694267758751,
      0.2301037438546368,
      0.21946004460238763
    ],
    [
      0.3003598617027895,
      0.19791461527973547,
      0.30553185359730894,
      0.5653567545733976,
      0.5266940426701564,
      0.2301037936525032,
      0.21946001152708688
    ],
    [
      0.30035988267852,
      0.19791469219461832,
      0.3055316658343932,
      0.5653568119953958,
      0.5266942718132727,
      0.2301037388275785,
      0.21946004528819468
    ],
    [
      0.300359906232351,
      0.19791397208024056,
      0.30553227995990023,
      0.5653569301814867,
      0.5266951191509289,
      0.23010333549717468,
      0.2194602448950281
    ],
    [
      0.3003597033534754,
      0.19791455360449436,
      0.3055319719307206,
      0.5653565970074044,
      0.526694009563223,
      0.23010406475795853,
      0.21945955999197783
    ],
    [
      0.3003598867216563,
      0.19791462832740203,
      0.3055316248657844,
      0.5653568331313497,
      0.5266942267669641,
      0.23010372467641907,
      0.2194600463174037
    ],
    [
      0.3003602881632223,
      0.19791487458153217,
      0.3055321198323149,
      0.5653572611521801,
      0.526694555368753,
      0.2301042140710778,
      0.21946013188530616
    ],
    [
      0.30036075592717276,
      0.19791561894884374,
      0.30553215654997257,
      0.5653582121880584,
      0.5266951173557557,
      0.23010619729877527,
      0.21946154130047535
    ],
    [
      0.3003597450230089,
      0.19791467591261888,
      0.30553164840036284,
      0.5653567655997549,
      0.5266943026757689,
      0.23010355940555446,
      0.21946006348270777
    ],
    [
      0.3003597892827025,
      0.1979148241890268,
      0.3055317854525079,
      0.5653569007014099,
      0.5266944028501128,
      0.23010402302494865,
      0.21946013456928046
    ],
    [
      0.30035988267852,
      0.19791469219461832,
      0.3055316658343932,
      0.5653568119953958,
      0.5266942718132727,
      0.2301037388275785,
      0.21946004528819468
    ],
    [
      0.3003605430498945,
      0.19791355809153985,
      0.3055305058757591,
      0.5653578007627987,
      0.5266931843734795,
      0.23010389808724133,
      0.2194593238368098
    ]
  ]
}