{
    "participantID": "ml",
    "model_type": "lognorm_LapseFree_sharedPrior",
    "simulated_file": "simulated_data/ml/ml_lognorm_LapseFree_sharedPrior_simulated.csv",
    "n_params": 42,
    "n_conditions": 601,
    "n_trials": 65610,
    "parameters": [
        0.25,
        -0.21157776484742494,
        0.30129487255236814,
        0.23118663621283633,
        -0.13017928799905087,
        0.44757457662847655,
        0.03251073746355181,
        -0.017501482667535144,
        0.4453206718469738,
        0.25,
        0.05737131635596899,
        0.457083109321692,
        0.16444580217899532,
        0.09675118811244944,
        0.43198705023119166,
        0.0,
        0.1749380052968648,
        0.4920032206479922,
        0.25,
        0.21761643154988528,
        0.4772881022250125,
        0.15183892942474891,
        -0.2762723957133229,
        0.5171500198478562,
        0.25,
        -0.1960688324610667,
        0.5693028101809717,
        0.0,
        -0.028811842609108,
        0.5711967655348312,
        0.0,
        0.09418890602615362,
        0.7976793914335366,
        0.14867092415652403,
        0.1253118540763968,
        0.5366191154545691,
        0.0,
        0.2396554394442838,
        0.6058651754979563,
        0.24988738915749445,
        0.32475973951355186,
        0.6239276496626244
    ],
    "log_likelihood": -37944.619001046056,
    "AIC": 75973.23800209211,
    "BIC": 76157.97898934259,
    "success": true,
    "message": "CONVERGENCE: RELATIVE REDUCTION OF F <= FACTR*EPSMCH",
    "uniqueSensory": [
        0.1,
        1.2
    ],
    "uniqueStandard": [
        0.5
    ],
    "uniqueConflict": [
        -0.25,
        -0.17,
        -0.08,
        0.0,
        0.08,
        0.17,
        0.25
    ],
    "nStart": 1
}