{
    "participantID": "ml",
    "model_type": "lognorm_LapseFree_sharedPrior",
    "simulated_file": "simulated_data/ml/ml_lognorm_LapseFree_sharedPrior_simulated.csv",
    "n_params": 42,
    "n_conditions": 601,
    "n_trials": 65610,
    "parameters": [
        0.25,
        -1.0,
        0.9035224051854844,
        0.25,
        -1.0,
        0.742202386060773,
        0.25,
        -1.0,
        0.5241571415778675,
        0.25,
        -1.0,
        1.0470379445608426,
        0.25,
        -1.0,
        1.6893296610597073,
        0.25,
        -1.0,
        1.0363041207804577,
        0.25,
        -1.0,
        1.9272934116774016,
        0.25,
        -1.0,
        2.0,
        0.25,
        -1.0,
        0.9319936012599984,
        0.25,
        -1.0,
        0.7364426018174678,
        0.25,
        -1.0,
        2.0,
        0.25,
        -1.0,
        2.0,
        0.25,
        -1.0,
        2.0,
        0.25,
        -0.6314124370216936,
        2.0
    ],
    "log_likelihood": -44691.66769311998,
    "AIC": 89467.33538623997,
    "BIC": 89652.07637349045,
    "success": true,
    "message": "CONVERGENCE: REL_REDUCTION_OF_F_<=_FACTR*EPSMCH",
    "uniqueSensory": [
        0.1,
        1.2
    ],
    "uniqueStandard": [
        0.5
    ],
    "uniqueConflict": [
        -0.25,
        -0.17,
        -0.08,
        0.0,
        0.08,
        0.17,
        0.25
    ],
    "nStart": 1
}