{
  "participantID": "as",
  "best_params": [
    0.0518914042053049,
    0.22862421389736387,
    0.5003566807451038,
    0.6465994239029974,
    0.5956168872412269,
    0.09559286076953433,
    0.02038653079797979
  ],
  "boot_mean": [
    0.07445220352901434,
    0.21919423256315324,
    0.4877905505680283,
    0.6611720783562247,
    0.571796463727965,
    0.11815845108364027,
    0.03823650816450056
  ],
  "boot_std": [
    0.024277236655308877,
    0.010791629174420708,
    0.07816644640062584,
    0.20590415719426047,
    0.0498112685569113,
    0.03438979284119826,
    0.022322798809541796
  ],
  "ci_low": [
    0.04578096998805817,
    0.20632811110911833,
    0.3245995390576357,
    0.2901246368453405,
    0.4812958272193842,
    0.0640611166968622,
    0.009075518983363062
  ],
  "ci_high": [
    0.11545093206593997,
    0.24111241403543526,
    0.570906424626028,
    0.908695322243605,
    0.6294246267636431,
    0.17020053967237073,
    0.07695651006094496
  ],
  "n_successful": 10,
  "boot_samples": [
    [
      0.04721732338315316,
      0.21666120474414655,
      0.30048997477412825,
      0.25261364207351217,
      0.6107101875830774,
      0.12578550352747114,
      0.04389207735087841
    ],
    [
      0.05707494041078912,
      0.2145491060611731,
      0.47835660320272955,
      0.5824251277759422,
      0.6017266035153797,
      0.12695419433851612,
      0.012496268489486768
    ],
    [
      0.04536396416367575,
      0.24514114192430914,
      0.543710378764586,
      0.8386322045410552,
      0.52947671378017,
      0.0629780547548997,
      0.01176587571273075
    ],
    [
      0.08768143362991102,
      0.21242320260488182,
      0.5151646634873769,
      0.587412050060196,
      0.6244498293241784,
      0.06779166338584411,
      0.0384859863569661
    ],
    [
      0.09242404805920582,
      0.2272356846404253,
      0.5291608075686622,
      0.7598770373887506,
      0.5964893173683438,
      0.14360366617413953,
      0.00829444767483696
    ],
    [
      0.0644814625883477,
      0.22176686319902703,
      0.4076435938119393,
      0.4193291743927493,
      0.6308689227944554,
      0.10872229393043488,
      0.035555671905507825
    ],
    [
      0.06781695421008423,
      0.20848242391303445,
      0.5486408736368302,
      0.8177543692600446,
      0.5728218573992933,
      0.08921004410568983,
      0.03715886627238517
    ],
    [
      0.05618228104200099,
      0.22489894047897105,
      0.5773706168486983,
      0.8726997879795638,
      0.5699870625117491,
      0.1296784495804256,
      0.04685613924011396
    ],
    [
      0.10893778087521117,
      0.21508109260919547,
      0.4556001661238383,
      0.5618317514475888,
      0.5078466065598952,
      0.17573980988836338,
      0.07943284839358643
    ],
    [
      0.11734184692776446,
      0.2057026654563685,
      0.5217678274614929,
      0.9191456386428428,
      0.4735875364431068,
      0.1511208311506182,
      0.06842690024851325
    ]
  ]
}