{
  "participantID": "as",
  "best_params": [
    0.0518914042053049,
    0.22862421389736387,
    0.5003566807451038,
    0.6465994239029974,
    0.5956168872412269,
    0.09559286076953433,
    0.02038653079797979
  ],
  "boot_mean": [
    0.05189128893884246,
    0.22862415510432527,
    0.5003568214039558,
    0.6465993889315825,
    0.5956169403053874,
    0.09559294334167563,
    0.020386452650757385
  ],
  "boot_std": [
    4.5485562578434234e-07,
    3.77022480819626e-07,
    2.8402151679523595e-07,
    4.587347861666892e-07,
    1.946354995959021e-07,
    1.7379898157678956e-07,
    3.5467212902733024e-07
  ],
  "ci_low": [
    0.051890285215204675,
    0.22862337882217607,
    0.5003564244144318,
    0.6465983344293075,
    0.5956166646534472,
    0.09559263248330217,
    0.02038571831292434
  ],
  "ci_high": [
    0.051891904186623705,
    0.22862465282579006,
    0.5003574009774424,
    0.6466002052631548,
    0.5956173925987573,
    0.09559329274184962,
    0.02038696776323597
  ],
  "n_successful": 20,
  "boot_samples": [
    [
      0.0518914042053049,
      0.22862421389736387,
      0.5003566807451038,
      0.6465994239029974,
      0.5956168872412269,
      0.09559286076953433,
      0.02038653079797979
    ],
    [
      0.0518913978191844,
      0.22862420359325794,
      0.5003566717620181,
      0.6465994178707005,
      0.5956168776004146,
      0.0955928539569124,
      0.0203865199332195
    ],
    [
      0.0518914042053049,
      0.22862421389736387,
      0.5003566807451038,
      0.6465994239029974,
      0.5956168872412269,
      0.09559286076953433,
      0.02038653079797979
    ],
    [
      0.05188979870814674,
      0.22862363180465817,
      0.5003570605863272,
      0.6465983662277454,
      0.595617517058181,
      0.09559333166344916,
      0.02038560173436078
    ],
    [
      0.05189095166355133,
      0.22862327756395578,
      0.5003570595476168,
      0.6465992250391719,
      0.5956168629286813,
      0.09559311363733501,
      0.020385847162915645
    ],
    [
      0.05189152992732321,
      0.22862442149402792,
      0.5003569300902665,
      0.6465997347486628,
      0.5956168709191163,
      0.09559290953349878,
      0.02038646142334548
    ],
    [
      0.05189129240110711,
      0.22862419292418928,
      0.5003565202800581,
      0.6465992500683927,
      0.5956167482537436,
      0.0955925936853414,
      0.020386251341800513
    ],
    [
      0.0518914042053049,
      0.22862421389736387,
      0.5003566807451038,
      0.6465994239029974,
      0.5956168872412269,
      0.09559286076953433,
      0.02038653079797979
    ],
    [
      0.0518914042053049,
      0.22862421389736387,
      0.5003566807451038,
      0.6465994239029974,
      0.5956168872412269,
      0.09559286076953433,
      0.02038653079797979
    ],
    [
      0.05189105830847477,
      0.22862403842808865,
      0.500356620771954,
      0.646599616063819,
      0.5956167755496395,
      0.09559293578698902,
      0.02038651399337808
    ],
    [
      0.05189140308709681,
      0.22862421452654597,
      0.5003566853891153,
      0.6465994231529423,
      0.5956168912531704,
      0.095592858605765,
      0.020386536034248545
    ],
    [
      0.05189091744995325,
      0.2286235447482969,
      0.5003563505859644,
      0.6465989104786527,
      0.595616874637787,
      0.09559304557053219,
      0.02038601777641084
    ],
    [
      0.05189082293353187,
      0.22862469370487185,
      0.500356759923058,
      0.646600367926035,
      0.5956170929627138,
      0.0955932497232396,
      0.020386912754242648
    ],
    [
      0.05189201912607225,
      0.2286234907391564,
      0.5003575869395724,
      0.6465983056592922,
      0.5956169440896728,
      0.09559307540969382,
      0.02038589560688173
    ],
    [
      0.05189095197125018,
      0.22862460764364703,
      0.5003569254402898,
      0.646600025477866,
      0.5956165890150837,
      0.0955928456507051,
      0.020386660564607507
    ],
    [
      0.05189144939328177,
      0.22862429346347724,
      0.500356506014317,
      0.6465992611271144,
      0.5956168278206775,
      0.09559267536525883,
      0.020386555488110688
    ],
    [
      0.05189175204032401,
      0.22862428205509283,
      0.500357189297837,
      0.6465994604070144,
      0.5956172550383417,
      0.09559309142205347,
      0.020387017533277547
    ],
    [
      0.05189177714828584,
      0.22862454196661236,
      0.5003569622848487,
      0.6465997376438785,
      0.5956171482408207,
      0.0955930961918619,
      0.02038674011769305
    ],
    [
      0.0518916357727413,
      0.22862459794380904,
      0.5003571954403514,
      0.6465995572253747,
      0.595617094533569,
      0.09559288678320499,
      0.020386867560756243
    ],
    [
      0.0518914042053049,
      0.22862421389736387,
      0.5003566807451038,
      0.6465994239029974,
      0.5956168872412269,
      0.09559286076953433,
      0.02038653079797979
    ]
  ]
}