{
    "participantID": "ln1",
    "modelType": "lognorm_LapseFree_sharedPrior",
    "fittedParams": [
        0.124972696350368,
        0.445288444902487,
        0.8007312624146625,
        0.803248171161862,
        4.0781349271598835,
        0.0026816229926142077,
        0.05437001320294194
    ],
    "AIC": 1180.445368320908,
    "BIC": 1206.996463579597,
    "logLikelihood": -583.222684160454,
    "n_conditions": 328
}