{
    "participantID": "ln1",
    "modelType": "fusionOnlyLogNorm_LapseFree_sharedPrior",
    "fittedParams": [
        0.07921827426891687,
        0.42064627786434716,
        0.7565253983504807,
        1.9999999999942082,
        0.0010032255540310675,
        0.0010029007050572358
    ],
    "AIC": 1171.7636738341619,
    "BIC": 1194.5217554844667,
    "logLikelihood": -579.8818369170809,
    "n_conditions": 328
}