{
    "participantID": "qs",
    "modelType": "fusionOnlyLogNorm_LapseFree_sharedPrior",
    "fittedParams": [
        0.05709334624437615,
        0.23106413166970008,
        1.1517675461200996,
        0.663484696210362,
        0.06928845637487246,
        0.20951640017088505
    ],
    "AIC": 2495.252281214313,
    "BIC": 2520.3818659528083,
    "logLikelihood": -1241.6261406071565,
    "n_conditions": 487
}