{
    "participantID": "qs",
    "modelType": "fusionOnlyLogNorm_LapseFree_sharedPrior",
    "fittedParams": [
        0.08800471094723362,
        0.22005511681822332,
        1.4587444702415804,
        0.5992431701433978,
        0.11525437683995342,
        0.2243353252062178
    ],
    "AIC": 2501.1598155571,
    "BIC": 2526.2894002955954,
    "logLikelihood": -1244.57990777855,
    "n_conditions": 487
}