{
    "participantID": "qs",
    "modelType": "fusionOnly_LapseFree_sharedPrior",
    "fittedParams": [
        0.08393335527032614,
        0.11004054612480096,
        0.46010933231189843,
        0.3011571969604119,
        0.13189777536513284,
        0.2364915563473478
    ],
    "AIC": 2527.5759597335195,
    "BIC": 2552.705544472015,
    "logLikelihood": -1257.7879798667598,
    "n_conditions": 487
}