{
    "participantID": "qs",
    "modelType": "fusionOnly_LapseFree_sharedPrior",
    "fittedParams": [
        0.08441764499087796,
        0.1296343776455688,
        3.0023884369804015,
        0.29630413605173583,
        3.147296680297919,
        9.417651815213125
    ],
    "AIC": 2544.869563069306,
    "BIC": 2569.9991478078014,
    "logLikelihood": -1266.434781534653,
    "n_conditions": 487
}