{
    "participantID": "qs",
    "modelType": "fusionOnlyLogNorm_LapseFree_sharedPrior",
    "fittedParams": [
        0.11914404265246503,
        0.22444758727913716,
        1.157939430070919,
        0.6410861803709123,
        0.8831545533319514,
        9.340471131934427
    ],
    "AIC": 2502.942392538124,
    "BIC": 2528.0719772766192,
    "logLikelihood": -1245.471196269062,
    "n_conditions": 487
}