{
    "participantID": "qs",
    "modelType": "fusionOnlyLogNorm_LapseFree_sharedPrior",
    "fittedParams": [
        0.11555291445746632,
        0.24400583726554798,
        0.46638913161019285,
        0.3758429564173369,
        0.1867664980318573,
        0.360593929124231
    ],
    "AIC": 2541.023636448247,
    "BIC": 2553.588428817495,
    "logLikelihood": -1267.5118182241235,
    "n_conditions": 487
}