{
    "participantID": "qs",
    "modelType": "gaussian",
    "fittedParams": [
        0.09290477857907717,
        0.10802842661534662,
        0.3957451553256033,
        0.5576572485540272,
        0.30868603026232455,
        0.1831907960249964,
        0.21584013749427414
    ],
    "AIC": 2526.077451464292,
    "BIC": 2555.3953003258703,
    "logLikelihood": -1256.038725732146,
    "n_conditions": 487
}