{
    "participantID": "qs",
    "modelType": "gaussian_LapseFree_sharedPrior",
    "fittedParams": [
        0.12018980336774307,
        0.1113658300823806,
        1.003871232194997,
        0.9283923250494949,
        0.24280953027279983,
        0.26971045559619583,
        0.23694120484794035
    ],
    "AIC": 2538.191195250142,
    "BIC": 2567.50904411172,
    "logLikelihood": -1262.095597625071,
    "n_conditions": 487
}