{
    "participantID": "qs",
    "modelType": "gaussian",
    "fittedParams": [
        0.17509667471051218,
        0.1,
        0.32184436373412606,
        0.44470154309831567,
        0.31016774296760563,
        0.32184436373412606
    ],
    "AIC": 2529.394787074463,
    "BIC": 2554.524371812958,
    "logLikelihood": -1258.6973935372314,
    "n_conditions": 487
}