{
    "participantID": "qs",
    "modelType": "gaussian_LapseFree_sharedPrior",
    "fittedParams": [
        0.05039121577891016,
        0.1246516190789553,
        0.3492825855493556,
        0.40939775939503614,
        0.33857294584454645,
        0.10288397763618139,
        0.1633836449289973,
        -2.165777431366397,
        2.320146862838829
    ],
    "AIC": 2528.9417673685443,
    "BIC": 2566.6361444762874,
    "logLikelihood": -1255.4708836842722,
    "n_conditions": 487
}