{
    "participantID": "qs",
    "modelType": "gaussian_LapseFree_sharedPrior",
    "fittedParams": [
        0.057727343700664305,
        0.1265868363386357,
        0.4568282030365023,
        0.7220190947562479,
        0.2810684778251513,
        0.04814585334670293,
        0.199859464776976,
        0.3358725269371992,
        11.321301180212211
    ],
    "AIC": 2538.9663812579943,
    "BIC": 2576.6607583657374,
    "logLikelihood": -1260.4831906289971,
    "n_conditions": 487
}