{
    "participantID": "qs",
    "modelType": "gaussian_LapseFree_sharedPrior",
    "fittedParams": [
        0.10376680605113506,
        0.1,
        0.38800761077553025,
        0.6030330681148917,
        0.28495178520679476,
        0.18931915059685708,
        0.2525076700747013,
        0.7395144373178482,
        1.1305350098013882
    ],
    "AIC": 2530.809554410273,
    "BIC": 2568.503931518016,
    "logLikelihood": -1256.4047772051365,
    "n_conditions": 487
}