{
    "participantID": "qs",
    "modelType": "gaussian_LapseFree_sharedPrior",
    "fittedParams": [
        0.046592691449450996,
        0.12113897783481142,
        0.4458671518592958,
        0.810751499210619,
        0.3189023422759151,
        0.14173492206941302,
        0.1719589010517262
    ],
    "AIC": 2524.291477192165,
    "BIC": 2553.609326053743,
    "logLikelihood": -1255.1457385960825,
    "n_conditions": 487
}