{
    "participantID": "qs",
    "modelType": "lognorm_LapseFree_contextualPrior",
    "fittedParams": [
        0.0593391828238964,
        0.2289404061436653,
        0.684689797759056,
        0.5025329270213842,
        0.7136394667625428,
        0.08536486886441708,
        0.17320178002119063,
        0.2779048166960478
    ],
    "AIC": 2499.8291020551587,
    "BIC": 2533.3352150398196,
    "logLikelihood": -1241.9145510275794,
    "n_conditions": 487
}