{
    "participantID": "qs",
    "modelType": "lognorm_LapseFree_sharedPrior",
    "fittedParams": [
        0.06422773923342345,
        0.22553294083571174,
        1.1032653385703362,
        0.9393784641029226,
        0.6716362808111255,
        0.08259262597055395,
        0.21587682586914522,
        0.03764067942816582,
        1.047212482983583
    ],
    "AIC": 2505.2635181240043,
    "BIC": 2542.9578952317474,
    "logLikelihood": -1243.6317590620022,
    "n_conditions": 487
}