{
    "participantID": "qs",
    "modelType": "lognorm_LapseFree_sharedPrior",
    "fittedParams": [
        0.07663282048326946,
        0.22247580024757507,
        0.8446268247542816,
        0.5192367254654527,
        0.568852576802372,
        0.09608601270267099,
        0.21246384017298114
    ],
    "AIC": 2495.369255618986,
    "BIC": 2524.687104480564,
    "logLikelihood": -1240.684627809493,
    "n_conditions": 487
}