{
    "participantID": "qs",
    "modelType": "logLinearMismatch_LapseFree_contextualPrior",
    "fittedParams": [
        0.06406789770742308,
        0.21633203182844224,
        1.0584669616048903,
        0.9978899640247814,
        0.6390496591512056,
        0.08212742919472475,
        0.20594466933273453,
        0.5731810965723584
    ],
    "AIC": 2500.6136744022465,
    "BIC": 2534.1197873869073,
    "logLikelihood": -1242.3068372011232,
    "n_conditions": 487
}