{
    "participantID": "qs",
    "modelType": "logLinearMismatch_LapseFree_sharedPrior",
    "fittedParams": [
        0.06368802127610707,
        0.2164870153825268,
        0.675554838623766,
        0.24618142906673854,
        0.6099209766341664,
        0.10199979525252277,
        0.21383916727427277,
        0.5622548414005906,
        1.1018072252106963
    ],
    "AIC": 2501.686345507096,
    "BIC": 2539.380722614839,
    "logLikelihood": -1241.843172753548,
    "n_conditions": 487
}