{
    "participantID": "qs",
    "modelType": "lognorm_LapseFree_sharedPrior",
    "fittedParams": [
        0.05414305260181426,
        0.22284285795718417,
        0.6825395090116559,
        0.34770294725894924,
        0.7729209452860056,
        0.11436706123501063,
        0.23223105225712062
    ],
    "AIC": 2496.76154357661,
    "BIC": 2526.0793924381883,
    "logLikelihood": -1241.380771788305,
    "n_conditions": 487
}