{
    "participantID": "qs",
    "modelType": "logLinearMismatch_LapseFree_sharedPrior",
    "fittedParams": [
        0.03947812931874408,
        0.22599542572162268,
        1.0851401309046844,
        0.6056779793992073,
        0.479215187989754,
        0.15358042377265424,
        0.21999034737563739,
        2.1564776047705765,
        3.291002520906895
    ],
    "AIC": 2512.3688228870783,
    "BIC": 2550.0631999948214,
    "logLikelihood": -1247.1844114435391,
    "n_conditions": 487
}