{
    "participantID": "qs",
    "modelType": "lognorm_LapseFree_sharedPrior",
    "fittedParams": [
        0.050907509151101094,
        0.2274216103553771,
        0.9506385029852389,
        0.4777482464909554,
        0.6442765031754971,
        0.09771542669683694,
        0.2220390124410391,
        0.26093719601631166,
        1.01694208458066
    ],
    "AIC": 2503.5688844820825,
    "BIC": 2541.2632615898256,
    "logLikelihood": -1242.7844422410412,
    "n_conditions": 487
}