{
    "participantID": "qs",
    "modelType": "logLinearMismatch_LapseFree_sharedPrior",
    "fittedParams": [
        0.07872197199728065,
        0.2277187313967219,
        0.8320816549776121,
        0.43829825139303635,
        0.7659038722225683,
        0.08241574698776756,
        0.2533585512971208
    ],
    "AIC": 2502.3218659497043,
    "BIC": 2531.6397148112824,
    "logLikelihood": -1244.1609329748521,
    "n_conditions": 487
}