{
    "participantID": "qs",
    "modelType": "lognorm_LapseFree_sharedPrior",
    "fittedParams": [
        0.0962270160525105,
        0.24104073133244747,
        0.971591933773139,
        0.914459932767665,
        0.647938535948881,
        0.14499010003122176,
        0.16358610202980436
    ],
    "AIC": 2499.616036392284,
    "BIC": 2528.933885253862,
    "logLikelihood": -1242.808018196142,
    "n_conditions": 487
}