{
    "participantID": "qs",
    "modelType": "lognorm_LapseFree_sharedPrior",
    "fittedParams": [
        0.07557431273162366,
        0.22443272313103074,
        0.9521007607318459,
        0.622025824734103,
        0.6484010672569276,
        0.08770117763429883,
        0.18166901130229235,
        0.7772038748487831,
        7.486286872643977
    ],
    "AIC": 2505.526400616273,
    "BIC": 2543.220777724016,
    "logLikelihood": -1243.7632003081364,
    "n_conditions": 487
}