{
    "participantID": "qs",
    "modelType": "lognorm_LapseFree_sharedPrior",
    "fittedParams": [
        0.04921975855608307,
        0.22376421037038874,
        0.8796071678747273,
        0.5628554115394081,
        0.6592609359253129,
        0.08945058641140274,
        0.20268275348658715,
        0.15426498591380552,
        3.694085745502423
    ],
    "AIC": 2499.4939678227784,
    "BIC": 2537.1883449305215,
    "logLikelihood": -1240.7469839113892,
    "n_conditions": 487
}