{
    "participantID": "qs",
    "modelType": "lognorm",
    "fittedParams": [
        0.051966123309424,
        0.22075152599585635,
        0.708324893772342,
        0.35837625021210473,
        0.6822959284855097,
        0.09582734815836176,
        0.2263983062747883
    ],
    "AIC": 2497.2445187767185,
    "BIC": 2526.5623676382966,
    "logLikelihood": -1241.6222593883592,
    "n_conditions": 487
}