{
    "participantID": "qs",
    "modelType": "lognorm_LapseFree_sharedPrior",
    "fittedParams": [
        0.04408774041673197,
        0.2430414060067817,
        1.008442673998145,
        0.8216451683730992,
        0.8684789926006601,
        0.026429418816187655,
        0.22918071912405533
    ],
    "AIC": 2506.232291258265,
    "BIC": 2535.550140119843,
    "logLikelihood": -1246.1161456291325,
    "n_conditions": 487
}