{
    "participantID": "qs",
    "modelType": "lognorm_LapseFree_contextualPrior",
    "fittedParams": [
        0.06793797001242638,
        0.2346797081828117,
        0.5944336530566214,
        0.6639536380767823,
        0.8573222744464875,
        0.101917313849926,
        0.1838844669222832,
        0.38973436951637264,
        0.05735971689224245,
        9.999999893274438
    ],
    "AIC": 2505.856237724253,
    "BIC": 2547.7388789550787,
    "logLikelihood": -1242.9281188621264,
    "n_conditions": 487
}