{
    "participantID": "qs",
    "modelType": "logLinearMismatch_LapseFree_sharedPrior",
    "fittedParams": [
        0.05241820725323601,
        0.2364449902309244,
        1.1642859104230188,
        0.8427309517550354,
        0.5266915220228421,
        0.11049187925269764,
        0.25377475045892145
    ],
    "AIC": 2499.4872520045283,
    "BIC": 2528.8051008661064,
    "logLikelihood": -1242.7436260022641,
    "n_conditions": 487
}