{
    "participantID": "qs",
    "modelType": "lognorm_LapseFree_sharedPrior",
    "fittedParams": [
        0.20030216970443726,
        0.17253818217957015,
        0.3297869176332725,
        1.9073486318132993e-07,
        0.26576110314389895,
        0.2680298793792725,
        0.3505899525642395
    ],
    "AIC": 2536.673869077885,
    "BIC": 2553.426925570215,
    "logLikelihood": -1264.3369345389424,
    "n_conditions": 487
}