{
    "participantID": "qs",
    "modelType": "lognorm_LapseFix_sharedPrior",
    "fittedParams": [
        0.08143908540494939,
        0.2513167869457439,
        0.7043556999883915,
        0.2538529599698961,
        0.7575126456141937
    ],
    "AIC": 2502.2647815596124,
    "BIC": 2523.2061021750255,
    "logLikelihood": -1246.1323907798062,
    "n_conditions": 487
}