{
    "participantID": "qs",
    "modelType": "lognorm_LapseFree_contextualPrior",
    "fittedParams": [
        0.07727021832074442,
        0.21441931960133043,
        0.7761044755781472,
        0.7629095433804651,
        0.6977282790373976,
        0.09264355767006266,
        0.2616799253574504,
        0.4930075937125366,
        0.0657291173097565,
        6.7659054419253035
    ],
    "AIC": 2503.404593272143,
    "BIC": 2545.2872345029687,
    "logLikelihood": -1241.7022966360714,
    "n_conditions": 487
}