{
    "participantID": "qs",
    "modelType": "lognorm_LapseFree_sharedPrior",
    "fittedParams": [
        0.06949553610896692,
        0.2251199429036489,
        0.6161799180691991,
        0.6629103148588911,
        0.7438398823909439,
        0.0928989966807887,
        0.21133790900676977
    ],
    "AIC": 2500.8026817797418,
    "BIC": 2530.12053064132,
    "logLikelihood": -1243.4013408898709,
    "n_conditions": 487
}