{
    "participantID": "qs",
    "modelType": "lognorm_LapseFree_sharedPrior",
    "fittedParams": [
        0.07309817086788825,
        0.21810612233122806,
        1.0928205981943755,
        0.7711434932454488,
        0.6515860054269433,
        0.1069453280232847,
        0.2202052520867437,
        0.9999944242881611,
        7.079995234296657
    ],
    "AIC": 2505.8463545743334,
    "BIC": 2543.5407316820765,
    "logLikelihood": -1243.9231772871667,
    "n_conditions": 487
}