{
    "participantID": "qs",
    "modelType": "logLinearMismatch",
    "fittedParams": [
        0.052593416454215,
        0.21522231815015402,
        0.8996576332726546,
        0.30278172969888717,
        0.6382470994557662,
        0.08958624273357145,
        0.21228091097470952
    ],
    "AIC": 2495.5617159811054,
    "BIC": 2524.8795648426835,
    "logLikelihood": -1240.7808579905527,
    "n_conditions": 487
}