{
    "participantID": "qs",
    "modelType": "lognorm_LapseFree_sharedPrior",
    "fittedParams": [
        0.07879640649038558,
        0.24400583726554798,
        0.46638913161019285,
        0.0631830189682332,
        0.3758429564173369,
        0.15246202468712788,
        0.26174964567968245
    ],
    "AIC": 2515.8582245630505,
    "BIC": 2532.611281055381,
    "logLikelihood": -1253.9291122815252,
    "n_conditions": 487
}