{
    "participantID": "qs",
    "modelType": "lognorm_LapseFree_contextualPrior",
    "fittedParams": [
        0.06781323501692899,
        0.21838894277718962,
        0.9507311548927873,
        0.8592767614525996,
        0.6123989514051209,
        0.1078627544725987,
        0.2527641401061919,
        0.5212369239984396,
        0.9996594704281279,
        1.976850788650113
    ],
    "AIC": 2503.083136503277,
    "BIC": 2544.9657777341026,
    "logLikelihood": -1241.5415682516384,
    "n_conditions": 487
}