{
    "participantID": "qs",
    "modelType": "lognorm_LapseFree_sharedPrior",
    "fittedParams": [
        0.08828810817666237,
        0.22434087686767012,
        1.3028175274514773,
        0.7655021993990837,
        0.7615592587357436,
        0.09899794589823947,
        0.22649235375773388,
        0.7423101843519275,
        4.0063038005816285
    ],
    "AIC": 2503.0085332047524,
    "BIC": 2540.7029103124955,
    "logLikelihood": -1242.5042666023762,
    "n_conditions": 487
}