{
    "participantID": "qs",
    "modelType": "probabilityMatchingLogNorm_LapseFree_contextualPrior",
    "fittedParams": [
        0.0566829964933277,
        0.22219748060419076,
        0.8544936174557005,
        0.85277803086735,
        0.6108631563268136,
        0.08776544299369564,
        0.23517836083090515,
        0.410891037562265,
        0.5583107503109204,
        2.605421449540414
    ],
    "AIC": 2503.719524693115,
    "BIC": 2545.602165923941,
    "logLikelihood": -1241.8597623465575,
    "n_conditions": 487
}