{
    "participantID": "qs",
    "modelType": "probabilityMatching_LapseFree_sharedPrior",
    "fittedParams": [
        0.0540875126352188,
        0.11515151272952473,
        0.5762666593826606,
        0.023013496414387102,
        0.2721259144227287,
        0.13074027231427443,
        0.21366309333799638
    ],
    "AIC": 2527.351907552681,
    "BIC": 2556.669756414259,
    "logLikelihood": -1256.6759537763405,
    "n_conditions": 487
}