{
    "participantID": "qs",
    "modelType": "probabilityMatching_LapseFree_sharedPrior",
    "fittedParams": [
        0.08993144960556639,
        0.11921312476482296,
        0.5291441424492226,
        0.9617965451582686,
        0.2658769744179914,
        0.1836672576745175,
        0.22558266204237606,
        3.5164823104238145,
        6.2678172824403555
    ],
    "AIC": 2538.545589558834,
    "BIC": 2576.239966666577,
    "logLikelihood": -1260.272794779417,
    "n_conditions": 487
}