{
    "participantID": "qs",
    "modelType": "probabilityMatchingLogNorm_LapseFree_sharedPrior",
    "fittedParams": [
        0.060530482034228034,
        0.24400583726554798,
        0.46638913161019285,
        0.6351972044224568,
        0.3758429564173369,
        0.14256452683680937,
        0.2596307943655543
    ],
    "AIC": 2510.913495857171,
    "BIC": 2527.666552349501,
    "logLikelihood": -1251.4567479285854,
    "n_conditions": 487
}