{
    "participantID": "qs",
    "modelType": "probabilityMatchingLogNorm_LapseFree_sharedPrior",
    "fittedParams": [
        0.04585443895969543,
        0.23877880888174863,
        0.5324303405998585,
        0.36217198191584427,
        0.6831371377361468,
        0.10329795513391439,
        0.14305026156477885
    ],
    "AIC": 2504.8522227398266,
    "BIC": 2534.1700716014047,
    "logLikelihood": -1245.4261113699133,
    "n_conditions": 487
}