{
    "participantID": "qs",
    "modelType": "probabilityMatching_LapseFree_sharedPrior",
    "fittedParams": [
        0.06494593322277069,
        0.11306673288345337,
        0.20629196524620053,
        0.1953259878516197,
        0.2820796394348145,
        0.1480677938461304,
        0.1927631711959839,
        0.27569885849952697,
        1.343695487976074
    ],
    "AIC": 2526.775112856003,
    "BIC": 2564.469489963746,
    "logLikelihood": -1254.3875564280015,
    "n_conditions": 487
}