{
    "participantID": "qs",
    "modelType": "probabilityMatchingLogNorm_LapseFree_sharedPrior",
    "fittedParams": [
        0.08184320217282622,
        0.20303731889692972,
        0.8714046474388172,
        0.1484341764084962,
        0.5274703773869671,
        0.11880941923805914,
        0.2698417876486875,
        2.043850977445075,
        10.30113472643566
    ],
    "AIC": 2503.1146436421423,
    "BIC": 2540.8090207498853,
    "logLikelihood": -1242.5573218210711,
    "n_conditions": 487
}