{
    "participantID": "qs",
    "modelType": "probabilityMatching_LapseFree_contextualPrior",
    "fittedParams": [
        0.07974140167236331,
        0.10812189102172853,
        0.4772718143463134,
        0.4832067514419555,
        0.30036743164062496,
        0.13987174987792972,
        0.2233782196044922,
        0.71843182182312,
        0.8548569679260254,
        6.506213589543343
    ],
    "AIC": 2531.041031019885,
    "BIC": 2572.9236722507108,
    "logLikelihood": -1255.5205155099425,
    "n_conditions": 487
}