{
    "participantID": "qs",
    "modelType": "probabilityMatchingLogNorm_LapseFree_sharedPrior",
    "fittedParams": [
        0.04594616606235502,
        0.23860594858556972,
        0.9863393850727378,
        0.48645699918270113,
        0.6475653766131402,
        0.07358458802700044,
        0.1808612942367792
    ],
    "AIC": 2502.2842577497313,
    "BIC": 2531.6021066113094,
    "logLikelihood": -1244.1421288748656,
    "n_conditions": 487
}