{
    "participantID": "qs",
    "modelType": "probabilityMatchingLogNorm_LapseFree_sharedPrior",
    "fittedParams": [
        0.05396586642994666,
        0.22568136048859144,
        1.136606106521998,
        0.021583438539289845,
        0.6079408940042038,
        0.09352581046363571,
        0.20440068406442272
    ],
    "AIC": 2502.035126950061,
    "BIC": 2531.352975811639,
    "logLikelihood": -1244.0175634750306,
    "n_conditions": 487
}