{
    "participantID": "qs",
    "modelType": "probabilityMatchingLogNorm_LapseFree_sharedPrior",
    "fittedParams": [
        0.07951381817274522,
        0.21690565810422408,
        0.9320731136854736,
        0.7121342950728289,
        0.6234100785088958,
        0.06582354084399417,
        0.2362416283908533,
        0.9991171221270634,
        5.306792087685971
    ],
    "AIC": 2502.7555073329045,
    "BIC": 2540.4498844406476,
    "logLikelihood": -1242.3777536664522,
    "n_conditions": 487
}