{
    "participantID": "qs",
    "modelType": "probabilityMatchingLogNorm_LapseFree_sharedPrior",
    "fittedParams": [
        0.051526866805553434,
        0.24409133285284035,
        1.023791868686676,
        0.9824332714080811,
        0.7004490432143211,
        0.10712557023763657,
        0.14771729609966278,
        0.2972672486305237,
        6.630467505732597
    ],
    "AIC": 2509.6143585989275,
    "BIC": 2547.3087357066706,
    "logLikelihood": -1245.8071792994638,
    "n_conditions": 487
}