{
    "participantID": "qs",
    "modelType": "probabilityMatchingLogNorm_LapseFree_sharedPrior",
    "fittedParams": [
        0.0717977317549521,
        0.21144236820569018,
        0.8741926078185018,
        0.1839013218414038,
        0.590432646316511,
        0.12715090111012106,
        0.2601185448683798
    ],
    "AIC": 2498.334752821399,
    "BIC": 2527.652601682977,
    "logLikelihood": -1242.1673764106995,
    "n_conditions": 487
}