{
    "participantID": "qs",
    "modelType": "switchingFree_LapseFree_sharedPrior",
    "fittedParams": [
        0.0724772287916392,
        0.20746732827002168,
        0.1381791471913083,
        0.08731557242572302,
        0.6146136968209035,
        0.14586997665371745,
        0.21851533465497197,
        0.23062229864299294
    ],
    "AIC": 2500.3036011713143,
    "BIC": 2533.809714155975,
    "logLikelihood": -1242.1518005856572,
    "n_conditions": 487
}