{
    "participantID": "qs",
    "modelType": "selection_LapseFix_sharedPrior",
    "fittedParams": [
        0.12493643981520436,
        0.11594866139931181,
        0.48519901068678983,
        0.5054864643199835,
        0.2868649654073936
    ],
    "AIC": 2524.6228997244725,
    "BIC": 2545.5642203398857,
    "logLikelihood": -1257.3114498622363,
    "n_conditions": 487
}