{
    "participantID": "qs",
    "modelType": "switchingWithConflict_LapseFree_sharedPrior",
    "fittedParams": [
        0.11922579930649915,
        0.09094830768561213,
        0.1675010785875517,
        0.024429827249525304,
        0.25792069508145343,
        0.20655494552346249,
        0.21397312260154522,
        1.6290908674217206,
        0.023971346361578466,
        9.030349991642984
    ],
    "AIC": 2532.137876040971,
    "BIC": 2574.020517271797,
    "logLikelihood": -1256.0689380204856,
    "n_conditions": 487
}