{
    "participantID": "qs",
    "modelType": "switchingFree_LapseFree_sharedPrior",
    "fittedParams": [
        0.0813724762167263,
        0.19731069188188718,
        0.3074326937624575,
        0.0695653689610037,
        0.6304532202284242,
        0.13215150939221448,
        0.1980051256134353,
        0.25518303950170657
    ],
    "AIC": 2500.423149544218,
    "BIC": 2533.929262528879,
    "logLikelihood": -1242.211574772109,
    "n_conditions": 487
}