{
    "participantID": "qs",
    "modelType": "selection_LapseFree_sharedPrior",
    "fittedParams": [
        0.03236524077206848,
        0.13889102574750767,
        0.8504624664898215,
        0.8646270886063576,
        0.2939997534924744,
        0.02183635506629944,
        0.17531454206556082
    ],
    "AIC": 2536.6268057483844,
    "BIC": 2565.9446546099625,
    "logLikelihood": -1261.3134028741922,
    "n_conditions": 487
}