{
    "participantID": "qs",
    "modelType": "selection_LapseFree_sharedPrior",
    "fittedParams": [
        0.0010194824218749954,
        0.24400583726554798,
        0.46638913161019285,
        0.9922607421875,
        0.3758429564173369,
        0.0010194824218749954,
        0.0018377441406249861
    ],
    "AIC": 2569.966500453007,
    "BIC": 2586.7195569453374,
    "logLikelihood": -1280.9832502265035,
    "n_conditions": 487
}