{
    "participantID": "qs",
    "modelType": "selection_LapseFree_sharedPrior",
    "fittedParams": [
        0.08823894624937045,
        0.1157823555141962,
        0.53491215669851,
        0.7859878884483694,
        0.294391567872197,
        0.18972036507630402,
        0.2585038190241827
    ],
    "AIC": 2530.273507486735,
    "BIC": 2559.591356348313,
    "logLikelihood": -1258.1367537433675,
    "n_conditions": 487
}