{
    "participantID": "qs",
    "modelType": "switching_LapseFree_sharedPrior",
    "fittedParams": [
        0.055417054127891996,
        0.20321287035904023,
        0.7464745659549035,
        0.8455602193394726,
        0.4575758787259566,
        0.07555389002135844,
        0.17556254056304688
    ],
    "AIC": 2504.5150944184916,
    "BIC": 2533.8329432800697,
    "logLikelihood": -1245.2575472092458,
    "n_conditions": 487
}