{
    "participantID": "qs",
    "modelType": "selection_LapseFree_sharedPrior",
    "fittedParams": [
        0.05252146026953482,
        0.12646713639753798,
        0.5017004372698859,
        0.9901813354119349,
        0.2964467674328923,
        0.14668373837474055,
        0.1437635639572327,
        1.967543561629545,
        3.6677281819043257
    ],
    "AIC": 2528.974005187801,
    "BIC": 2566.6683822955442,
    "logLikelihood": -1255.4870025939006,
    "n_conditions": 487
}