{
    "participantID": "qs",
    "modelType": "selection_LapseFree_sharedPrior",
    "fittedParams": [
        0.11185408151213251,
        0.1006011597632277,
        0.2748000679440403,
        0.38770357435514596,
        0.27362819921735815,
        0.1794930919583928,
        0.2939419489659804
    ],
    "AIC": 2523.8097180051614,
    "BIC": 2553.1275668667395,
    "logLikelihood": -1254.9048590025807,
    "n_conditions": 487
}