{
    "participantID": "qs",
    "modelType": "switching_LapseFree_sharedPrior",
    "fittedParams": [
        0.031941105441601704,
        0.1253154116579702,
        7.004289259023641,
        0.4376561517796057,
        0.23627233450653265,
        0.16879501401572683,
        0.21765410066034138,
        1.4723096374233728,
        8.16669548422844
    ],
    "AIC": 2543.8458887810216,
    "BIC": 2581.5402658887647,
    "logLikelihood": -1262.9229443905108,
    "n_conditions": 487
}