{
    "participantID": "qs",
    "modelType": "switchingFree_LapseFree_sharedPrior",
    "fittedParams": [
        0.044431457068127386,
        0.07785323136949161,
        0.46197451240962945,
        0.1417159265697622,
        0.2050982234730888,
        0.04104369464500895,
        0.16743737028050668,
        0.3287384304948248
    ],
    "AIC": 2526.3982628677754,
    "BIC": 2559.9043758524363,
    "logLikelihood": -1255.1991314338877,
    "n_conditions": 487
}