{
    "participantID": "qs",
    "modelType": "selection_LapseFree_sharedPrior",
    "fittedParams": [
        0.06928094386763406,
        0.11105190054489988,
        0.5115114678772212,
        0.9999999756459148,
        0.3024050008921999,
        0.14435107317122164,
        0.16588671096626204
    ],
    "AIC": 2524.011795243961,
    "BIC": 2553.329644105539,
    "logLikelihood": -1255.0058976219805,
    "n_conditions": 487
}