{
    "participantID": "qs",
    "modelType": "switchingFree_LapseFree_sharedPrior",
    "fittedParams": [
        0.06929696271321154,
        0.24400583726554798,
        0.46638913161019285,
        2.019126550284467e-05,
        0.3758429564173369,
        0.13385777254676795,
        0.22049296764780302,
        0.3015789643337484
    ],
    "AIC": 2506.3597879109516,
    "BIC": 2527.3011085263647,
    "logLikelihood": -1248.1798939554758,
    "n_conditions": 487
}