{
    "participantID": "qs",
    "modelType": "switchingFree_LapseFree_sharedPrior",
    "fittedParams": [
        0.04501642452979898,
        0.2251870409936001,
        0.2884885179451434,
        0.12763456396395007,
        0.5376030766562294,
        0.0699508126948255,
        0.17211008044273388,
        0.17609537699141664
    ],
    "AIC": 2504.0161540018144,
    "BIC": 2537.522266986475,
    "logLikelihood": -1244.0080770009072,
    "n_conditions": 487
}