{
    "participantID": "qs",
    "modelType": "switchingFree_LapseFree_sharedPrior",
    "fittedParams": [
        0.15925655002593994,
        0.17253818217957015,
        0.3297869176332725,
        0.04190158843994135,
        0.26576110314389895,
        0.25104581174850465,
        0.3373548432350159,
        0.32626323699951165
    ],
    "AIC": 2520.1142454608025,
    "BIC": 2541.0555660762157,
    "logLikelihood": -1255.0571227304013,
    "n_conditions": 487
}