{
    "participantID": "qs",
    "modelType": "selection_LapseFree_sharedPrior",
    "fittedParams": [
        0.0010027714120012798,
        0.17253818217957015,
        0.3297869176332725,
        0.3443958924617028,
        0.26576110314389895,
        0.08693402357277477,
        0.11159260377116113
    ],
    "AIC": 2543.776457156398,
    "BIC": 2560.5295136487284,
    "logLikelihood": -1267.888228578199,
    "n_conditions": 487
}