{
    "participantID": "qs",
    "modelType": "selection_LapseFree_sharedPrior",
    "fittedParams": [
        0.036415215224086556,
        0.12995396386342684,
        0.22328655483692272,
        0.2570444311597384,
        0.3262149881840197,
        0.033944057895111096,
        0.15031472696089587,
        0.15530343524165802,
        1.6363211834439575
    ],
    "AIC": 2528.0457182399455,
    "BIC": 2565.7400953476886,
    "logLikelihood": -1255.0228591199727,
    "n_conditions": 487
}