{
    "participantID": "qs",
    "modelType": "selection_LapseFree_sharedPrior",
    "fittedParams": [
        0.0010048706054687495,
        0.24400583726554798,
        0.46638913161019285,
        0.9356628417968751,
        0.3758429564173369,
        0.0010048706054687495,
        0.019956396484375
    ],
    "AIC": 2570.6717269672486,
    "BIC": 2587.424783459579,
    "logLikelihood": -1281.3358634836243,
    "n_conditions": 487
}