{"param_0": [0.0, -0.04463644220241396, 0.23520266697350403, 0.20224179420622704, -0.02725470148877661, 0.16438004734897574, 0.0, -0.009164909794744143, 0.1985602152273865, 0.0, -0.007139870514770076, 0.20190705718107704, 0.10091767797229942, -0.014337517998934518, 0.20949297648794854, 0.0, -0.020083690807244533, 0.11748931117922887, 0.18795299709343444, -0.016442382903004225, 0.09953597070913177, 0.0, -0.0158292206325569, 0.2425026955284388, 0.23223169791332954, -0.003336548588773085, 0.3881740457596423, 0.25, -0.002180358823373429, 0.21518809530446503, 0.0, 0.10920414714466814, 0.3052960816885143, 0.0, 0.1459275108617203, 0.5505389205599198, 0.17510062255747869, 0.1197955051591608, 0.25154030092339336, 0.0, 0.16826169127326027, 0.4080074751193798], "param_1": [0.0, -0.045715800974284904, 0.19533891582842577, 0.0, -0.01979208348268779, 0.19554808896669498, 0.0, -0.007275720235533616, 0.18836805675016322, 0.25, -0.05229358407764896, 0.07047798209514747, 0.0, -0.0028259220193385067, 0.22864011793750239, 0.175581235552924, 0.09416964110675212, 0.07498952247342618, 0.09848880510279884, 0.04977906182325969, 0.13233544248727142, 0.0, -0.10481604672283022, 0.3791454747250517, 0.0, 0.0035692201887597176, 0.42615789383168506, 0.0, 0.011808625468388338, 0.25838993572507934, 0.25, 0.0501043310040347, 0.22459115508071828, 0.0, 0.10829464944715006, 0.37591438556333445, 0.0, 0.08885940474874798, 0.2761792068428338, 0.2003980760032151, 0.19658865047121502, 0.2943095746268866]}