{
  "participantID": "mh",
  "best_params": [
    0.1442013179702395,
    0.4227332351213126,
    0.4618850363433537,
    0.7915267801369138,
    1.4316897560385744,
    0.015108951292503062,
    0.23153721899659768
  ],
  "boot_mean": [
    0.144201374641959,
    0.42273359499209884,
    0.46188530066404576,
    0.7915268940817879,
    1.4316900831420365,
    0.015109079210273315,
    0.2315374202316205
  ],
  "boot_std": [
    7.428029864022041e-07,
    7.437633234975032e-07,
    9.884950979695222e-07,
    7.100418164896422e-07,
    9.225281389907118e-07,
    6.863652433265355e-07,
    6.962090097544557e-07
  ],
  "ci_low": [
    0.1441998563315625,
    0.4227321723469243,
    0.461883509273183,
    0.7915255013119129,
    1.4316891689914404,
    0.015107764619119599,
    0.23153649011354946
  ],
  "ci_high": [
    0.1442027476631662,
    0.42273492385937145,
    0.46188742399571164,
    0.791528028692718,
    1.4316923659749083,
    0.0151104805763127,
    0.23153901974170388
  ],
  "n_successful": 20,
  "boot_samples": [
    [
      0.14420131792947677,
      0.4227332349464724,
      0.46188503611531434,
      0.7915267800169505,
      1.4316897559852133,
      0.015108951232376747,
      0.23153721896529553
    ],
    [
      0.14420116273280478,
      0.4227330043500025,
      0.4618849693387224,
      0.7915267163826578,
      1.4316897450364485,
      0.015108776764043616,
      0.2315371963591231
    ],
    [
      0.14420103591295758,
      0.42273415695953503,
      0.4618867678074745,
      0.7915275236607626,
      1.4316902116094543,
      0.015109006112642256,
      0.23153712667786175
    ],
    [
      0.14420132490123774,
      0.4227340590888712,
      0.46188402397708167,
      0.7915266753958908,
      1.4316900911590742,
      0.015108159372536026,
      0.23153623011952712
    ],
    [
      0.14420155568431525,
      0.42273364631106225,
      0.4618855603323891,
      0.7915267618953515,
      1.4316899739713582,
      0.015109060204479443,
      0.23153774816749653
    ],
    [
      0.14420140443190146,
      0.422735203458587,
      0.461888017689831,
      0.7915283652657877,
      1.431693738787214,
      0.015110227253251155,
      0.23153744418766303
    ],
    [
      0.14419901012497147,
      0.42273461482865954,
      0.4618830435887033,
      0.7915245058029858,
      1.431689879227288,
      0.01510740746126664,
      0.23153726005799602
    ],
    [
      0.1442013179702395,
      0.4227332351213126,
      0.4618850363433537,
      0.7915267801369138,
      1.4316897560385744,
      0.015108951292503062,
      0.23153721899659768
    ],
    [
      0.1442014182025882,
      0.42273442419924706,
      0.461886057647791,
      0.7915271764499319,
      1.4316902761859418,
      0.01510851898891294,
      0.2315380906354003
    ],
    [
      0.14420137699624225,
      0.4227333670332109,
      0.4618850652996501,
      0.7915266895173728,
      1.431689736668831,
      0.015108962221884207,
      0.2315371308221148
    ],
    [
      0.14420133425184242,
      0.42273332826189747,
      0.46188503133090497,
      0.7915267422402282,
      1.4316898267459077,
      0.015108996296232954,
      0.23153725681810622
    ],
    [
      0.14420132835465313,
      0.4227332496380356,
      0.461885040197712,
      0.7915267598067138,
      1.431689746470446,
      0.015109010160185551,
      0.23153721268541
    ],
    [
      0.14420147460589663,
      0.42273357951984486,
      0.4618851665949391,
      0.7915269242924514,
      1.4316899306760253,
      0.015109298721128246,
      0.23153718544293858
    ],
    [
      0.14420206806396768,
      0.42273182347318927,
      0.46188497364354014,
      0.7915266016112533,
      1.4316897424238104,
      0.015109786481661237,
      0.23153702053819553
    ],
    [
      0.14420132214247602,
      0.4227331910331316,
      0.4618850269456148,
      0.7915267701195324,
      1.4316896757715094,
      0.01510893255076981,
      0.2315372244554443
    ],
    [
      0.1442007916125315,
      0.4227325579442104,
      0.46188453205868474,
      0.7915266493208782,
      1.4316887104761398,
      0.015108654144765475,
      0.23153677747536364
    ],
    [
      0.14420131796904767,
      0.4227332351201342,
      0.46188503634357025,
      0.7915267801367499,
      1.4316897560333248,
      0.015108951293244273,
      0.23153721899437918
    ],
    [
      0.14420336253863153,
      0.42273353177431167,
      0.4618863390303157,
      0.791527656690904,
      1.4316908486560445,
      0.015110709773368385,
      0.23153986036169283
    ],
    [
      0.14420202123131606,
      0.4227343890098116,
      0.461885538600919,
      0.7915275964987846,
      1.431689996991387,
      0.015109593349826905,
      0.23153792036451132
    ],
    [
      0.14420154718208214,
      0.4227340677704488,
      0.4618857503944031,
      0.7915274263936557,
      1.4316902639267368,
      0.015109630530387304,
      0.23153806250729309
    ]
  ]
}