{
    "participantID": "mt",
    "modelType": "fusionOnly_LapseFree_sharedPrior",
    "fittedParams": [
        0.07001569230633323,
        0.10005371093749993,
        0.23376759801176372,
        0.2628799798246473,
        0.21137041885522195,
        9.972090157865896
    ],
    "AIC": 2226.816869680148,
    "BIC": 2250.1000675985524,
    "logLikelihood": -1107.408434840074,
    "n_conditions": 358
}