{
    "participantID": "mt",
    "modelType": "fusionOnlyLogNorm_LapseFree_sharedPrior",
    "fittedParams": [
        0.11297854181957519,
        0.16245564171586008,
        0.4629017578080674,
        0.49791439086257017,
        0.7566980011171835,
        9.096001679187465
    ],
    "AIC": 2218.7799197361715,
    "BIC": 2242.0631176545758,
    "logLikelihood": -1103.3899598680857,
    "n_conditions": 358
}