{
    "participantID": "mt",
    "modelType": "gaussian",
    "fittedParams": [
        0.06253642295720058,
        0.10000163988326671,
        0.22889644468028558,
        0.9999465636180831,
        0.27149002241902054,
        0.22889644468028558
    ],
    "AIC": 2228.0407064322635,
    "BIC": 2251.323904350668,
    "logLikelihood": -1108.0203532161318,
    "n_conditions": 358
}