{
    "participantID": "mt",
    "modelType": "gaussian_LapseFree_sharedPrior",
    "fittedParams": [
        0.018755010063910046,
        0.10000016134513312,
        0.20289179029845622,
        0.7447475961736039,
        0.2512805149830092,
        0.0762880882948048,
        0.1943970199924479,
        0.6454746479848836,
        1.1379781416404837
    ],
    "AIC": 2218.9338920335235,
    "BIC": 2253.85868891113,
    "logLikelihood": -1100.4669460167618,
    "n_conditions": 358
}