{
    "participantID": "mt",
    "modelType": "lognorm_LapseFree_sharedPrior",
    "fittedParams": [
        0.023412139974243462,
        0.15911224621988362,
        0.4036613288806984,
        0.9332421764278959,
        0.5308052342385055,
        0.13887799637392165,
        0.23516090702731163,
        0.6484626443590968,
        1.1000093032128646
    ],
    "AIC": 2200.152659025788,
    "BIC": 2235.0774559033944,
    "logLikelihood": -1091.076329512894,
    "n_conditions": 358
}