{
    "participantID": "mt",
    "modelType": "lognorm_LapseFree_contextualPrior",
    "fittedParams": [
        0.018403171701872945,
        0.16067771431960448,
        0.3252243695888398,
        0.44577951878115235,
        0.6057233762014653,
        0.11607943192197584,
        0.22061500685554394,
        0.7596797215549375,
        0.1679062370420752,
        6.582852575850618
    ],
    "AIC": 2205.0752821231927,
    "BIC": 2243.8806119871997,
    "logLikelihood": -1092.5376410615963,
    "n_conditions": 358
}