{
    "participantID": "mt",
    "modelType": "logLinearMismatch_LapseFree_sharedPrior",
    "fittedParams": [
        0.02638828754425049,
        0.1571446347236633,
        0.38419146776199337,
        0.8865340592861175,
        0.5158566284179688,
        0.12941096305847172,
        0.24021029472351074,
        0.5021258354187011,
        1.9742877793312075
    ],
    "AIC": 2201.2610675678793,
    "BIC": 2236.1858644454855,
    "logLikelihood": -1091.6305337839397,
    "n_conditions": 358
}