{
    "participantID": "mt",
    "modelType": "lognorm",
    "fittedParams": [
        0.07506518840789797,
        0.1902256220579147,
        0.29656523346900937,
        0.5739902086675168,
        0.6456357574462891,
        0.29656523346900937
    ],
    "AIC": 2216.8168393180904,
    "BIC": 2240.1000372364947,
    "logLikelihood": -1102.4084196590452,
    "n_conditions": 358
}