{
    "participantID": "mt",
    "modelType": "probabilityMatching_LapseFree_sharedPrior",
    "fittedParams": [
        0.025899552676128215,
        0.1000000529899262,
        0.22022378310794005,
        0.943470182594913,
        0.25467717822641134,
        0.09503295052796605,
        0.17483448122628034,
        0.9232263368088752,
        9.896448659121525
    ],
    "AIC": 2220.5383168297376,
    "BIC": 2255.463113707344,
    "logLikelihood": -1101.2691584148688,
    "n_conditions": 358
}