{
    "participantID": "mt",
    "modelType": "probabilityMatching_LapseFree_contextualPrior",
    "fittedParams": [
        0.023983033015392757,
        0.10000069758330932,
        0.21131292104779276,
        0.24754301225334055,
        0.24997066755779085,
        0.09409672792069616,
        0.17257461497792975,
        0.9416555419682466,
        0.7384884842380416,
        6.582988633714912
    ],
    "AIC": 2222.049889696902,
    "BIC": 2260.855219560909,
    "logLikelihood": -1101.024944848451,
    "n_conditions": 358
}