{
    "participantID": "ln",
    "dataName": "ln_all.csv",
    "n_params": 42,
    "n_conditions": 443,
    "n_trials": 1985,
    "parameters": [
        0.1338589740216292,
        0.04616839356296905,
        0.20054464311308534,
        0.0,
        -0.01894546612577815,
        0.30906831594559614,
        0.0,
        -0.015462402872542535,
        0.24224989502279098,
        0.0,
        -0.00991087526347544,
        0.2881617786913053,
        0.0,
        0.054545687960840354,
        0.29211150106812317,
        0.0,
        0.058066432431796024,
        0.2375264444739456,
        0.0,
        0.13838463620098448,
        0.30355255676598525,
        0.0,
        0.0425624993342942,
        0.7042267557391791,
        0.25,
        -0.08321357599266088,
        0.3312326651043537,
        0.0,
        0.21180122452666605,
        0.651718630299894,
        0.25,
        0.09540872135150315,
        0.42991008210184456,
        0.0,
        0.2873690006692862,
        0.8296476680403976,
        0.0,
        0.02910888382740872,
        0.37440061547580206,
        0.04771747882886443,
        0.10802021125763007,
        0.4213411758247058
    ],
    "log_likelihood": -1055.2856250805664,
    "AIC": 2194.571250161133,
    "BIC": 2366.5011805030285,
    "success": true,
    "message": "CONVERGENCE: REL_REDUCTION_OF_F_<=_FACTR*EPSMCH",
    "uniqueSensory": [
        0.1,
        1.2
    ],
    "uniqueStandard": [
        0.5
    ],
    "uniqueConflict": [
        -0.25,
        -0.17,
        -0.08,
        0.0,
        0.08,
        0.17,
        0.25
    ],
    "nStart": 1
}