{
    "participantID": "ln",
    "dataName": "ln_all.csv",
    "n_params": 42,
    "n_conditions": 443,
    "n_trials": 1985,
    "parameters": [
        0.10838665333806076,
        0.029568846535927402,
        0.20073426470986566,
        0.0,
        -0.04514378591391672,
        0.3167528908589469,
        0.0,
        -0.03551136977861757,
        0.24435307709598386,
        0.0,
        -0.03298428664561083,
        0.28223842393612525,
        0.0,
        0.02672189170791575,
        0.2687171119696475,
        0.0,
        0.040397993359311754,
        0.23873746544778962,
        0.0,
        0.11000080490246035,
        0.28800384602619394,
        0.25,
        0.020255223769573755,
        0.43209373745880497,
        0.25,
        -0.10873724146819208,
        0.3483831631779409,
        0.14861666504797716,
        0.17025134633496253,
        0.4824821130044543,
        0.0,
        0.08423579348856298,
        0.6355049339591644,
        0.0,
        0.2541431539134365,
        0.8712079859152544,
        0.0,
        0.007604872804196631,
        0.38189949700209913,
        0.0,
        0.07699293302585733,
        0.42687939839117195
    ],
    "log_likelihood": -1051.7372258870514,
    "AIC": 2187.474451774103,
    "BIC": 2359.4043821159985,
    "success": true,
    "message": "CONVERGENCE: REL_REDUCTION_OF_F_<=_FACTR*EPSMCH",
    "uniqueSensory": [
        0.1,
        1.2
    ],
    "uniqueStandard": [
        0.5
    ],
    "uniqueConflict": [
        -0.25,
        -0.17,
        -0.08,
        0.0,
        0.08,
        0.17,
        0.25
    ],
    "nStart": 1
}