{
    "participantID": "ln",
    "dataName": "ln_all",
    "n_params": 42,
    "n_conditions": 478,
    "n_trials": 1985,
    "parameters": [
        0.10832524526070945,
        0.02957555098482256,
        0.2007714675401775,
        0.0,
        -0.045146283432547056,
        0.31675268821540326,
        0.0,
        -0.03550033912646429,
        0.2443631547862527,
        0.0,
        -0.032982007271884974,
        0.28223851683637524,
        0.0,
        0.026716638001078086,
        0.26871139501489866,
        0.0,
        0.04040026889477507,
        0.23873479397357183,
        0.0,
        0.11002049710215844,
        0.28799493680569366,
        0.0,
        -0.03659663077469563,
        0.8473588771646889,
        0.25,
        -0.10874720932287289,
        0.34844686678189046,
        0.14859180789219856,
        0.17023247229593835,
        0.4824916223527555,
        0.0,
        0.08427541686759692,
        0.6356718715084381,
        0.0,
        0.25379697213242136,
        0.8700853967941948,
        0.0,
        0.007604259525903373,
        0.3818825575612772,
        0.0,
        0.07700770827231239,
        0.4270039451130381
    ],
    "log_likelihood": -1051.7318836749062,
    "AIC": 2187.4637673498123,
    "BIC": 2362.5874181144536,
    "success": true,
    "message": "CONVERGENCE: RELATIVE REDUCTION OF F <= FACTR*EPSMCH",
    "uniqueSensory": [
        0.1,
        1.2
    ],
    "uniqueStandard": [
        0.5
    ],
    "uniqueConflict": [
        -0.25,
        -0.17,
        -0.08,
        0.0,
        0.08,
        0.17,
        0.25
    ],
    "nStart": 1
}