{
    "participantID": "ln",
    "dataName": "ln_all",
    "n_params": 42,
    "n_conditions": 443,
    "n_trials": 1985,
    "parameters": [
        0.1287917134052158,
        0.023382472215949072,
        0.10201554935421839,
        0.0,
        -0.007705989631478255,
        0.15535730861064276,
        0.0,
        -0.007521952737392258,
        0.12013991799314792,
        0.0,
        -0.002837312676257427,
        0.14498960504683545,
        0.0,
        0.027328989868931074,
        0.14632595780475322,
        0.0,
        0.028950417972615366,
        0.11766381465585782,
        0.0,
        0.07077505125148219,
        0.152126099541615,
        0.0,
        0.021327780370679467,
        0.35175257313941916,
        0.25,
        -0.03984432697686754,
        0.16576860042111818,
        0.0,
        0.1058318516481211,
        0.32533658297320694,
        0.25,
        0.048782567336165365,
        0.2145091787189046,
        0.0,
        0.14415383874550308,
        0.4166422318547747,
        0.0,
        0.014480734607495464,
        0.18778361258312778,
        0.04653879086319871,
        0.05537389767674282,
        0.21097516520372897
    ],
    "log_likelihood": -1055.325482154817,
    "AIC": 2194.650964309634,
    "BIC": 2366.58089465153,
    "success": true,
    "message": "CONVERGENCE: REL_REDUCTION_OF_F_<=_FACTR*EPSMCH",
    "uniqueSensory": [
        0.1,
        1.2
    ],
    "uniqueStandard": [
        0.5
    ],
    "uniqueConflict": [
        -0.25,
        -0.17,
        -0.08,
        0.0,
        0.08,
        0.17,
        0.25
    ],
    "nStart": 1
}