{
  "participantID": "hh",
  "modelType": "lognorm",
  "true_params": [
    0.0010001052750820139,
    0.10928299969578481,
    0.2493397581844209,
    0.9562729134020629,
    1.429903605482726,
    0.03566837587162153,
    0.05868916946420466
  ],
  "recovered_params_mean": [
    0.028388616436757164,
    0.10528290629631883,
    0.20835636881608915,
    0.9101904843836595,
    1.7764400716856468,
    0.06960924632669792,
    0.06875509723603004
  ],
  "recovered_params_std": [
    0.020453660883962048,
    0.010841466981649788,
    0.030543536808604794,
    0.05207775374549415,
    0.35792858075813383,
    0.03757424816961364,
    0.0303333658205223
  ],
  "recovered_params_median": [
    0.022620376448768853,
    0.10306208089869776,
    0.21129019204243307,
    0.9013795572319103,
    2.0,
    0.06574942069543951,
    0.0629420934944987
  ],
  "n_successful": 50,
  "n_attempted": 50,
  "all_recovered_params": [
    [
      0.03756495013904247,
      0.10496610447300203,
      0.18274745956231106,
      0.8534740801450041,
      1.9453505667239255,
      0.11377440780848826,
      0.14350996398917515
    ],
    [
      0.012394342950968733,
      0.11762579873241562,
      0.21772640603559182,
      0.8951923487422406,
      1.734560693900007,
      0.05349202784426487,
      0.1229825113267452
    ],
    [
      0.05677492483973265,
      0.10253377402269814,
      0.17671143996625505,
      0.8948308930612514,
      2.0,
      0.0669952304402063,
      0.04500952131034591
    ],
    [
      0.039591726801349,
      0.11953293026439528,
      0.21081396149547005,
      0.9434548711479614,
      2.0,
      0.04675417632827631,
      0.0431670511518344
    ],
    [
      0.07127884025211347,
      0.0996723590923821,
      0.1655746782260195,
      0.8829118783620205,
      0.7877797917867229,
      0.09173148488381543,
      0.08871917123269363
    ],
    [
      0.016812137297602878,
      0.11757549917369492,
      0.18908353520002263,
      0.893803047094635,
      2.0,
      0.10015653423790846,
      0.0523580095513903
    ],
    [
      0.014409530846461622,
      0.10843018850017089,
      0.19252805387535815,
      0.9053950448110553,
      2.0,
      0.04319865027988965,
      0.1022480083544112
    ],
    [
      0.03426284788018444,
      0.09658403143654215,
      0.2178884334603655,
      0.98629651648185,
      2.0,
      0.14425991488607204,
      0.06506107107675647
    ],
    [
      0.026391910341726,
      0.10503446374285301,
      0.23318324742479485,
      0.975226418579285,
      2.0,
      0.08092095719674575,
      0.08803338549375582
    ],
    [
      0.07532946396575606,
      0.09725599735256092,
      0.24344605611122164,
      0.9887227999201297,
      2.0,
      0.030222231920908497,
      0.13533750934161706
    ],
    [
      0.0010336853309117382,
      0.10334245927804955,
      0.25060606650249434,
      0.9564693010476745,
      2.0,
      0.04790196136009861,
      0.06734631564123755
    ],
    [
      0.0019884522841582364,
      0.11322539471850324,
      0.22644399598838538,
      0.9030202071808224,
      2.0,
      0.05062216377648479,
      0.02689406634530566
    ],
    [
      0.014158884601095009,
      0.1128286347513824,
      0.26296629758806866,
      0.968241664178269,
      2.0,
      0.02364865980639562,
      0.05298376407228156
    ],
    [
      0.009003708595099486,
      0.11839011510869746,
      0.20913683594872867,
      0.8745781188664128,
      2.0,
      0.08242580259655988,
      0.05892955167158432
    ],
    [
      0.024699685195239504,
      0.11852699539319243,
      0.19916474554958682,
      0.8720796144431223,
      1.5983754973345377,
      0.0830750509853804,
      0.0173210930398672
    ],
    [
      0.07024693060123369,
      0.0911875699840053,
      0.17776277018292566,
      0.8900385800044689,
      2.0,
      0.10109578444526685,
      0.1078656031522677
    ],
    [
      0.03089202009378851,
      0.10758917535408276,
      0.2675250349409621,
      0.9973768628700872,
      2.0,
      0.10433449495448122,
      0.07249708946458384
    ],
    [
      0.010505977080422831,
      0.10025745601540295,
      0.23847188592208554,
      0.9573255484602454,
      2.0,
      0.06144449628360532,
      0.03649843189678134
    ],
    [
      0.013471770130042285,
      0.09255077327157583,
      0.19047228295195004,
      0.8988605478578943,
      2.0,
      0.14349868665269816,
      0.09370870573920144
    ],
    [
      0.040478191373585756,
      0.09121898382096487,
      0.2099826855386161,
      0.9468910013683768,
      2.0,
      0.03864537726965087,
      0.06151778937312516
    ],
    [
      0.01816007698787698,
      0.10217927638029196,
      0.18573415910756524,
      0.8740706238868775,
      2.0,
      0.07522572581733311,
      0.027626091547081788
    ],
    [
      0.007433926930042842,
      0.10909478103315756,
      0.1795465882203043,
      0.8353522822719973,
      1.0813135810892072,
      0.01222018491034643,
      0.08956102252493019
    ],
    [
      0.013757790955552289,
      0.11902794263574518,
      0.264806780949877,
      0.950536973570008,
      2.0,
      0.1103910650897807,
      0.06356936642442097
    ],
    [
      0.02847699671094645,
      0.10810746233041756,
      0.21900235178654953,
      0.9766875860142776,
      2.0,
      0.06408077913427415,
      0.045536258837935176
    ],
    [
      0.0479434157469112,
      0.10039645121748068,
      0.21803178445840785,
      0.9395919761199988,
      2.0,
      0.02686972161252229,
      0.055244076177975526
    ],
    [
      0.043658603689112695,
      0.0945392131491884,
      0.18037463980399496,
      0.8504597423150481,
      1.144416244651459,
      0.10529270732903415,
      0.037457823774746914
    ],
    [
      0.007195185134141799,
      0.09981266342210716,
      0.22385670085451043,
      0.9463825208487382,
      2.0,
      0.13253760263467554,
      0.06231482056457643
    ],
    [
      0.011706690514883326,
      0.09235541177928773,
      0.24514064342560865,
      0.9809320944248294,
      2.0,
      0.03303580756041179,
      0.12555657325344138
    ],
    [
      0.05377014053961548,
      0.11696710571479274,
      0.21924324151034874,
      0.908340678844592,
      1.2195720169256052,
      0.08526502269937392,
      0.06165288301633242
    ],
    [
      0.018713237284127496,
      0.11541070024975779,
      0.2289118929291798,
      0.9435506439803621,
      2.0,
      0.06235949174276556,
      0.10213339891167636
    ],
    [
      0.043926189230461536,
      0.08949734791790276,
      0.23390448440236342,
      0.9485400382684669,
      1.96235512878079,
      0.039644423036322284,
      0.06615327211423967
    ],
    [
      0.028228846827224707,
      0.09994732286915585,
      0.1956941134730117,
      0.9464428408755788,
      2.0,
      0.11048781075327617,
      0.06557741539649507
    ],
    [
      0.014533014336593906,
      0.0977219455307365,
      0.18470905225089798,
      0.7910577054623291,
      0.7757498828657993,
      0.10249586392715279,
      0.06746354320504735
    ],
    [
      0.017734062551959487,
      0.10064462109024172,
      0.21713864218215712,
      0.9762280579161524,
      2.0,
      0.026833732694506257,
      0.07629980852752757
    ],
    [
      0.061611990668680776,
      0.10073369759802926,
      0.18926063122580786,
      0.8850992177313252,
      1.3016010502775948,
      0.034422429972186766,
      0.05199387904019849
    ],
    [
      0.04107369889696651,
      0.12229031091792936,
      0.2129089249591691,
      0.8514662515016561,
      2.0,
      0.08506374326637092,
      0.023823997506147616
    ],
    [
      0.020541067702298202,
      0.10048143755538445,
      0.18942579427800468,
      0.8884491349490768,
      1.6153756175952787,
      0.053740778878262674,
      0.03323792851577168
    ],
    [
      0.02939414619184593,
      0.1011318449472684,
      0.21555151266697423,
