{
    "participantID": "hh",
    "modelType": "switchingFree_LapseFix_sharedPrior",
    "fittedParams": [
        0.0010007660064333124,
        0.11273784366694917,
        0.21746062145569856,
        0.03910470711307418,
        1.4055543019610335,
        0.9426093621379551
    ],
    "AIC": 1199.0758913475868,
    "BIC": 1223.1874506345641,
    "logLikelihood": -593.5379456737934,
    "n_conditions": 411
}