{
    "participantID": "hh",
    "modelType": "lognorm_LapseFree_sharedPrior",
    "fittedParams": [
        0.0010001052750820139,
        0.10928299969578481,
        0.2493397581844209,
        0.9562729134020629,
        1.429903605482726,
        0.03566837587162153,
        0.05868916946420466
    ],
    "AIC": 1196.437388337725,
    "BIC": 1224.5675408391987,
    "logLikelihood": -591.2186941688625,
    "n_conditions": 411
}