{
    "participantID": "hh",
    "modelType": "fusionOnlyLogNorm_LapseFree_sharedPrior",
    "fittedParams": [
        0.0010100464889052085,
        0.1095398809027246,
        0.27718655390825,
        1.7419534032600785,
        0.0010317400773899865,
        0.04025839939281867
    ],
    "AIC": 1200.1061544715744,
    "BIC": 1224.2177137585518,
    "logLikelihood": -594.0530772357872,
    "n_conditions": 411
}