{
    "participantID": "hh",
    "modelType": "probabilityMatchingLogNorm_LapseFree_sharedPrior",
    "fittedParams": [
        0.0010031791298650006,
        0.10980687145616852,
        0.273433337711552,
        1.8626444830971423e-10,
        1.5957572252525947,
        0.02447978952787816,
        0.06451993225216865
    ],
    "AIC": 1201.9804216604095,
    "BIC": 1230.1105741618833,
    "logLikelihood": -593.9902108302048,
    "n_conditions": 411
}