{
    "participantID": "oy",
    "modelType": "logLinearMismatch_LapseFree_sharedPrior",
    "fittedParams": [
        0.06475989087022033,
        0.2354256856116395,
        1.4103788810758096,
        0.9481239683725955,
        0.505135790260239,
        0.1289311399822783,
        0.10303951713333699
    ],
    "AIC": 2336.589902779109,
    "BIC": 2354.642823222758,
    "logLikelihood": -1164.2949513895544,
    "n_conditions": 674
}