{
  "participantID": "ml",
  "modelType": "lognorm",
  "true_params": [
    0.21438643143279304,
    0.45282259274393216,
    0.5017308785021144,
    0.789761092337249,
    1.0694440229838584,
    0.059006849287473684,
    0.08144664627566071
  ],
  "recovered_params_mean": [
    0.2482610110885881,
    0.45960439252656277,
    0.41285135663471856,
    0.7141063699802075,
    1.303282452354718,
    0.10361003668567764,
    0.11665128544544409
  ],
  "recovered_params_std": [
    0.07431833389183298,
    0.11458638717570636,
    0.1350996759427961,
    0.1690413858160924,
    0.43670073455822095,
    0.07090045658982629,
    0.052969323967352495
  ],
  "recovered_params_median": [
    0.250018344578356,
    0.434120258166677,
    0.43109596061189853,
    0.7229646903591366,
    1.1568167118445583,
    0.09068261747727219,
    0.1235838743198474
  ],
  "n_successful": 50,
  "n_attempted": 50,
  "all_recovered_params": [
    [
      0.17009977288160621,
      0.5328747765954652,
      0.5624943860528543,
      0.7375893825895555,
      1.1868497879213051,
      0.020580092483206077,
      0.13611783594676904
    ],
    [
      0.16639614401555683,
      0.4840159262329665,
      0.11768121579143678,
      0.2782130980967319,
      0.7460478192765615,
      0.08700294122480565,
      0.18217711238495587
    ],
    [
      0.23171965971554975,
      0.518954900321171,
      0.42946827475837174,
      0.7188111157460431,
      1.902400542286055,
      0.07695316691100682,
      0.03878715081386732
    ],
    [
      0.1988081360340274,
      0.4666310922157529,
      0.46323592933532987,
      0.6483003797748554,
      1.0322503072299463,
      0.016566508808228325,
      0.1377558706103637
    ],
    [
      0.2677162689794856,
      0.3369812117138805,
      0.34866254036142746,
      0.7307759880325007,
      0.8519675900327988,
      0.216372240782584,
      0.2130162588030652
    ],
    [
      0.1776193288839142,
      0.4438304074777415,
      0.42874862887938575,
      0.7869640884568458,
      2.0,
      0.010094500173523587,
      0.1522989830054984
    ],
    [
      0.17485882368679936,
      0.4848716683546001,
      0.46477890554730905,
      0.7086153779499943,
      2.0,
      0.08129139847608416,
      0.1064814905820552
    ],
    [
      0.16663848917704752,
      0.4192986906942284,
      0.4513886195405785,
      0.7822793586410147,
      1.6384367833476912,
      0.0052165809049322664,
      0.11961473040111205
    ],
    [
      0.1718155151814279,
      0.566009574646017,
      0.5958192378282934,
      0.7580979648306401,
      1.8515673174114622,
      0.035668556030563334,
      0.032708547524624466
    ],
    [
      0.3747844128758721,
      0.33955600241767,
      0.3161881828198712,
      0.6695529472283607,
      0.8444035449079764,
      0.1990044463611375,
      0.18244742327051772
    ],
    [
      0.3816972875775793,
      0.3359479476739119,
      0.3302298156570505,
      0.6367482263237386,
      0.7994720462778587,
      0.2625442254136744,
      0.16557574157943628
    ],
    [
      0.22901472631952846,
      0.9737533590524747,
      0.18095484759598662,
      0.45834654375794565,
      1.2858273052977076,
      0.03951504135247993,
      0.11339674974546117
    ],
    [
      0.26171943542172876,
      0.4174976031738914,
      0.3056551441675346,
      0.543972036402728,
      1.1267836357678114,
      0.11378540640275986,
      0.12800096590891674
    ],
    [
      0.2763057876877842,
      0.47248802748174884,
      0.3256483035285588,
      0.6796504192183205,
      1.1031946668205233,
      0.06218607877143611,
      0.17278452188868998
    ],
    [
      0.15244157865167118,
      0.4299583147472474,
      0.6203000533842338,
      0.9175610758591202,
      1.944133263357361,
      0.09814657079696026,
      0.07550720269888993
    ],
    [
      0.2311521778851242,
      0.5172748767064334,
      0.3644280731106338,
      0.6591510635403749,
      1.0224748254430813,
      0.011576889604250823,
      0.008196880177771218
    ],
    [
      0.21368295649106617,
      0.5013260179844494,
      0.33943246065870564,
      0.5439361022880114,
      0.8201163059974237,
      0.14615264167517653,
      0.1249659696717022
    ],
    [
      0.287999272490772,
      0.3716346105177796,
      0.38727440266426544,
      0.6278834190338863,
      1.420707990413299,
      0.0816619931848728,
      0.09544643105273881
    ],
    [
      0.23238183325252124,
      0.5957649073869703,
      0.0981268261345209,
      0.34217377783214414,
      1.1151496574277182,
      0.060395533559628886,
      0.04921596827150211
    ],
    [
      0.28476724487244987,
      0.4260394128368971,
      0.5706785657376705,
      0.8301901112611985,
      0.9019076956157361,
      0.04826342270802429,
      0.06492852404594257
    ],
    [
      0.1627567393347333,
      0.5460904090115304,
      0.4137178749448338,
      0.6637355266554466,
      1.700129851776412,
      0.03138868928369137,
      0.09472624466125473
    ],
    [
      0.19341895797042985,
      0.37330524244281277,
      0.48106768483273843,
      0.7008541159212084,
      1.3103800503622767,
      0.06121388267056136,
      0.146071559829801
    ],
    [
      0.20615113299586635,
      0.4313575257555324,
      0.6405901218985323,
      0.9862340650136527,
      0.9738262929430426,
      0.14724008357471122,
      0.08648410306094058
    ],
    [
      0.2844835890925079,
      0.4897827383450001,
      0.47482090569587687,
      0.7140464968803238,
      1.0141429581433499,
      0.14841404866500324,
      0.12907304223121827
    ],
    [
      0.3225282846013407,
      0.6843350133583441,
      0.20484407297681784,
      0.45434964664316674,
      1.2217696026651617,
      0.09639463475308042,
      0.07996634832483371
    ],
    [
      0.24851938686769803,
      0.38765384947020154,
      0.39340773138441343,
      0.7152892042053304,
      0.708636963849182,
      0.15008791824032539,
      0.12250672714296526
    ],
    [
      0.2592983774293596,
      0.49464903637813523,
      0.4470008572094459,
      0.7255425927709366,
      1.4761603367439093,
      0.02872237865887716,
      0.09938029185810825
    ],
    [
      0.30645405620671456,
      0.37239378260823386,
      0.44588465785848386,
      0.8682861105893509,
      2.0,
      0.030361374744296024,
      0.1469873910584966
    ],
    [
      0.17912954629491173,
      0.44572622804456014,
      0.5432088914117154,
      0.8793583538340289,
      2.0,
      0.07780858138640412,
      0.05913744049178837
    ],
    [
      0.4,
      0.330833627828116,
      0.3895461053380303,
      0.9552742693665206,
      0.8257745699749421,
      0.19428131295181422,
      0.2411082430801843
    ],
    [
      0.18570095542047493,
      0.39261617925012976,
      0.5888311861091642,
      0.9961848463431426,
      1.0042945208395444,
      0.07994459161463663,
      0.1657944101139377
    ],
    [
      0.32807545215847056,
      0.3762565802735578,
      0.4656149207390927,
      0.8910234268619466,
      1.9016334966576829,
      0.1372958774943619,
      0.07966554138174006
    ],
    [
      0.15842183758243256,
      0.4310411183866305,
      0.5804920246715702,
      0.8288939254966442,
      1.0366291701308372,
      0.034668289089492675,
      0.12466102149672953
    ],
    [
      0.1599039978108068,
      0.6597941796083254,
      0.043465241461124605,
      0.2562953685455337,
      0.7495089166647557,
      0.1870000006067893,
      0.02584683636541654
    ],
    [
      0.1817295440492231,
      0.462869580932356,
      0.4327236464654253,
      0.7203867879473366,
      1.5955463233320661,
      0.015366134199907905,
      0.08106761888053968
    ],
    [
      0.4,
      0.30185602354163477,
      0.25663235120594025,
      0.6539469350968292,
      1.0847544570540852,
      0.2169969485212639,
      0.18296401399141793
    ],
    [
      0.16870827868566074,
      0.4264452678942948,
