{
    "participantID": "ln",
    "model_type": "lognorm_LapseFree_sharedPrior",
    "simulated_file": "simulated_data/ln/ln_lognorm_LapseFree_sharedPrior_simulated.csv",
    "n_params": 42,
    "n_conditions": 478,
    "n_trials": 59550,
    "parameters": [
        0.11964243011440781,
        -0.023050635809564773,
        0.25210462218993557,
        0.01962952293034676,
        0.012006034566163979,
        0.27914307310120823,
        0.06457968495587493,
        0.003151772190823577,
        0.2630381860381748,
        0.017286590863869956,
        0.031440940377842286,
        0.2641707647869786,
        0.07719354494393775,
        0.025089194817215103,
        0.27793723306842244,
        0.04519380606396384,
        0.035287349472079343,
        0.2681446968396081,
        0.04118049064979702,
        0.03699991100676189,
        0.2584214873505673,
        0.09292245091345476,
        -0.07437170434937254,
        0.563819750807854,
        0.15588124620750138,
        -0.05185047113140945,
        0.4577310626489905,
        0.0,
        -0.013507520577853057,
        0.5775503983616147,
        0.12247211244312493,
        0.037504697309532146,
        0.47998925251129865,
        0.0,
        0.09652126308241317,
        0.6937043497163577,
        0.0,
        0.12636552854488567,
        0.6434071746069167,
        0.06598202265238723,
        0.1258392585869388,
        0.6079894571855478
    ],
    "log_likelihood": -32578.85462401119,
    "AIC": 65241.70924802238,
    "BIC": 65416.83289878702,
    "success": true,
    "message": "CONVERGENCE: RELATIVE REDUCTION OF F <= FACTR*EPSMCH",
    "uniqueSensory": [
        0.1,
        1.2
    ],
    "uniqueStandard": [
        0.5
    ],
    "uniqueConflict": [
        -0.25,
        -0.17,
        -0.08,
        0.0,
        0.08,
        0.17,
        0.25
    ],
    "nStart": 1
}