{
    "participantID": "ln",
    "model_type": "lognorm_LapseFree_sharedPrior",
    "simulated_file": "simulated_data/ln/ln_lognorm_LapseFree_sharedPrior_simulated.csv",
    "n_params": 42,
    "n_conditions": 478,
    "n_trials": 59550,
    "parameters": [
        0.25,
        -1.0,
        0.11770032751174855,
        0.25,
        -1.0,
        0.4955667901626426,
        0.25,
        -1.0,
        1.356701040230341,
        0.25,
        -1.0,
        0.423000133398671,
        0.25,
        -1.0,
        0.3866198955901214,
        0.25,
        -1.0,
        2.0,
        0.25,
        -1.0,
        0.551143690432202,
        0.25,
        -1.0,
        0.7905909526751858,
        0.25,
        -1.0,
        1.134515340973117,
        0.25,
        -1.0,
        2.0,
        0.25,
        -1.0,
        1.2343469115283734,
        0.25,
        -1.0,
        2.0,
        0.25,
        -1.0,
        2.0,
        0.25,
        -1.0,
        2.0
    ],
    "log_likelihood": -38623.68579754645,
    "AIC": 77331.3715950929,
    "BIC": 77506.49524585754,
    "success": true,
    "message": "CONVERGENCE: REL_REDUCTION_OF_F_<=_FACTR*EPSMCH",
    "uniqueSensory": [
        0.1,
        1.2
    ],
    "uniqueStandard": [
        0.5
    ],
    "uniqueConflict": [
        -0.25,
        -0.17,
        -0.08,
        0.0,
        0.08,
        0.17,
        0.25
    ],
    "nStart": 1
}