{
    "participantID": "LN01",
    "model_type": "lognorm_LapseFree_sharedPrior",
    "simulated_file": "simulated_data/LN01/LN01_lognorm_LapseFree_sharedPrior_simulated.csv",
    "n_params": 42,
    "n_conditions": 325,
    "n_trials": 30390,
    "parameters": [
        0.08485364492947364,
        -0.10338461791738077,
        0.41021411429796883,
        0.04722168805288919,
        -0.0654439784022223,
        0.48507349307601927,
        0.0,
        -0.013027671149664322,
        0.5606645495892216,
        0.0,
        0.08103803570498426,
        0.5016373386830361,
        0.11480812807457715,
        0.07756059092586913,
        0.38637971403098853,
        0.0,
        0.1392188047544688,
        0.5910489087829813,
        0.0,
        0.1787771050539409,
        0.48521226421199,
        0.1291750578078095,
        -0.42014069495612716,
        0.6415109282974165,
        0.25,
        -0.22734034554369772,
        0.7156437813280223,
        0.1467640160482901,
        -0.03480433720455239,
        0.7368078466884832,
        0.0,
        0.10574055038498488,
        0.8223715332791888,
        0.0,
        0.239886653493569,
        0.931729876199002,
        0.0,
        0.35887221476903725,
        1.1376114273541698,
        0.005788093599430421,
        0.4339027154032695,
        1.0005923636897158
    ],
    "log_likelihood": -17214.596184638693,
    "AIC": 34513.192369277385,
    "BIC": 34672.113026935236,
    "success": true,
    "message": "CONVERGENCE: RELATIVE REDUCTION OF F <= FACTR*EPSMCH",
    "uniqueSensory": [
        0.1,
        1.2
    ],
    "uniqueStandard": [
        0.5
    ],
    "uniqueConflict": [
        -0.25,
        -0.17,
        -0.08,
        0.0,
        0.08,
        0.17,
        0.25
    ],
    "nStart": 1
}