{
    "participantID": "LN01",
    "model_type": "lognorm_LapseFree_sharedPrior",
    "simulated_file": "simulated_data/LN01/LN01_lognorm_LapseFree_sharedPrior_simulated.csv",
    "n_params": 42,
    "n_conditions": 325,
    "n_trials": 30390,
    "parameters": [
        0.25,
        -1.0,
        0.9328525261347929,
        0.25,
        -1.0,
        0.01,
        0.25,
        -1.0,
        0.6551318435411739,
        0.25,
        -1.0,
        0.8691921204203877,
        0.25,
        -1.0,
        1.3689692643873612,
        0.25,
        -0.9639564318736865,
        1.004053853771476,
        0.25,
        -1.0,
        1.0785787016461104,
        0.25,
        -1.0,
        0.8206943388401333,
        0.25,
        -1.0,
        0.9929861891919338,
        0.25,
        -1.0,
        1.2302482373625074,
        0.25,
        -0.9139996239737762,
        1.3711718749922295,
        0.25,
        -0.9627663934944919,
        2.0,
        0.25,
        -0.3533170980289227,
        2.0,
        0.25,
        -0.14048332083281279,
        1.469676890142267
    ],
    "log_likelihood": -20125.232623677373,
    "AIC": 40334.46524735475,
    "BIC": 40493.3859050126,
    "success": true,
    "message": "CONVERGENCE: REL_REDUCTION_OF_F_<=_FACTR*EPSMCH",
    "uniqueSensory": [
        0.1,
        1.2
    ],
    "uniqueStandard": [
        0.5
    ],
    "uniqueConflict": [
        -0.25,
        -0.17,
        -0.08,
        0.0,
        0.08,
        0.17,
        0.25
    ],
    "nStart": 1
}