{
    "participantID": "ln",
    "modelType": "gaussian_LapseFree_contextualPrior",
    "fittedParams": [
        0.017631597153916795,
        0.10000007303037362,
        0.3014361538363573,
        0.9989986911248833,
        0.24124015298009904,
        7.419931762064902e-08,
        0.0928448910605141,
        0.2578864632494198
    ],
    "AIC": 2184.3286827312613,
    "BIC": 2217.718971562477,
    "logLikelihood": -1084.1643413656307,
    "n_conditions": 480
}