{
    "participantID": "ln",
    "modelType": "lognorm",
    "fittedParams": [
        0.017670845477005065,
        0.19882696050659432,
        0.8049435015670314,
        0.5529457589113856,
        0.5358937209489523,
        0.8049435015670314
    ],
    "AIC": 2170.78581579174,
    "BIC": 2195.8285324151516,
    "logLikelihood": -1079.39290789587,
    "n_conditions": 480
}