{
    "participantID": "ln",
    "modelType": "lognorm_LapseFree_sharedPrior",
    "fittedParams": [
        0.02345007776057173,
        0.194407294919074,
        0.6985849860189772,
        0.4862419546260571,
        0.501754589129705,
        0.030415874255122655,
        0.07643296563357584,
        0.2722141884296434,
        1.4029547087269023
    ],
    "AIC": 2176.303029582414,
    "BIC": 2213.8671045175315,
    "logLikelihood": -1079.151514791207,
    "n_conditions": 480
}