{
    "participantID": "ln",
    "modelType": "logLinearMismatch",
    "fittedParams": [
        0.017183727622032186,
        0.19311008691787718,
        0.9994099932909011,
        0.4194280523717404,
        0.5020876216888428,
        0.9994099932909011
    ],
    "AIC": 2165.143662963217,
    "BIC": 2190.186379586629,
    "logLikelihood": -1076.5718314816086,
    "n_conditions": 480
}