{
    "participantID": "sx",
    "modelType": "logLinearMismatch_LapseFree_sharedPrior",
    "fittedParams": [
        0.004089603181311568,
        0.24673807644906276,
        0.6089633192103499,
        0.9814600814272277,
        0.6241188349324437,
        0.02635800596529487,
        0.3140789492550145
    ],
    "AIC": 2277.569023680526,
    "BIC": 2294.7941248283178,
    "logLikelihood": -1134.784511840263,
    "n_conditions": 548
}