{
    "participantID": "sx",
    "modelType": "lognorm_LapseFree_sharedPrior",
    "fittedParams": [
        0.026005816900730117,
        0.17447016703405704,
        0.43060209250750653,
        0.999998164176941,
        0.44131866044697843,
        0.1466908231317997,
        0.34172422582507134
    ],
    "AIC": 2230.7308242364147,
    "BIC": 2247.9559253842067,
    "logLikelihood": -1111.3654121182074,
    "n_conditions": 548
}