{
    "participantID": "sx",
    "modelType": "probabilityMatchingLogNorm_LapseFree_sharedPrior",
    "fittedParams": [
        0.029704431816817284,
        0.17447016703405704,
        0.43060209250750653,
        5.35510474852785e-09,
        0.44131866044697843,
        0.1612823690679008,
        0.32976740907607094
    ],
    "AIC": 2230.5374511812474,
    "BIC": 2247.7625523290394,
    "logLikelihood": -1111.2687255906237,
    "n_conditions": 548
}