{
    "participantID": "sx",
    "modelType": "switchingFree_LapseFree_sharedPrior",
    "fittedParams": [
        0.0010483635902404642,
        0.17447016703405704,
        0.43060209250750653,
        0.547182273864746,
        0.44131866044697843,
        0.0010000761032104288,
        0.008377559375762927,
        0.9999714851379395
    ],
    "AIC": 2159.315613287156,
    "BIC": 2180.846989721896,
    "logLikelihood": -1074.657806643578,
    "n_conditions": 548
}