,standardDur,audNoise,order,preDur,postDur,isiDur,trial_num,totalDur,delta_dur_percents,deltaDurS,testDurS,intensities,current_stair,responses,is_correct,response_rts,stair_num_reversal,stair_is_reversal,response_keys,conflictDur,recordedOnsetVisualTest,recordedOffsetVisualTest,recordedDurVisualTest,recordedOnsetVisualStandard,recordedOffsetVisualStandard,recordedDurVisualStandard,modalityCue,VisualPSE
0,0.50024,1.2,1,0.36684,0.52525,1.00882,0,2.42616,-0.95,-0.47523,0.02501,5,1D2U,1.0,False,2.047,0,False,left,0.45022,0.2216,0.5299,0.3082,1.1718,2.4051,1.2333,A,0.2795
1,0.50024,1.2,2,0.43354,0.35017,0.53359,1,1.84255,-0.95,-0.47523,0.02501,5,2D1U,1.0,True,1.141,0,False,left,-0.45022,1.2379,1.5463,0.3083,0.5129,0.8459,0.333,A,0.2795
2,0.50024,0.1,2,0.37518,0.52525,1.33397,2,2.75965,-0.95,-0.47523,0.02501,5,1D2U,1.0,True,0.259,0,False,left,0.45022,2.4294,2.7375,0.3081,0.0042,1.2375,1.2333,A,0.2835
3,0.50024,0.1,2,0.24178,0.24178,0.50858,3,1.60077,-0.79,-0.39185,0.10839,5,2D1U,1.0,True,0.983,0,False,left,-0.45022,1.024,1.4157,0.3917,0.3239,0.6576,0.3337,A,0.2835
4,0.50024,0.1,1,0.30848,0.39185,1.19224,4,2.41782,-0.95,-0.47523,0.02501,5,lapse_rate,2.0,True,0.184,0,False,right,0.45022,0.1633,0.4719,0.3086,1.2969,2.5387,1.2419,A,0.2835
5,0.50024,1.2,2,0.20843,0.39185,0.78371,5,2.06765,-0.63,-0.31682,0.18342,5,2D1U,1.0,True,0.458,0,False,left,-0.45022,1.2617,1.7289,0.4672,0.2868,0.6202,0.3334,A,0.2795
6,0.50024,1.2,1,0.36684,0.32516,1.03383,6,2.25108,-0.95,-0.47523,0.02501,5,1D2U,2.0,True,0.266,0,False,right,0.45022,0.2234,0.5317,0.3083,1.1986,2.4319,1.2333,A,0.2795
7,0.50024,1.2,2,0.31682,0.37518,0.76704,7,2.90974,0.9,0.45022,0.95046,5,lapse_rate,2.0,True,0.625,0,False,right,-0.45022,1.3606,2.5936,1.233,0.402,0.7353,0.3334,A,0.2795
8,0.50024,0.1,2,0.40019,0.40019,0.45022,8,1.77585,-0.95,-0.47523,0.02501,5,lapse_rate,1.0,True,0.158,0,False,left,0.45022,1.5712,1.8795,0.3083,0.0297,1.263,1.2333,A,0.2835
9,0.50024,0.1,1,0.34183,0.44188,0.73369,9,2.08434,-0.87,-0.43354,0.0667,5,1D2U,2.0,True,0.575,1,True,right,-0.45022,0.1948,0.5457,0.3509,1.3617,1.6951,0.3334,A,0.2835
10,0.50024,0.1,1,0.4252,0.57528,1.33397,10,3.10148,-0.47,-0.23345,0.26679,5,2D1U,2.0,True,0.342,0,False,right,0.45022,0.2859,0.8365,0.5507,1.8026,3.0361,1.2335,A,0.2835
11,0.50024,1.2,1,0.41687,0.25012,0.76704,11,2.00097,-0.87,-0.43354,0.0667,5,1D2U,2.0,True,0.741,1,True,right,-0.45022,0.2717,0.6215,0.3498,1.4713,1.8047,0.3334,A,0.2795
12,0.50024,1.2,1,0.50858,0.4252,1.33397,12,3.10982,-0.31,-0.15841,0.34183,5,2D1U,2.0,True,0.774,0,False,right,0.45022,0.3654,0.9905,0.6251,1.9567,3.1899,1.2332,A,0.2795
13,0.50024,0.1,2,0.4252,0.30014,0.60863,13,1.85922,-0.95,-0.47523,0.02501,5,lapse_rate,1.0,True,0.574,0,False,left,-0.45022,1.3104,1.6186,0.3083,0.5103,0.8437,0.3335,A,0.2835
14,0.50024,0.1,2,0.48357,0.52525,1.14222,14,3.60174,0.9,0.45022,0.95046,5,lapse_rate,2.0,True,0.191,0,False,right,0.45022,2.35,3.5829,1.2329,0.1167,1.35,1.2333,A,0.2835
15,0.50024,0.1,1,0.37518,0.27513,0.84207,15,2.10101,-0.79,-0.39185,0.10839,5,1D2U,2.0,True,0.725,1,False,right,-0.45022,0.2367,0.6279,0.3912,1.553,1.8858,0.3329,A,0.2835
16,0.50024,0.1,2,0.5586,0.35017,0.88376,16,2.71797,-0.15,-0.07504,0.4252,5,2D1U,1.0,True,0.533,0,False,left,0.45022,2.1655,2.8823,0.7168,0.1909,1.4237,1.2328,A,0.2835
17,0.50024,1.2,1,0.27513,0.39185,0.5586,17,1.83421,-0.79,-0.39185,0.10839,5,1D2U,2.0,True,0.583,1,False,right,-0.45022,0.1348,0.5266,0.3917,1.1684,1.5016,0.3332,A,0.2795
18,0.50024,1.2,1,0.40853,0.41687,0.6253,18,2.45952,0.01,0.00834,0.50858,5,2D1U,2.0,False,0.392,0,False,right,0.45022,0.2635,1.0553,0.7918,1.3139,2.5552,1.2414,A,0.2795
19,0.50024,1.2,2,0.30848,0.40019,0.47523,19,2.6346,0.9,0.45022,0.95046,5,lapse_rate,1.0,False,0.509,0,False,left,-0.45022,1.0583,2.2917,1.2333,0.3916,0.7252,0.3336,A,0.2795
20,0.50024,0.1,1,0.44188,0.38352,0.85041,20,2.31778,-0.71,-0.35851,0.14173,5,1D2U,2.0,True,0.292,1,False,right,0.45022,0.2984,0.7232,0.4248,1.2064,2.4402,1.2337,A,0.2835
21,0.50024,0.1,1,0.20843,0.37518,0.44188,21,2.10934,0.17,0.08337,0.58361,5,2D1U,2.0,False,0.667,0,False,right,-0.45022,0.0647,0.9309,0.8663,1.4563,1.7899,0.3336,A,0.2835
22,0.50024,1.2,2,0.38352,0.56694,0.85875,22,2.33446,-0.95,-0.47523,0.02501,5,lapse_rate,1.0,True,0.217,0,False,left,0.45022,1.9659,2.2738,0.308,0.016,1.2491,1.2331,A,0.2795
23,0.50024,1.2,1,0.21677,0.37518,0.87542,23,2.10934,-0.71,-0.35851,0.14173,5,1D2U,2.0,True,0.625,1,False,right,-0.45022,0.0776,0.5026,0.425,1.4607,1.7946,0.3339,A,0.2795
24,0.50024,1.2,1,0.36684,0.36684,0.66699,24,2.5679,0.33,0.16675,0.66699,5,2D1U,1.0,True,0.516,0,False,left,0.45022,0.2242,1.1746,0.9504,1.4745,2.7159,1.2414,A,0.2795
25,0.50024,1.2,1,0.38352,0.44188,0.60029,25,2.87639,0.9,0.45022,0.95046,5,lapse_rate,1.0,True,0.725,0,False,left,-0.45022,0.2438,1.4771,1.2333,2.1602,2.494,0.3338,A,0.2795
26,0.50024,1.2,1,0.48357,0.4252,0.94212,26,2.37614,-0.95,-0.47523,0.02501,5,lapse_rate,2.0,True,0.113,0,False,right,0.45022,0.344,0.6523,0.3083,1.2272,2.4606,1.2333,A,0.2795
27,0.50024,0.1,2,0.21677,0.20843,0.44188,27,1.55074,-0.63,-0.31682,0.18342,5,1D2U,1.0,True,0.499,1,False,left,-0.45022,0.9324,1.3987,0.4663,0.2985,0.6318,0.3333,A,0.2835
28,0.50024,0.1,2,0.35851,0.66699,0.99214,28,3.18487,0.33,0.16675,0.66699,5,2D1U,2.0,True,0.466,0,False,right,0.45022,2.0743,3.0239,0.9497,999,1.2242,-997.7758,A,0.2835
29,0.50024,1.2,2,0.45022,0.43354,0.55026,29,1.95927,-0.95,-0.47523,0.02501,5,lapse_rate,1.0,True,0.541,0,False,left,-0.45022,1.2708,1.5787,0.3079,0.5283,0.862,0.3337,A,0.2795
30,0.50024,1.2,2,0.55026,0.37518,0.90043,30,2.50953,-0.63,-0.31682,0.18342,5,1D2U,1.0,True,0.5,1,False,left,0.45022,2.1738,2.6482,0.4744,0.1814,1.4145,1.2331,A,0.2795
31,0.50024,1.2,2,0.34183,0.20843,0.60863,31,2.28443,0.25,0.12506,0.6253,5,2D1U,2.0,True,0.617,1,True,right,-0.45022,1.2234,2.1317,0.9083,0.424,0.7568,0.3327,A,0.2795
32,0.50024,0.1,2,0.6253,0.38352,1.29229,32,3.42665,0.25,0.12506,0.6253,5,2D1U,2.0,True,0.441,1,True,right,0.45022,2.6394,3.5558,0.9165,0.2559,1.4892,1.2333,A,0.2835
33,0.50024,0.1,1,0.23345,0.44188,0.67532,33,2.076,-0.55,-0.27513,0.22511,5,1D2U,2.0,True,0.55,1,False,right,-0.45022,0.0923,0.6001,0.5078,1.3584,1.6918,0.3334,A,0.2835
34,0.50024,0.1,1,0.60029,0.46689,1.04217,34,3.56005,0.9,0.45022,0.95046,5,lapse_rate,1.0,True,0.441,0,False,left,0.45022,0.46,1.6931,1.2331,2.3684,3.6016,1.2331,A,0.2835
35,0.50024,1.2,1,0.25846,0.28347,0.81706,35,2.08434,-0.55,-0.27513,0.22511,5,1D2U,1.0,False,0.508,1,False,left,-0.45022,0.116,0.624,0.5081,1.5242,1.8572,0.333,A,0.2795
36,0.50024,0.1,2,0.30848,0.63364,1.30063,36,2.768,-0.95,-0.47523,0.02501,5,lapse_rate,1.0,True,0.533,0,False,left,0.45022,2.3309,2.6395,0.3086,999,1.1727,-997.8273,A,0.2835
37,0.50024,1.2,2,0.31682,0.40853,0.50024,37,2.30944,0.17,0.08337,0.58361,5,2D1U,2.0,True,0.658,1,False,right,-0.45022,1.0937,1.9607,0.867,0.4024,0.7358,0.3334,A,0.2795
38,0.50024,0.1,2,0.57528,0.48357,0.66699,38,2.80969,0.17,0.08337,0.58361,5,2D1U,2.0,True,0.266,1,False,right,0.45022,1.9692,2.8442,0.875,0.2112,1.4441,1.2329,A,0.2835
39,0.50024,0.1,2,0.28347,0.35017,0.86708,39,2.20939,-0.59,-0.29181,0.20843,5,1D2U,1.0,True,0.883,2,True,left,-0.45022,1.427,1.9187,0.4918,0.3683,0.7018,0.3335,A,0.2835
40,0.50024,1.2,1,0.48357,0.34183,1.34231,40,2.69296,-0.95,-0.47523,0.02501,5,lapse_rate,2.0,True,0.517,0,False,right,0.45022,0.3406,0.6489,0.3083,1.624,2.8574,1.2334,A,0.2795
41,0.50024,0.1,2,0.30848,0.28347,0.45855,41,1.57575,-0.95,-0.47523,0.02501,5,lapse_rate,1.0,True,0.516,0,False,left,-0.45022,1.0408,1.3493,0.3085,0.3914,0.7242,0.3327,A,0.2835
42,0.50024,1.2,1,0.61696,0.40853,1.20891,42,2.94307,-0.59,-0.29181,0.20843,5,1D2U,2.0,True,0.692,2,True,right,0.45022,0.4748,0.9662,0.4914,1.8075,3.0411,1.2336,A,0.2795
43,0.50024,1.2,2,0.35851,0.38352,0.57528,43,2.35948,0.09,0.04169,0.54193,5,2D1U,2.0,True,0.85,1,False,right,-0.45022,1.2076,2.0323,0.8247,0.4409,0.7742,0.3333,A,0.2795
44,0.50024,0.1,2,0.34183,0.31682,0.78371,44,2.48453,0.09,0.04169,0.54193,5,2D1U,1.0,False,2.117,1,False,left,0.45022,1.8488,2.6741,0.8253,999,1.2069,-997.7931,A,0.2835
45,0.50024,0.1,1,0.36684,0.24178,0.79205,45,2.12602,-0.55,-0.27513,0.22511,5,1D2U,2.0,True,1.774,3,True,right,-0.45022,0.2226,0.731,0.5084,1.6062,1.9392,0.333,A,0.2835
46,0.50024,1.2,2,0.37518,0.61696,0.74202,46,3.18486,0.9,0.45022,0.95046,5,lapse_rate,2.0,True,0.408,0,False,right,0.45022,1.8394,3.0728,1.2333,0.0055,1.2395,1.234,A,0.2795
47,0.50024,1.2,1,0.24178,0.36684,0.65031,47,2.32611,0.13,0.0667,0.56694,5,2D1U,1.0,True,0.534,2,True,left,-0.45022,0.1015,0.9517,0.8502,1.685,2.0181,0.333,A,0.2795
48,0.50024,1.2,1,0.56694,0.38352,0.68366,48,2.35947,-0.55,-0.27513,0.22511,5,1D2U,2.0,True,0.383,3,True,right,0.45022,0.423,0.931,0.508,1.2476,2.4893,1.2416,A,0.2795
49,0.50024,0.1,2,0.22511,0.23345,0.43354,49,1.41735,-0.95,-0.47523,0.02501,5,lapse_rate,1.0,True,0.667,0,False,left,-0.45022,0.9299,1.2389,0.309,0.3049,0.6383,0.3333,A,0.2835
50,0.50024,0.1,1,0.61696,0.54193,0.99214,50,3.21821,0.13,0.0667,0.56694,5,2D1U,2.0,False,0.391,2,True,right,0.45022,0.472,1.3211,0.8492,1.9463,3.1794,1.233,A,0.2835
51,0.50024,0.1,2,0.30848,0.41687,0.50858,51,1.75918,-0.95,-0.47523,0.02501,5,lapse_rate,1.0,True,0.725,0,False,left,-0.45022,1.0902,1.3984,0.3081,0.3896,0.7231,0.3335,A,0.2835
52,0.50024,0.1,2,0.67532,0.39185,0.96713,52,2.77632,-0.51,-0.25846,0.24178,5,1D2U,2.0,False,0.483,3,False,right,0.45022,2.3611,2.8862,0.5251,0.3028,1.5366,1.2338,A,0.2835
53,0.50024,1.2,2,0.35851,0.25846,0.83373,53,2.53455,0.17,0.08337,0.58361,5,2D1U,2.0,True,0.708,2,False,right,-0.45022,1.4636,2.3305,0.8669,0.4386,0.7718,0.3332,A,0.2795
54,0.50024,0.1,1,0.50858,0.65031,1.25894,54,3.86853,0.9,0.45022,0.95046,5,lapse_rate,1.0,True,0.499,0,False,left,0.45022,0.3687,1.602,1.2334,2.4935,3.7274,1.2339,A,0.2835
55,0.50024,1.2,1,0.23345,0.24178,0.78371,55,1.98429,-0.55,-0.27513,0.22511,5,1D2U,1.0,False,0.583,4,True,left,-0.45022,0.0938,0.6024,0.5086,1.4693,1.8024,0.3331,A,0.2795
56,0.50024,0.1,2,0.46689,0.57528,1.08385,56,3.57672,0.9,0.45022,0.95046,5,lapse_rate,2.0,True,0.392,0,False,right,0.45022,2.2725,3.5058,1.2333,0.0973,1.3314,1.2341,A,0.2835
57,0.50024,0.1,2,0.39185,0.30848,0.53359,57,1.94259,-0.59,-0.29181,0.20843,5,1D2U,1.0,True,0.591,4,False,left,-0.45022,1.1982,1.69,0.4918,0.4732,0.8068,0.3337,A,0.2835
58,0.50024,0.1,2,0.56694,0.4919,1.30063,58,3.44332,0.17,0.08337,0.58361,5,2D1U,2.0,True,0.4,2,False,right,0.45022,2.594,3.4653,0.8713,0.2022,1.4356,1.2334,A,0.2835
59,0.50024,1.2,2,0.29181,0.28347,0.5586,59,1.84255,-0.59,-0.29181,0.20843,5,1D2U,1.0,True,0.516,4,False,left,-0.45022,1.1236,1.6151,0.4915,0.3733,0.7072,0.3339,A,0.2795
60,0.50024,1.2,1,0.39185,0.38352,1.12554,60,2.42616,-0.95,-0.47523,0.02501,5,lapse_rate,2.0,True,0.525,0,False,right,0.45022,0.2502,0.558,0.3078,1.3164,2.5584,1.242,A,0.2795
61,0.50024,1.2,1,0.27513,0.35851,0.81706,61,2.51788,0.13,0.0667,0.56694,5,2D1U,1.0,True,0.542,3,True,left,-0.45022,0.1308,0.981,0.8503,1.8805,2.2141,0.3337,A,0.2795
62,0.50024,0.1,1,0.53359,0.60029,0.8254,62,3.02646,0.13,0.0667,0.56694,5,2D1U,1.0,True,0.417,3,True,left,0.45022,0.3894,1.2396,0.8502,1.6977,2.931,1.2333,A,0.2835
63,0.50024,0.1,2,0.20843,0.32516,0.72535,63,1.98429,-0.55,-0.27513,0.22511,5,1D2U,1.0,True,0.55,5,True,left,-0.45022,1.2044,1.7124,0.508,0.2876,0.6212,0.3336,A,0.2835
64,0.50024,1.2,2,0.58361,0.48357,0.90877,64,2.5012,-0.95,-0.47523,0.02501,5,lapse_rate,1.0,True,0.483,0,False,left,0.45022,2.2124,2.521,0.3086,0.2123,1.4461,1.2338,A,0.2795
65,0.50024,1.2,1,0.40019,0.34183,0.70867,65,2.90139,0.9,0.45022,0.95046,5,lapse_rate,1.0,True,0.916,0,False,left,-0.45022,0.2573,1.4901,1.2328,2.2823,2.6154,0.3331,A,0.2795
66,0.50024,1.2,1,0.45855,0.64198,1.30896,66,3.13484,-0.55,-0.27513,0.22511,5,1D2U,2.0,True,0.375,5,True,right,0.45022,0.312,0.8209,0.5089,1.7619,2.9952,1.2333,A,0.2795
67,0.50024,1.2,1,0.30848,0.38352,0.75036,67,2.48453,0.09,0.04169,0.54193,5,2D1U,1.0,True,0.499,3,False,left,-0.45022,0.166,0.9906,0.8246,1.8239,2.1572,0.3333,A,0.2795
68,0.50024,0.1,2,0.47523,0.50024,0.61696,68,2.33445,-0.51,-0.25846,0.24178,5,1D2U,1.0,True,0.433,5,False,left,0.45022,1.8188,2.3442,0.5255,0.1104,1.3441,1.2337,A,0.2835
69,0.50024,1.2,2,0.25012,0.36684,0.64198,69,2.70964,0.9,0.45022,0.95046,5,lapse_rate,2.0,True,0.508,0,False,right,-0.45022,1.1661,2.3992,1.2331,0.3326,0.6659,0.3333,A,0.2795
70,0.50024,0.1,1,0.63364,0.36684,1.24226,70,3.28491,0.09,0.04169,0.54193,5,2D1U,2.0,False,0.441,3,False,right,0.45022,0.4865,1.3122,0.8256,2.1868,3.4283,1.2416,A,0.2835
71,0.50024,1.2,1,0.26679,0.31682,0.50858,71,1.83421,-0.51,-0.25846,0.24178,5,1D2U,1.0,False,0.5,5,False,left,-0.45022,0.1259,0.6503,0.5245,1.2421,1.5761,0.334,A,0.2795
72,0.50024,1.2,2,0.52525,0.51692,1.02549,72,3.13484,0.13,0.0667,0.56694,5,2D1U,2.0,True,0.491,4,True,right,0.45022,2.2745,3.1244,0.8499,0.1581,1.3911,1.2331,A,0.2795
73,0.50024,0.1,2,0.25012,0.25012,0.87542,73,2.82636,0.9,0.45022,0.95046,5,lapse_rate,2.0,True,0.508,0,False,right,-0.45022,1.4031,2.6357,1.2326,0.336,0.6695,0.3335,A,0.2835
74,0.50024,0.1,1,0.51692,0.48357,0.84207,74,2.90974,0.13,0.0667,0.56694,5,2D1U,1.0,True,1.134,4,True,left,0.45022,0.3755,1.2254,0.8499,1.7004,2.9336,1.2332,A,0.2835
75,0.50024,0.1,1,0.4252,0.33349,0.52525,75,2.00929,-0.55,-0.27513,0.22511,5,1D2U,2.0,True,0.725,6,True,right,-0.45022,0.2801,0.7882,0.5081,1.3966,1.73,0.3334,A,0.2835
76,0.50024,1.2,2,0.45022,0.31682,1.10887,76,2.40116,-0.95,-0.47523,0.02501,5,lapse_rate,1.0,True,0.616,0,False,left,0.45022,2.2805,2.5889,0.3084,0.0803,1.314,1.2337,A,0.2795
77,0.50024,0.1,1,0.22511,0.21677,0.55026,77,1.51739,-0.95,-0.47523,0.02501,5,lapse_rate,2.0,True,0.65,0,False,right,-0.45022,0.0821,0.3901,0.308,1.0241,1.3578,0.3338,A,0.2835
78,0.50024,1.2,1,0.56694,0.51692,0.65031,78,2.77634,0.09,0.04169,0.54193,5,2D1U,2.0,False,0.458,5,True,right,0.45022,0.4261,1.251,0.8249,1.5342,2.7678,1.2336,A,0.2795
79,0.50024,1.2,2,0.35017,0.35017,0.70867,79,2.13436,-0.55,-0.27513,0.22511,5,1D2U,1.0,True,0.708,6,True,left,-0.45022,1.33,1.8385,0.5085,0.43,0.7638,0.3338,A,0.2795
80,0.50024,1.2,1,0.46689,0.47523,1.29229,80,2.75966,-0.95,-0.47523,0.02501,5,lapse_rate,2.0,True,0.5,0,False,right,0.45022,0.3222,0.63,0.3078,1.5553,2.7885,1.2332,A,0.2795
81,0.50024,0.1,1,0.37518,0.2001,0.4252,81,2.06766,0.13,0.0667,0.56694,5,2D1U,1.0,True,0.566,6,True,left,-0.45022,0.2364,1.0861,0.8497,1.5942,1.9282,0.334,A,0.2835
82,0.50024,0.1,1,0.6253,0.33349,1.10053,82,2.80134,-0.51,-0.25846,0.24178,5,1D2U,2.0,True,0.441,7,True,right,0.45022,0.4804,1.0053,0.525,1.7388,2.9721,1.2333,A,0.2835
83,0.50024,1.2,2,0.30848,0.38352,0.52525,83,1.7425,-0.95,-0.47523,0.02501,5,lapse_rate,1.0,True,0.883,0,False,left,-0.45022,1.1046,1.4129,0.3083,0.3879,0.7213,0.3333,A,0.2795
84,0.50024,1.2,1,0.58361,0.40019,1.03383,84,3.08481,0.13,0.0667,0.56694,5,2D1U,2.0,False,0.441,6,True,right,0.45022,0.4387,1.289,0.8503,1.9553,3.1967,1.2415,A,0.2795
85,0.50024,1.2,1,0.35851,0.25846,0.64198,85,2.00097,-0.51,-0.25846,0.24178,5,1D2U,1.0,False,0.775,7,True,left,-0.45022,0.2133,0.7386,0.5253,1.4634,1.7969,0.3335,A,0.2795
86,0.50024,0.1,2,0.36684,0.57528,1.0505,86,3.44332,0.9,0.45022,0.95046,5,lapse_rate,2.0,True,0.434,0,False,right,0.45022,2.1368,3.3698,1.233,0.003,1.2284,1.2254,A,0.2835
87,0.50024,0.1,1,0.22511,0.23345,0.70034,87,1.88425,-0.55,-0.27513,0.22511,5,1D2U,2.0,True,1.358,8,True,right,-0.45022,0.0862,0.5943,0.5082,1.3782,1.7111,0.3329,A,0.2835
88,0.50024,0.1,2,0.35851,0.35851,0.86708,88,2.66795,0.17,0.08337,0.58361,5,2D1U,2.0,True,0.523,6,False,right,0.45022,1.9496,2.8245,0.8749,999,1.2244,-997.7756,A,0.2835
89,0.50024,1.2,2,0.21677,0.45022,0.88376,89,2.2761,-0.55,-0.27513,0.22511,5,1D2U,1.0,True,0.483,8,True,left,-0.45022,1.3759,1.8846,0.5086,0.3011,0.6347,0.3336,A,0.2795
90,0.50024,0.1,2,0.39185,0.39185,1.00882,90,3.24322,0.9,0.45022,0.95046,5,lapse_rate,2.0,True,0.424,0,False,right,0.45022,2.1231,3.356,1.2329,0.0231,1.2566,1.2336,A,0.2835
91,0.50024,1.2,1,0.2001,0.39185,0.692,91,2.3678,0.17,0.08337,0.58361,5,2D1U,1.0,True,0.558,6,False,left,-0.45022,0.0571,0.9237,0.8667,1.6988,2.032,0.3332,A,0.2795
92,0.50024,0.1,1,0.34183,0.55026,0.92544,92,2.88471,0.13,0.0667,0.56694,5,2D1U,2.0,False,0.449,7,True,right,0.45022,0.203,1.0533,0.8503,1.6116,2.8447,1.2331,A,0.2835
93,0.50024,0.1,1,0.24178,0.40019,0.75036,93,2.13435,-0.51,-0.25846,0.24178,5,1D2U,2.0,True,0.475,9,True,right,-0.45022,0.0983,0.6237,0.5253,1.4568,1.7908,0.334,A,0.2835
94,0.50024,1.2,1,0.54193,0.4252,1.20891,94,3.62674,0.9,0.45022,0.95046,5,lapse_rate,2.0,False,0.416,0,False,right,0.45022,0.3979,1.6315,1.2336,2.4731,3.7152,1.2421,A,0.2795
95,0.50024,1.2,1,0.38352,0.29181,0.67532,95,2.4345,0.17,0.08337,0.58361,5,2D1U,1.0,True,0.542,8,True,left,-0.45022,0.2434,1.1098,0.8664,1.8684,2.2015,0.3332,A,0.2795
96,0.50024,0.1,1,0.30014,0.61696,1.1172,96,2.55955,-0.95,-0.47523,0.02501,5,lapse_rate,2.0,True,0.425,0,False,right,0.45022,0.1611,0.4691,0.308,1.2199,2.4525,1.2326,A,0.2835
97,0.50024,1.2,2,0.2001,0.43354,0.692,97,2.06766,-0.51,-0.25846,0.24178,5,1D2U,1.0,True,0.633,9,True,left,-0.45022,1.1633,1.6877,0.5244,0.2799,0.613,0.3331,A,0.2795
98,0.50024,0.1,2,0.35017,0.64198,1.25894,98,3.01812,-0.47,-0.23345,0.26679,5,1D2U,1.0,True,0.4,9,False,left,0.45022,2.3318,2.8815,0.5497,999,1.2151,-997.7849,A,0.2835
99,0.50024,1.2,1,0.44188,0.20843,0.45022,99,2.55123,0.9,0.45022,0.95046,5,lapse_rate,2.0,False,0.591,0,False,right,-0.45022,0.3022,1.5359,1.2337,2.0692,2.402,0.3328,A,0.2795
100,0.50024,0.1,2,0.44188,0.53359,1.20058,100,3.2599,0.17,0.08337,0.58361,5,2D1U,2.0,True,0.4,8,True,right,0.45022,2.3629,3.2296,0.8667,0.071,1.3047,1.2338,A,0.2835
101,0.50024,1.2,2,0.35017,0.41687,0.46689,101,2.30111,0.13,0.0667,0.56694,5,2D1U,2.0,True,0.65,9,True,right,-0.45022,1.0947,1.9444,0.8498,0.4355,0.7693,0.3338,A,0.2795
102,0.50024,1.2,1,0.54193,0.48357,0.83373,102,2.62626,-0.47,-0.23345,0.26679,5,1D2U,1.0,False,0.417,9,False,left,0.45022,0.3994,0.9498,0.5504,1.4163,2.6582,1.2419,A,0.2795
103,0.50024,0.1,1,0.24178,0.45022,0.81706,103,2.03431,-0.95,-0.47523,0.02501,5,lapse_rate,2.0,True,0.408,0,False,right,-0.45022,0.101,0.4098,0.3088,1.3097,1.6432,0.3336,A,0.2835
104,0.50024,0.1,1,0.37518,0.43354,0.46689,104,2.72631,0.9,0.45022,0.95046,5,lapse_rate,1.0,True,0.341,0,False,left,0.45022,0.2283,1.4621,1.2338,1.5623,2.7955,1.2332,A,0.2835
105,0.50024,0.1,1,0.44188,0.35017,0.55026,105,2.40949,0.13,0.0667,0.56694,5,2D1U,2.0,False,0.534,9,True,right,-0.45022,0.3021,1.1524,0.8504,1.786,2.1188,0.3329,A,0.2835
106,0.50024,0.1,2,0.35017,0.41687,1.34231,106,2.85137,-0.51,-0.25846,0.24178,5,1D2U,1.0,True,0.358,10,True,left,0.45022,2.4192,2.944,0.5248,999,1.2189,-997.7811,A,0.2835
107,0.50024,0.1,1,0.40853,0.43354,0.59195,107,1.95927,-0.95,-0.47523,0.02501,5,lapse_rate,2.0,True,0.608,0,False,right,-0.45022,0.2674,0.5758,0.3084,1.251,1.5842,0.3331,A,0.2835
108,0.50024,1.2,2,0.65031,0.35017,0.72535,108,2.80968,0.17,0.08337,0.58361,5,2D1U,1.0,False,0.525,10,True,left,0.45022,2.0965,2.9636,0.867,0.2796,1.5131,1.2334,A,0.2795
109,0.50024,1.2,2,0.43354,0.30014,0.55026,109,2.02596,-0.51,-0.25846,0.24178,5,1D2U,2.0,False,0.692,10,True,right,-0.45022,1.2548,1.7797,0.525,0.5131,0.8468,0.3337,A,0.2795
110,0.50024,1.2,1,0.39185,0.59195,0.88376,110,2.39281,-0.95,-0.47523,0.02501,5,lapse_rate,2.0,True,0.542,0,False,right,0.45022,0.2475,0.556,0.3084,1.0729,2.3063,1.2334,A,0.2795
111,0.50024,0.1,2,0.30014,0.35851,0.60029,111,1.98429,-0.55,-0.27513,0.22511,5,1D2U,1.0,True,0.541,10,False,left,-0.45022,1.1723,1.6805,0.5082,0.381,0.7144,0.3334,A,0.2835
112,0.50024,0.1,1,0.64198,0.54193,1.0505,112,3.34328,0.21,0.10839,0.60863,5,2D1U,1.0,True,0.516,10,False,left,0.45022,0.5012,1.3928,0.8916,2.076,3.3091,1.2331,A,0.2835
113,0.50024,0.1,2,0.40853,0.41687,0.87542,113,3.15152,0.9,0.45022,0.95046,5,lapse_rate,2.0,True,0.558,0,False,right,-0.45022,1.5563,2.7894,1.2331,0.4897,0.8227,0.333,A,0.2835
114,0.50024,1.2,1,0.5586,0.54193,0.95046,114,3.15986,0.21,0.10839,0.60863,5,2D1U,2.0,False,0.466,10,False,right,0.45022,0.4163,1.308,0.8917,1.8913,3.1244,1.233,A,0.2795
115,0.50024,1.2,1,0.45022,0.40019,0.65865,115,2.23441,-0.55,-0.27513,0.22511,5,1D2U,1.0,False,0.575,10,False,left,-0.45022,0.3041,0.8124,0.5083,1.5542,1.8875,0.3333,A,0.2795
116,0.50024,1.2,2,0.30848,0.30014,1.14222,116,3.20154,0.9,0.45022,0.95046,5,lapse_rate,2.0,True,0.483,0,False,right,0.45022,2.1722,3.4055,1.2333,999,1.1721,-997.8279,A,0.2795
117,0.50024,0.1,2,0.43354,0.36684,0.46689,117,2.39281,0.25,0.12506,0.6253,5,2D1U,2.0,True,0.558,10,False,right,-0.45022,1.171,2.0795,0.9085,0.5131,0.8462,0.333,A,0.2835
118,0.50024,0.1,1,0.58361,0.41687,0.98381,118,2.69296,-0.59,-0.29181,0.20843,5,1D2U,2.0,True,0.442,10,False,right,0.45022,0.4438,0.9356,0.4918,1.5522,2.7854,1.2332,A,0.2835
119,0.50024,1.2,2,0.39185,0.35851,0.46689,119,1.92592,-0.59,-0.29181,0.20843,5,1D2U,1.0,True,0.583,10,False,left,-0.45022,1.137,1.628,0.491,0.4778,0.811,0.3332,A,0.2795
120,0.50024,1.2,2,0.6253,0.4252,0.63364,120,2.80968,0.25,0.12506,0.6253,5,2D1U,2.0,True,0.475,10,False,right,0.45022,1.9817,2.8984,0.9168,0.2566,1.4901,1.2335,A,0.2795
121,0.50024,0.1,2,0.27513,0.33349,0.48357,121,2.54289,0.9,0.45022,0.95046,5,lapse_rate,2.0,True,0.451,0,False,right,-0.45022,1.0328,2.2657,1.2329,0.3573,0.6906,0.3333,A,0.2835
122,0.50024,0.1,2,0.60029,0.50858,1.1839,122,2.81802,-0.95,-0.47523,0.02501,5,lapse_rate,1.0,True,0.45,0,False,left,0.45022,2.5058,2.8142,0.3083,0.2304,1.464,1.2335,A,0.2835
123,0.50024,0.1,1,0.37518,0.40853,0.85041,123,2.74299,0.21,0.10839,0.60863,5,2D1U,1.0,True,0.474,11,True,left,-0.45022,0.2291,1.1207,0.8916,2.0539,2.3871,0.3333,A,0.2835
124,0.50024,0.1,1,0.38352,0.46689,0.8921,124,2.46786,-0.55,-0.27513,0.22511,5,1D2U,2.0,True,0.358,11,True,right,0.45022,0.243,0.7512,0.5082,1.2763,2.5098,1.2335,A,0.2835
125,0.50024,1.2,2,0.45022,0.40019,0.75036,125,2.32612,-0.55,-0.27513,0.22511,5,1D2U,1.0,True,0.434,11,True,left,-0.45022,1.4764,1.9844,0.508,0.5345,0.8679,0.3334,A,0.2795
126,0.50024,1.2,1,0.34183,0.50024,1.01716,126,2.9681,0.21,0.10839,0.60863,5,2D1U,2.0,False,0.391,11,True,right,0.45022,0.2023,1.0938,0.8915,1.7444,2.9768,1.2324,A,0.2795
127,0.50024,1.2,2,0.35851,0.30014,0.75036,127,1.93426,-0.95,-0.47523,0.02501,5,lapse_rate,1.0,True,0.716,0,False,left,-0.45022,1.3812,1.6893,0.3081,0.4391,0.7728,0.3336,A,0.2795
128,0.50024,0.1,2,0.63364,0.46689,0.66699,128,2.89306,0.25,0.12506,0.6253,5,2D1U,2.0,True,0.334,12,True,right,0.45022,2.0263,2.9346,0.9083,0.2681,1.5012,1.2332,A,0.2835
129,0.50024,0.1,1,0.4252,0.40853,0.57528,129,2.15103,-0.51,-0.25846,0.24178,5,1D2U,2.0,True,0.458,11,False,right,-0.45022,0.28,0.8049,0.525,1.4629,1.7967,0.3337,A,0.2835
130,0.50024,0.1,2,0.43354,0.41687,0.77537,130,3.07648,0.9,0.45022,0.95046,5,lapse_rate,2.0,True,0.333,0,False,right,0.45022,1.9359,3.1687,1.2328,0.0689,1.3022,1.2333,A,0.2835
131,0.50024,1.2,2,0.34183,0.25012,0.61696,131,2.33445,0.25,0.12506,0.6253,5,2D1U,2.0,True,0.417,12,True,right,-0.45022,1.2302,2.1382,0.9079,0.4224,0.7551,0.3328,A,0.2795
132,0.50024,1.2,1,0.36684,0.39185,0.81706,132,2.31777,-0.51,-0.25846,0.24178,5,1D2U,2.0,True,0.449,11,False,right,0.45022,0.229,0.7544,0.5254,1.204,2.4458,1.2418,A,0.2795
133,0.50024,1.2,1,0.36684,0.30014,0.73369,133,2.85137,0.9,0.45022,0.95046,5,lapse_rate,1.0,True,0.542,0,False,left,-0.45022,0.2242,1.4576,1.2334,2.2747,2.6074,0.3327,A,0.2795
134,0.50024,1.2,1,0.45855,0.59195,0.87542,134,3.37662,0.9,0.45022,0.95046,5,lapse_rate,2.0,False,0.541,0,False,right,0.45022,0.3117,1.5447,1.233,2.0534,3.2866,1.2332,A,0.2795
135,0.50024,0.1,2,0.21677,0.40853,0.44188,135,1.83421,-0.47,-0.23345,0.26679,5,1D2U,1.0,True,0.583,11,False,left,-0.45022,0.9324,1.4815,0.5491,0.2982,0.6317,0.3336,A,0.2835
136,0.50024,0.1,2,0.31682,0.64198,1.34231,136,3.40998,0.21,0.10839,0.60863,5,2D1U,2.0,True,0.433,13,True,right,0.45022,2.3802,3.2719,0.8916,999,1.1804,-997.8196,A,0.2835
137,0.50024,0.1,2,0.41687,0.30014,0.60029,137,2.768,0.9,0.45022,0.95046,5,lapse_rate,2.0,True,0.5,0,False,right,-0.45022,1.2894,2.5228,1.2334,0.498,0.831,0.333,A,0.2835
138,0.50024,1.2,1,0.41687,0.60863,0.91711,138,3.05148,0.21,0.10839,0.60863,5,2D1U,2.0,False,0.433,13,True,right,0.45022,0.2715,1.1633,0.8919,1.7135,2.9468,1.2333,A,0.2795
139,0.50024,1.2,2,0.21677,0.22511,0.5586,139,1.76751,-0.47,-0.23345,0.26679,5,1D2U,1.0,True,0.616,11,False,left,-0.45022,1.0514,1.6023,0.5509,0.3017,0.6351,0.3334,A,0.2795
140,0.50024,0.1,1,0.37518,0.44188,0.52525,140,2.46785,0.25,0.12506,0.6253,5,2D1U,2.0,False,0.416,14,True,right,0.45022,0.2364,1.145,0.9085,1.3033,2.5364,1.233,A,0.2835
141,0.50024,0.1,1,0.30014,0.38352,0.54193,141,2.0093,-0.43,-0.21677,0.28347,5,1D2U,2.0,True,0.542,11,False,right,-0.45022,0.1608,0.7275,0.5667,1.3525,1.6859,0.3334,A,0.2835
142,0.50024,0.1,1,0.36684,0.40853,1.1839,142,2.48452,-0.95,-0.47523,0.02501,5,lapse_rate,2.0,True,0.491,0,False,right,0.45022,0.2259,0.5342,0.3083,1.3512,2.5843,1.2331,A,0.2835
143,0.50024,1.2,2,0.32516,0.36684,0.46689,143,2.30111,0.29,0.14173,0.64198,5,2D1U,2.0,True,0.575,14,False,right,-0.45022,1.0654,1.9904,0.925,0.4073,0.7408,0.3335,A,0.2795
144,0.50024,1.2,2,0.65865,0.43354,0.95879,144,2.83469,-0.43,-0.21677,0.28347,5,1D2U,2.0,False,0.408,11,False,right,0.45022,2.3435,2.9109,0.5675,0.2943,1.5273,1.233,A,0.2795
145,0.50024,1.2,2,0.21677,0.39185,0.43354,145,1.56741,-0.95,-0.47523,0.02501,5,lapse_rate,1.0,True,0.492,0,False,left,-0.45022,0.9233,1.2321,0.3088,0.2985,0.6322,0.3337,A,0.2795
146,0.50024,0.1,2,0.48357,0.34183,0.98381,146,2.95143,0.29,0.14173,0.64198,5,2D1U,1.0,False,0.325,14,False,left,0.45022,2.1947,3.1195,0.9248,0.1195,1.3528,1.2332,A,0.2835
147,0.50024,0.1,1,0.28347,0.32516,0.44188,147,1.81754,-0.47,-0.23345,0.26679,5,1D2U,2.0,True,0.675,12,True,right,-0.45022,0.1391,0.6888,0.5498,1.2138,1.547,0.3332,A,0.2835
148,0.50024,0.1,1,0.32516,0.47523,1.33397,148,2.65961,-0.95,-0.47523,0.02501,5,lapse_rate,2.0,True,0.459,0,False,right,0.45022,0.1799,0.4883,0.3083,1.455,2.6964,1.2414,A,0.2835
149,0.50024,1.2,2,0.29181,0.25012,0.43354,149,1.7425,-0.47,-0.23345,0.26679,5,1D2U,2.0,False,0.692,12,True,right,-0.45022,0.9992,1.5494,0.5503,0.3743,0.707,0.3328,A,0.2795
150,0.50024,1.2,2,0.5586,0.45855,0.88376,150,3.06814,0.33,0.16675,0.66699,5,2D1U,2.0,True,0.525,14,False,right,0.45022,2.1679,3.1265,0.9586,0.1929,1.4264,1.2335,A,0.2795
151,0.50024,0.1,2,0.38352,0.28347,0.64198,151,2.75967,0.9,0.45022,0.95046,5,lapse_rate,2.0,True,0.524,0,False,right,-0.45022,1.2982,2.5317,1.2335,0.4647,0.7982,0.3335,A,0.2835
152,0.50024,0.1,2,0.50858,0.51692,0.93378,152,3.40998,0.9,0.45022,0.95046,5,lapse_rate,2.0,True,0.391,0,False,right,0.45022,2.1638,3.397,1.2332,0.1384,1.3719,1.2335,A,0.2835
153,0.50024,0.1,2,0.21677,0.4252,0.81706,153,2.62626,0.33,0.16675,0.66699,5,2D1U,2.0,True,0.542,14,False,right,-0.45022,1.3048,2.2547,0.9499,0.2965,0.6301,0.3336,A,0.2835
154,0.50024,0.1,1,0.50024,0.54193,0.692,154,2.47619,-0.51,-0.25846,0.24178,5,1D2U,2.0,True,0.409,12,False,right,0.45022,0.3554,0.8805,0.5251,1.205,2.4384,1.2334,A,0.2835
155,0.50024,1.2,2,0.30014,0.21677,0.79205,155,2.05098,-0.51,-0.25846,0.24178,5,1D2U,1.0,True,0.6,12,False,left,-0.45022,1.3695,1.8948,0.5252,0.3863,0.7194,0.3332,A,0.2795
156,0.50024,1.2,2,0.45022,0.35017,0.94212,156,3.19321,0.9,0.45022,0.95046,5,lapse_rate,2.0,True,0.375,0,False,right,0.45022,2.1146,3.3479,1.2333,0.0808,1.3145,1.2337,A,0.2795
157,0.50024,1.2,1,0.38352,0.36684,0.85041,157,2.74299,0.29,0.14173,0.64198,5,2D1U,1.0,True,0.441,15,True,left,-0.45022,0.2386,1.1632,0.9246,2.0971,2.4304,0.3333,A,0.2795
158,0.50024,0.1,2,0.40853,0.4252,0.71701,158,2.31777,-0.47,-0.23345,0.26679,5,1D2U,1.0,True,0.4,13,True,left,0.45022,1.8536,2.4039,0.5503,0.0452,1.2788,1.2335,A,0.2835
159,0.50024,1.2,2,0.26679,0.24178,0.6253,159,2.58457,0.9,0.45022,0.95046,5,lapse_rate,2.0,True,0.433,0,False,right,-0.45022,1.1674,2.4008,1.2333,0.3504,0.6839,0.3334,A,0.2795
160,0.50024,0.1,1,0.35851,0.44188,1.0505,160,2.99311,0.29,0.14173,0.64198,5,2D1U,1.0,True,0.374,15,True,left,0.45022,0.2189,1.1441,0.9252,1.8272,3.0606,1.2334,A,0.2835
161,0.50024,1.2,1,0.24178,0.22511,0.80038,161,1.79252,-0.95,-0.47523,0.02501,5,lapse_rate,2.0,True,0.492,0,False,right,-0.45022,0.0963,0.4052,0.3089,1.288,1.6217,0.3336,A,0.2795
162,0.50024,1.2,1,0.5586,0.35851,0.88376,162,2.5679,-0.47,-0.23345,0.26679,5,1D2U,2.0,True,0.408,13,True,right,0.45022,0.4148,0.9648,0.55,1.4814,2.7231,1.2417,A,0.2795
163,0.50024,1.2,1,0.28347,0.35017,0.73369,163,2.49287,0.25,0.12506,0.6253,5,2D1U,1.0,True,0.75,15,False,left,-0.45022,0.1404,1.048,0.9075,1.8651,2.1982,0.3331,A,0.2795
164,0.50024,0.1,1,0.4252,0.36684,0.73369,164,2.65127,0.25,0.12506,0.6253,5,2D1U,1.0,True,0.408,15,False,left,0.45022,0.281,1.1885,0.9075,1.5552,2.7887,1.2335,A,0.2835
165,0.50024,1.2,2,0.35017,0.30848,0.83373,165,2.94308,0.9,0.45022,0.95046,5,lapse_rate,2.0,True,0.425,0,False,right,-0.45022,1.4612,2.6941,1.2329,0.4357,0.7691,0.3334,A,0.2795
166,0.50024,0.1,2,0.50024,0.61696,0.85875,166,2.75966,-0.43,-0.21677,0.28347,5,1D2U,1.0,True,0.367,13,False,left,0.45022,2.0812,2.6479,0.5668,0.1312,1.3646,1.2335,A,0.2835
167,0.50024,1.2,1,0.26679,0.30014,0.59195,167,1.68413,-0.95,-0.47523,0.02501,5,lapse_rate,2.0,True,0.5,0,False,right,-0.45022,0.1234,0.4324,0.3089,1.1069,1.4406,0.3337,A,0.2795
168,0.50024,1.2,1,0.4252,0.6253,0.99214,168,3.15151,0.21,0.10839,0.60863,5,2D1U,2.0,False,0.424,15,False,right,0.45022,0.2822,1.1732,0.891,1.7981,3.0316,1.2335,A,0.2795
169,0.50024,1.2,1,0.37518,0.35017,0.6253,169,2.13436,-0.43,-0.21677,0.28347,5,1D2U,1.0,False,0.459,13,False,left,-0.45022,0.2315,0.7986,0.5671,1.5066,1.8397,0.3331,A,0.2795
170,0.50024,0.1,1,0.51692,0.40019,1.33397,170,3.01811,-0.47,-0.23345,0.26679,5,1D2U,2.0,True,0.35,14,True,right,0.45022,0.3746,0.9245,0.5499,1.8909,3.1326,1.2417,A,0.2835
171,0.50024,0.1,1,0.39185,0.33349,0.48357,171,1.97594,-0.47,-0.23345,0.26679,5,1D2U,2.0,True,0.491,14,True,right,-0.45022,0.2449,0.795,0.55,1.3619,1.6946,0.3327,A,0.2835
172,0.50024,1.2,1,0.33349,0.36684,0.80038,172,2.62625,0.25,0.12506,0.6253,5,2D1U,2.0,False,0.341,16,True,right,0.45022,0.1876,1.0962,0.9086,1.5291,2.7623,1.2332,A,0.2795
173,0.50024,1.2,1,0.44188,0.35851,0.45855,173,2.40116,0.29,0.14173,0.64198,5,2D1U,1.0,True,0.508,16,False,left,-0.45022,0.2963,1.2209,0.9246,1.763,2.0959,0.3329,A,0.2795
174,0.50024,0.1,1,0.45855,0.53359,1.33397,174,3.10982,-0.43,-0.21677,0.28347,5,1D2U,2.0,True,0.409,15,True,right,0.45022,0.3163,0.8823,0.566,1.849,3.0819,1.233,A,0.2835
175,0.50024,0.1,2,0.27513,0.30848,0.40019,175,1.76751,-0.43,-0.21677,0.28347,5,1D2U,1.0,True,0.5,15,True,left,-0.45022,0.9454,1.5122,0.5669,0.3535,0.687,0.3335,A,0.2835
176,0.50024,1.2,1,0.45855,0.57528,0.68366,176,2.85971,0.29,0.14173,0.64198,5,2D1U,2.0,False,0.375,16,False,right,0.45022,0.3139,1.2394,0.9255,1.5556,2.7892,1.2336,A,0.2795
177,0.50024,1.2,1,0.28347,0.24178,0.85041,177,2.54289,0.33,0.16675,0.66699,5,2D1U,1.0,True,0.341,16,False,left,-0.45022,0.144,1.0938,0.9497,2.0272,2.3609,0.3338,A,0.2795
178,0.50024,0.1,1,0.56694,0.45855,1.19224,178,3.02645,-0.39,-0.19176,0.30848,5,1D2U,2.0,True,0.4,15,False,right,0.45022,0.4219,1.0139,0.592,1.8379,3.0801,1.2422,A,0.2835
179,0.50024,0.1,1,0.21677,0.43354,0.86708,179,2.68462,0.33,0.16675,0.66699,5,2D1U,1.0,True,0.45,16,False,left,-0.45022,0.0761,1.0264,0.9503,1.9759,2.3094,0.3334,A,0.2835
180,0.50024,1.2,2,0.34183,0.56694,0.85875,180,2.57624,-0.39,-0.19176,0.30848,5,1D2U,1.0,True,0.299,15,False,left,0.45022,1.926,2.5174,0.5914,999,1.2093,-997.7907,A,0.2795
181,0.50024,1.2,1,0.36684,0.37518,0.71701,181,2.60125,0.29,0.14173,0.64198,5,2D1U,1.0,True,0.433,17,True,left,-0.45022,0.2221,1.1467,0.9246,1.9467,2.2805,0.3338,A,0.2795
182,0.50024,0.1,2,0.54193,0.40853,1.13388,182,3.22656,0.29,0.14173,0.64198,5,2D1U,1.0,False,0.374,17,True,left,0.45022,2.3998,3.3244,0.9246,0.1747,1.4083,1.2336,A,0.2835
183,0.50024,0.1,2,0.40019,0.21677,0.55026,183,2.33445,0.33,0.16675,0.66699,5,2D1U,2.0,True,0.417,18,True,right,-0.45022,1.2238,2.1739,0.9501,0.4825,0.8155,0.333,A,0.2835
184,0.50024,1.2,1,0.35851,0.45855,1.29229,184,2.93475,-0.35,-0.17508,0.32516,5,1D2U,2.0,True,0.366,15,False,right,0.45022,0.2186,0.8272,0.6086,1.7528,2.9853,1.2326,A,0.2795
185,0.50024,1.2,2,0.2001,0.35017,0.72535,185,2.10102,-0.35,-0.17508,0.32516,5,1D2U,2.0,False,0.459,15,False,right,-0.45022,1.1972,1.805,0.6078,0.2801,0.6131,0.333,A,0.2795
186,0.50024,0.1,2,0.34183,0.36684,0.90877,186,2.78467,0.33,0.16675,0.66699,5,2D1U,1.0,False,0.458,18,True,left,0.45022,1.9767,2.9266,0.9499,999,1.2103,-997.7897,A,0.2835
187,0.50024,0.1,2,0.36684,0.39185,0.80038,187,2.74297,0.37,0.18342,0.68366,5,2D1U,2.0,True,0.391,18,False,right,-0.45022,1.4401,2.4067,0.9667,0.4484,0.7819,0.3335,A,0.2835
188,0.50024,1.2,2,0.38352,0.39185,0.90877,188,2.86804,0.37,0.18342,0.68366,5,2D1U,1.0,False,0.799,18,False,left,0.45022,2.0133,2.9805,0.9672,0.0133,1.2464,1.2332,A,0.2795
189,0.50024,1.2,2,0.4252,0.25846,0.8254,189,2.31778,-0.39,-0.19176,0.30848,5,1D2U,2.0,False,0.933,16,True,right,-0.45022,1.5227,2.1136,0.5909,0.5055,0.839,0.3335,A,0.2795
190,0.50024,0.1,1,0.61696,0.54193,0.86708,190,3.23488,0.41,0.20843,0.70867,5,2D1U,2.0,False,0.416,18,False,right,0.45022,0.473,1.464,0.9911,1.964,3.1977,1.2336,A,0.2835
191,0.50024,0.1,2,0.30848,0.25846,0.79205,191,2.58458,0.45,0.22511,0.72535,5,2D1U,2.0,True,0.408,18,False,right,-0.45022,1.3778,2.3864,1.0086,0.3949,0.7276,0.3327,A,0.2835
192,0.50024,1.2,2,0.51692,0.60029,1.03383,192,2.93475,-0.43,-0.21677,0.28347,5,1D2U,1.0,True,0.392,16,False,left,0.45022,2.2758,2.8429,0.5671,0.1513,1.3845,1.2331,A,0.2795
193,0.50024,1.2,2,0.40853,0.35017,0.4252,193,1.96761,-0.43,-0.21677,0.28347,5,1D2U,1.0,True,0.508,16,False,left,-0.45022,1.1104,1.6768,0.5664,0.4936,0.8269,0.3334,A,0.2795
194,0.50024,0.1,2,0.61696,0.50858,0.93378,194,3.28491,0.45,0.22511,0.72535,5,2D1U,2.0,True,0.4,18,False,right,0.45022,2.2696,3.2776,1.008,0.2444,1.4782,1.2338,A,0.2835
195,0.50024,0.1,1,0.25846,0.35017,0.75036,195,2.5679,0.41,0.20843,0.70867,5,2D1U,1.0,True,0.441,19,True,left,-0.45022,0.1151,1.1064,0.9913,1.9398,2.2737,0.3339,A,0.2835
196,0.50024,1.2,1,0.61696,0.4919,0.75036,196,2.66794,-0.39,-0.19176,0.30848,5,1D2U,2.0,True,0.399,17,True,right,0.45022,0.4728,1.0642,0.5914,1.4474,2.6893,1.2419,A,0.2795
197,0.50024,1.2,2,0.31682,0.40019,0.87542,197,2.40115,-0.39,-0.19176,0.30848,5,1D2U,1.0,True,0.533,17,True,left,-0.45022,1.4688,2.0602,0.5914,0.4021,0.7352,0.3331,A,0.2795
198,0.50024,0.1,1,0.55026,0.51692,0.86708,198,3.14317,0.41,0.20843,0.70867,5,2D1U,1.0,True,0.4,19,True,left,0.45022,0.4094,1.4008,0.9914,1.9008,3.1345,1.2337,A,0.2835
199,0.50024,0.1,2,0.31682,0.39185,0.88376,199,2.77633,0.37,0.18342,0.68366,5,2D1U,2.0,True,0.483,19,False,right,-0.45022,1.4782,2.4443,0.9662,0.4028,0.7361,0.3333,A,0.2835
200,0.50024,1.2,2,0.36684,0.4252,0.77537,200,2.75131,0.37,0.18342,0.68366,5,2D1U,2.0,True,0.474,19,False,right,0.45022,1.8629,2.8293,0.9664,0.0026,1.2295,1.2269,A,0.2795
201,0.50024,1.2,1,0.29181,0.36684,0.61696,201,2.44284,0.33,0.16675,0.66699,5,2D1U,1.0,True,0.4,19,False,left,-0.45022,0.1534,1.1031,0.9497,1.8038,2.1365,0.3326,A,0.2795
202,0.50024,0.1,1,0.35851,0.4919,0.77537,202,2.45118,-0.35,-0.17508,0.32516,5,1D2U,2.0,True,0.417,17,False,right,0.45022,0.2228,0.831,0.6083,1.2396,2.4722,1.2326,A,0.2835
203,0.50024,0.1,1,0.36684,0.2001,0.46689,203,1.85923,-0.35,-0.17508,0.32516,5,1D2U,1.0,False,0.5,17,False,left,-0.45022,0.2229,0.8312,0.6082,1.3816,1.7146,0.333,A,0.2835
204,0.50024,1.2,2,0.48357,0.6253,0.60863,204,2.88473,0.33,0.16675,0.66699,5,2D1U,2.0,True,0.433,19,False,right,0.45022,1.816,2.7657,0.9497,0.1161,1.3493,1.2332,A,0.2795
205,0.50024,1.2,1,0.23345,0.24178,0.72535,205,2.3428,0.29,0.14173,0.64198,5,2D1U,1.0,True,0.475,19,False,left,-0.45022,0.0901,1.0149,0.9248,1.8234,2.1567,0.3333,A,0.2795
206,0.50024,0.1,1,0.4252,0.55026,0.8921,206,2.67628,-0.39,-0.19176,0.30848,5,1D2U,2.0,True,0.475,18,True,right,0.45022,0.2863,0.8778,0.5915,1.4031,2.6363,1.2332,A,0.2835
207,0.50024,0.1,1,0.4252,0.28347,0.79205,207,2.64294,0.29,0.14173,0.64198,5,2D1U,2.0,False,0.959,19,False,right,-0.45022,0.2797,1.204,0.9243,2.079,2.4128,0.3338,A,0.2835
208,0.50024,1.2,1,0.40019,0.53359,1.27561,208,3.37662,0.33,0.16675,0.66699,5,2D1U,2.0,False,0.4,20,True,right,0.45022,0.2535,1.2037,0.9502,2.1124,3.3454,1.233,A,0.2795
209,0.50024,1.2,2,0.30848,0.39185,0.50858,209,2.01763,-0.39,-0.19176,0.30848,5,1D2U,2.0,False,0.449,18,True,right,-0.45022,1.0952,1.6871,0.5919,0.3952,0.7288,0.3336,A,0.2795
210,0.50024,0.1,1,0.37518,0.47523,0.65031,210,2.68462,0.37,0.18342,0.68366,5,2D1U,1.0,True,0.409,20,False,left,0.45022,0.2359,1.202,0.9661,1.4858,2.7273,1.2415,A,0.2835
211,0.50024,0.1,1,0.25846,0.45022,0.51692,211,2.4095,0.37,0.18342,0.68366,5,2D1U,1.0,True,0.475,20,False,left,-0.45022,0.1126,1.0789,0.9663,1.6786,2.0125,0.3339,A,0.2835
212,0.50024,1.2,1,0.57528,0.34183,0.80872,212,2.50954,-0.43,-0.21677,0.28347,5,1D2U,2.0,True,0.483,18,False,right,0.45022,0.4285,0.995,0.5665,1.4368,2.6786,1.2418,A,0.2795
213,0.50024,1.2,2,0.34183,0.35017,0.6253,213,2.48453,0.33,0.16675,0.66699,5,2D1U,2.0,True,0.5,21,True,right,-0.45022,1.2411,2.1908,0.9497,0.4243,0.7577,0.3334,A,0.2795
214,0.50024,0.1,2,0.5586,0.52525,0.60029,214,2.46785,-0.43,-0.21677,0.28347,5,1D2U,1.0,True,0.484,18,False,left,0.45022,1.8869,2.453,0.5661,0.1951,1.4285,1.2334,A,0.2835
215,0.50024,0.1,2,0.29181,0.37518,0.40853,215,2.24275,0.33,0.16675,0.66699,5,2D1U,1.0,False,0.65,21,True,left,-0.45022,0.9773,1.9277,0.9504,0.377,0.7104,0.3335,A,0.2835
216,0.50024,1.2,1,0.5586,0.31682,0.6253,216,2.30944,-0.39,-0.19176,0.30848,5,1D2U,2.0,True,0.417,19,True,right,0.45022,0.4159,1.0074,0.5915,1.2657,2.5072,1.2414,A,0.2795
217,0.50024,1.2,1,0.4252,0.25012,0.7587,217,2.24274,-0.39,-0.19176,0.30848,5,1D2U,1.0,False,0.483,19,True,left,-0.45022,0.2836,0.8759,0.5923,1.7177,2.0509,0.3332,A,0.2795
218,0.50024,0.1,2,0.30848,0.63364,0.70867,218,2.83469,0.37,0.18342,0.68366,5,2D1U,2.0,True,0.475,22,True,right,0.45022,1.7449,2.7116,0.9667,999,1.1778,-997.8222,A,0.2835
219,0.50024,0.1,1,0.26679,0.34183,0.57528,219,1.96761,-0.43,-0.21677,0.28347,5,1D2U,2.0,True,0.916,20,True,right,-0.45022,0.1239,0.6906,0.5667,1.3492,1.682,0.3328,A,0.2835
220,0.50024,1.2,2,0.41687,0.64198,1.1172,220,2.95976,-0.43,-0.21677,0.28347,5,1D2U,1.0,True,0.475,20,True,left,0.45022,2.2562,2.8229,0.5667,0.0476,1.2814,1.2338,A,0.2795
221,0.50024,1.2,1,0.35851,0.25846,0.75036,221,2.55123,0.37,0.18342,0.68366,5,2D1U,2.0,False,0.449,22,True,right,-0.45022,0.2141,1.1809,0.9667,2.0142,2.3474,0.3332,A,0.2795
222,0.50024,0.1,2,0.30014,0.48357,0.63364,222,2.22607,-0.39,-0.19176,0.30848,5,1D2U,1.0,True,0.483,21,True,left,0.45022,1.6581,2.2492,0.5911,999,1.1662,-997.8338,A,0.2835
223,0.50024,0.1,2,0.30014,0.2001,0.60029,223,2.30944,0.41,0.20843,0.70867,5,2D1U,2.0,True,0.441,22,False,right,-0.45022,1.1731,2.1653,0.9922,0.3813,0.7151,0.3337,A,0.2835
224,0.50024,1.2,2,0.52525,0.59195,1.33397,224,3.25989,-0.39,-0.19176,0.30848,5,1D2U,2.0,False,1.016,21,True,right,0.45022,2.5814,3.1727,0.5913,0.1561,1.3893,1.2332,A,0.2795
225,0.50024,1.2,2,0.44188,0.23345,0.68366,225,2.5679,0.41,0.20843,0.70867,5,2D1U,2.0,True,0.483,22,False,right,-0.45022,1.3972,2.3888,0.9915,0.5225,0.8551,0.3326,A,0.2795
226,0.50024,0.1,1,0.50858,0.67532,0.90043,226,3.26823,0.37,0.18342,0.68366,5,2D1U,1.0,True,0.425,23,True,left,0.45022,0.3645,1.3308,0.9663,1.8644,3.0978,1.2335,A,0.2835
227,0.50024,0.1,1,0.32516,0.29181,0.73369,227,2.53456,0.37,0.18342,0.68366,5,2D1U,1.0,True,0.508,23,True,left,-0.45022,0.1785,1.1452,0.9667,1.962,2.2953,0.3333,A,0.2835
228,0.50024,1.2,1,0.35017,0.56694,0.6253,228,2.32612,-0.43,-0.21677,0.28347,5,1D2U,2.0,True,0.416,22,True,right,0.45022,0.2112,0.7778,0.5666,1.0364,2.27,1.2336,A,0.2795
229,0.50024,1.2,2,0.35851,0.37518,0.55026,229,2.45118,0.33,0.16675,0.66699,5,2D1U,2.0,True,0.491,23,False,right,-0.45022,1.1864,2.1365,0.95,0.4447,0.7783,0.3336,A,0.2795
230,0.50024,0.1,2,0.51692,0.35017,0.66699,230,2.31779,-0.43,-0.21677,0.28347,5,1D2U,1.0,True,0.291,22,True,left,0.45022,1.9096,2.4841,0.5746,0.151,1.3842,1.2331,A,0.2835
231,0.50024,0.1,1,0.20843,0.33349,0.60863,231,2.31778,0.33,0.16675,0.66699,5,2D1U,2.0,False,1.175,23,False,right,-0.45022,0.0696,1.0194,0.9498,1.711,2.0445,0.3334,A,0.2835
232,0.50024,1.2,1,0.40853,0.56694,0.72535,232,2.88472,0.37,0.18342,0.68366,5,2D1U,2.0,False,0.392,24,True,right,0.45022,0.2721,1.2392,0.9671,1.5973,2.8307,1.2334,A,0.2795
233,0.50024,1.2,2,0.34183,0.25012,0.76704,233,2.5679,0.41,0.20843,0.70867,5,2D1U,2.0,True,0.466,24,False,right,-0.45022,1.3822,2.3741,0.9919,0.4239,0.7571,0.3332,A,0.2795
234,0.50024,0.1,1,0.61696,0.35017,0.70034,234,2.47619,-0.39,-0.19176,0.30848,5,1D2U,2.0,True,0.475,23,True,right,0.45022,0.4751,1.0667,0.5916,1.4005,2.6418,1.2414,A,0.2835
235,0.50024,0.1,2,0.40853,0.35017,0.60029,235,2.16771,-0.39,-0.19176,0.30848,5,1D2U,1.0,True,0.433,23,True,left,-0.45022,1.2859,1.8774,0.5915,0.4945,0.8271,0.3326,A,0.2835
236,0.50024,1.2,1,0.30848,0.59195,0.96713,236,2.69296,-0.35,-0.17508,0.32516,5,1D2U,2.0,True,0.342,23,False,right,0.45022,0.1677,0.7762,0.6085,1.3759,2.6092,1.2333,A,0.2795
237,0.50024,1.2,1,0.39185,0.25846,0.50024,237,2.35946,0.41,0.20843,0.70867,5,2D1U,2.0,False,0.675,24,False,right,-0.45022,0.249,1.2403,0.9914,1.824,2.1576,0.3336,A,0.2795
238,0.50024,0.1,1,0.45022,0.58361,0.90043,238,2.75966,-0.35,-0.17508,0.32516,5,1D2U,1.0,False,0.475,23,False,left,0.45022,0.3115,0.9198,0.6083,1.4528,2.6863,1.2335,A,0.2835
239,0.50024,0.1,2,0.31682,0.21677,0.8921,239,2.65128,0.45,0.22511,0.72535,5,2D1U,2.0,True,0.499,24,False,right,-0.45022,1.482,2.4902,1.0082,0.3986,0.7317,0.3331,A,0.2835
240,0.50024,1.2,1,0.4252,0.30848,0.86708,240,2.82635,0.45,0.22511,0.72535,5,2D1U,2.0,False,4.558,24,False,right,0.45022,0.2845,1.2929,1.0083,1.7929,3.0261,1.2332,A,0.2795
241,0.50024,1.2,1,0.36684,0.43354,0.56694,241,2.17604,-0.39,-0.19176,0.30848,5,1D2U,1.0,False,0.875,24,True,left,-0.45022,0.2258,0.8177,0.5919,1.4674,1.8013,0.3339,A,0.2795
242,0.50024,0.1,1,0.36684,0.55026,1.32564,242,3.02645,-0.43,-0.21677,0.28347,5,1D2U,2.0,True,0.433,24,False,right,0.45022,0.2267,0.793,0.5663,1.7518,2.9848,1.2331,A,0.2835
243,0.50024,0.1,1,0.28347,0.30848,0.80872,243,2.64293,0.49,0.24178,0.74202,5,2D1U,1.0,True,0.425,24,False,left,-0.45022,0.1437,1.1689,1.0252,2.0607,2.3936,0.3329,A,0.2835
244,0.50024,1.2,2,0.4252,0.52525,1.34231,244,3.07647,-0.43,-0.21677,0.28347,5,1D2U,1.0,True,0.442,24,False,left,0.45022,2.4891,3.0556,0.5666,0.0556,1.2891,1.2334,A,0.2795
245,0.50024,1.2,2,0.31682,0.43354,0.80038,245,2.793,0.49,0.24178,0.74202,5,2D1U,2.0,True,0.516,24,False,right,-0.45022,1.3912,2.4165,1.0254,0.3997,0.7328,0.3331,A,0.2795
246,0.50024,0.1,2,0.4252,0.48357,1.15889,246,2.87638,-0.39,-0.19176,0.30848,5,1D2U,1.0,True,0.441,25,True,left,0.45022,2.3054,2.8967,0.5913,0.0556,1.2887,1.2331,A,0.2835
247,0.50024,0.1,2,0.45022,0.4252,0.51692,247,2.20106,-0.39,-0.19176,0.30848,5,1D2U,1.0,True,0.433,25,True,left,-0.45022,1.2446,1.8364,0.5917,0.5366,0.8695,0.3329,A,0.2835
248,0.50024,1.2,2,0.51692,0.51692,0.8254,248,3.08483,0.45,0.22511,0.72535,5,2D1U,2.0,True,0.391,25,True,right,0.45022,2.0658,3.0735,1.0077,0.149,1.3819,1.2329,A,0.2795
249,0.50024,1.2,1,0.35017,0.41687,0.4252,249,2.41783,0.45,0.22511,0.72535,5,2D1U,1.0,True,0.374,25,True,left,-0.45022,0.2088,1.2174,1.0086,1.7254,2.0593,0.3339,A,0.2795
250,0.50024,0.1,2,0.34183,0.38352,0.64198,250,2.19273,-0.35,-0.17508,0.32516,5,1D2U,1.0,True,0.392,25,False,left,0.45022,1.7041,2.3122,0.6081,999,1.204,-997.796,A,0.2835
251,0.50024,0.1,1,0.37518,0.39185,0.86708,251,2.45951,-0.35,-0.17508,0.32516,5,1D2U,2.0,True,0.4,25,False,right,-0.45022,0.2348,0.8433,0.6084,1.7928,2.1265,0.3337,A,0.2835
252,0.50024,1.2,1,0.45855,0.48357,0.70034,252,2.85137,0.41,0.20843,0.70867,5,2D1U,1.0,True,0.434,25,False,left,0.45022,0.3118,1.3038,0.992,1.6373,2.8697,1.2325,A,0.2795
253,0.50024,1.2,2,0.43354,0.25846,0.44188,253,1.97595,-0.31,-0.15841,0.34183,5,1D2U,2.0,False,0.65,25,False,right,-0.45022,1.1534,1.778,0.6246,0.5203,0.8528,0.3325,A,0.2795
254,0.50024,0.1,1,0.50858,0.61696,0.91711,254,2.86805,-0.35,-0.17508,0.32516,5,1D2U,2.0,True,0.417,26,True,right,0.45022,0.3624,0.9707,0.6084,1.5209,2.7541,1.2332,A,0.2835
255,0.50024,0.1,1,0.33349,0.24178,0.80038,255,2.58456,0.41,0.20843,0.70867,5,2D1U,1.0,True,0.425,25,False,left,-0.45022,0.1904,1.1823,0.9919,2.0654,2.3984,0.333,A,0.2835
256,0.50024,1.2,1,0.50024,0.48357,0.90043,256,3.06814,0.37,0.18342,0.68366,5,2D1U,2.0,False,0.366,25,False,right,0.45022,0.3613,1.328,0.9667,1.8607,3.103,1.2422,A,0.2795
257,0.50024,1.2,1,0.2001,0.43354,0.47523,257,2.31778,0.41,0.20843,0.70867,5,2D1U,1.0,True,0.433,26,True,left,-0.45022,0.0594,1.0507,0.9913,1.6097,1.9428,0.3331,A,0.2795
258,0.50024,0.1,1,0.38352,0.31682,1.00882,258,2.53456,-0.35,-0.17508,0.32516,5,1D2U,2.0,True,0.424,26,True,right,0.45022,0.2378,0.8466,0.6088,1.4885,2.7219,1.2334,A,0.2835
259,0.50024,0.1,2,0.24178,0.22511,0.77537,259,2.45117,0.41,0.20843,0.70867,5,2D1U,2.0,True,0.467,26,True,right,-0.45022,1.2938,2.2852,0.9914,0.3271,0.6603,0.3332,A,0.2835
260,0.50024,1.2,2,0.61696,0.50024,1.08385,260,3.04312,-0.31,-0.15841,0.34183,5,1D2U,1.0,True,0.425,27,True,left,0.45022,2.427,3.0518,0.6248,0.2512,1.4849,1.2337,A,0.2795
261,0.50024,1.2,1,0.37518,0.20843,0.46689,261,1.89257,-0.31,-0.15841,0.34183,5,1D2U,1.0,False,0.484,27,True,left,-0.45022,0.2307,0.8553,0.6246,1.4052,1.7387,0.3335,A,0.2795
262,0.50024,0.1,1,0.31682,0.58361,1.19224,262,3.27657,0.37,0.18342,0.68366,5,2D1U,1.0,True,0.299,27,True,left,0.45022,0.1713,1.138,0.9667,1.9629,3.196,1.2331,A,0.2835
263,0.50024,0.1,1,0.43354,0.4252,0.60029,263,2.64293,0.37,0.18342,0.68366,5,2D1U,1.0,True,0.4,27,True,left,-0.45022,0.2885,1.2555,0.967,1.9385,2.2722,0.3336,A,0.2835
264,0.50024,1.2,1,0.36684,0.56694,0.66699,264,2.768,0.33,0.16675,0.66699,5,2D1U,1.0,True,0.4,27,False,left,0.45022,0.2318,1.1813,0.9495,1.4816,2.7156,1.2339,A,0.2795
265,0.50024,1.2,1,0.39185,0.37518,0.78371,265,2.37614,-0.35,-0.17508,0.32516,5,1D2U,1.0,False,0.383,28,True,left,-0.45022,0.2478,0.8567,0.6088,1.7228,2.0567,0.3339,A,0.2795
266,0.50024,0.1,1,0.66699,0.47523,1.26728,266,3.21822,-0.39,-0.19176,0.30848,5,1D2U,2.0,True,0.383,28,False,right,0.45022,0.5208,1.1133,0.5925,2.013,3.246,1.233,A,0.2835
267,0.50024,0.1,2,0.23345,0.27513,0.6253,267,2.30111,0.33,0.16675,0.66699,5,2D1U,2.0,True,0.467,27,False,right,-0.45022,1.1301,2.0803,0.9502,0.3137,0.6472,0.3335,A,0.2835
268,0.50024,1.2,1,0.53359,0.34183,1.1172,268,2.80134,-0.39,-0.19176,0.30848,5,1D2U,2.0,True,0.4,28,False,right,0.45022,0.3948,0.9863,0.5915,1.7363,2.9698,1.2335,A,0.2795
269,0.50024,1.2,2,0.31682,0.45022,0.70867,269,2.61793,0.29,0.14173,0.64198,5,2D1U,2.0,True,0.467,27,False,right,-0.45022,1.3009,2.2263,0.9254,0.4008,0.7341,0.3334,A,0.2795
270,0.50024,0.1,2,0.53359,0.44188,0.67532,270,2.47619,-0.35,-0.17508,0.32516,5,1D2U,1.0,True,0.424,29,True,left,0.45022,1.9342,2.5425,0.6084,0.168,1.4009,1.2329,A,0.2835
271,0.50024,0.1,2,0.40019,0.35851,0.90043,271,2.80135,0.29,0.14173,0.64198,5,2D1U,2.0,True,0.441,27,False,right,-0.45022,1.5707,2.496,0.9253,0.479,0.8122,0.3332,A,0.2835
272,0.50024,1.2,1,0.6253,0.32516,0.80038,272,2.57624,-0.35,-0.17508,0.32516,5,1D2U,2.0,True,0.115,29,True,right,0.45022,0.4839,1.0932,0.6093,1.5259,2.7679,1.242,A,0.2795
273,0.50024,1.2,1,0.33349,0.26679,0.70867,273,2.43449,0.25,0.12506,0.6253,5,2D1U,1.0,True,0.407,27,False,left,-0.45022,0.1921,1.1001,0.908,1.892,2.2253,0.3333,A,0.2795
274,0.50024,0.1,2,0.61696,0.39185,0.8254,274,2.67628,-0.31,-0.15841,0.34183,5,1D2U,1.0,True,0.433,29,False,left,0.45022,2.1627,2.7965,0.6338,0.2463,1.4796,1.2333,A,0.2835
275,0.50024,0.1,1,0.22511,0.30014,0.72535,275,2.37614,0.25,0.12506,0.6253,5,2D1U,2.0,False,0.492,27,False,right,-0.45022,0.0815,0.9901,0.9087,1.7982,2.1315,0.3333,A,0.2835
276,0.50024,1.2,1,0.65865,0.45855,1.15055,276,3.10982,-0.31,-0.15841,0.34183,5,1D2U,1.0,False,0.408,29,False,left,0.45022,0.5153,1.1404,0.6251,1.9236,3.1568,1.2332,A,0.2795
277,0.50024,1.2,2,0.31682,0.32516,0.67532,277,2.1427,-0.35,-0.17508,0.32516,5,1D2U,2.0,False,0.45,30,True,right,-0.45022,1.2647,1.8731,0.6084,0.3981,0.7315,0.3334,A,0.2795
278,0.50024,0.1,2,0.5586,0.35017,0.85041,278,2.5679,-0.39,-0.19176,0.30848,5,1D2U,1.0,True,0.408,30,False,left,0.45022,2.1308,2.7223,0.5915,0.1891,1.4222,1.2331,A,0.2835
279,0.50024,0.1,2,0.41687,0.31682,0.74202,279,2.61793,0.29,0.14173,0.64198,5,2D1U,2.0,True,0.416,28,True,right,-0.45022,1.4295,2.3543,0.9248,0.4959,0.8297,0.3338,A,0.2835
280,0.50024,1.2,2,0.40019,0.37518,0.65865,280,2.24274,-0.39,-0.19176,0.30848,5,1D2U,1.0,True,0.425,30,False,left,0.45022,1.7824,2.3737,0.5913,0.0323,1.2657,1.2334,A,0.2795
281,0.50024,1.2,1,0.24178,0.33349,0.70034,281,2.41783,0.29,0.14173,0.64198,5,2D1U,1.0,True,0.441,28,True,left,-0.45022,0.1029,1.0282,0.9253,1.8112,2.1442,0.333,A,0.2795
282,0.50024,0.1,1,0.53359,0.33349,0.80872,282,2.5012,-0.35,-0.17508,0.32516,5,1D2U,2.0,True,0.417,31,True,right,0.45022,0.3945,1.0031,0.6086,1.4444,2.678,1.2335,A,0.2835
283,0.50024,0.1,1,0.22511,0.22511,0.87542,283,2.45118,0.25,0.12506,0.6253,5,2D1U,1.0,True,0.583,29,True,left,-0.45022,0.0862,0.994,0.9078,1.9527,2.2861,0.3333,A,0.2835
284,0.50024,1.2,2,0.30848,0.31682,0.78371,284,2.53455,0.25,0.12506,0.6253,5,2D1U,2.0,True,0.112,29,True,right,0.45022,1.8194,2.7363,0.9168,999,1.1778,-997.8222,A,0.2795
285,0.50024,1.2,2,0.20843,0.43354,0.70867,285,2.45951,0.21,0.10839,0.60863,5,2D1U,2.0,True,0.341,29,False,right,-0.45022,1.188,2.08,0.8919,0.2883,0.6215,0.3332,A,0.2795
286,0.50024,0.1,2,0.4919,0.63364,0.77537,286,2.72631,-0.35,-0.17508,0.32516,5,1D2U,1.0,True,0.558,31,True,left,0.45022,1.9898,2.5982,0.6084,0.1229,1.3564,1.2335,A,0.2835
287,0.50024,0.1,1,0.41687,0.26679,0.79205,287,2.31778,-0.31,-0.15841,0.34183,5,1D2U,2.0,True,0.509,31,False,right,-0.45022,0.2777,0.902,0.6243,1.7768,2.1103,0.3336,A,0.2835
288,0.50024,1.2,1,0.35851,0.33349,1.05884,288,2.59291,-0.31,-0.15841,0.34183,5,1D2U,2.0,True,0.383,31,False,right,0.45022,0.2164,0.8418,0.6254,1.5338,2.7667,1.2329,A,0.2795
289,0.50024,1.2,2,0.24178,0.25012,0.48357,289,2.08434,0.21,0.10839,0.60863,5,2D1U,2.0,True,0.35,29,False,right,-0.45022,1.0028,1.8949,0.8921,0.3278,0.6609,0.3331,A,0.2795
290,0.50024,0.1,1,0.55026,0.37518,0.95879,290,2.96808,0.17,0.08337,0.58361,5,2D1U,2.0,False,0.458,29,False,right,0.45022,0.4056,1.2718,0.8662,1.8634,3.105,1.2416,A,0.2835
291,0.50024,0.1,2,0.30014,0.25846,0.43354,291,1.85922,-0.27,-0.1334,0.36684,5,1D2U,1.0,True,0.458,31,False,left,-0.45022,1.0078,1.6576,0.6498,0.3827,0.7155,0.3328,A,0.2835
292,0.50024,1.2,2,0.48357,0.47523,1.1172,292,3.18487,0.21,0.10839,0.60863,5,2D1U,2.0,True,0.458,30,True,right,0.45022,2.3261,3.226,0.8999,0.1179,1.3515,1.2336,A,0.2795
293,0.50024,1.2,2,0.44188,0.26679,0.67532,293,2.49286,0.21,0.10839,0.60863,5,2D1U,1.0,False,0.508,30,True,left,-0.45022,1.3926,2.284,0.8913,0.5262,0.8593,0.3331,A,0.2795
294,0.50024,0.1,1,0.50858,0.52525,1.01716,294,3.17653,0.25,0.12506,0.6253,5,2D1U,1.0,True,0.375,30,False,left,0.45022,0.3675,1.2758,0.9083,1.9259,3.1591,1.2332,A,0.2835
295,0.50024,0.1,2,0.29181,0.33349,0.52525,295,2.01763,-0.27,-0.1334,0.36684,5,1D2U,1.0,True,0.433,31,False,left,-0.45022,1.0952,1.7449,0.6497,0.3784,0.7117,0.3333,A,0.2835
296,0.50024,1.2,1,0.33349,0.41687,1.19224,296,2.82636,-0.23,-0.11672,0.38352,5,1D2U,2.0,True,0.382,31,False,right,0.45022,0.19,0.8567,0.6667,1.6814,2.9153,1.2339,A,0.2795
297,0.50024,1.2,2,0.45022,0.41687,0.53359,297,2.52622,0.25,0.12506,0.6253,5,2D1U,1.0,False,0.483,30,False,left,-0.45022,1.2563,2.165,0.9087,0.5317,0.8647,0.333,A,0.2795
298,0.50024,0.1,2,0.4919,0.66699,1.21725,298,3.51836,0.29,0.14173,0.64198,5,2D1U,2.0,True,0.4,30,False,right,0.45022,2.4336,3.358,0.9244,0.1249,1.3581,1.2331,A,0.2835
299,0.50024,0.1,2,0.32516,0.30014,0.43354,299,2.20106,0.29,0.14173,0.64198,5,2D1U,2.0,True,0.416,30,False,right,-0.45022,1.0314,1.9563,0.9249,0.4066,0.7398,0.3332,A,0.2835
300,0.50024,1.2,2,0.50024,0.41687,1.23393,300,3.27658,0.25,0.12506,0.6253,5,2D1U,1.0,False,0.425,31,True,left,0.45022,2.4553,3.3635,0.9081,0.1304,1.3632,1.2328,A,0.2795
301,0.50024,1.2,2,0.35017,0.21677,0.83373,301,2.28443,-0.23,-0.11672,0.38352,5,1D2U,1.0,True,0.449,31,False,left,-0.45022,1.4535,2.1199,0.6664,0.4291,0.7617,0.3325,A,0.2795
302,0.50024,0.1,1,0.41687,0.65865,1.30896,302,3.29325,-0.19,-0.09171,0.40853,5,1D2U,2.0,True,0.4,31,False,right,0.45022,0.2726,0.9643,0.6917,1.906,3.1392,1.2332,A,0.2835
303,0.50024,0.1,1,0.40019,0.36684,0.85041,303,2.75966,0.29,0.14173,0.64198,5,2D1U,1.0,True,0.441,32,True,left,-0.45022,0.2579,1.1833,0.9253,2.1167,2.4501,0.3334,A,0.2835
304,0.50024,1.2,2,0.55026,0.52525,0.95046,304,3.16819,0.29,0.14173,0.64198,5,2D1U,2.0,True,0.449,32,True,right,0.45022,2.2211,3.1456,0.9244,0.1795,1.4124,1.2329,A,0.2795
305,0.50024,1.2,1,0.38352,0.30014,0.58361,305,2.39281,0.25,0.12506,0.6253,5,2D1U,1.0,True,0.441,33,True,left,-0.45022,0.2451,1.1531,0.9081,1.82,2.1531,0.3331,A,0.2795
306,0.50024,0.1,1,0.33349,0.45022,1.19224,306,2.88472,-0.19,-0.09171,0.40853,5,1D2U,2.0,True,0.4,31,False,right,0.45022,0.1891,0.8818,0.6927,1.7069,2.9399,1.2331,A,0.2835
307,0.50024,0.1,1,0.44188,0.20843,0.53359,307,2.30944,0.25,0.12506,0.6253,5,2D1U,1.0,True,0.5,33,True,left,-0.45022,0.3019,1.2095,0.9076,1.827,2.1602,0.3332,A,0.2835
308,0.50024,1.2,2,0.32516,0.53359,0.92544,308,2.70963,-0.15,-0.07504,0.4252,5,1D2U,1.0,True,0.375,31,False,left,0.45022,1.9708,2.6796,0.7088,999,1.1878,-997.8122,A,0.2795
309,0.50024,1.2,1,0.27513,0.2001,0.84207,309,2.42617,0.21,0.10839,0.60863,5,2D1U,1.0,True,0.457,33,False,left,-0.45022,0.1323,1.024,0.8917,1.9491,2.2826,0.3335,A,0.2795
310,0.50024,0.1,1,0.66699,0.36684,0.76704,310,2.90974,0.21,0.10839,0.60863,5,2D1U,2.0,False,0.392,33,False,right,0.45022,0.5199,1.4118,0.8918,1.8117,3.0453,1.2337,A,0.2835
311,0.50024,0.1,1,0.27513,0.35851,0.4252,311,2.18438,0.25,0.12506,0.6253,5,2D1U,1.0,True,0.491,34,True,left,-0.45022,0.1314,1.0402,0.9088,1.5482,1.881,0.3328,A,0.2835
312,0.50024,1.2,2,0.37518,0.51692,0.8921,312,2.70964,-0.15,-0.07504,0.4252,5,1D2U,1.0,True,0.383,31,False,left,0.45022,1.9886,2.6967,0.7081,0.0068,1.2384,1.2316,A,0.2795
313,0.50024,1.2,2,0.29181,0.37518,0.83373,313,2.62626,0.25,0.12506,0.6253,5,2D1U,2.0,True,0.466,34,True,right,-0.45022,1.3953,2.3037,0.9084,0.3706,0.7037,0.3331,A,0.2795
314,0.50024,0.1,2,0.36684,0.39185,0.75036,314,2.61792,0.21,0.10839,0.60863,5,2D1U,2.0,True,0.374,35,True,right,0.45022,1.8379,2.7299,0.8921,0.0024,1.2295,1.2271,A,0.2835
315,0.50024,0.1,2,0.32516,0.26679,0.83373,315,2.53455,0.21,0.10839,0.60863,5,2D1U,2.0,True,0.691,35,True,right,-0.45022,1.431,2.3224,0.8914,0.4058,0.7391,0.3332,A,0.2835
316,0.50024,1.2,1,0.66699,0.50858,0.96713,316,3.08482,-0.11,-0.05836,0.44188,5,1D2U,1.0,False,0.433,31,False,left,0.45022,0.5241,1.249,0.7249,1.8491,3.0824,1.2333,A,0.2795
317,0.50024,1.2,1,0.25012,0.40853,0.85875,317,2.44284,-0.15,-0.07504,0.4252,5,1D2U,2.0,True,0.425,32,True,right,-0.45022,0.111,0.8196,0.7086,1.7611,2.0947,0.3336,A,0.2795
318,0.50024,0.1,1,0.55026,0.63364,0.8254,318,3.09315,0.17,0.08337,0.58361,5,2D1U,2.0,False,0.191,35,False,right,0.45022,0.4079,1.2745,0.8666,1.7332,2.9659,1.2327,A,0.2835
319,0.50024,0.1,1,0.36684,0.26679,0.53359,319,2.09266,-0.15,-0.07504,0.4252,5,1D2U,1.0,False,0.407,32,True,left,-0.45022,0.2237,0.9317,0.708,1.5487,1.8817,0.333,A,0.2835
320,0.50024,1.2,1,0.51692,0.5586,1.08385,320,3.06814,-0.19,-0.09171,0.40853,5,1D2U,2.0,True,0.501,32,False,right,0.45022,0.3738,1.0651,0.6913,1.7821,3.0151,1.233,A,0.2795
321,0.50024,1.2,1,0.43354,0.38352,0.40853,321,2.33446,0.21,0.10839,0.60863,5,2D1U,1.0,True,0.509,36,True,left,-0.45022,0.2938,1.1854,0.8917,1.6772,2.0102,0.333,A,0.2795
322,0.50024,0.1,2,0.47523,0.33349,1.1839,322,3.10149,0.21,0.10839,0.60863,5,2D1U,2.0,True,0.375,36,True,right,0.45022,2.3814,3.2731,0.8917,0.1062,1.3399,1.2337,A,0.2835
323,0.50024,0.1,1,0.21677,0.26679,0.7587,323,2.32611,0.17,0.08337,0.58361,5,2D1U,1.0,True,0.425,37,True,left,-0.45022,0.0782,0.9448,0.8666,1.7869,2.1199,0.3331,A,0.2835
324,0.50024,1.2,2,0.50024,0.34183,1.08385,324,3.00977,0.17,0.08337,0.58361,5,2D1U,1.0,False,0.425,37,True,left,0.45022,2.311,3.1778,0.8668,0.1362,1.3697,1.2334,A,0.2795
325,0.50024,1.2,1,0.25846,0.25846,0.52525,325,1.95094,-0.19,-0.09171,0.40853,5,1D2U,1.0,False,0.433,32,False,left,-0.45022,0.1193,0.811,0.6917,1.4191,1.7525,0.3334,A,0.2795
326,0.50024,0.1,1,0.45855,0.38352,1.03383,326,2.75966,-0.23,-0.11672,0.38352,5,1D2U,2.0,True,0.382,32,False,right,0.45022,0.316,0.982,0.666,1.6488,2.8903,1.2415,A,0.2835
327,0.50024,0.1,2,0.25012,0.24178,0.57528,327,1.95094,-0.23,-0.11672,0.38352,5,1D2U,1.0,True,0.45,32,False,left,-0.45022,1.0956,1.7621,0.6665,0.3286,0.6619,0.3333,A,0.2835
328,0.50024,1.2,2,0.61696,0.4252,1.19224,328,3.34327,0.21,0.10839,0.60863,5,2D1U,2.0,True,0.416,38,True,right,0.45022,2.5363,3.4279,0.8916,0.2533,1.486,1.2326,A,0.2795
329,0.50024,1.2,1,0.30014,0.38352,0.56694,329,2.35947,0.21,0.10839,0.60863,5,2D1U,1.0,True,0.384,38,True,left,-0.45022,0.1612,1.0528,0.8916,1.7028,2.0361,0.3333,A,0.2795
330,0.50024,0.1,2,0.39185,0.4919,1.0505,330,2.84302,-0.19,-0.09171,0.40853,5,1D2U,1.0,True,0.466,33,True,left,0.45022,2.1675,2.8622,0.6946,0.0255,1.259,1.2335,A,0.2835
331,0.50024,0.1,2,0.34183,0.38352,0.47523,331,2.28443,0.17,0.08337,0.58361,5,2D1U,2.0,True,0.542,39,True,right,-0.45022,1.0888,1.9551,0.8663,0.4224,0.7554,0.333,A,0.2835
332,0.50024,1.2,1,0.63364,0.35851,1.26728,332,3.1682,-0.19,-0.09171,0.40853,5,1D2U,2.0,True,0.391,33,True,right,0.45022,0.4903,1.1818,0.6915,2.0819,3.3155,1.2336,A,0.2795
333,0.50024,1.2,1,0.33349,0.35851,0.43354,333,2.05098,-0.15,-0.07504,0.4252,5,1D2U,1.0,False,0.482,33,False,left,-0.45022,0.189,0.8978,0.7088,1.4142,1.7483,0.3341,A,0.2795
334,0.50024,0.1,2,0.6253,0.55026,0.74202,334,3.00143,0.17,0.08337,0.58361,5,2D1U,1.0,False,0.825,39,True,left,0.45022,2.0882,2.9547,0.8665,0.2554,1.4885,1.2331,A,0.2835
335,0.50024,0.1,1,0.44188,0.38352,0.80872,335,2.54289,-0.19,-0.09171,0.40853,5,1D2U,2.0,True,0.542,34,True,right,-0.45022,0.2973,0.9895,0.6922,1.8809,2.2147,0.3338,A,0.2835
336,0.50024,1.2,2,0.39185,0.35851,1.35065,336,3.20988,0.21,0.10839,0.60863,5,2D1U,2.0,True,0.408,40,True,right,0.45022,2.4659,3.3573,0.8915,0.0236,1.2573,1.2337,A,0.2795
337,0.50024,1.2,1,0.21677,0.35017,0.45022,337,1.92593,-0.19,-0.09171,0.40853,5,1D2U,1.0,False,0.5,34,True,left,-0.45022,0.0756,0.7675,0.692,1.3012,1.6343,0.3331,A,0.2795
338,0.50024,0.1,1,0.34183,0.59195,0.6253,338,2.66795,0.21,0.10839,0.60863,5,2D1U,1.0,True,0.408,40,True,left,0.45022,0.2004,1.0923,0.8919,1.3509,2.5843,1.2334,A,0.2835
339,0.50024,0.1,1,0.26679,0.36684,0.60029,339,2.11768,-0.23,-0.11672,0.38352,5,1D2U,1.0,False,0.459,34,False,left,-0.45022,0.1227,0.7896,0.6669,1.4732,1.8063,0.3331,A,0.2835
340,0.50024,1.2,2,0.54193,0.44188,1.12554,340,3.1932,0.17,0.08337,0.58361,5,2D1U,2.0,True,0.375,41,True,right,0.45022,2.3881,3.2547,0.8667,0.1714,1.4046,1.2332,A,0.2795
341,0.50024,1.2,1,0.21677,0.22511,0.71701,341,2.02597,-0.27,-0.1334,0.36684,5,1D2U,1.0,False,1.225,34,False,left,-0.45022,0.0768,0.727,0.6502,1.5271,1.8604,0.3333,A,0.2795
342,0.50024,0.1,2,0.65865,0.34183,1.19224,342,3.27657,0.17,0.08337,0.58361,5,2D1U,2.0,True,0.115,41,True,right,0.45022,2.5716,3.4381,0.8665,0.2887,1.5219,1.2332,A,0.2835
343,0.50024,0.1,1,0.25846,0.22511,0.83373,343,2.38448,0.13,0.0667,0.56694,5,2D1U,1.0,True,0.516,41,False,left,-0.45022,0.1198,0.9698,0.85,1.8868,2.2195,0.3327,A,0.2835
344,0.50024,1.2,2,0.4252,0.31682,0.72535,344,2.30944,-0.31,-0.15841,0.34183,5,1D2U,1.0,True,0.391,34,False,left,0.45022,1.8734,2.5071,0.6337,0.0571,1.2899,1.2327,A,0.2795
345,0.50024,1.2,1,0.37518,0.37518,0.41687,345,2.23441,0.13,0.0667,0.56694,5,2D1U,1.0,True,0.442,41,False,left,-0.45022,0.2366,1.0865,0.8499,1.5859,1.9192,0.3333,A,0.2795
346,0.50024,0.1,1,0.60029,0.52525,0.80872,346,2.97643,0.09,0.04169,0.54193,5,2D1U,2.0,False,0.408,41,False,right,0.45022,0.4571,1.2821,0.825,1.7236,2.9567,1.2331,A,0.2835
347,0.50024,0.1,1,0.35851,0.44188,0.40853,347,2.2761,0.13,0.0667,0.56694,5,2D1U,1.0,True,0.467,42,True,left,-0.45022,0.2175,1.0672,0.8497,1.5593,1.8927,0.3333,A,0.2835
348,0.50024,1.2,1,0.45855,0.45855,0.70867,348,2.69295,0.13,0.0667,0.56694,5,2D1U,2.0,False,0.391,42,True,right,0.45022,0.3127,1.1622,0.8495,1.5044,2.7372,1.2328,A,0.2795
349,0.50024,1.2,1,0.41687,0.45022,0.90043,349,2.60959,-0.31,-0.15841,0.34183,5,1D2U,1.0,False,0.458,34,False,left,-0.45022,0.272,0.8968,0.6248,1.8803,2.2134,0.3331,A,0.2795
350,0.50024,0.1,2,0.60863,0.30014,1.29229,350,3.02646,-0.35,-0.17508,0.32516,5,1D2U,1.0,True,0.442,34,False,left,0.45022,2.6275,3.2441,0.6166,0.2439,1.4776,1.2337,A,0.2835
351,0.50024,0.1,1,0.38352,0.22511,0.60863,351,2.30111,0.17,0.08337,0.58361,5,2D1U,1.0,True,0.549,42,False,left,-0.45022,0.2388,1.1056,0.8667,1.7972,2.1305,0.3333,A,0.2835
352,0.50024,1.2,1,0.57528,0.50024,1.16723,352,3.3266,0.17,0.08337,0.58361,5,2D1U,2.0,False,0.374,42,False,right,0.45022,0.4322,1.2986,0.8665,2.0991,3.3321,1.233,A,0.2795
353,0.50024,1.2,1,0.20843,0.36684,0.6253,353,2.02597,-0.35,-0.17508,0.32516,5,1D2U,1.0,False,0.525,34,False,left,-0.45022,0.0655,0.6742,0.6087,1.3822,1.7153,0.3332,A,0.2795
354,0.50024,0.1,1,0.33349,0.65865,1.1839,354,3.28491,0.21,0.10839,0.60863,5,2D1U,1.0,True,0.359,42,False,left,0.45022,0.1911,1.0827,0.8916,1.8989,3.1325,1.2336,A,0.2835
355,0.50024,0.1,1,0.30848,0.26679,0.70034,355,2.38448,0.21,0.10839,0.60863,5,2D1U,2.0,False,1.35,42,False,right,-0.45022,0.1633,1.0551,0.8918,1.8391,2.1718,0.3326,A,0.2835
356,0.50024,1.2,1,0.44188,0.32516,0.60029,356,2.17605,-0.39,-0.19176,0.30848,5,1D2U,2.0,True,0.467,34,False,right,0.45022,0.2968,0.8887,0.5918,1.1218,2.3554,1.2336,A,0.2795
357,0.50024,1.2,1,0.25012,0.41687,0.6253,357,2.10101,-0.39,-0.19176,0.30848,5,1D2U,1.0,False,0.383,34,False,left,-0.45022,0.1041,0.6957,0.5916,1.4039,1.7373,0.3334,A,0.2795
358,0.50024,0.1,2,0.45022,0.6253,0.98381,358,3.18487,0.25,0.12506,0.6253,5,2D1U,2.0,True,0.217,42,False,right,0.45022,2.1567,3.0652,0.9085,0.0824,1.3153,1.2329,A,0.2835
359,0.50024,0.1,1,0.28347,0.24178,0.6253,359,1.93426,-0.43,-0.21677,0.28347,5,1D2U,1.0,False,0.666,34,False,left,-0.45022,0.1399,0.7073,0.5674,1.4157,1.7485,0.3329,A,0.2835
360,0.50024,1.2,1,0.36684,0.41687,0.80038,360,2.70963,0.25,0.12506,0.6253,5,2D1U,2.0,False,0.416,42,False,right,0.45022,0.2263,1.135,0.9087,1.5678,2.8093,1.2415,A,0.2795
361,0.50024,1.2,1,0.33349,0.39185,0.41687,361,1.90924,-0.47,-0.23345,0.26679,5,1D2U,1.0,False,0.508,34,False,left,-0.45022,0.1893,0.7392,0.55,1.2395,1.573,0.3335,A,0.2795
362,0.50024,0.1,2,0.44188,0.37518,0.68366,362,2.64294,0.29,0.14173,0.64198,5,2D1U,2.0,True,0.467,42,False,right,0.45022,1.8463,2.7706,0.9243,0.0709,1.3045,1.2337,A,0.2835
363,0.50024,0.1,1,0.40853,0.20843,0.52525,363,1.88423,-0.51,-0.25846,0.24178,5,1D2U,2.0,True,0.45,34,False,right,-0.45022,0.2673,0.7932,0.5259,1.4013,1.7341,0.3327,A,0.2835
364,0.50024,1.2,1,0.36684,0.30848,1.15055,364,2.56789,-0.51,-0.25846,0.24178,5,1D2U,2.0,True,0.458,34,False,right,0.45022,0.2227,0.7479,0.5252,1.5314,2.7645,1.2332,A,0.2795
365,0.50024,1.2,1,0.24178,0.43354,0.45022,365,2.26776,0.29,0.14173,0.64198,5,2D1U,1.0,True,0.774,42,False,left,-0.45022,0.1024,1.0276,0.9252,1.5608,1.8944,0.3336,A,0.2795
366,0.50024,0.1,2,0.35851,0.65031,1.03383,366,3.16819,0.25,0.12506,0.6253,5,2D1U,2.0,True,0.483,43,True,right,0.45022,2.1165,3.0245,0.908,999,1.225,-997.775,A,0.2835
367,0.50024,0.1,1,0.32516,0.29181,0.70034,367,2.08434,-0.47,-0.23345,0.26679,5,1D2U,2.0,True,0.483,35,True,right,-0.45022,0.1817,0.7314,0.5497,1.5149,1.848,0.3332,A,0.2835
368,0.50024,1.2,1,0.55026,0.34183,0.66699,368,2.32611,-0.47,-0.23345,0.26679,5,1D2U,2.0,True,0.325,35,True,right,0.45022,0.4071,0.9572,0.55,1.2573,2.4905,1.2332,A,0.2795
369,0.50024,1.2,1,0.26679,0.2001,0.87542,369,2.46785,0.25,0.12506,0.6253,5,2D1U,1.0,True,0.433,43,True,left,-0.45022,0.1255,1.0339,0.9084,1.9924,2.3257,0.3333,A,0.2795
370,0.50024,0.1,1,0.45855,0.61696,0.8254,370,2.68462,-0.43,-0.21677,0.28347,5,1D2U,2.0,True,0.383,35,False,right,0.45022,0.3209,0.8879,0.567,1.3459,2.5792,1.2333,A,0.2835
371,0.50024,0.1,1,0.39185,0.39185,0.45022,371,2.34279,0.21,0.10839,0.60863,5,2D1U,1.0,True,0.45,43,False,left,-0.45022,0.2494,1.1405,0.8911,1.6743,2.0073,0.333,A,0.2835
372,0.50024,1.2,2,0.65031,0.37518,1.12554,372,2.93474,-0.43,-0.21677,0.28347,5,1D2U,1.0,True,0.467,35,False,left,0.45022,2.4997,3.0661,0.5664,0.2824,1.516,1.2336,A,0.2795
373,0.50024,1.2,1,0.22511,0.38352,0.6253,373,2.3428,0.21,0.10839,0.60863,5,2D1U,1.0,True,0.391,43,False,left,-0.45022,0.0866,0.9787,0.8922,1.6866,2.0204,0.3339,A,0.2795
374,0.50024,0.1,2,0.55026,0.65865,1.26728,374,3.56004,0.17,0.08337,0.58361,5,2D1U,2.0,True,0.441,43,False,right,0.45022,2.5393,3.4062,0.8669,0.1809,1.4142,1.2333,A,0.2835
375,0.50024,0.1,2,0.22511,0.24178,0.4252,375,1.70081,-0.39,-0.19176,0.30848,5,1D2U,1.0,True,0.466,35,False,left,-0.45022,0.9231,1.515,0.5919,0.3065,0.6399,0.3334,A,0.2835
376,0.50024,1.2,2,0.45855,0.6253,0.72535,376,2.61792,-0.39,-0.19176,0.30848,5,1D2U,1.0,True,0.432,35,False,left,0.45022,1.9057,2.4975,0.5918,0.0892,1.3224,1.2332,A,0.2795
377,0.50024,1.2,2,0.38352,0.22511,0.55026,377,2.24274,0.17,0.08337,0.58361,5,2D1U,2.0,True,0.425,43,False,right,-0.45022,1.2073,2.0736,0.8663,0.4655,0.7991,0.3336,A,0.2795
378,0.50024,0.1,2,0.39185,0.39185,0.60863,378,2.45951,0.13,0.0667,0.56694,5,2D1U,1.0,False,0.392,43,False,left,0.45022,1.7214,2.5802,0.8587,0.0219,1.2553,1.2334,A,0.2835
379,0.50024,0.1,1,0.23345,0.35851,0.58361,379,2.00097,-0.35,-0.17508,0.32516,5,1D2U,2.0,True,0.458,35,False,right,-0.45022,0.0945,0.7029,0.6084,1.3693,1.7032,0.3339,A,0.2835
380,0.50024,1.2,1,0.40019,0.4252,1.19224,380,3.10148,0.17,0.08337,0.58361,5,2D1U,2.0,False,0.442,44,True,right,0.45022,0.2541,1.1208,0.8667,1.9457,3.1796,1.2338,A,0.2795
381,0.50024,1.2,1,0.43354,0.26679,0.55026,381,2.07599,-0.35,-0.17508,0.32516,5,1D2U,1.0,False,0.416,35,False,left,-0.45022,0.2925,0.9004,0.6079,1.5343,1.8671,0.3328,A,0.2795
382,0.50024,0.1,2,0.31682,0.56694,0.71701,382,2.70964,0.21,0.10839,0.60863,5,2D1U,2.0,True,1.066,44,False,right,0.45022,1.7571,2.6488,0.8917,999,1.1825,-997.8175,A,0.2835
383,0.50024,0.1,2,0.39185,0.45022,0.55026,383,2.20105,-0.39,-0.19176,0.30848,5,1D2U,1.0,True,0.35,36,True,left,-0.45022,1.2141,1.8058,0.5917,0.4731,0.8057,0.3326,A,0.2835
384,0.50024,1.2,2,0.52525,0.45022,1.01716,384,3.1015,0.21,0.10839,0.60863,5,2D1U,2.0,True,0.391,44,False,right,0.45022,2.2687,3.1603,0.8917,0.1601,1.3935,1.2334,A,0.2795
385,0.50024,1.2,1,0.43354,0.22511,0.46689,385,1.93426,-0.39,-0.19176,0.30848,5,1D2U,1.0,False,0.491,36,True,left,-0.45022,0.2936,0.885,0.5914,1.4353,1.768,0.3327,A,0.2795
386,0.50024,0.1,1,0.34183,0.40019,0.60863,386,2.13436,-0.43,-0.21677,0.28347,5,1D2U,2.0,True,0.433,36,False,right,0.45022,0.1979,0.7648,0.5669,1.0066,2.2397,1.2331,A,0.2835
387,0.50024,0.1,2,0.35851,0.23345,0.47523,387,2.15104,0.17,0.08337,0.58361,5,2D1U,2.0,True,0.467,45,True,right,-0.45022,1.1067,1.9735,0.8668,0.4405,0.7734,0.3329,A,0.2835
388,0.50024,1.2,1,0.38352,0.34183,0.74202,388,2.55122,0.17,0.08337,0.58361,5,2D1U,2.0,False,0.516,45,True,right,0.45022,0.2462,1.1134,0.8672,1.4884,2.7218,1.2334,A,0.2795
389,0.50024,1.2,1,0.28347,0.29181,0.50858,389,2.19273,0.21,0.10839,0.60863,5,2D1U,1.0,True,0.4,46,True,left,-0.45022,0.1423,1.0346,0.8923,1.6261,1.9595,0.3335,A,0.2795
390,0.50024,0.1,1,0.43354,0.46689,1.00048,390,3.00978,0.21,0.10839,0.60863,5,2D1U,1.0,True,0.111,46,True,left,0.45022,0.2943,1.1856,0.8913,1.8192,3.0519,1.2327,A,0.2835
391,0.50024,0.1,2,0.38352,0.44188,0.54193,391,2.15104,-0.43,-0.21677,0.28347,5,1D2U,1.0,True,0.316,36,False,left,-0.45022,1.2035,1.7703,0.5668,0.4703,0.8035,0.3332,A,0.2835
392,0.50024,1.2,2,0.36684,0.36684,0.8921,392,2.4345,-0.39,-0.19176,0.30848,5,1D2U,1.0,True,0.408,37,True,left,0.45022,1.981,2.581,0.6,0.0024,1.2314,1.229,A,0.2795
393,0.50024,1.2,2,0.35851,0.33349,0.54193,393,2.31778,0.17,0.08337,0.58361,5,2D1U,2.0,True,0.407,47,True,right,-0.45022,1.1728,2.0394,0.8667,0.4398,0.7735,0.3336,A,0.2795
394,0.50024,0.1,2,0.50024,0.55026,1.02549,394,3.15984,0.17,0.08337,0.58361,5,2D1U,2.0,True,0.383,47,True,right,0.45022,2.2483,3.1148,0.8665,0.1315,1.3651,1.2337,A,0.2835
395,0.50024,0.1,1,0.23345,0.29181,0.80038,395,2.39282,0.13,0.0667,0.56694,5,2D1U,1.0,True,0.45,47,False,left,-0.45022,0.0873,0.9376,0.8502,1.8212,2.1542,0.333,A,0.2835
396,0.50024,1.2,2,0.4252,0.44188,0.77537,396,2.45117,-0.39,-0.19176,0.30848,5,1D2U,1.0,True,0.391,37,True,left,0.45022,1.9208,2.5119,0.5912,0.0538,1.2874,1.2335,A,0.2795
397,0.50024,1.2,2,0.30848,0.21677,0.70034,397,2.05099,-0.35,-0.17508,0.32516,5,1D2U,1.0,True,0.458,37,False,left,-0.45022,1.2797,1.8879,0.6081,0.3878,0.7213,0.3335,A,0.2795
398,0.50024,0.1,1,0.45022,0.60029,1.22559,398,3.34328,0.13,0.0667,0.56694,5,2D1U,1.0,True,0.409,47,False,left,0.45022,0.3039,1.1546,0.8507,2.0125,3.2455,1.2331,A,0.2835
399,0.50024,0.1,1,0.27513,0.40019,0.45855,399,1.95927,-0.35,-0.17508,0.32516,5,1D2U,2.0,True,0.433,37,False,right,-0.45022,0.1345,0.7427,0.6083,1.2847,1.618,0.3333,A,0.2835
400,0.50024,1.2,1,0.35017,0.56694,1.30896,400,3.26824,0.09,0.04169,0.54193,5,2D1U,2.0,False,0.425,47,False,right,0.45022,0.2053,1.0299,0.8245,1.9715,3.2046,1.233,A,0.2795
401,0.50024,1.2,1,0.35017,0.40853,0.53359,401,2.35947,0.13,0.0667,0.56694,5,2D1U,2.0,False,0.383,48,True,right,-0.45022,0.2111,1.062,0.8509,1.6781,2.0118,0.3337,A,0.2795
402,0.50024,0.1,1,0.51692,0.47523,0.68366,402,2.51788,-0.31,-0.15841,0.34183,5,1D2U,2.0,True,0.399,37,False,right,0.45022,0.3738,0.9991,0.6253,1.3156,2.5574,1.2418,A,0.2835
403,0.50024,0.1,2,0.21677,0.30848,0.84207,403,2.45117,0.17,0.08337,0.58361,5,2D1U,2.0,True,0.392,48,False,right,-0.45022,1.3338,2.2006,0.8668,0.3003,0.6332,0.3329,A,0.2835
404,0.50024,1.2,2,0.51692,0.55026,0.72535,404,2.87638,0.17,0.08337,0.58361,5,2D1U,1.0,False,0.425,48,False,left,0.45022,1.9675,2.8356,0.8681,0.1512,1.3845,1.2333,A,0.2795
405,0.50024,1.2,2,0.24178,0.23345,0.45855,405,1.77585,-0.31,-0.15841,0.34183,5,1D2U,1.0,True,0.4,37,False,left,-0.45022,0.9718,1.5969,0.6251,0.3214,0.6553,0.3339,A,0.2795
406,0.50024,0.1,1,0.45855,0.40853,1.26728,406,3.24323,0.21,0.10839,0.60863,5,2D1U,1.0,True,0.642,48,False,left,0.45022,0.313,1.205,0.892,2.1052,3.3382,1.233,A,0.2835
407,0.50024,0.1,2,0.21677,0.35017,0.83373,407,2.50954,0.21,0.10839,0.60863,5,2D1U,2.0,True,0.424,48,False,right,-0.45022,1.3216,2.2137,0.8922,0.2968,0.6298,0.333,A,0.2835
408,0.50024,1.2,1,0.56694,0.40853,1.32564,408,3.38496,0.17,0.08337,0.58361,5,2D1U,1.0,True,0.408,49,True,left,0.45022,0.4246,1.2916,0.867,2.2499,3.4829,1.233,A,0.2795
409,0.50024,1.2,2,0.41687,0.29181,0.41687,409,1.99263,-0.27,-0.1334,0.36684,5,1D2U,1.0,True,0.434,37,False,left,-0.45022,1.105,1.7552,0.6502,0.497,0.8304,0.3334,A,0.2795
410,0.50024,0.1,1,0.60029,0.48357,0.8921,410,2.84304,-0.27,-0.1334,0.36684,5,1D2U,2.0,True,0.542,37,False,right,0.45022,0.4573,1.1075,0.6501,1.6326,2.8658,1.2332,A,0.2835
411,0.50024,0.1,1,0.28347,0.33349,0.70034,411,2.20106,-0.23,-0.11672,0.38352,5,1D2U,2.0,True,0.418,37,False,right,-0.45022,0.1446,0.8109,0.6663,1.5947,1.9285,0.3338,A,0.2835
412,0.50024,1.2,1,0.53359,0.51692,1.16723,412,3.30159,0.17,0.08337,0.58361,5,2D1U,1.0,True,0.4,49,True,left,0.45022,0.388,1.255,0.867,2.055,3.2884,1.2334,A,0.2795
413,0.50024,1.2,1,0.40019,0.39185,0.85875,413,2.71797,0.13,0.0667,0.56694,5,2D1U,2.0,False,0.466,49,False,right,-0.45022,0.2549,1.1048,0.8499,2.0467,2.3796,0.3329,A,0.2795
414,0.50024,0.1,1,0.40019,0.41687,0.56694,414,2.26776,-0.23,-0.11672,0.38352,5,1D2U,2.0,True,0.333,37,False,right,0.45022,0.2605,0.9268,0.6663,1.1266,2.3606,1.2341,A,0.2835
415,0.50024,0.1,1,0.35851,0.37518,0.68366,415,2.32612,-0.19,-0.09171,0.40853,5,1D2U,2.0,True,0.45,37,False,right,-0.45022,0.2143,0.9057,0.6915,1.6721,2.0059,0.3338,A,0.2835
416,0.50024,1.2,1,0.36684,0.63364,0.63364,416,2.71797,0.17,0.08337,0.58361,5,2D1U,2.0,False,0.491,50,True,right,0.45022,0.2266,1.0939,0.8673,1.3605,2.594,1.2335,A,0.2795
417,0.50024,1.2,2,0.29181,0.45022,0.81706,417,2.46786,-0.19,-0.09171,0.40853,5,1D2U,1.0,True,0.399,37,False,left,-0.45022,1.3802,2.072,0.6917,0.3723,0.7053,0.333,A,0.2795
418,0.50024,0.1,2,0.54193,0.34183,0.99214,418,2.80134,-0.15,-0.07504,0.4252,5,1D2U,1.0,True,0.366,37,False,left,0.45022,2.2575,2.9656,0.7081,0.1741,1.4075,1.2334,A,0.2835
419,0.50024,0.1,1,0.22511,0.38352,0.58361,419,2.11768,-0.15,-0.07504,0.4252,5,1D2U,2.0,True,0.441,37,False,right,-0.45022,0.0845,0.7927,0.7083,1.4596,1.7929,0.3333,A,0.2835
420,0.50024,1.2,1,0.61696,0.47523,1.2506,420,3.45166,0.21,0.10839,0.60863,5,2D1U,2.0,False,0.357,50,False,right,0.45022,0.4718,1.3635,0.8917,2.2471,3.4805,1.2334,A,0.2795
421,0.50024,1.2,2,0.37518,0.29181,0.73369,421,2.3428,-0.11,-0.05836,0.44188,5,1D2U,1.0,True,0.475,37,False,left,-0.45022,1.3833,2.1089,0.7256,0.4589,0.7916,0.3328,A,0.2795
422,0.50024,0.1,1,0.67532,0.30848,1.24226,422,3.16818,-0.11,-0.05836,0.44188,5,1D2U,2.0,True,0.383,37,False,right,0.45022,0.529,1.2534,0.7244,2.1287,3.3619,1.2332,A,0.2835
423,0.50024,0.1,1,0.41687,0.38352,0.88376,423,2.65128,-0.07,-0.03335,0.46689,5,1D2U,1.0,False,0.417,37,False,left,-0.45022,0.2724,1.0226,0.7501,1.9893,2.3225,0.3332,A,0.2835
424,0.50024,1.2,2,0.60863,0.50858,0.98381,424,3.22656,0.25,0.12506,0.6253,5,2D1U,2.0,True,0.358,50,False,right,0.45022,2.3166,3.2252,0.9086,0.2416,1.4749,1.2333,A,0.2795
425,0.50024,1.2,1,0.22511,0.44188,0.51692,425,2.30945,0.25,0.12506,0.6253,5,2D1U,1.0,True,0.425,50,False,left,-0.45022,0.0816,0.9898,0.9081,1.5901,1.9231,0.333,A,0.2795
426,0.50024,0.1,2,0.38352,0.5586,1.10887,426,2.99311,-0.11,-0.05836,0.44188,5,1D2U,1.0,True,0.383,38,True,left,0.45022,2.2185,2.9435,0.725,0.0184,1.252,1.2337,A,0.2835
427,0.50024,0.1,1,0.35851,0.43354,0.77537,427,2.50954,-0.11,-0.05836,0.44188,5,1D2U,2.0,True,0.392,38,True,right,-0.45022,0.2142,0.939,0.7248,1.7972,2.131,0.3338,A,0.2835
428,0.50024,1.2,1,0.45022,0.67532,0.68366,428,2.91807,0.21,0.10839,0.60863,5,2D1U,1.0,True,0.433,51,True,left,0.45022,0.3052,1.1968,0.8916,1.5135,2.7469,1.2335,A,0.2795
429,0.50024,1.2,1,0.23345,0.30014,0.80038,429,2.3011,-0.07,-0.03335,0.46689,5,1D2U,1.0,False,0.441,39,True,left,-0.45022,0.0867,0.8366,0.75,1.72,2.0531,0.3331,A,0.2795
430,0.50024,0.1,1,0.52525,0.50024,0.71701,430,2.85137,0.21,0.10839,0.60863,5,2D1U,1.0,True,0.342,51,True,left,0.45022,0.3854,1.2773,0.8919,1.6269,2.8604,1.2334,A,0.2835
431,0.50024,0.1,2,0.40853,0.35851,0.70034,431,2.55123,0.17,0.08337,0.58361,5,2D1U,2.0,True,0.333,51,False,right,-0.45022,1.3815,2.2475,0.866,0.4892,0.8227,0.3336,A,0.2835
432,0.50024,1.2,1,0.59195,0.38352,0.65031,432,2.5679,-0.11,-0.05836,0.44188,5,1D2U,1.0,False,0.625,40,True,left,0.45022,0.4465,1.1714,0.7248,1.4543,2.696,1.2417,A,0.2795
433,0.50024,1.2,1,0.34183,0.34183,0.81706,433,2.42616,-0.15,-0.07504,0.4252,5,1D2U,2.0,True,0.45,40,False,right,-0.45022,0.2015,0.9096,0.7081,1.8093,2.1428,0.3335,A,0.2795
434,0.50024,0.1,1,0.51692,0.56694,1.16723,434,3.17653,-0.15,-0.07504,0.4252,5,1D2U,2.0,True,0.325,40,False,right,0.45022,0.3737,1.082,0.7082,1.882,3.1153,1.2333,A,0.2835
435,0.50024,0.1,2,0.36684,0.22511,0.65031,435,2.18438,-0.11,-0.05836,0.44188,5,1D2U,2.0,False,0.367,41,True,right,-0.45022,1.2944,2.0194,0.7251,0.4525,0.7859,0.3334,A,0.2835
436,0.50024,1.2,1,0.38352,0.4252,0.98381,436,2.87638,0.17,0.08337,0.58361,5,2D1U,2.0,False,0.383,51,False,right,0.45022,0.2453,1.1122,0.8669,1.7285,2.9702,1.2418,A,0.2795
437,0.50024,1.2,2,0.25846,0.37518,0.58361,437,2.32612,0.21,0.10839,0.60863,5,2D1U,2.0,True,0.399,52,True,right,-0.45022,1.1194,2.0106,0.8913,0.3437,0.6775,0.3338,A,0.2795
438,0.50024,0.1,2,0.57528,0.52525,0.94212,438,2.96809,-0.15,-0.07504,0.4252,5,1D2U,1.0,True,0.399,42,True,left,0.45022,2.2448,2.9532,0.7084,0.2116,1.4446,1.233,A,0.2835
439,0.50024,0.1,1,0.34183,0.40853,0.87542,439,2.55122,-0.15,-0.07504,0.4252,5,1D2U,2.0,True,0.299,42,True,right,-0.45022,0.1979,0.9061,0.7082,1.8646,2.1977,0.3331,A,0.2835
440,0.50024,1.2,1,0.46689,0.43354,1.04217,440,2.88472,-0.11,-0.05836,0.44188,5,1D2U,1.0,False,0.491,43,True,left,0.45022,0.324,1.0487,0.7247,1.7234,2.9568,1.2334,A,0.2795
441,0.50024,1.2,2,0.21677,0.26679,0.46689,441,2.05932,0.21,0.10839,0.60863,5,2D1U,2.0,True,0.392,52,True,right,-0.45022,0.9557,1.8475,0.8918,0.2973,0.6308,0.3335,A,0.2795
442,0.50024,0.1,1,0.35017,0.66699,1.22559,442,3.16819,-0.15,-0.07504,0.4252,5,1D2U,2.0,True,0.408,44,True,right,0.45022,0.2086,0.9172,0.7086,1.7754,3.0085,1.2331,A,0.2835
443,0.50024,0.1,1,0.44188,0.4252,0.78371,443,2.57623,-0.15,-0.07504,0.4252,5,1D2U,1.0,False,0.424,44,True,left,-0.45022,0.2948,1.0036,0.7089,1.87,2.2035,0.3335,A,0.2835
444,0.50024,1.2,1,0.39185,0.43354,0.84207,444,2.75131,0.17,0.08337,0.58361,5,2D1U,2.0,False,0.307,53,True,right,0.45022,0.2449,1.112,0.8671,1.5866,2.8203,1.2338,A,0.2795
445,0.50024,1.2,1,0.23345,0.27513,0.45022,445,1.86757,-0.19,-0.09171,0.40853,5,1D2U,1.0,False,0.449,44,False,left,-0.45022,0.0903,0.7822,0.6919,1.3154,1.6491,0.3337,A,0.2795
446,0.50024,0.1,1,0.37518,0.38352,0.50858,446,2.37615,0.21,0.10839,0.60863,5,2D1U,1.0,True,0.392,54,True,left,0.45022,0.2328,1.1249,0.8921,1.266,2.4998,1.2338,A,0.2835
447,0.50024,0.1,2,0.32516,0.39185,0.55026,447,2.15103,-0.23,-0.11672,0.38352,5,1D2U,1.0,True,0.4,44,False,left,-0.45022,1.1504,1.8168,0.6665,0.409,0.7419,0.3329,A,0.2835
448,0.50024,1.2,1,0.34183,0.40853,1.25894,448,3.11817,0.21,0.10839,0.60863,5,2D1U,1.0,True,0.383,54,True,left,0.45022,0.1987,1.0912,0.8924,1.983,3.2243,1.2413,A,0.2795
449,0.50024,1.2,2,0.39185,0.23345,0.50024,449,2.0093,-0.23,-0.11672,0.38352,5,1D2U,1.0,True,0.441,44,False,left,-0.45022,1.1643,1.831,0.6667,0.4723,0.8055,0.3332,A,0.2795
450,0.50024,0.1,2,0.50024,0.57528,1.26728,450,3.25157,-0.19,-0.09171,0.40853,5,1D2U,1.0,True,0.524,45,True,left,0.45022,2.4873,3.1786,0.6914,0.1291,1.3619,1.2327,A,0.2835
451,0.50024,0.1,1,0.40019,0.30848,0.71701,451,2.50953,0.17,0.08337,0.58361,5,2D1U,2.0,False,0.416,55,True,right,-0.45022,0.2569,1.1234,0.8666,1.9236,2.2572,0.3336,A,0.2835
452,0.50024,1.2,1,0.45022,0.40019,0.8254,452,2.58458,-0.19,-0.09171,0.40853,5,1D2U,2.0,True,0.384,45,True,right,0.45022,0.3037,0.996,0.6923,1.4543,2.6876,1.2333,A,0.2795
453,0.50024,1.2,2,0.40853,0.35017,0.4919,453,2.35947,0.21,0.10839,0.60863,5,2D1U,2.0,True,0.384,56,True,right,-0.45022,1.17,2.0616,0.8916,0.4867,0.82,0.3332,A,0.2795
454,0.50024,0.1,2,0.63364,0.40019,1.12554,454,3.08481,-0.15,-0.07504,0.4252,5,1D2U,1.0,True,0.433,45,False,left,0.45022,2.481,3.1894,0.7084,0.2641,1.4972,1.2331,A,0.2835
455,0.50024,0.1,1,0.26679,0.35851,0.72535,455,2.27609,-0.15,-0.07504,0.4252,5,1D2U,2.0,True,0.467,45,False,right,-0.45022,0.1259,0.8346,0.7087,1.6432,1.9756,0.3324,A,0.2835
456,0.50024,1.2,1,0.48357,0.41687,0.83373,456,2.84304,0.21,0.10839,0.60863,5,2D1U,1.0,True,0.416,56,True,left,0.45022,0.3385,1.23,0.8915,1.6967,2.9298,1.233,A,0.2795
457,0.50024,1.2,2,0.30848,0.4252,0.47523,457,2.29276,0.17,0.08337,0.58361,5,2D1U,2.0,True,0.317,57,True,right,-0.45022,1.0602,1.9263,0.866,0.3937,0.7263,0.3326,A,0.2795
458,0.50024,0.1,2,0.30848,0.43354,0.91711,458,2.74298,0.17,0.08337,0.58361,5,2D1U,2.0,True,0.308,57,True,right,0.45022,1.9529,2.8193,0.8664,999,1.1781,-997.8219,A,0.2835
459,0.50024,0.1,2,0.21677,0.36684,0.77537,459,2.3011,-0.11,-0.05836,0.44188,5,1D2U,1.0,True,0.384,45,False,left,-0.45022,1.2686,1.994,0.7254,0.3021,0.6355,0.3334,A,0.2835
460,0.50024,1.2,2,0.45022,0.35017,0.65865,460,2.52622,0.13,0.0667,0.56694,5,2D1U,2.0,True,0.424,57,False,right,0.45022,1.8325,2.683,0.8504,0.0832,1.3167,1.2335,A,0.2795
461,0.50024,1.2,1,0.36684,0.45022,0.80038,461,2.68462,0.13,0.0667,0.56694,5,2D1U,1.0,True,0.541,57,False,left,-0.45022,0.2221,1.0719,0.8497,1.9552,2.2885,0.3334,A,0.2795
462,0.50024,0.1,2,0.57528,0.34183,0.60863,462,2.46786,-0.11,-0.05836,0.44188,5,1D2U,2.0,False,0.516,45,False,right,0.45022,1.9055,2.63,0.7246,0.2045,1.4386,1.234,A,0.2835
463,0.50024,0.1,2,0.37518,0.37518,0.8921,463,2.5679,-0.15,-0.07504,0.4252,5,1D2U,2.0,False,0.5,46,True,right,-0.45022,1.5375,2.246,0.7086,0.4546,0.7879,0.3333,A,0.2835
464,0.50024,1.2,2,0.36684,0.39185,0.98381,464,2.65127,-0.19,-0.09171,0.40853,5,1D2U,1.0,True,0.567,46,False,left,0.45022,2.0762,2.7677,0.6914,0.0014,1.2348,1.2334,A,0.2795
465,0.50024,1.2,2,0.4252,0.32516,0.48357,465,2.2761,0.09,0.04169,0.54193,5,2D1U,2.0,True,0.416,57,False,right,-0.45022,1.1788,2.0043,0.8255,0.5043,0.8377,0.3333,A,0.2795
466,0.50024,0.1,1,0.6253,0.37518,0.95879,466,3.00144,0.09,0.04169,0.54193,5,2D1U,1.0,True,0.35,57,False,left,0.45022,0.4859,1.3104,0.8245,1.902,3.1351,1.2331,A,0.2835
467,0.50024,0.1,1,0.35851,0.21677,0.66699,467,2.26776,0.05,0.02501,0.52525,5,2D1U,1.0,True,0.458,57,False,left,-0.45022,0.2128,1.0207,0.8078,1.7704,2.104,0.3336,A,0.2835
468,0.50024,1.2,2,0.57528,0.44188,0.64198,468,2.56791,-0.19,-0.09171,0.40853,5,1D2U,1.0,True,0.308,46,False,left,0.45022,1.9449,2.637,0.6921,0.2113,1.4449,1.2337,A,0.2795
469,0.50024,1.2,2,0.27513,0.25846,0.88376,469,2.34279,-0.15,-0.07504,0.4252,5,1D2U,2.0,False,0.4,47,True,right,-0.45022,1.432,2.14,0.708,0.357,0.6898,0.3328,A,0.2795
470,0.50024,0.1,2,0.64198,0.50024,0.88376,470,3.05147,0.05,0.02501,0.52525,5,2D1U,1.0,False,0.408,57,False,left,0.45022,2.246,3.0545,0.8085,0.2712,1.5043,1.233,A,0.2835
471,0.50024,0.1,2,0.41687,0.23345,0.64198,471,2.20107,-0.19,-0.09171,0.40853,5,1D2U,2.0,False,0.424,48,True,right,-0.45022,1.3302,2.0223,0.692,0.4968,0.8307,0.3339,A,0.2835
472,0.50024,1.2,1,0.50858,0.30848,0.70034,472,2.40116,-0.23,-0.11672,0.38352,5,1D2U,2.0,True,0.374,48,False,right,0.45022,0.3695,1.0361,0.6666,1.3691,2.6033,1.2342,A,0.2795
473,0.50024,1.2,1,0.4252,0.29181,0.80038,473,2.55956,0.09,0.04169,0.54193,5,2D1U,2.0,False,0.457,58,True,right,-0.45022,0.2863,1.1117,0.8254,1.9953,2.3279,0.3326,A,0.2795
474,0.50024,0.1,2,0.53359,0.66699,1.20058,474,3.28492,-0.23,-0.11672,0.38352,5,1D2U,1.0,True,0.384,48,False,left,0.45022,2.4568,3.1231,0.6663,0.1648,1.3979,1.2331,A,0.2835
475,0.50024,0.1,2,0.43354,0.33349,0.85875,475,2.69296,0.13,0.0667,0.56694,5,2D1U,2.0,True,0.392,58,False,right,-0.45022,1.5643,2.4143,0.85,0.5142,0.8477,0.3335,A,0.2835
476,0.50024,1.2,2,0.53359,0.35851,1.17556,476,2.97643,-0.19,-0.09171,0.40853,5,1D2U,1.0,True,0.458,49,True,left,0.45022,2.4304,3.1302,0.6998,0.1633,1.3965,1.2332,A,0.2795
477,0.50024,1.2,2,0.20843,0.28347,0.85041,477,2.40949,0.13,0.0667,0.56694,5,2D1U,2.0,True,0.434,58,False,right,-0.45022,1.3337,2.1839,0.8502,0.292,0.6256,0.3336,A,0.2795
478,0.50024,0.1,2,0.46689,0.51692,0.63364,478,2.52622,-0.19,-0.09171,0.40853,5,1D2U,1.0,True,0.357,49,True,left,0.45022,1.821,2.5131,0.6921,0.0967,1.3299,1.2332,A,0.2835
479,0.50024,0.1,2,0.35851,0.27513,0.5586,479,2.11768,-0.15,-0.07504,0.4252,5,1D2U,1.0,True,0.409,49,False,left,-0.45022,1.1889,1.8974,0.7086,0.4392,0.7726,0.3334,A,0.2835
480,0.50024,1.2,2,0.41687,0.45855,1.25894,480,3.17653,0.09,0.04169,0.54193,5,2D1U,2.0,True,0.649,59,True,right,0.45022,2.4008,3.2342,0.8334,0.0506,1.2842,1.2335,A,0.2795
481,0.50024,1.2,2,0.44188,0.32516,0.76704,481,2.45952,-0.15,-0.07504,0.4252,5,1D2U,2.0,False,0.391,49,False,right,-0.45022,1.4817,2.1901,0.7084,0.5239,0.8566,0.3327,A,0.2795
482,0.50024,0.1,2,0.33349,0.33349,0.83373,482,2.40948,-0.19,-0.09171,0.40853,5,1D2U,1.0,True,0.45,50,True,left,0.45022,1.8933,2.5846,0.6913,999,1.2016,-997.7984,A,0.2835
483,0.50024,0.1,1,0.37518,0.2001,0.41687,483,1.90092,-0.19,-0.09171,0.40853,5,1D2U,2.0,True,0.416,50,True,right,-0.45022,0.2345,0.9262,0.6917,1.4261,1.7593,0.3333,A,0.2835
484,0.50024,1.2,2,0.33349,0.38352,1.34231,484,3.10149,0.09,0.04169,0.54193,5,2D1U,2.0,True,0.358,59,True,right,0.45022,2.4032,3.2278,0.8246,999,1.2034,-997.7966,A,0.2795
485,0.50024,1.2,1,0.27513,0.25012,0.77537,485,2.22606,-0.15,-0.07504,0.4252,5,1D2U,1.0,False,0.408,51,True,left,-0.45022,0.1285,0.8371,0.7085,1.6952,2.0286,0.3334,A,0.2795
486,0.50024,0.1,1,0.66699,0.43354,0.8921,486,3.01812,0.05,0.02501,0.52525,5,2D1U,2.0,False,0.383,59,False,right,0.45022,0.5237,1.3321,0.8084,1.8568,3.0982,1.2414,A,0.2835
487,0.50024,0.1,2,0.28347,0.25012,0.86708,487,2.30944,-0.19,-0.09171,0.40853,5,1D2U,2.0,False,0.417,52,True,right,-0.45022,1.4275,2.1194,0.6919,0.3694,0.7026,0.3332,A,0.2835
488,0.50024,1.2,1,0.50024,0.34183,0.75036,488,2.47619,-0.23,-0.11672,0.38352,5,1D2U,1.0,False,0.408,52,False,left,0.45022,0.3539,1.0205,0.6666,1.4036,2.6373,1.2337,A,0.2795
489,0.50024,1.2,2,0.43354,0.4252,0.80872,489,2.70963,0.09,0.04169,0.54193,5,2D1U,2.0,True,0.442,60,True,right,-0.45022,1.5187,2.3442,0.8254,0.5188,0.8519,0.3331,A,0.2795
490,0.50024,0.1,2,0.34183,0.59195,0.7587,490,2.73465,0.09,0.04169,0.54193,5,2D1U,1.0,False,0.4,60,True,left,0.45022,1.8226,2.6477,0.8251,999,1.2061,-997.7939,A,0.2835
491,0.50024,0.1,2,0.41687,0.22511,0.64198,491,2.15104,-0.27,-0.1334,0.36684,5,1D2U,1.0,True,0.491,52,False,left,-0.45022,1.3288,1.9793,0.6504,0.4954,0.829,0.3336,A,0.2835
492,0.50024,1.2,1,0.65031,0.45855,1.30063,492,3.27657,-0.27,-0.1334,0.36684,5,1D2U,2.0,True,0.384,52,False,right,0.45022,0.512,1.1614,0.6495,2.0949,3.337,1.2421,A,0.2795
493,0.50024,1.2,2,0.36684,0.39185,0.7587,493,2.58457,0.13,0.0667,0.56694,5,2D1U,1.0,False,0.508,60,False,left,-0.45022,1.4005,2.2505,0.8499,0.4505,0.7836,0.3331,A,0.2795
494,0.50024,0.1,2,0.54193,0.38352,1.29229,494,3.1015,-0.23,-0.11672,0.38352,5,1D2U,1.0,True,0.4,53,True,left,0.45022,2.5558,3.2225,0.6667,0.1719,1.4061,1.2341,A,0.2835
495,0.50024,0.1,1,0.29181,0.34183,0.77537,495,2.49286,0.17,0.08337,0.58361,5,2D1U,1.0,True,0.417,60,False,left,-0.45022,0.1523,1.0184,0.8661,1.8769,2.2104,0.3335,A,0.2835
496,0.50024,1.2,2,0.30848,0.40019,1.0505,496,2.84302,0.17,0.08337,0.58361,5,2D1U,1.0,False,0.533,60,False,left,0.45022,2.0858,2.9521,0.8663,999,1.177,-997.823,A,0.2795
497,0.50024,1.2,1,0.4252,0.40019,0.59195,497,2.3011,-0.23,-0.11672,0.38352,5,1D2U,1.0,False,0.399,53,True,left,-0.45022,0.2815,0.9481,0.6667,1.6232,1.9565,0.3333,A,0.2795
498,0.50024,0.1,2,0.30014,0.6253,1.00048,498,3.03479,0.21,0.10839,0.60863,5,2D1U,2.0,True,0.3,60,False,right,0.45022,2.0208,2.9121,0.8913,999,1.1621,-997.8379,A,0.2835
499,0.50024,0.1,1,0.4252,0.22511,0.71701,499,2.47619,0.21,0.10839,0.60863,5,2D1U,2.0,False,0.458,60,False,right,-0.45022,0.2796,1.1716,0.892,1.9714,2.3048,0.3334,A,0.2835
500,0.50024,1.2,2,0.40019,0.51692,0.63364,500,2.67629,0.25,0.12506,0.6253,5,2D1U,1.0,False,0.366,60,False,left,0.45022,1.7577,2.6658,0.9081,0.0325,1.2658,1.2333,A,0.2795
501,0.50024,1.2,1,0.22511,0.36684,0.64198,501,2.10101,-0.27,-0.1334,0.36684,5,1D2U,1.0,False,0.391,54,True,left,-0.45022,0.0847,0.7347,0.65,1.4596,1.7931,0.3335,A,0.2795
502,0.50024,0.1,2,0.44188,0.60863,1.03383,502,3.22656,0.29,0.14173,0.64198,5,2D1U,2.0,True,0.374,60,False,right,0.45022,2.1985,3.1233,0.9248,0.0734,1.307,1.2336,A,0.2835
503,0.50024,0.1,2,0.30848,0.34183,0.84207,503,2.33445,-0.31,-0.15841,0.34183,5,1D2U,1.0,True,0.45,54,False,left,-0.45022,1.4261,2.0512,0.6251,0.3919,0.7257,0.3338,A,0.2835
504,0.50024,1.2,2,0.37518,0.31682,1.02549,504,2.85971,0.29,0.14173,0.64198,5,2D1U,1.0,False,0.508,60,False,left,0.45022,2.1253,3.0504,0.9252,0.0088,1.2422,1.2335,A,0.2795
505,0.50024,1.2,2,0.35851,0.31682,0.8254,505,2.66796,0.33,0.16675,0.66699,5,2D1U,2.0,True,0.316,60,False,right,-0.45022,1.4615,2.4117,0.9502,0.4454,0.7784,0.333,A,0.2795
506,0.50024,0.1,1,0.35851,0.36684,0.66699,506,2.23441,-0.31,-0.15841,0.34183,5,1D2U,2.0,True,0.114,54,False,right,0.45022,0.2141,0.8393,0.6251,1.1389,2.3725,1.2335,A,0.2835
507,0.50024,0.1,1,0.35017,0.33349,0.80872,507,2.65961,0.33,0.16675,0.66699,5,2D1U,1.0,True,0.533,60,False,left,-0.45022,0.2079,1.1579,0.95,2.0495,2.3828,0.3333,A,0.2835
508,0.50024,1.2,1,0.44188,0.35851,1.32564,508,3.26825,0.29,0.14173,0.64198,5,2D1U,2.0,False,0.5,61,True,right,0.45022,0.2974,1.2223,0.9249,2.1811,3.4223,1.2413,A,0.2795
509,0.50024,1.2,2,0.44188,0.24178,0.5586,509,2.40949,0.33,0.16675,0.66699,5,2D1U,2.0,True,0.425,62,True,right,-0.45022,1.2775,2.2275,0.9501,0.5274,0.8615,0.3341,A,0.2795
510,0.50024,0.1,2,0.37518,0.4252,0.66699,510,2.6346,0.33,0.16675,0.66699,5,2D1U,2.0,True,0.383,62,True,right,0.45022,1.7672,2.717,0.9498,0.009,1.2423,1.2332,A,0.2835
511,0.50024,0.1,2,0.24178,0.20843,0.47523,511,1.79252,-0.27,-0.1334,0.36684,5,1D2U,1.0,True,0.416,55,True,left,-0.45022,0.9893,1.6394,0.6501,0.3222,0.6559,0.3337,A,0.2835
512,0.50024,1.2,1,0.55026,0.37518,1.27561,512,3.34327,0.29,0.14173,0.64198,5,2D1U,2.0,False,0.391,63,True,right,0.45022,0.4056,1.3303,0.9247,2.239,3.4726,1.2335,A,0.2795
513,0.50024,1.2,1,0.31682,0.32516,0.45022,513,1.95928,-0.27,-0.1334,0.36684,5,1D2U,1.0,False,0.441,55,True,left,-0.45022,0.1766,0.8273,0.6507,1.3607,1.6937,0.333,A,0.2795
514,0.50024,0.1,2,0.54193,0.33349,1.2506,514,2.96809,-0.31,-0.15841,0.34183,5,1D2U,1.0,True,0.433,56,True,left,0.45022,2.5182,3.1515,0.6332,0.1771,1.41,1.2329,A,0.2835
515,0.50024,0.1,1,0.25012,0.30848,0.50024,515,1.90091,-0.31,-0.15841,0.34183,5,1D2U,1.0,False,0.458,56,True,left,-0.45022,0.1067,0.7319,0.6252,1.3146,1.6481,0.3335,A,0.2835
516,0.50024,1.2,1,0.43354,0.44188,0.59195,516,2.6346,0.33,0.16675,0.66699,5,2D1U,1.0,True,0.374,64,True,left,0.45022,0.2935,1.2441,0.9506,1.4688,2.7023,1.2334,A,0.2795
517,0.50024,1.2,1,0.22511,0.35851,0.70034,517,2.45119,0.33,0.16675,0.66699,5,2D1U,1.0,True,0.424,64,True,left,-0.45022,0.0868,1.0363,0.9495,1.8197,2.1534,0.3337,A,0.2795
518,0.50024,0.1,2,0.65031,0.48357,0.74202,518,3.01812,0.29,0.14173,0.64198,5,2D1U,2.0,True,0.367,65,True,right,0.45022,2.1188,3.0432,0.9243,0.2851,1.5185,1.2333,A,0.2835
519,0.50024,0.1,1,0.31682,0.41687,0.63364,519,2.19273,-0.35,-0.17508,0.32516,5,1D2U,2.0,True,0.658,56,False,right,-0.45022,0.1729,0.7811,0.6082,1.4976,1.8308,0.3332,A,0.2835
520,0.50024,1.2,2,0.38352,0.43354,1.00048,520,2.64294,-0.35,-0.17508,0.32516,5,1D2U,1.0,True,0.4,56,False,left,0.45022,2.1066,2.7148,0.6082,0.0147,1.2483,1.2337,A,0.2795
521,0.50024,1.2,2,0.29181,0.33349,0.87542,521,2.64294,0.29,0.14173,0.64198,5,2D1U,2.0,True,0.417,65,True,right,-0.45022,1.439,2.3635,0.9245,0.3726,0.7057,0.3331,A,0.2795
522,0.50024,0.1,1,0.35017,0.33349,0.67532,522,2.20105,-0.31,-0.15841,0.34183,5,1D2U,2.0,True,0.114,57,True,right,0.45022,0.2049,0.8303,0.6254,1.1383,2.373,1.2347,A,0.2835
523,0.50024,0.1,2,0.41687,0.38352,0.75036,523,2.67629,0.25,0.12506,0.6253,5,2D1U,2.0,True,0.45,65,False,right,-0.45022,1.4384,2.3472,0.9088,0.4972,0.8304,0.3333,A,0.2835
524,0.50024,1.2,1,0.34183,0.60863,1.16723,524,3.24323,0.25,0.12506,0.6253,5,2D1U,2.0,False,0.425,65,False,right,0.45022,0.198,1.1067,0.9087,1.9064,3.1395,1.2331,A,0.2795
525,0.50024,1.2,2,0.24178,0.25846,0.46689,525,1.8092,-0.31,-0.15841,0.34183,5,1D2U,1.0,True,0.408,57,True,left,-0.45022,0.9867,1.6121,0.6254,0.3289,0.662,0.3331,A,0.2795
526,0.50024,0.1,1,0.30848,0.44188,0.64198,526,2.25942,-0.27,-0.1334,0.36684,5,1D2U,2.0,True,0.341,57,False,right,0.45022,0.1693,0.819,0.6497,1.0944,2.3356,1.2411,A,0.2835
527,0.50024,0.1,1,0.30014,0.2001,0.43354,527,2.076,0.29,0.14173,0.64198,5,2D1U,1.0,True,0.4,66,True,left,-0.45022,0.1604,1.0858,0.9255,1.6024,1.9356,0.3333,A,0.2835
528,0.50024,1.2,1,0.66699,0.45855,1.25894,528,3.25156,-0.27,-0.1334,0.36684,5,1D2U,2.0,True,0.299,57,False,right,0.45022,0.5285,1.1779,0.6494,2.0696,3.3027,1.233,A,0.2795
529,0.50024,1.2,1,0.35851,0.44188,0.78371,529,2.72632,0.29,0.14173,0.64198,5,2D1U,1.0,True,0.484,66,True,left,-0.45022,0.2192,1.1438,0.9246,2.01,2.344,0.334,A,0.2795
530,0.50024,0.1,2,0.6253,0.51692,1.03383,530,3.30159,0.25,0.12506,0.6253,5,2D1U,2.0,True,0.417,67,True,right,0.45022,2.3799,3.2884,0.9086,0.2548,1.4886,1.2339,A,0.2835
531,0.50024,0.1,1,0.25012,0.35017,0.46689,531,2.19272,0.25,0.12506,0.6253,5,2D1U,1.0,True,0.458,67,True,left,-0.45022,0.1048,1.0135,0.9087,1.5635,1.8963,0.3328,A,0.2835
532,0.50024,1.2,1,0.59195,0.30848,0.99214,532,2.77633,-0.23,-0.11672,0.38352,5,1D2U,2.0,True,0.441,57,False,right,0.45022,0.4523,1.1191,0.6667,1.7438,2.9771,1.2333,A,0.2795
533,0.50024,1.2,1,0.25846,0.20843,0.80038,533,2.15103,-0.23,-0.11672,0.38352,5,1D2U,1.0,False,0.483,57,False,left,-0.45022,0.1174,0.7839,0.6664,1.6675,2.0009,0.3334,A,0.2795
534,0.50024,0.1,2,0.40019,0.39185,0.71701,534,2.37613,-0.27,-0.1334,0.36684,5,1D2U,1.0,True,0.425,58,True,left,0.45022,1.8398,2.4899,0.6501,0.031,1.2649,1.2339,A,0.2835
535,0.50024,0.1,2,0.36684,0.4252,0.48357,535,2.38448,0.21,0.10839,0.60863,5,2D1U,2.0,True,0.358,67,False,right,-0.45022,1.1209,2.0125,0.8915,0.4461,0.7795,0.3335,A,0.2835
536,0.50024,1.2,2,0.48357,0.65865,1.28395,536,3.53504,0.21,0.10839,0.60863,5,2D1U,2.0,True,0.425,67,False,right,0.45022,2.4937,3.3854,0.8918,0.1187,1.3524,1.2336,A,0.2795
537,0.50024,1.2,2,0.25012,0.31682,0.66699,537,2.10101,-0.27,-0.1334,0.36684,5,1D2U,1.0,True,0.391,58,True,left,-0.45022,1.1932,1.8434,0.6503,0.3352,0.6686,0.3334,A,0.2795
538,0.50024,0.1,1,0.56694,0.40019,1.12554,538,2.97643,-0.23,-0.11672,0.38352,5,1D2U,2.0,True,0.399,59,True,right,0.45022,0.4224,1.0891,0.6667,1.8476,3.0892,1.2416,A,0.2835
539,0.50024,0.1,1,0.25846,0.26679,0.5586,539,2.1677,0.17,0.08337,0.58361,5,2D1U,1.0,True,0.4,67,False,left,-0.45022,0.1143,0.9817,0.8675,1.6232,1.9566,0.3334,A,0.2835
540,0.50024,1.2,1,0.60863,0.39185,1.21725,540,3.30158,0.17,0.08337,0.58361,5,2D1U,2.0,False,0.392,67,False,right,0.45022,0.4646,1.3315,0.8669,2.1816,3.4153,1.2337,A,0.2795
541,0.50024,1.2,2,0.27513,0.39185,0.72535,541,2.27609,-0.23,-0.11672,0.38352,5,1D2U,2.0,False,0.408,59,True,right,-0.45022,1.2728,1.939,0.6662,0.3557,0.6895,0.3338,A,0.2795
542,0.50024,0.1,1,0.56694,0.37518,1.30063,542,3.35162,0.21,0.10839,0.60863,5,2D1U,1.0,True,0.624,68,True,left,0.45022,0.4233,1.3153,0.892,2.2485,3.4819,1.2334,A,0.2835
543,0.50024,0.1,1,0.40853,0.20843,0.66699,543,2.15103,-0.27,-0.1334,0.36684,5,1D2U,1.0,False,0.458,60,True,left,-0.45022,0.2624,0.9123,0.6499,1.6625,1.9956,0.3332,A,0.2835
544,0.50024,1.2,1,0.39185,0.34183,1.03383,544,2.87638,0.21,0.10839,0.60863,5,2D1U,2.0,False,0.114,68,True,right,0.45022,0.25,1.1416,0.8916,1.8082,3.0413,1.2331,A,0.2795
545,0.50024,1.2,2,0.36684,0.25012,0.4919,545,1.95093,-0.31,-0.15841,0.34183,5,1D2U,1.0,True,0.45,60,False,left,-0.45022,1.1318,1.7562,0.6243,0.4476,0.7811,0.3335,A,0.2795
546,0.50024,0.1,1,0.4252,0.34183,0.66699,546,2.55956,0.25,0.12506,0.6253,5,2D1U,1.0,True,0.442,68,False,left,0.45022,0.2826,1.1905,0.9079,1.4907,2.7326,1.2419,A,0.2835
547,0.50024,0.1,1,0.30848,0.27513,0.40853,547,1.83421,-0.31,-0.15841,0.34183,5,1D2U,2.0,True,0.525,60,False,right,-0.45022,0.162,0.788,0.6261,1.2791,1.6126,0.3335,A,0.2835
548,0.50024,1.2,2,0.65031,0.37518,1.17556,548,3.32659,0.25,0.12506,0.6253,5,2D1U,2.0,True,0.475,68,False,right,0.45022,2.5478,3.4638,0.916,0.2802,1.5145,1.2343,A,0.2795
549,0.50024,1.2,1,0.23345,0.43354,0.5586,549,2.33446,0.21,0.10839,0.60863,5,2D1U,1.0,True,0.391,69,True,left,-0.45022,0.0939,0.9856,0.8917,1.6273,1.9606,0.3333,A,0.2795
550,0.50024,0.1,1,0.60029,0.34183,1.1839,550,2.9931,-0.27,-0.1334,0.36684,5,1D2U,2.0,True,0.425,61,True,right,0.45022,0.4552,1.1054,0.6502,1.9221,3.155,1.2329,A,0.2835
551,0.50024,0.1,2,0.37518,0.30014,0.70034,551,2.48453,0.21,0.10839,0.60863,5,2D1U,2.0,True,0.458,69,True,right,-0.45022,1.3494,2.2407,0.8914,0.457,0.7911,0.3341,A,0.2835
552,0.50024,1.2,2,0.45022,0.38352,0.4919,552,2.19272,-0.27,-0.1334,0.36684,5,1D2U,1.0,True,0.349,61,True,left,0.45022,1.6688,2.3186,0.6498,0.0856,1.3187,1.2331,A,0.2795
553,0.50024,1.2,1,0.38352,0.29181,0.8254,553,2.58458,0.17,0.08337,0.58361,5,2D1U,2.0,False,0.424,69,False,right,-0.45022,0.2394,1.1061,0.8667,2.0145,2.3483,0.3338,A,0.2795
554,0.50024,0.1,1,0.44188,0.43354,1.05884,554,2.81802,-0.23,-0.11672,0.38352,5,1D2U,2.0,True,0.374,61,False,right,0.45022,0.2989,0.9655,0.6666,1.657,2.8991,1.2422,A,0.2835
555,0.50024,0.1,1,0.29181,0.24178,0.7587,555,2.40116,0.21,0.10839,0.60863,5,2D1U,1.0,True,0.483,70,True,left,-0.45022,0.1465,1.0383,0.8918,1.8801,2.2131,0.333,A,0.2835
556,0.50024,1.2,1,0.4252,0.32516,1.03383,556,2.89306,0.21,0.10839,0.60863,5,2D1U,2.0,False,0.375,70,True,right,0.45022,0.2822,1.1733,0.8911,1.8402,3.0738,1.2335,A,0.2795
557,0.50024,1.2,1,0.30014,0.43354,0.70867,557,2.32611,-0.23,-0.11672,0.38352,5,1D2U,1.0,False,0.433,61,False,left,-0.45022,0.1566,0.8235,0.6669,1.615,1.9482,0.3332,A,0.2795
558,0.50024,0.1,1,0.51692,0.63364,0.84207,558,3.11817,0.25,0.12506,0.6253,5,2D1U,2.0,False,0.383,70,False,right,0.45022,0.3726,1.2813,0.9087,1.7558,2.9892,1.2333,A,0.2835
559,0.50024,0.1,2,0.22511,0.35851,0.52525,559,1.97595,-0.27,-0.1334,0.36684,5,1D2U,1.0,True,0.458,62,True,left,-0.45022,1.0234,1.6737,0.6503,0.3067,0.6402,0.3335,A,0.2835
560,0.50024,1.2,1,0.30014,0.33349,0.86708,560,2.64293,0.29,0.14173,0.64198,5,2D1U,2.0,False,0.375,70,False,right,0.45022,0.154,1.0786,0.9246,1.5785,2.8122,1.2337,A,0.2795
561,0.50024,1.2,2,0.28347,0.30014,0.75036,561,2.5012,0.33,0.16675,0.66699,5,2D1U,2.0,True,0.375,70,False,right,-0.45022,1.3041,2.2549,0.9508,0.363,0.6966,0.3336,A,0.2795
562,0.50024,0.1,1,0.65031,0.40019,1.33397,562,3.25155,-0.27,-0.1334,0.36684,5,1D2U,2.0,True,0.366,62,True,right,0.45022,0.5061,1.1567,0.6506,2.1227,3.3565,1.2339,A,0.2835
563,0.50024,0.1,2,0.27513,0.37518,0.84207,563,2.37614,-0.23,-0.11672,0.38352,5,1D2U,1.0,True,0.392,63,True,left,-0.45022,1.3874,2.0544,0.6671,0.354,0.6874,0.3334,A,0.2835
564,0.50024,1.2,2,0.47523,0.55026,0.86708,564,2.77633,-0.23,-0.11672,0.38352,5,1D2U,1.0,True,0.383,63,True,left,0.45022,2.0642,2.7308,0.6666,0.106,1.3392,1.2332,A,0.2795
565,0.50024,1.2,2,0.4252,0.35017,0.79205,565,2.73465,0.33,0.16675,0.66699,5,2D1U,2.0,True,0.407,70,False,right,-0.45022,1.4888,2.4388,0.95,0.5053,0.8386,0.3334,A,0.2795
566,0.50024,0.1,2,0.30014,0.54193,1.29229,566,3.27658,0.29,0.14173,0.64198,5,2D1U,2.0,True,0.291,71,True,right,0.45022,2.3178,3.243,0.9252,999,1.1683,-997.8317,A,0.2835
567,0.50024,0.1,2,0.40019,0.43354,0.8254,567,2.5679,-0.19,-0.09171,0.40853,5,1D2U,1.0,True,0.442,63,False,left,-0.45022,1.496,2.1877,0.6916,0.4798,0.8133,0.3335,A,0.2835
568,0.50024,1.2,1,0.51692,0.36684,1.33397,568,3.1265,-0.19,-0.09171,0.40853,5,1D2U,2.0,True,0.142,63,False,right,0.45022,0.3741,1.0657,0.6916,2.0322,3.2654,1.2331,A,0.2795
569,0.50024,1.2,1,0.32516,0.38352,0.45855,569,2.09267,-0.15,-0.07504,0.4252,5,1D2U,1.0,False,0.441,63,False,left,-0.45022,0.1848,0.8934,0.7085,1.4349,1.7678,0.3329,A,0.2795
570,0.50024,0.1,1,0.47523,0.50858,1.15055,570,3.27658,0.29,0.14173,0.64198,5,2D1U,1.0,True,0.4,71,True,left,0.45022,0.333,1.2581,0.9252,2.0416,3.2747,1.2331,A,0.2835
571,0.50024,0.1,1,0.37518,0.30014,0.44188,571,2.02597,-0.19,-0.09171,0.40853,5,1D2U,1.0,False,0.558,64,True,left,-0.45022,0.234,0.9257,0.6917,1.4505,1.7838,0.3333,A,0.2835
572,0.50024,1.2,2,0.59195,0.45855,1.07552,572,3.25156,0.25,0.12506,0.6253,5,2D1U,2.0,True,0.384,71,False,right,0.45022,2.3912,3.2999,0.9087,0.2246,1.4581,1.2335,A,0.2795
573,0.50024,1.2,2,0.32516,0.4252,0.70867,573,2.34279,-0.23,-0.11672,0.38352,5,1D2U,2.0,False,0.458,64,False,right,-0.45022,1.3068,1.9733,0.6665,0.4066,0.7403,0.3336,A,0.2795
574,0.50024,0.1,1,0.39185,0.36684,1.21725,574,2.84302,-0.27,-0.1334,0.36684,5,1D2U,2.0,True,0.4,64,False,right,0.45022,0.2488,0.8988,0.65,1.7487,2.9821,1.2334,A,0.2835
575,0.50024,0.1,1,0.41687,0.33349,0.70034,575,2.31778,-0.27,-0.1334,0.36684,5,1D2U,2.0,True,0.391,64,False,right,-0.45022,0.2737,0.9236,0.6498,1.7074,2.0401,0.3327,A,0.2835
576,0.50024,1.2,1,0.4919,0.4252,0.80038,576,2.84302,0.25,0.12506,0.6253,5,2D1U,2.0,False,0.383,71,False,right,0.45022,0.3532,1.2613,0.9081,1.6946,2.9278,1.2333,A,0.2795
577,0.50024,1.2,1,0.28347,0.28347,0.56694,577,2.01764,-0.23,-0.11672,0.38352,5,1D2U,1.0,False,0.35,65,True,left,-0.45022,0.1444,0.8113,0.6669,1.4614,1.7946,0.3332,A,0.2795
578,0.50024,0.1,2,0.53359,0.57528,1.30896,578,3.56005,0.29,0.14173,0.64198,5,2D1U,2.0,True,0.307,72,True,right,0.45022,2.5676,3.4926,0.9249,0.1679,1.4007,1.2328,A,0.2835
579,0.50024,0.1,1,0.38352,0.30848,0.48357,579,2.04265,-0.27,-0.1334,0.36684,5,1D2U,2.0,True,0.416,66,True,right,-0.45022,0.2412,0.8915,0.6503,1.4579,1.7917,0.3337,A,0.2835
580,0.50024,1.2,1,0.4252,0.44188,1.09219,580,3.10149,0.29,0.14173,0.64198,5,2D1U,2.0,False,0.383,72,True,right,0.45022,0.2789,1.2034,0.9245,1.9286,3.162,1.2334,A,0.2795
581,0.50024,1.2,2,0.43354,0.35017,0.88376,581,2.8347,0.33,0.16675,0.66699,5,2D1U,2.0,True,0.392,72,False,right,-0.45022,1.5932,2.5426,0.9494,0.5173,0.8507,0.3334,A,0.2795
582,0.50024,0.1,2,0.45855,0.33349,0.8254,582,2.78467,0.33,0.16675,0.66699,5,2D1U,2.0,True,0.375,72,False,right,0.45022,2.005,2.9553,0.9503,0.0882,1.3215,1.2333,A,0.2835
583,0.50024,0.1,2,0.45022,0.44188,0.85041,583,2.60959,-0.27,-0.1334,0.36684,5,1D2U,1.0,True,0.3,66,True,left,-0.45022,1.573,2.2227,0.6497,0.5312,0.8647,0.3335,A,0.2835
584,0.50024,1.2,1,0.50858,0.35851,0.79205,584,2.80136,0.29,0.14173,0.64198,5,2D1U,2.0,False,0.291,73,True,right,0.45022,0.3642,1.289,0.9248,1.7141,2.9473,1.2332,A,0.2795
585,0.50024,1.2,2,0.22511,0.38352,0.46689,585,2.24275,0.33,0.16675,0.66699,5,2D1U,2.0,True,0.391,74,True,right,-0.45022,0.9678,1.9181,0.9502,0.3103,0.6429,0.3326,A,0.2795
586,0.50024,0.1,1,0.61696,0.48357,0.90877,586,2.89306,-0.23,-0.11672,0.38352,5,1D2U,2.0,True,0.316,67,True,right,0.45022,0.4783,1.1446,0.6664,1.6863,2.9194,1.233,A,0.2835
587,0.50024,0.1,1,0.33349,0.30848,0.48357,587,2.0093,-0.23,-0.11672,0.38352,5,1D2U,1.0,False,0.433,67,True,left,-0.45022,0.1937,0.8603,0.6667,1.4268,1.7603,0.3334,A,0.2835
588,0.50024,1.2,2,0.5586,0.52525,0.66699,588,2.91807,0.33,0.16675,0.66699,5,2D1U,2.0,True,0.667,74,True,right,0.45022,1.9459,2.8958,0.9499,0.1873,1.4207,1.2334,A,0.2795
589,0.50024,1.2,2,0.21677,0.43354,0.48357,589,2.2761,0.29,0.14173,0.64198,5,2D1U,1.0,False,0.517,75,True,left,-0.45022,0.9731,1.8981,0.925,0.2976,0.631,0.3334,A,0.2795
590,0.50024,0.1,1,0.40019,0.40853,0.79205,590,2.46785,-0.27,-0.1334,0.36684,5,1D2U,2.0,True,0.366,68,True,right,0.45022,0.2549,0.9044,0.6495,1.3306,2.5713,1.2407,A,0.2835
591,0.50024,0.1,1,0.41687,0.21677,0.40853,591,2.2094,0.33,0.16675,0.66699,5,2D1U,1.0,True,0.483,76,True,left,-0.45022,0.2729,1.2226,0.9497,1.7144,2.0477,0.3333,A,0.2835
592,0.50024,1.2,2,0.5586,0.32516,0.83373,592,2.58457,-0.27,-0.1334,0.36684,5,1D2U,1.0,True,0.433,68,True,left,0.45022,2.1155,2.7738,0.6583,0.1908,1.4243,1.2336,A,0.2795
593,0.50024,1.2,1,0.24178,0.21677,0.83373,593,2.17604,-0.23,-0.11672,0.38352,5,1D2U,1.0,False,0.45,69,True,left,-0.45022,0.1007,0.7677,0.667,1.6846,2.0177,0.3331,A,0.2795
594,0.50024,0.1,2,0.51692,0.44188,1.21725,594,3.34328,0.33,0.16675,0.66699,5,2D1U,2.0,True,0.441,76,True,right,0.45022,2.4573,3.407,0.9497,0.1487,1.3825,1.2337,A,0.2835
595,0.50024,0.1,1,0.28347,0.30014,0.7587,595,2.20939,-0.27,-0.1334,0.36684,5,1D2U,2.0,True,0.524,70,True,right,-0.45022,0.1479,0.7981,0.6502,1.6399,1.973,0.3331,A,0.2835
596,0.50024,1.2,1,0.31682,0.48357,0.92544,596,2.86805,0.29,0.14173,0.64198,5,2D1U,2.0,False,0.433,77,True,right,0.45022,0.1709,1.0962,0.9253,1.6541,2.896,1.2419,A,0.2795
597,0.50024,1.2,1,0.33349,0.26679,0.4919,597,2.25941,0.33,0.16675,0.66699,5,2D1U,1.0,True,0.374,78,True,left,-0.45022,0.1911,1.1416,0.9506,1.7162,2.0494,0.3331,A,0.2795
598,0.50024,0.1,2,0.46689,0.38352,1.33397,598,3.05146,-0.27,-0.1334,0.36684,5,1D2U,1.0,True,0.425,70,True,left,0.45022,2.525,3.175,0.65,0.1,1.3336,1.2336,A,0.2835
599,0.50024,0.1,1,0.32516,0.21677,0.692,599,2.11769,-0.23,-0.11672,0.38352,5,1D2U,2.0,True,0.492,71,True,right,-0.45022,0.1809,0.8478,0.6669,1.622,1.956,0.3341,A,0.2835
600,0.50024,1.2,1,0.32516,0.38352,1.19224,600,2.78468,-0.23,-0.11672,0.38352,5,1D2U,2.0,True,0.433,71,True,right,0.45022,0.1846,0.8512,0.6666,1.6758,2.9093,1.2335,A,0.2795
601,0.50024,1.2,1,0.27513,0.40853,0.87542,601,2.46785,-0.19,-0.09171,0.40853,5,1D2U,2.0,True,0.45,71,False,right,-0.45022,0.1295,0.8209,0.6914,1.7793,2.1126,0.3333,A,0.2795
602,0.50024,0.1,1,0.66699,0.38352,0.65865,602,2.61793,-0.19,-0.09171,0.40853,5,1D2U,2.0,True,1.016,71,False,right,0.45022,0.5206,1.2128,0.6922,1.5041,2.7368,1.2327,A,0.2835
603,0.50024,0.1,1,0.44188,0.41687,0.50858,603,2.29277,-0.15,-0.07504,0.4252,5,1D2U,1.0,False,0.474,71,False,left,-0.45022,0.297,1.0046,0.7076,1.5961,1.9299,0.3337,A,0.2835
604,0.50024,1.2,1,0.52525,0.55026,0.71701,604,2.70129,-0.19,-0.09171,0.40853,5,1D2U,2.0,True,0.458,72,True,right,0.45022,0.3867,1.0784,0.6917,1.4284,2.6614,1.2331,A,0.2795
605,0.50024,1.2,2,0.21677,0.43354,0.47523,605,2.03431,-0.19,-0.09171,0.40853,5,1D2U,2.0,False,0.458,72,True,right,-0.45022,0.9698,1.6612,0.6914,0.3031,0.6363,0.3332,A,0.2795
606,0.50024,0.1,1,0.65031,0.33349,0.95046,606,2.81802,-0.23,-0.11672,0.38352,5,1D2U,2.0,True,0.4,72,False,right,0.45022,0.5045,1.1712,0.6668,1.7543,2.9876,1.2332,A,0.2835
607,0.50024,0.1,1,0.44188,0.4252,0.43354,607,2.18438,-0.23,-0.11672,0.38352,5,1D2U,2.0,True,0.458,72,False,right,-0.45022,0.3035,0.9698,0.6663,1.4874,1.8198,0.3325,A,0.2835
608,0.50024,1.2,1,0.61696,0.40019,0.75036,608,2.67628,-0.19,-0.09171,0.40853,5,1D2U,2.0,True,0.4,73,True,right,0.45022,0.4715,1.1635,0.692,1.5471,2.7797,1.2326,A,0.2795
609,0.50024,1.2,2,0.34183,0.36684,0.56694,609,2.18438,-0.19,-0.09171,0.40853,5,1D2U,1.0,True,0.425,73,True,left,-0.45022,1.1788,1.8702,0.6914,0.4208,0.7537,0.3329,A,0.2795
610,0.50024,0.1,2,0.52525,0.5586,0.6253,610,2.63459,-0.15,-0.07504,0.4252,5,1D2U,1.0,True,0.441,73,False,left,0.45022,1.8723,2.5805,0.7082,0.1553,1.3886,1.2333,A,0.2835
611,0.50024,0.1,1,0.28347,0.23345,0.68366,611,2.12602,-0.15,-0.07504,0.4252,5,1D2U,2.0,True,0.408,73,False,right,-0.45022,0.1443,0.8525,0.7082,1.6193,1.9523,0.3331,A,0.2835
612,0.50024,1.2,1,0.46689,0.32516,0.66699,612,2.40116,-0.11,-0.05836,0.44188,5,1D2U,2.0,True,0.483,73,False,right,0.45022,0.3243,1.049,0.7247,1.3494,2.5825,1.2331,A,0.2795
613,0.50024,1.2,2,0.38352,0.21677,0.52525,613,2.06766,-0.11,-0.05836,0.44188,5,1D2U,1.0,True,0.325,73,False,left,-0.45022,1.1834,1.9081,0.7247,0.4667,0.8002,0.3334,A,0.2795
614,0.50024,0.1,2,0.30848,0.34183,1.2506,614,2.86804,-0.07,-0.03335,0.46689,5,1D2U,1.0,True,0.549,73,False,left,0.45022,2.2836,3.0335,0.7499,999,1.175,-997.825,A,0.2835
615,0.50024,0.1,1,0.24178,0.30848,0.61696,615,2.13435,-0.07,-0.03335,0.46689,5,1D2U,2.0,True,0.392,73,False,right,-0.45022,0.0982,0.8486,0.7504,1.5484,1.8821,0.3337,A,0.2835
