{
    "participantID": "ln",
    "modelType": "gaussian",
    "fittedParams": [
        0.04709872875362636,
        0.10001918721944092,
        0.5416337907314299,
        0.999995197320357,
        0.22530448675155645,
        0.5416337907314299
    ],
    "AIC": 2187.4972425876467,
    "BIC": 2212.5399592110584,
    "logLikelihood": -1087.7486212938234,
    "n_conditions": 480
}