{
    "participantID": "LN",
    "modelType": "gaussian",
    "fittedParams": [
        1.0491013526930937e-05,
        0.1893892639968544,
        0.36030762172304087,
        0.7508948093319312,
        0.5643507693707943,
        0.36030762172304087
    ],
    "AIC": 1147.5285771275844,
    "BIC": 1170.2866587778892,
    "logLikelihood": -567.7642885637922,
    "n_conditions": 328
}