{
    "participantID": "ln",
    "modelType": "gaussian",
    "fittedParams": [
        0.05100585147738457,
        0.10000626187771555,
        0.19898735051974648,
        0.2152344288256951,
        0.23502841934561736,
        0.0,
        0.13507648659870028
    ],
    "AIC": 2180.8800576279687,
    "BIC": 2210.0965603552822,
    "logLikelihood": -1083.4400288139843,
    "n_conditions": 480
}