{
    "participantID": "ln",
    "modelType": "logLinearMismatch_LapseFree_contextualPrior",
    "fittedParams": [
        0.0,
        0.19633621811866758,
        0.7332161857187747,
        0.9959849286526441,
        0.4523711657524109,
        5.7575851678842715e-05,
        0.07282100021839141,
        0.0017686113119125269
    ],
    "AIC": 2166.723907658396,
    "BIC": 2200.1141964896115,
    "logLikelihood": -1075.361953829198,
    "n_conditions": 480
}