{
    "participantID": "LN",
    "modelType": "lognorm",
    "fittedParams": [
        0.0025963367513283375,
        0.6605090911276637,
        0.3219649060137685,
        0.37617430683483494,
        1.2540392450580453,
        0.3219649060137685
    ],
    "AIC": 1179.6257273933936,
    "BIC": 1202.3838090436984,
    "logLikelihood": -583.8128636966968,
    "n_conditions": 328
}