{
    "participantID": "ln",
    "modelType": "lognorm",
    "fittedParams": [
        0.0,
        0.21241049796342848,
        0.10001488059759134,
        0.0672292313948274,
        0.5521110606193542,
        0.0,
        0.06713205836713314
    ],
    "AIC": 2160.941009789416,
    "BIC": 2190.1575125167296,
    "logLikelihood": -1073.470504894708,
    "n_conditions": 480
}