{
    "participantID": "ln",
    "modelType": "lognorm_LapseFree_contextualPrior",
    "fittedParams": [
        0.009139223249803763,
        0.20136078737094065,
        0.5469095479592214,
        0.6592694909551065,
        0.44648145176470283,
        0.00013377882569329258,
        0.061854340514400974,
        0.11888729335272219
    ],
    "AIC": 2162.564832731021,
    "BIC": 2195.9551215622364,
    "logLikelihood": -1073.2824163655105,
    "n_conditions": 480
}