{
    "participantID": "LN",
    "modelType": "logLinearMismatch",
    "fittedParams": [
        0.0033027073333505574,
        0.4489147088691242,
        0.7307471060873648,
        0.994167293132133,
        1.6502402564161458,
        0.7307471060873648
    ],
    "AIC": 1179.9351694441243,
    "BIC": 1202.6932510944291,
    "logLikelihood": -583.9675847220622,
    "n_conditions": 328
}