{
    "participantID": "ln",
    "modelType": "logLinearMismatch",
    "fittedParams": [
        0.00010030623525381088,
        0.19444156095385545,
        0.7227109417319298,
        0.0010000000000000564,
        0.4346919190883637,
        0.00017001479864120483,
        0.05747035602107643
    ],
    "AIC": 2162.100610765013,
    "BIC": 2191.3171134923264,
    "logLikelihood": -1074.0503053825064,
    "n_conditions": 480
}