{
  "participantID": "ml",
  "best_params": [
    0.21438643143279304,
    0.45282259274393216,
    0.5017308785021144,
    0.789761092337249,
    1.0694440229838584,
    0.059006849287473684,
    0.08144664627566071
  ],
  "boot_mean": [
    0.2143864059370427,
    0.45282259273141257,
    0.5017310098213411,
    0.7897612773219168,
    1.0694441740506173,
    0.05900676439567043,
    0.08144664520353222
  ],
  "boot_std": [
    3.825239826825949e-07,
    3.6008118271323936e-07,
    4.6818353043614404e-07,
    7.714994269967558e-07,
    5.792063913839597e-07,
    3.7748864771608747e-07,
    3.699724145505915e-07
  ],
  "ci_low": [
    0.21438556099735187,
    0.4528216315450043,
    0.5017304787812914,
    0.7897608352069662,
    1.0694437144310178,
    0.059005695757764605,
    0.08144585727464539
  ],
  "ci_high": [
    0.2143869028751738,
    0.45282306706353825,
    0.5017321970680658,
    0.7897631046970485,
    1.0694455861126988,
    0.05900715164786368,
    0.08144735690632171
  ],
  "n_successful": 20,
  "boot_samples": [
    [
      0.21438640312095258,
      0.45282258966787403,
      0.5017308577146107,
      0.7897610565525117,
      1.0694440257999087,
      0.05900684011384093,
      0.08144663310883733
    ],
    [
      0.21438643142463645,
      0.4528225927375602,
      0.5017308784959442,
      0.7897610923339173,
      1.0694440229859896,
      0.059006849283482814,
      0.08144664627247541
    ],
    [
      0.21438664901671592,
      0.4528226483938471,
      0.5017309032955163,
      0.7897611819120847,
      1.0694437852323742,
      0.05900673306768659,
      0.08144680743071231
    ],
    [
      0.21438687456153538,
      0.4528231651665085,
      0.5017318044960972,
      0.7897614895081518,
      1.0694441992692563,
      0.05900678097393354,
      0.08144763804977334
    ],
    [
      0.21438631763157112,
      0.4528225620890745,
      0.5017307837436152,
      0.7897610805854441,
      1.0694439393034718,
      0.0590067155120705,
      0.0814465251420208
    ],
    [
      0.21438642147179934,
      0.4528227593221991,
      0.5017306243226448,
      0.7897608474914162,
      1.069443695748637,
      0.05900696038140873,
      0.08144569622612595
    ],
    [
      0.21438635815504728,
      0.4528226273582063,
      0.5017308308374311,
      0.789761019121211,
      1.0694442251003415,
      0.05900673655984816,
      0.08144662491414646
    ],
    [
      0.21438641044805293,
      0.4528225768526928,
      0.5017308829753279,
      0.7897610716375563,
      1.069444009498316,
      0.0590068336463482,
      0.08144664547449702
    ],
    [
      0.2143862470830285,
      0.45282243134043193,
      0.5017307585789295,
      0.7897609978656336,
      1.0694437350799648,
      0.0590069063703762,
      0.08144643758383426
    ],
    [
      0.21438666694614555,
      0.45282295863393957,
      0.50173115767063,
      0.7897613217742914,
      1.0694442887472748,
      0.059007097428655376,
      0.08144704616882253
    ],
    [
      0.2143850110724179,
      0.4528215058223621,
      0.5017325522522278,
      0.789764566058431,
      1.0694465041184107,
      0.05900553731950979,
      0.08144645770610835
    ],
    [
      0.21438643143279304,
      0.45282259274393216,
      0.5017308785021144,
      0.789761092337249,
      1.0694440229838584,
      0.059006849287473684,
      0.08144664627566071
    ],
    [
      0.21438690375399388,
      0.45282286346910705,
      0.5017310583473837,
      0.7897614046544279,
      1.0694445714748066,
      0.059006891812818076,
      0.08144647066280979
    ],
    [
      0.2143864314327904,
      0.4528225927439309,
      0.5017308785021102,
      0.7897610923372476,
      1.0694440229838555,
      0.059006849287473746,
      0.08144664627566045
    ],
    [
      0.21438616880912098,
      0.4528228562371078,
      0.5017307771566213,
      0.7897612301268772,
      1.0694444341850222,
      0.05900720070333786,
      0.08144682126119328
    ],
    [
      0.21438643143279304,
      0.45282259274393216,
      0.5017308785021144,
      0.789761092337249,
      1.0694440229838584,
      0.059006849287473684,
      0.08144664627566071
    ],
    [
      0.21438650626008413,
      0.45282279973167044,
      0.5017309832119909,
      0.7897608240924637,
      1.0694443170330725,
      0.05900700762979564,
      0.0814468089183382
    ],
    [
      0.21438630936313427,
      0.4528226056925309,
      0.501730743060632,
      0.7897611510651514,
      1.0694438580953214,
      0.05900702278062452,
      0.08144669724665665
    ],
    [
      0.21438690190384635,
      0.4528217705016089,
      0.5017316176598597,
      0.7897610131170195,
      1.0694438977686525,
      0.0590067555935201,
      0.08144697380167036
    ],
    [
      0.2143862434203942,
      0.45282276337973465,
      0.5017303471010193,
      0.7897609215300019,
      1.069443902619948,
      0.05900587087373046,
      0.08144603527564055
    ]
  ]
}