{
    "participantID": "oy",
    "modelType": "fusionOnly_LapseFree_sharedPrior",
    "fittedParams": [
        0.11378383040428161,
        0.14261800289154047,
        0.4324337768554687,
        0.20107715606689458,
        0.8266241073608398,
        1.3728910589218142
    ],
    "AIC": 2340.426050646817,
    "BIC": 2367.505431312291,
    "logLikelihood": -1164.2130253234086,
    "n_conditions": 674
}