{
    "participantID": "oy",
    "modelType": "gaussian_LapseFree_sharedPrior",
    "fittedParams": [
        0.09977401729505572,
        0.1428140082750815,
        0.4327183085148408,
        0.9080433041768854,
        0.2024708195731364,
        0.10536638338889136,
        0.16034004085822745,
        0.3475357548138618,
        3.2246521249531455
    ],
    "AIC": 2344.8742978044156,
    "BIC": 2385.4933688026263,
    "logLikelihood": -1163.4371489022078,
    "n_conditions": 674
}