{
    "participantID": "oy",
    "modelType": "gaussian_LapseFree_contextualPrior",
    "fittedParams": [
        0.14532016977843795,
        0.12992313080509743,
        0.3561345452652739,
        0.09190757763483925,
        0.18725384971991843,
        0.1369333601559603,
        0.18052040623159088,
        0.9897313880737488
    ],
    "AIC": 2341.405243116312,
    "BIC": 2377.5110840036104,
    "logLikelihood": -1162.702621558156,
    "n_conditions": 674
}