{
    "participantID": "oy",
    "modelType": "logLinearMismatch_LapseFree_contextualPrior",
    "fittedParams": [
        0.07444109437574298,
        0.3075415780540424,
        0.9373682531340818,
        0.0011942064424620424,
        0.4028701543726493,
        0.08164340877319773,
        0.10374674961913115,
        0.5138143899526287
    ],
    "AIC": 2327.540053994517,
    "BIC": 2363.645894881816,
    "logLikelihood": -1155.7700269972586,
    "n_conditions": 674
}