{
    "participantID": "oy",
    "modelType": "probabilityMatching_LapseFree_contextualPrior",
    "fittedParams": [
        0.13762068596435711,
        0.135239969829563,
        0.334519809660851,
        0.0010008622818858948,
        0.19903412299230694,
        0.12197993910638617,
        0.18667011776473375,
        0.6758470398202422,
        0.8122177561570425,
        8.013646109176388
    ],
    "AIC": 2346.168601463369,
    "BIC": 2391.3009025724923,
    "logLikelihood": -1163.0843007316846,
    "n_conditions": 674
}