{
    "participantID": "oy",
    "modelType": "probabilityMatchingLogNorm_LapseFree_sharedPrior",
    "fittedParams": [
        0.0916045993566513,
        0.3046510505676269,
        0.7890632557868956,
        0.5240161674380303,
        0.4241194343566895,
        0.08419730424880985,
        0.1385767698287964,
        0.6283846914768219,
        4.669707543253899
    ],
    "AIC": 2330.5947137668977,
    "BIC": 2371.2137847651084,
    "logLikelihood": -1156.2973568834489,
    "n_conditions": 674
}