{
  "participantID": "ln2",
  "modelType": "lognorm",
  "true_params": [
    0.07084624898815445,
    0.1786744132693321,
    1.3243077591752068,
    0.7435898302842248,
    0.39729205353097163,
    0.0015418196092628345,
    0.08938274314332492
  ],
  "recovered_params_mean": [
    0.09377672160841376,
    0.1769463510813016,
    1.5627928602589793,
    0.5937081644384251,
    0.3962419040307487,
    0.03781826673452739,
    0.11520499380363736
  ],
  "recovered_params_std": [
    0.04577997173090987,
    0.016079026850936023,
    0.46134571143030756,
    0.2489885533147839,
    0.05290351966369289,
    0.035815503074618754,
    0.043691929067565624
  ],
  "recovered_params_median": [
    0.0955871912641599,
    0.1784754625243613,
    1.6252479766209529,
    0.629763221800515,
    0.3895856673557806,
    0.021813032381849586,
    0.11694635120177312
  ],
  "n_successful": 50,
  "n_attempted": 50,
  "all_recovered_params": [
    [
      0.08593137218914564,
      0.1850578978001055,
      1.225985531632313,
      0.9141513365771593,
      0.3473609721577797,
      0.0057811859207746955,
      0.08453836589442061
    ],
    [
      0.06306838077984585,
      0.1710623522125788,
      2.0,
      0.2601737455453927,
      0.39411893194939146,
      0.12733366684128078,
      0.1268676072271018
    ],
    [
      0.051598223672532924,
      0.18089598433933235,
      2.0,
      0.0756070249559456,
      0.39539239435955753,
      0.001,
      0.08705683798763512
    ],
    [
      0.059483927990096074,
      0.1730410787106065,
      1.4876787168788084,
      0.5338243085389047,
      0.4057279780604769,
      0.07263440460814549,
      0.11193938720830804
    ],
    [
      0.11035639661426763,
      0.18333848392358879,
      2.0,
      0.7030327133421285,
      0.34240161476930203,
      0.040952533825687906,
      0.07725463357938163
    ],
    [
      0.09998757937754177,
      0.17166131509859953,
      2.0,
      0.5100835403061621,
      0.362636528969788,
      0.12743272800659547,
      0.15601084880034616
    ],
    [
      0.06624227709239125,
      0.1916637663641862,
      1.458745941682635,
      0.6577493714086051,
      0.36740053803822614,
      0.0713423481791706,
      0.089637110234903
    ],
    [
      0.10347788775282303,
      0.16290859418315703,
      2.0,
      0.44642838529349194,
      0.410428371975582,
      0.03031176039530527,
      0.08341211195678302
    ],
    [
      0.022640597084551073,
      0.192084395073687,
      2.0,
      0.9075172377038161,
      0.39874314012338974,
      0.07728389283861116,
      0.06733041309671914
    ],
    [
      0.032041714812770454,
      0.1879567662253452,
      0.8289494916847087,
      0.08835489961651039,
      0.49312331897567363,
      0.005667017990272262,
      0.07689886027264627
    ],
    [
      0.12191981383156658,
      0.1754038261698325,
      1.3289914408984407,
      0.7600228377052358,
      0.4717430858111623,
      0.0026375432628191523,
      0.13736999832995206
    ],
    [
      0.10570877698786518,
      0.17921510884198563,
      2.0,
      0.844766095713141,
      0.39354624154437234,
      0.011625559478941207,
      0.0520634888644825
    ],
    [
      0.10170059099226171,
      0.17083291327304861,
      1.3309087854178316,
      0.6565507558932756,
      0.4747815308069082,
      0.023505077868434643,
      0.14099848975278276
    ],
    [
      0.09118680315077803,
      0.17618905320511846,
      0.7524257525611462,
      0.8710203369788023,
      0.37476583798321483,
      0.02012098689526453,
      0.10963176272083
    ],
    [
      0.1477477707452805,
      0.15746604682415521,
      2.0,
      0.6850958751003731,
      0.4027810143597459,
      0.014611872437535789,
      0.13789453215211206
    ],
    [
      0.1278717446023124,
      0.16899930275996627,
      1.8234500185301878,
      0.6830806657098455,
      0.31544430626713804,
      0.06593839505377602,
      0.12517002825924642
    ],
    [
      0.12162428122649115,
      0.1797882929493437,
      2.0,
      0.9570795686737932,
      0.3863102478341014,
      0.01288175646337941,
      0.10501332472900354
    ],
    [
      0.11596175659110747,
      0.17028791142781408,
      2.0,
      0.9963836466351452,
      0.3875620481179766,
      0.041292169581891476,
      0.11782285985180121
    ],
    [
      0.17335814066070618,
      0.17370203361100264,
      2.0,
      0.18661758280421992,
      0.338560277869835,
      0.09154226882410417,
      0.15898161789015647
    ],
    [
      0.16586946017712156,
      0.17847062281661852,
      0.3339913193282754,
      0.15967150978920922,
      0.4390628508195541,
      0.018506080012776836,
      0.11231461293232409
    ],
    [
      0.1330158332956925,
      0.18285127243922714,
      1.2301459105887766,
      0.7050282284362577,
      0.4019864711041709,
      0.016503360309749263,
      0.009105365336306216
    ],
    [
      0.1347577068666302,
      0.16492281642256296,
      2.0,
      0.7120876282998349,
      0.46094744000643084,
      0.06490419426393045,
      0.17343702498697178
    ],
    [
      0.040292821194304954,
      0.18125244737442267,
      1.1379600471050066,
      0.6276972394134723,
      0.42974059555483446,
      0.0026721185587615104,
      0.12807594179765064
    ],
    [
      0.1346546039077612,
      0.17598494878204346,
      1.0721852904139735,
      0.32696247997492306,
      0.46181806866434955,
      0.001,
      0.17675010149646453
    ],
    [
      0.0028770140602742845,
      0.21784578338705932,
      1.16499506453208,
      0.8873086986254406,
      0.4241487880792233,
      0.012466598589718332,
      0.04038730013908363
    ],
    [
      0.124302443192205,
      0.17977050781582096,
      0.8415201873964305,
      0.6676383482033743,
      0.5753414737077251,
      0.07121065646520498,
      0.12283369321266907
    ],
    [
      0.13411712921665095,
      0.18366426068825553,
      2.0,
      0.5038267857451174,
      0.33931879011662325,
      0.069415759488512,
      0.06807162266432998
    ],
    [
      0.02236669725170557,
      0.2055410314693779,
      2.0,
      0.9581719530495869,
      0.35908858836844476,
      0.0020327375758043553,
      0.12243143692560891
    ],
    [
      0.14267087766501763,
      0.1636157333859594,
      1.462447670288517,
      0.5220301324689458,
      0.3545245402555542,
      0.04508331483928383,
      0.0857778123414745
    ],
    [
      0.06338853281614731,
      0.17194022475877804,
      2.0,
      0.9354974529273933,
      0.3507151691279838,
      0.028003828579821186,
      0.0750462527122589
    ],
    [
      0.06960796494736507,
      0.2011427202246489,
      0.8249025023211991,
      0.7834939872839395,
      0.4612062773528856,
      0.08909705246033146,
      0.12419285362687998
    ],
    [
      0.14923420412968808,
      0.14186872069182613,
      2.0,
      0.6017964723771051,
      0.35856080218362746,
      0.001,
      0.18673998832777763
    ],
    [
      0.02465360309466738,
      0.20662838622177337,
      1.7086701235675554,
      0.3348390441550609,
      0.39626496800414973,
      0.006149777445456212,
      0.10779724421655783
    ],
    [
      0.07750055418200391,
      0.16600999456742735,
      1.5418258296743503,
      0.43191686001475177,
      0.372901572156214,
      0.08197405311208444,
      0.16503334317054363
    ],
    [
      0.07843351997430711,
      0.18631342779830956,
      0.8725904608263849,
      0.6318292041875577,
      0.3661392020995776,
      0.006241897445316502,
      0.1331312724281206
    ],
    [
      0.12899252523465063,
      0.16703336431081042,
      1.0399220274907033,
      0.9143211814200962,
      0.3743421960007104,
      0.014873462768634441,
      0.17235340858050358
    ],
    [
      0.04136801201050355,
      0.19337853933127264,
      1.1441235104262168,
      0.44493035550503784,
      0.5024047449299346,
      0.00700900764857481,
      0.05751355938415081
    ],
    [
