{
    "participantID": "ml",
    "modelType": "gaussian",
    "fittedParams": [
        0.01346487874732702,
        0.24168770606775064,
        0.2415742481224879,
        0.5778578093403369,
        0.3578798425011337,
        0.2415742481224879
    ],
    "AIC": 2506.1421727508227,
    "BIC": 2532.533742358034,
    "logLikelihood": -1247.0710863754114,
    "n_conditions": 601
}