{
    "participantID": "ml",
    "modelType": "gaussian_LapseFree_contextualPrior",
    "fittedParams": [
        0.111901193857193,
        0.20966808319091795,
        0.2019730472564697,
        0.17194784064292906,
        0.41420650482177734,
        8.606314659118097e-05,
        0.0006736874580383218,
        0.7610878342151641
    ],
    "AIC": 2490.2016459901884,
    "BIC": 2525.39040546647,
    "logLikelihood": -1237.1008229950942,
    "n_conditions": 601
}