{
    "participantID": "ml",
    "modelType": "gaussian_LapseFree_sharedPrior",
    "fittedParams": [
        0.059346300787001385,
        0.22241934055520685,
        0.31531065437535283,
        0.3338318866213842,
        0.3381924201454968,
        4.5972410592232116e-07,
        1.2998105958145212e-05,
        0.4013137142173946,
        9.998693362919148
    ],
    "AIC": 2505.079263313543,
    "BIC": 2544.6666177243596,
    "logLikelihood": -1243.5396316567715,
    "n_conditions": 601
}