{
    "participantID": "ml",
    "modelType": "lognorm_LapseFree_sharedPrior",
    "fittedParams": [
        0.24999916085980659,
        0.4077664771860872,
        0.5339033807798114,
        0.9499381006943353,
        0.6601619701064192,
        7.02083634678552e-05,
        0.10689836772449783,
        0.8102513581412496,
        3.067903364285594
    ],
    "AIC": 2521.2196415468097,
    "BIC": 2560.8069959576264,
    "logLikelihood": -1251.6098207734049,
    "n_conditions": 601
}