{
    "participantID": "ml",
    "modelType": "logLinearMismatch",
    "fittedParams": [
        0.07921875000000002,
        0.474150390625,
        0.5597656249999999,
        0.9977561523437501,
        0.8821875,
        0.5597656249999999
    ],
    "AIC": 2547.097669538806,
    "BIC": 2573.489239146017,
    "logLikelihood": -1267.548834769403,
    "n_conditions": 601
}