{
    "participantID": "ml",
    "modelType": "logLinearMismatch_LapseFree_contextualPrior",
    "fittedParams": [
        0.2127245662690257,
        0.45246540042251576,
        0.40692172554729034,
        0.0010062330236396688,
        1.1081506700720638,
        0.0,
        0.13622651435834995,
        0.9983005176130799
    ],
    "AIC": 2521.0216778069,
    "BIC": 2556.2104372831814,
    "logLikelihood": -1252.51083890345,
    "n_conditions": 601
}