{
    "participantID": "ml",
    "modelType": "lognorm_LapseFree_contextualPrior",
    "fittedParams": [
        0.22651378767041025,
        0.4252278748985554,
        0.42419558163281174,
        0.10537722859908971,
        0.7280518190772273,
        1.8762813997486028e-05,
        0.14191541472508107,
        0.9495609177073944,
        0.5590298344090116,
        8.83699264902991
    ],
    "AIC": 2509.4151549407807,
    "BIC": 2553.4011042861325,
    "logLikelihood": -1244.7075774703903,
    "n_conditions": 601
}