{
    "participantID": "ml",
    "modelType": "lognorm",
    "fittedParams": [
        0.07495063188386156,
        0.7066166652963505,
        0.3065535741142787,
        0.488361667989327,
        0.8587278476640313,
        0.3065535741142787
    ],
    "AIC": 2533.7736285403603,
    "BIC": 2560.1651981475716,
    "logLikelihood": -1260.8868142701801,
    "n_conditions": 601
}