{
    "participantID": "ml",
    "modelType": "probabilityMatchingLogNorm_LapseFree_contextualPrior",
    "fittedParams": [
        0.1973218914982863,
        0.4184783030766993,
        0.38692207368733916,
        0.09020706234144743,
        0.6310468346312857,
        3.278858494049075e-06,
        0.10040728037012743,
        0.7243852161886345,
        0.4222905698698014,
        9.326822701945229
    ],
    "AIC": 2504.8878789323885,
    "BIC": 2548.8738282777404,
    "logLikelihood": -1242.4439394661943,
    "n_conditions": 601
}