{
    "participantID": "ml",
    "modelType": "probabilityMatching_LapseFree_sharedPrior",
    "fittedParams": [
        0.09545639790594578,
        0.21166242137551305,
        0.26744298055768007,
        0.7164868112072349,
        0.3282896423339844,
        0.00026218652725223945,
        0.00825568795204168,
        0.18374660164117812,
        2.145656659156084
    ],
    "AIC": 2504.920846079726,
    "BIC": 2544.5082004905425,
    "logLikelihood": -1243.460423039863,
    "n_conditions": 601
}