{
    "participantID": "as",
    "modelType": "selection_LapseFree_sharedPrior",
    "fittedParams": [
        0.001000000004644952,
        0.16859332455383802,
        0.8372813699889714,
        0.7356358938326594,
        2.4748737341529163,
        0.001000000004644952,
        0.001000000004644952
    ],
    "AIC": 2389.3648626131953,
    "BIC": 2405.5543513293806,
    "logLikelihood": -1190.6824313065977,
    "n_conditions": 423
}