{
    "participantID": "as",
    "modelType": "switchingFree_LapseFree_sharedPrior",
    "fittedParams": [
        0.02250452943066819,
        0.16859332455383802,
        0.8372813699889714,
        0.1588929461499901,
        2.4748737341529163,
        0.06055131056437038,
        0.001001826477123352,
        0.9999996053494216
    ],
    "AIC": 2290.3431408859706,
    "BIC": 2310.580001781202,
    "logLikelihood": -1140.1715704429853,
    "n_conditions": 423
}