{
  "participantID": "dt",
  "modelType": "lognorm",
  "true_params": [
    0.30035988267852,
    0.19791469219461832,
    0.3055316658343932,
    0.5653568119953958,
    0.5266942718132727,
    0.2301037388275785,
    0.21946004528819468
  ],
  "recovered_params_mean": [
    0.23386868602820132,
    0.24103939008000785,
    0.43853497856457824,
    0.6213501069467967,
    0.7086838821336893,
    0.16146363096703595,
    0.16684987822572078
  ],
  "recovered_params_std": [
    0.06582157621060657,
    0.04124194746519956,
    0.25930613730073276,
    0.1450104328808314,
    0.20270623130069668,
    0.0689094209128607,
    0.06118765250790339
  ],
  "recovered_params_median": [
    0.23325721536011318,
    0.23354965495817467,
    0.400108283028267,
    0.6000546288914397,
    0.6713833762188308,
    0.15987015755543227,
    0.16874153509145084
  ],
  "n_successful": 50,
  "n_attempted": 50,
  "all_recovered_params": [
    [
      0.23343874659293448,
      0.2981236423827899,
      0.41657239739466556,
      0.5259871941780191,
      0.5990101725575347,
      0.15706909729637547,
      0.10726292345746703
    ],
    [
      0.33209236123098845,
      0.23651068835842623,
      0.10393271476401635,
      0.38558735462919497,
      0.5621130396168437,
      0.24572239840971222,
      0.15918705370898073
    ],
    [
      0.2479509918127039,
      0.20336794359992294,
      0.3434320952919401,
      0.6373718431988313,
      0.4731566632955442,
      0.17379180715010628,
      0.22134390435857498
    ],
    [
      0.34800242093467976,
      0.21492362868343362,
      0.3612226978464409,
      0.6283571664225637,
      0.58081358297827,
      0.20140400271200848,
      0.22120485559744105
    ],
    [
      0.15808732216229351,
      0.23422476995939673,
      0.4004627976792364,
      0.593820918701463,
      0.8975480988485143,
      0.16954121716582524,
      0.09373383445284779
    ],
    [
      0.18642345125440848,
      0.24312618361982152,
      0.4122242042135071,
      0.6149874725185092,
      0.755661061330362,
      0.10865358848042928,
      0.1557759755096271
    ],
    [
      0.3207320404708019,
      0.22754939582367495,
      0.3318199702904832,
      0.6062883390814162,
      0.9551117488215339,
      0.20389010308404082,
      0.20235644177785955
    ],
    [
      0.19322270801303348,
      0.2617436013040022,
      0.38135781610283653,
      0.5310161917951072,
      0.46065410747864693,
      0.18631442096976003,
      0.16836450908120087
    ],
    [
      0.2082835193319986,
      0.29894785803249646,
      0.6127175912312794,
      0.5282363765707825,
      1.0867803033686176,
      0.007253805591125435,
      0.07645650882411369
    ],
    [
      0.110129008625164,
      0.3061624971839936,
      0.4080302016077792,
      0.6380730705932451,
      0.9589842538031107,
      0.05977210996024039,
      0.13703393092722035
    ],
    [
      0.3466537979285443,
      0.15794362182373176,
      0.1699920411324286,
      0.5369885987197573,
      0.8452748910669673,
      0.256378661714782,
      0.2685079706309954
    ],
    [
      0.32991246556065495,
      0.16276779317672163,
      0.3621111965752534,
      0.5929438745389454,
      0.4958545481166356,
      0.23408661512908624,
      0.21651692565025504
    ],
    [
      0.14234528327305945,
      0.32630702160259717,
      0.41497654006930695,
      0.44252805004832885,
      1.092130469050557,
      0.12089411969035768,
      0.11940054173319005
    ],
    [
      0.17570257580676923,
      0.2647458484122749,
      0.5226853704683562,
      0.5540908706773443,
      0.7065998079387644,
      0.12423253509655899,
      0.0969363812410969
    ],
    [
      0.22798090976130264,
      0.22135938026862131,
      0.6976445045045139,
      0.9690090484054886,
      0.4912989350117886,
      0.1559955526015946,
      0.2645137073780599
    ],
    [
      0.2868579064341913,
      0.20402481964260716,
      0.2762800451150344,
      0.5129274285806816,
      0.6485525646546054,
      0.15994305613125406,
      0.17860846594793342
    ],
    [
      0.14926066586510278,
      0.2041222440421641,
      2.0,
      0.6491983072676248,
      0.5144343436993676,
      0.1500183673802331,
      0.21619686382862274
    ],
    [
      0.2824623641715702,
      0.21827714010658364,
      0.34742612640051357,
      0.632471584499266,
      0.7762128676960663,
      0.16830302702357422,
      0.23370132513501424
    ],
    [
      0.19958794054456888,
      0.22669930820985928,
      0.504489678517008,
      0.8701483969983762,
      0.6548240691478426,
      0.17677620524410576,
      0.19206153517873337
    ],
    [
      0.24464653481738277,
      0.22962647681934278,
      0.5229911740703924,
      0.6668259676086871,
      0.9856333063080489,
      0.15979725897961045,
      0.14330771590897637
    ],
    [
      0.2664899711036649,
      0.20633691436424487,
      0.28882513970404433,
      0.45200659377031566,
      0.4176307504123644,
      0.27613043626931755,
      0.1938225964923748
    ],
    [
      0.30514134553235367,
      0.229738389860714,
      0.5571557982070826,
      0.9967203504256918,
      0.5059499487574153,
      0.138078657485115,
      0.1766849554278399
    ],
    [
      0.20316483172175162,
      0.2686818756198207,
      0.3348872208347657,
      0.5872984679414468,
      1.0808654723537554,
      0.11914474455029275,
      0.19947012453197271
    ],
    [
      0.28306774190019723,
      0.22558167491000108,
      0.16825417594682382,
      0.5004404340872443,
      0.7276668213625462,
      0.2760364864333487,
      0.24966161928191932
    ],
    [
      0.23601216940929032,
      0.2601234244751299,
      0.4346183307442132,
      0.6268985300690514,
      0.9205134124025138,
      0.1294983007606608,
      0.1996700219490301
    ],
    [
      0.2160719031016184,
      0.2817216511571852,
      0.6023365028232839,
      0.8162528469802914,
      0.4938961351507464,
      0.08849501264774293,
      0.12394455880709432
    ],
    [
      0.13393077439199774,
      0.23639506404573643,
      0.5307473934508293,
      0.6505541116823591,
      0.6870235365530323,
      0.15827527353505688,
      0.12041783696004371
    ],
    [
      0.25195325240721717,
      0.268764595922853,
      0.3504849404401003,
      0.46044864498515364,
      0.9348410291188598,
      0.10406186972633252,
      0.07250834879915781
    ],
    [
      0.16171764126376212,
      0.308439739851317,
      0.21221847276621073,
      0.4376274575123575,
      0.9949713337659214,
      0.0955337315961505,
      0.057828975020334544
    ],
    [
      0.18783658151937485,
      0.28122687062408913,
      0.27653660799861907,
      0.4161688019860755,
      0.6514239793209495,
      0.165269057352834,
      0.11549982671439021
    ],
    [
      0.119828156609888,
      0.2956258823696458,
      0.5639712928320758,
      0.8378531188942285,
      0.5788997042460525,
      0.06532114921800505,
      0.1470971421675792
    ],
    [
      0.24401120993369557,
      0.23373195293773333,
      0.551909238481287,
      0.6566229325699819,
      0.6649468129885453,
      0.1260707015312918,
      0.13665942144651946
    ],
    [
      0.2330756841272919,
      0.2246906182385946,
      0.2888639971143532,
      0.4893058131441869,
      0.5673542109971714,
      0.20550991668292376,
      0.2296942314077876
    ],
    [
      0.2719670425656848,
      0.2156409078372329,
      0.49232160911618617,
      0.7409156619880953,
      1.0000848222266212,
      0.1818223428603473,
      0.14187059523378723
    ],
    [
      0.32402385951724316,
      0.18410352896380439,
      0.3316923970727175,
      0.6540716558823928,
      0.46986159019786944,
      0.3188594190734565,
      0.22865221523976947
    ],
    [
      0.21041076130691327,
      0.24096344639713735,
      0.3997537683772976,
      0.6231139998277486,
      0.8034724144728161,
      0.16038289339732656,
      0.1893898363873547
    ],
