{
    "participantID": "all",
    "modelType": "fusionOnly_LapseFree_sharedPrior",
    "fittedParams": [
        0.16882395196666072,
        0.11280798516920752,
        0.20778552488862279,
        0.3016182968186337,
        0.13451038558915857,
        0.25594609589440526
    ],
    "AIC": 20416.326979384005,
    "BIC": 20454.601458719724,
    "logLikelihood": -10202.163489692002,
    "n_conditions": 4355
}