{
    "participantID": "all",
    "modelType": "lognorm_LapseFree_sharedPrior",
    "fittedParams": [
        0.10387385,
        0.26218953,
        0.54385333,
        0.98994297,
        0.65054452,
        0.0778586,
        0.18420239
    ],
    "AIC": 27067.73294782409,
    "BIC": 27114.298686780952,
    "logLikelihood": -13526.866473912045,
    "n_conditions": 5723
}