{
    "participantID": "all",
    "modelType": "switchingFree_LapseFree_sharedPrior",
    "fittedParams": [
        0.0935873683155296,
        0.1207853248826023,
        0.533061292823532,
        0.24734440678585085,
        0.06448234104410089,
        0.09170232342205417,
        0.17739406760261045,
        0.6956972765139654
    ],
    "AIC": 20234.47658009134,
    "BIC": 20285.509219205633,
    "logLikelihood": -10109.23829004567,
    "n_conditions": 4355
}