{
    "participantID": "all",
    "modelType": "logLinearMismatch",
    "fittedParams": [
        0.13004470634332393,
        0.2542544832074781,
        0.5066494413220789,
        0.9999858324206901,
        0.6159969235025347,
        0.5066494413220789
    ],
    "AIC": 27112.839142851393,
    "BIC": 27152.752633385848,
    "logLikelihood": -13550.419571425697,
    "n_conditions": 5723
}