{
    "participantID": "all",
    "modelType": "probabilityMatchingLogNorm_LapseFree_sharedPrior",
    "fittedParams": [
        0.10538686397075653,
        0.25090406664490683,
        0.550310060314536,
        2.25245952605313e-05,
        0.6038427376842498,
        0.10009087247252464,
        0.1946714120745659
    ],
    "AIC": 25332.03820009784,
    "BIC": 25378.257942039523,
    "logLikelihood": -12659.01910004892,
    "n_conditions": 5447
}