{
    "participantID": "all",
    "modelType": "lognorm_LapseFree_sharedPrior",
    "fittedParams": [
        0.10387385,
        0.26218953,
        0.54385333,
        0.98994297,
        0.65054452,
        0.0778586,
        0.18420239
    ],
    "AIC": 27073.10855865714,
    "BIC": 27119.674297614,
    "logLikelihood": -13529.55427932857,
    "n_conditions": 5723
}