{
    "participantID": "all",
    "modelType": "gaussian",
    "fittedParams": [
        0.2255733666289598,
        0.1,
        0.18272539307363328,
        0.8184241023811512,
        0.29173564895987514,
        0.18272539307363328
    ],
    "AIC": 27179.044511403143,
    "BIC": 27218.958001937597,
    "logLikelihood": -13583.522255701571,
    "n_conditions": 5723
}