{
    "participantID": "all",
    "modelType": "lognorm_LapseFree_sharedPrior",
    "fittedParams": [
        0.11484672606457025,
        0.27219198107719417,
        0.4115092554339207,
        0.5730612075046636,
        0.7243162046372891,
        0.07514083192218095,
        0.17279799875686877
    ],
    "AIC": 27076.390238043707,
    "BIC": 27122.95597700057,
    "logLikelihood": -13531.195119021853,
    "n_conditions": 5723
}