{
    "participantID": "all",
    "modelType": "logLinearMismatch_LapseFree_sharedPrior",
    "fittedParams": [
        0.13414705487996084,
        0.22242796920075275,
        0.4415792640643889,
        0.9355613052124954,
        0.6426900010288071,
        0.10707294960035532,
        0.18752491285282485
    ],
    "AIC": 20298.778547950293,
    "BIC": 20343.4321071753,
    "logLikelihood": -10142.389273975146,
    "n_conditions": 4355
}