{
    "participantID": "all",
    "modelType": "probabilityMatchingLogNorm_LapseFree_sharedPrior",
    "fittedParams": [
        0.18157159596351155,
        0.20550838247691477,
        0.35073070287917163,
        0.07047181136510328,
        1.2689479784199549,
        0.15738176394215028,
        0.25323705097824034
    ],
    "AIC": 25451.905467299333,
    "BIC": 25478.31674840887,
    "logLikelihood": -12721.952733649667,
    "n_conditions": 5447
}