{
    "participantID": "all",
    "modelType": "gaussian_LapseFree_sharedPrior",
    "fittedParams": [
        0.18553758777745497,
        0.09802142210640302,
        0.20118388057455022,
        0.9592142877928754,
        0.29765186698469387,
        0.21837788922567772,
        0.26946093879876964
    ],
    "AIC": 20411.33712606034,
    "BIC": 20455.99068528535,
    "logLikelihood": -10198.66856303017,
    "n_conditions": 4355
}