{
    "participantID": "all",
    "modelType": "selection_LapseFree_sharedPrior",
    "fittedParams": [
        0.17573511962071062,
        0.10836562945045514,
        0.20235119551520786,
        0.6363958112895489,
        0.2824097099130972,
        0.17263083726316691,
        0.20924971111081542
    ],
    "AIC": 25450.89047844953,
    "BIC": 25497.110220391216,
    "logLikelihood": -12718.445239224766,
    "n_conditions": 5447
}