{
    "participantID": "all",
    "modelType": "switchingFree_LapseFree_sharedPrior",
    "fittedParams": [
        0.09830855686434078,
        0.1493637951488792,
        0.5347087162643134,
        0.2565218686359003,
        0.12609952073208508,
        0.06364469493406358,
        0.17094640163374134,
        0.6687810451723636
    ],
    "AIC": 25263.707747834625,
    "BIC": 25316.530310053695,
    "logLikelihood": -12623.853873917313,
    "n_conditions": 5447
}