{
    "participantID": "all",
    "modelType": "fusionOnlyLogNorm_LapseFree_sharedPrior",
    "fittedParams": [
        0.18429142490216321,
        0.18293204260777038,
        0.46575003132387194,
        0.5207691419997772,
        0.15246834620095306,
        0.2622557228227394
    ],
    "AIC": 20304.617531214626,
    "BIC": 20342.892010550346,
    "logLikelihood": -10146.308765607313,
    "n_conditions": 4355
}