{
    "participantID": "all",
    "modelType": "selection_LapseFree_sharedPrior",
    "fittedParams": [
        0.015060431754569685,
        0.20550838247691477,
        0.35073070287917163,
        0.5304576270525998,
        1.2689479784199549,
        0.013281826777132908,
        0.011904476450301309
    ],
    "AIC": 25755.28366685811,
    "BIC": 25781.694947967648,
    "logLikelihood": -12873.641833429056,
    "n_conditions": 5447
}