{
    "participantID": "all",
    "modelType": "lognorm_LapseFree_sharedPrior",
    "fittedParams": [
        0.11589890208712304,
        0.2517122574149462,
        0.3684426792147451,
        0.7718420782005057,
        0.6582841291304623,
        0.1194144664629676,
        0.2026190064036911
    ],
    "AIC": 20314.9253663836,
    "BIC": 20359.578925608606,
    "logLikelihood": -10150.4626831918,
    "n_conditions": 4355
}