{
    "participantID": "all",
    "modelType": "selection_LapseFix_sharedPrior",
    "fittedParams": [
        0.18619384738206865,
        0.10795737741887557,
        0.19811825773358338,
        0.6557607233524323,
        0.277782641224265
    ],
    "AIC": 25426.839037811736,
    "BIC": 25459.853139198654,
    "logLikelihood": -12708.419518905868,
    "n_conditions": 5447
}