{
    "participantID": "all",
    "modelType": "gaussian_LapseFree_sharedPrior",
    "fittedParams": [
        0.18945302210342446,
        0.11532943475765023,
        0.20932004969826035,
        0.8772253371465815,
        0.2876955023137634,
        0.17305888629759353,
        0.20033193375945757
    ],
    "AIC": 27183.552552425153,
    "BIC": 27230.118291382016,
    "logLikelihood": -13584.776276212577,
    "n_conditions": 5723
}