{
    "participantID": "all",
    "modelType": "lognorm_LapseFree_sharedPrior",
    "fittedParams": [
        0.11484672606457025,
        0.27219198107719417,
        0.4115092554339207,
        0.5730612075046636,
        0.7243162046372891,
        0.07514083192218095,
        0.17279799875686877
    ],
    "AIC": 27064.116495450224,
    "BIC": 27110.682234407086,
    "logLikelihood": -13525.058247725112,
    "n_conditions": 5723
}