{
    "participantID": "all",
    "modelType": "selection_LapseFree_sharedPrior",
    "fittedParams": [
        0.24002136056407564,
        0.08487241116394839,
        0.19882692142001007,
        0.8490663912096105,
        0.25236491769535024,
        0.20219456246108383,
        0.2461486175105205
    ],
    "AIC": 20406.65803612444,
    "BIC": 20451.31159534945,
    "logLikelihood": -10196.32901806222,
    "n_conditions": 4355
}