{
    "participantID": "all",
    "modelType": "switchingFree_LapseFix_sharedPrior",
    "fittedParams": [
        0.10169250048053216,
        0.12900983751181727,
        0.5608308216723441,
        0.2725124175432029,
        0.0635688546577371,
        0.7011894146169539
    ],
    "AIC": 25254.02504946148,
    "BIC": 25293.641971125784,
    "logLikelihood": -12621.01252473074,
    "n_conditions": 5447
}