{
    "participantID": "all",
    "modelType": "lognorm_LapseFree_sharedPrior",
    "fittedParams": [
        0.09715557639268013,
        0.2771175311536035,
        0.566922131214851,
        0.9893749362217981,
        0.6532339896858684,
        0.06328390812067256,
        0.1688229142948728
    ],
    "AIC": 27049.897860489036,
    "BIC": 27096.4635994459,
    "logLikelihood": -13517.948930244518,
    "n_conditions": 5723
}