{
    "participantID": "all",
    "modelType": "logLinearMismatch_LapseFree_sharedPrior",
    "fittedParams": [
        0.09245952934909002,
        0.2584296932575446,
        0.51673745893873,
        0.8362875989240043,
        0.843924948011056,
        0.0536363138246559,
        0.18252362603034586
    ],
    "AIC": 25365.702175550305,
    "BIC": 25411.92191749199,
    "logLikelihood": -12675.851087775152,
    "n_conditions": 5447
}