{
    "participantID": "all",
    "modelType": "lognorm_LapseFix_sharedPrior",
    "fittedParams": [
        0.14740892174586626,
        0.24473741771764357,
        0.48209016657292136,
        0.8530625688377769,
        0.6057733182408175
    ],
    "AIC": 25344.64470220685,
    "BIC": 25377.658803593768,
    "logLikelihood": -12667.322351103425,
    "n_conditions": 5447
}