{
    "participantID": "all",
    "modelType": "fusionOnlyLogNorm_LapseFree_sharedPrior",
    "fittedParams": [
        0.2301540629092604,
        0.20550838247691477,
        0.35073070287917163,
        1.2689479784199549,
        0.20916079967059195,
        0.30868427266776566
    ],
    "AIC": 25540.658147465427,
    "BIC": 25560.46660829758,
    "logLikelihood": -12767.329073732713,
    "n_conditions": 5447
}