{
    "participantID": "all",
    "modelType": "lognorm_LapseFree_sharedPrior",
    "fittedParams": [
        0.1148295617881552,
        0.26510078233769274,
        0.5252749505013505,
        0.9944184451434158,
        0.568894575886471,
        0.09512338326531265,
        0.17045617522356135
    ],
    "AIC": 25336.161906657137,
    "BIC": 25382.38164859882,
    "logLikelihood": -12661.080953328568,
    "n_conditions": 5447
}