{
  "participantID": "as",
  "generating_model": "switchingFree",
  "true_params": [
    0.0775149006321355,
    0.21931559657159694,
    0.0012728691281073123,
    0.12496345046783969,
    0.5614907449427589,
    0.09048118525639784,
    0.037258096948835195,
    0.37210181876071147
  ],
  "n_iterations": 5,
  "iterations": [
    {
      "iteration": 0,
      "model_fits": {
        "lognorm": {
          "fittedParams": [
            0.04805242848719678,
            0.2563194136025281,
            0.46254433481095114,
            0.46559927083770836,
            0.9437568487405482,
            0.04789581694100025,
            0.07031013871948526
          ],
          "logLikelihood": -3441.9132363531166,
          "AIC": 6897.826472706233,
          "BIC": 6945.245580744675,
          "nParams": 7
        },
        "fusionOnlyLogNorm": {
          "fittedParams": [
            0.13676448114146675,
            0.23066784186370934,
            0.5916853726774645,
            0.6546655537153014,
            0.05361135517032657,
            0.1250836416394294
          ],
          "logLikelihood": -3454.2584475728595,
          "AIC": 6920.516895145719,
          "BIC": 6961.161844892955,
          "nParams": 6
        },
        "switchingFree": {
          "fittedParams": [
            0.1892293462572671,
            0.16955103614600106,
            0.01856947751144454,
            0.17038830616097966,
            0.6684002307359562,
            0.0910199657638399,
            0.09055156244451507,
            0.4252328321018021
          ],
          "logLikelihood": -3441.7954579793786,
          "AIC": 6899.590915958757,
          "BIC": 6953.784182288405,
          "nParams": 8
        },
        "probabilityMatchingLogNorm": {
          "fittedParams": [
            0.12758894059782283,
            0.2173546121985378,
            0.49231125181537794,
            0.07135650123915632,
            0.5767800031899374,
            0.07771725376396453,
            0.08859540961583628
          ],
          "logLikelihood": -3445.78387677799,
          "AIC": 6905.56775355598,
          "BIC": 6952.9868615944215,
          "nParams": 7
        },
        "selection": {
          "fittedParams": [
            0.105297720917709,
            0.10826302115461207,
            2.0,
            0.5882345546449304,
            0.18560976623302097,
            0.020696698349680118,
            0.018639847776324284
          ],
          "logLikelihood": -3545.0451438681584,
          "AIC": 7104.090287736317,
          "BIC": 7151.509395774759,
          "nParams": 7
        }
      },
      "best_model_aic": "lognorm",
      "best_model_bic": "lognorm"
    },
    {
      "iteration": 1,
      "model_fits": {
        "lognorm": {
          "fittedParams": [
            0.10470333814062172,
            0.19902630609789193,
            0.5478623526676595,
            0.7778256669315576,
            0.7574379703437438,
            0.1531439603677943,
            0.117160343779342
          ],
          "logLikelihood": -3465.325463461815,
          "AIC": 6944.65092692363,
          "BIC": 6992.070034962072,
          "nParams": 7
        },
        "fusionOnlyLogNorm": {
          "fittedParams": [
            0.055967517204461865,
            0.22582261335716514,
            0.7738962751031426,
            0.6837258542727515,
            0.060709456769322524,
            0.041273239277087044
          ],
          "logLikelihood": -3462.181344262193,
          "AIC": 6936.362688524386,
          "BIC": 6977.0076382716215,
          "nParams": 6
        },
        "switchingFree": {
          "fittedParams": [
            0.07119192751833475,
            0.21929541060624422,
            0.4588547975839287,
            0.1491536464421492,
            0.4004786063241911,
            0.0950877140550274,
            0.039805698863261865,
            0.6440200333521272
          ],
          "logLikelihood": -3459.4575539154052,
          "AIC": 6934.9151078308105,
          "BIC": 6989.108374160458,
          "nParams": 8
        },
        "probabilityMatchingLogNorm": {
          "fittedParams": [
            0.11355181954651442,
            0.2359537908868825,
            0.39144440212946774,
            0.3000599802323693,
            0.486383453362948,
            0.06846660641329885,
            0.10613703598207774
          ],
          "logLikelihood": -3464.065914998264,
          "AIC": 6942.131829996528,
          "BIC": 6989.5509380349695,
          "nParams": 7
        },
        "selection": {
          "fittedParams": [
            0.04405190225499006,
            0.12544417860335497,
            0.27785963256132623,
            0.5029813851597,
            0.2713933130032521,
            0.08425880112260094,
            0.040017556425832546
          ],
          "logLikelihood": -3459.4318643969355,
          "AIC": 6932.863728793871,
          "BIC": 6980.282836832313,
          "nParams": 7
        }
      },
      "best_model_aic": "selection",
      "best_model_bic": "fusionOnlyLogNorm"
    },
    {
      "iteration": 2,
      "model_fits": {
        "lognorm": {
          "fittedParams": [
            0.06364594414340152,
            0.2459494070484633,
            0.39056971062118495,
            0.27540666876054226,
            0.7381286895870456,
            0.12427460561726332,
            0.013982319912351274
          ],
          "logLikelihood": -3468.3852401282875,
          "AIC": 6950.770480256575,
          "BIC": 6998.189588295017,
          "nParams": 7
        },
        "fusionOnlyLogNorm": {
          "fittedParams": [
            0.10421149058178789,
            0.264241108399316,
            0.6103460223880581,
            0.481327797919525,
            0.05583187335574553,
            0.1551310947974481
          ],
          "logLikelihood": -3478.0957200350304,
          "AIC": 6968.191440070061,
          "BIC": 7008.836389817297,
          "nParams": 6
        },
        "switchingFree": {
          "fittedParams": [
            0.05388471130317729,
            0.24516286696060338,
            0.4859254654380203,
            0.09987101101978374,
            0.48270722345552675,
            0.10600291255481249,
            0.0315729443539262,
            0.3887476854666955
          ],
          "logLikelihood": -3468.8073751823176,
          "AIC": 6953.614750364635,
          "BIC": 7007.808016694283,
          "nParams": 8
        },
        "probabilityMatchingLogNorm": {
          "fittedParams": [
            0.09342105626670316,
            0.23914792399096194,
            0.5177592834692646,
            0.3928171939505517,
            0.5070253061125888,
            0.18768886648332164,
            0.015008134296835847
          ],
          "logLikelihood": -3476.6404820544017,
          "AIC": 6967.280964108803,
          "BIC": 7014.700072147245,
          "nParams": 7
        },
        "selection": {
          "fittedParams": [
            0.15896522128937854,
            0.10056704877638488,
            0.3542610244137393,
            0.9890835796580959,
            0.2448881293671447,
            0.1676956804711452,
            0.12785727860912885
          ],
          "logLikelihood": -3491.644351787542,
          "AIC": 6997.288703575084,
          "BIC": 7044.707811613525,
          "nParams": 7
        }
      },
      "best_model_aic": "lognorm",
      "best_model_bic": "lognorm"
    },
    {
      "iteration": 3,
      "model_fits": {
        "lognorm": {
          "fittedParams": [
            0.18882273963076235,
            0.2352975489402192,
            0.4255700394383731,
            0.4522531508531687,
            0.921560770139649,
            0.03686499474430341,
            0.029188149219928627
          ],
          "logLikelihood": -3435.052002953769,
          "AIC": 6884.104005907538,
          "BIC": 6931.523113945979,
          "nParams": 7
        },