{
  "participantID": "dt",
  "generating_model": "probabilityMatchingLogNorm",
  "true_params": [
    0.32994507376998666,
    0.17756542833834876,
    0.42623486136764277,
    0.015086995065212161,
    0.3958525671771167,
    0.2726266619294882,
    0.2619490200132132
  ],
  "n_iterations": 5,
  "iterations": [
    {
      "iteration": 0,
      "model_fits": {
        "lognorm": {
          "fittedParams": [
            0.18279884683270625,
            0.24702299994396376,
            0.4251017419810872,
            0.6898439721458743,
            0.4427635827485918,
            0.29725693911309564,
            0.1693994259591714
          ],
          "logLikelihood": -3770.0906524370153,
          "AIC": 7554.1813048740305,
          "BIC": 7601.827321617556,
          "nParams": 7
        },
        "fusionOnlyLogNorm": {
          "fittedParams": [
            0.07437915803700286,
            0.3045807419791714,
            0.6956638115745089,
            0.4614230559067982,
            0.22369306664744615,
            0.14261533923102096
          ],
          "logLikelihood": -3785.030622691393,
          "AIC": 7582.061245382786,
          "BIC": 7622.900688305808,
          "nParams": 6
        },
        "switchingFree": {
          "fittedParams": [
            0.10655620394628364,
            0.04663906340577528,
            0.8332307633201087,
            0.38788920332765264,
            0.10537405887151449,
            0.051339644100374615,
            0.029229686191962582,
            0.5632161239304904
          ],
          "logLikelihood": -3772.874741282011,
          "AIC": 7561.749482564022,
          "BIC": 7616.202073128051,
          "nParams": 8
        },
        "probabilityMatchingLogNorm": {
          "fittedParams": [
            0.23521040454523282,
            0.22669920577371294,
            0.2842416154946106,
            0.3852877971735849,
            0.3459745133811509,
            0.3120643902364062,
            0.27510105570072974
          ],
          "logLikelihood": -3762.4932168999053,
          "AIC": 7538.986433799811,
          "BIC": 7586.632450543336,
          "nParams": 7
        },
        "selection": {
          "fittedParams": [
            0.1576105907533158,
            0.12965086090747388,
            0.25893786696214305,
            0.5145782863105401,
            0.1895251074165446,
            0.26946259103739506,
            0.14570777980047755
          ],
          "logLikelihood": -3783.1459275993057,
          "AIC": 7580.291855198611,
          "BIC": 7627.937871942137,
          "nParams": 7
        }
      },
      "best_model_aic": "probabilityMatchingLogNorm",
      "best_model_bic": "probabilityMatchingLogNorm"
    },
    {
      "iteration": 1,
      "model_fits": {
        "lognorm": {
          "fittedParams": [
            0.2822104145564632,
            0.22040841853883453,
            0.2408122828806849,
            0.48177848460716716,
            0.8408218075455322,
            0.1855302406813623,
            0.16119983242649738
          ],
          "logLikelihood": -3791.9039065220018,
          "AIC": 7597.8078130440035,
          "BIC": 7645.453829787529,
          "nParams": 7
        },
        "fusionOnlyLogNorm": {
          "fittedParams": [
            0.3630380430183735,
            0.15567750499732955,
            0.44861233355577285,
            0.4716726555232193,
            0.25244880161716104,
            0.21551460250164606
          ],
          "logLikelihood": -3793.00134084423,
          "AIC": 7598.00268168846,
          "BIC": 7638.842124611482,
          "nParams": 6
        },
        "switchingFree": {
          "fittedParams": [
            0.31895410227630083,
            0.11856788519784418,
            0.41495702963131764,
            0.16770629224053143,
            0.23290084113261894,
            0.20758088473820718,
            0.16685251182988797,
            0.5608722567737202
          ],
          "logLikelihood": -3787.699029612275,
          "AIC": 7591.39805922455,
          "BIC": 7645.850649788578,
          "nParams": 8
        },
        "probabilityMatchingLogNorm": {
          "fittedParams": [
            0.3771264983679098,
            0.1909682185187424,
            0.33286324223460023,
            0.31084151233943014,
            0.4440819936618061,
            0.23618763323487826,
            0.23174207734259497
          ],
          "logLikelihood": -3792.3187762635375,
          "AIC": 7598.637552527075,
          "BIC": 7646.2835692706,
          "nParams": 7
        },
        "selection": {
          "fittedParams": [
            0.33767181814176583,
            0.09557653255221801,
            0.2513737997579014,
            0.7752437165319122,
            0.30075447937107647,
            0.17047218083013624,
            0.17337180484477055
          ],
          "logLikelihood": -3798.21092415706,
          "AIC": 7610.42184831412,
          "BIC": 7658.067865057646,
          "nParams": 7
        }
      },
      "best_model_aic": "switchingFree",
      "best_model_bic": "fusionOnlyLogNorm"
    },
    {
      "iteration": 2,
      "model_fits": {
        "lognorm": {
          "fittedParams": [
            0.15611337879696036,
            0.25155054331891663,
            0.4810570556427434,
            0.6834939000660437,
            0.6585767987955756,
            0.22565814452081273,
            0.188635399556311
          ],
          "logLikelihood": -3773.4307534481745,
          "AIC": 7560.861506896349,
          "BIC": 7608.507523639874,
          "nParams": 7
        },
        "fusionOnlyLogNorm": {
          "fittedParams": [
            0.23521533785715118,
            0.1852294846153498,
            0.42797888950321744,
            0.3993942948856633,
            0.28963095699364844,
            0.2836036623072755
          ],
          "logLikelihood": -3767.0894286932844,
          "AIC": 7546.178857386569,
          "BIC": 7587.018300309591,
          "nParams": 6
        },
        "switchingFree": {
          "fittedParams": [
            0.19894407711191087,
            0.1364875517477189,
            0.3659598705389907,
            0.198406129859557,
            0.24731253674100973,
            0.19955507899683467,
            0.2086651187235341,
            0.4906459707506876
          ],
          "logLikelihood": -3769.185456303196,
          "AIC": 7554.370912606392,
          "BIC": 7608.823503170421,
          "nParams": 8
        },
        "probabilityMatchingLogNorm": {
          "fittedParams": [
            0.17350524273256632,
            0.2100961819433993,
            0.46737305480467606,
            0.1935175035950394,
            0.5518496535763667,
            0.130175550477465,
            0.20547029362605912
          ],
          "logLikelihood": -3769.9886420381804,
          "AIC": 7553.977284076361,
          "BIC": 7601.623300819886,
          "nParams": 7
        },
        "selection": {
          "fittedParams": [
            0.19037499340144623,
            0.1126150487057891,
            0.23995110209109982,
            0.8868395440506569,
            2.0,
            0.19090959294564155,
            0.23443959119428118
          ],
          "logLikelihood": -3808.500140001008,
          "AIC": 7631.000280002016,
          "BIC": 7678.646296745541,
          "nParams": 7
        }
      },
      "best_model_aic": "fusionOnlyLogNorm",
      "best_model_bic": "fusionOnlyLogNorm"
    },
    {
      "iteration": 3,
      "model_fits": {
        "lognorm": {
          "fittedParams": [
            0.2500341748836083,
            0.20837238651080955,
            0.29728062544738865,
            0.5911985869449397,
            0.6888619044622247,
            0.21499936336735886,
            0.28936334730757773
          ],
          "logLikelihood": -3828.974184062291,
          "AIC": 7671.948368124582,
          "BIC": 7719.594384868107,