{
  "participantID": "dt",
  "generating_model": "switchingFree",
  "true_params": [
    0.298504192352295,
    0.15780466930389392,
    0.2839282761383055,
    0.1467357635498046,
    0.3205429614257811,
    0.22271726684570314,
    0.19869315757751466,
    0.4803596496582031
  ],
  "n_iterations": 5,
  "iterations": [
    {
      "iteration": 0,
      "model_fits": {
        "lognorm": {
          "fittedParams": [
            0.2560781916480809,
            0.23411849751831737,
            0.28436157705496756,
            0.5108091207833749,
            0.8994909739135992,
            0.21385691008083918,
            0.18306014369755516
          ],
          "logLikelihood": -3786.072430792723,
          "AIC": 7586.144861585446,
          "BIC": 7633.790878328971,
          "nParams": 7
        },
        "fusionOnlyLogNorm": {
          "fittedParams": [
            0.30227042718142616,
            0.18477740050033728,
            0.5021848878260656,
            0.5861930598129468,
            0.23452472874864272,
            0.2002953922028995
          ],
          "logLikelihood": -3781.3169643447636,
          "AIC": 7574.633928689527,
          "BIC": 7615.473371612549,
          "nParams": 6
        },
        "switchingFree": {
          "fittedParams": [
            0.19690030582979587,
            0.1447493689249083,
            0.3278525745457609,
            0.19650022839266015,
            0.3259285693783553,
            0.14449143511595644,
            0.10986580366932056,
            0.43776768253201587
          ],
          "logLikelihood": -3786.172792743328,
          "AIC": 7588.345585486656,
          "BIC": 7642.798176050685,
          "nParams": 8
        },
        "probabilityMatchingLogNorm": {
          "fittedParams": [
            0.21324410281180026,
            0.24165019828733522,
            0.6697149835964011,
            0.12578408044611286,
            0.5298333750491806,
            0.08227242461755888,
            0.09446290500503579
          ],
          "logLikelihood": -3799.5693215502647,
          "AIC": 7613.138643100529,
          "BIC": 7660.784659844055,
          "nParams": 7
        },
        "selection": {
          "fittedParams": [
            0.23320971760123996,
            0.11760778910240398,
            0.17897749738066052,
            0.46497052581542797,
            0.2860556947374452,
            0.11945358126731612,
            0.11759389688293201
          ],
          "logLikelihood": -3792.10259631673,
          "AIC": 7598.20519263346,
          "BIC": 7645.851209376985,
          "nParams": 7
        }
      },
      "best_model_aic": "fusionOnlyLogNorm",
      "best_model_bic": "fusionOnlyLogNorm"
    },
    {
      "iteration": 1,
      "model_fits": {
        "lognorm": {
          "fittedParams": [
            0.2567539777182374,
            0.2848397859705539,
            0.4142980058401812,
            0.6254960917949267,
            0.6361144929085939,
            0.1291895498543493,
            0.18584935790616244
          ],
          "logLikelihood": -3866.5781114602714,
          "AIC": 7747.156222920543,
          "BIC": 7794.802239664068,
          "nParams": 7
        },
        "fusionOnlyLogNorm": {
          "fittedParams": [
            0.2159836136774977,
            0.2576318977725754,
            0.5733299932264401,
            0.6369492463330918,
            0.09590353064882855,
            0.20421961722593474
          ],
          "logLikelihood": -3866.614028060374,
          "AIC": 7745.228056120748,
          "BIC": 7786.06749904377,
          "nParams": 6
        },
        "switchingFree": {
          "fittedParams": [
            0.26894088790887594,
            0.1832516845950893,
            0.48828043497753193,
            0.13076342991907774,
            2.0,
            0.1796053556324533,
            0.1517954280414654,
            0.911794543862371
          ],
          "logLikelihood": -3897.7353434925694,
          "AIC": 7811.470686985139,
          "BIC": 7865.923277549167,
          "nParams": 8
        },
        "probabilityMatchingLogNorm": {
          "fittedParams": [
            0.228709958665513,
            0.29032356566219214,
            0.3407552492133764,
            0.4480364429086718,
            0.5290091846190662,
            0.16313354785396417,
            0.15055582360077815
          ],
          "logLikelihood": -3871.8449773313873,
          "AIC": 7757.689954662775,
          "BIC": 7805.3359714063,
          "nParams": 7
        },
        "selection": {
          "fittedParams": [
            0.21075390591610788,
            0.13285110650739426,
            2.0,
            0.2453549947983093,
            0.2271500995541431,
            0.08288409970892366,
            0.16576779567691594
          ],
          "logLikelihood": -3925.112244754579,
          "AIC": 7864.224489509158,
          "BIC": 7911.870506252683,
          "nParams": 7
        }
      },
      "best_model_aic": "fusionOnlyLogNorm",
      "best_model_bic": "fusionOnlyLogNorm"
    },
    {
      "iteration": 2,
      "model_fits": {
        "lognorm": {
          "fittedParams": [
            0.2450036558628672,
            0.20769840034732093,
            0.33967685885979354,
            0.6842414293487555,
            0.5313442757509792,
            0.2587501885199832,
            0.1868969856698432
          ],
          "logLikelihood": -3757.695529076235,
          "AIC": 7529.39105815247,
          "BIC": 7577.037074895995,
          "nParams": 7
        },
        "fusionOnlyLogNorm": {
          "fittedParams": [
            0.26043007480282243,
            0.21654992068572354,
            0.5692846038863968,
            0.6928337266906146,
            0.1879808731360999,
            0.15373383227390292
          ],
          "logLikelihood": -3756.0749349542825,
          "AIC": 7524.149869908565,
          "BIC": 7564.989312831587,
          "nParams": 6
        },
        "switchingFree": {
          "fittedParams": [
            0.31422725640663735,
            0.15975756191433504,
            0.20438905877449223,
            0.12568704414806486,
            0.43238383118493373,
            0.21432431273123106,
            0.1715321642936209,
            0.5655576030263421
          ],
          "logLikelihood": -3754.064188777808,
          "AIC": 7524.128377555616,
          "BIC": 7578.580968119644,
          "nParams": 8
        },
        "probabilityMatchingLogNorm": {
          "fittedParams": [
            0.22991664135187373,
            0.23227777143735612,
            0.29652566778021183,
            0.6196642889796687,
            0.47368148041157543,
            0.11523238390992269,
            0.14522517015420908
          ],
          "logLikelihood": -3776.9318113981553,
          "AIC": 7567.863622796311,
          "BIC": 7615.509639539836,
          "nParams": 7
        },
        "selection": {
          "fittedParams": [
            0.2746781133921613,
            0.09481797494996225,
            0.15376077827633622,
            0.5098256845808468,
            0.23692256602055126,
            0.29309859632414836,
            0.16352640927178125
          ],
          "logLikelihood": -3764.0703358285978,
          "AIC": 7542.1406716571955,
          "BIC": 7589.786688400721,
          "nParams": 7
        }
      },
      "best_model_aic": "switchingFree",
      "best_model_bic": "fusionOnlyLogNorm"
    },
    {
      "iteration": 3,
      "model_fits": {
        "lognorm": {
          "fittedParams": [
            0.23938633017648558,
            0.25387570940643406,
            0.33376492911341077,
            0.5453145766984583,
            0.9597278002454712,
            0.08211018436409377,
            0.10764479019311127
          ],
          "logLikelihood": -3789.972902574788,
          "AIC": 7593.945805149576,
          "BIC": 7641.591821893101,
          "nParams": 7
        },