{
  "participantID": "hh",
  "generating_model": "lognorm",
  "true_params": [
    0.0010001052750820139,
    0.10928299969578481,
    0.2493397581844209,
    0.9562729134020629,
    1.429903605482726,
    0.03566837587162153,
    0.05868916946420466
  ],
  "n_iterations": 5,
  "iterations": [
    {
      "iteration": 0,
      "model_fits": {
        "lognorm": {
          "fittedParams": [
            0.0836740361847769,
            0.10048192260361488,
            0.1916633325091368,
            0.955786122445586,
            2.0,
            0.009584104681673936,
            0.043618840930534794
          ],
          "logLikelihood": -1782.4479209010426,
          "AIC": 3578.895841802085,
          "BIC": 3623.3653727479577,
          "nParams": 7
        },
        "fusionOnlyLogNorm": {
          "fittedParams": [
            0.020718115256828023,
            0.10384048637430249,
            0.2360587437196431,
            2.0,
            0.06554927429185736,
            0.0828395526045482
          ],
          "logLikelihood": -1784.06034547747,
          "AIC": 3580.12069095494,
          "BIC": 3618.2374317656877,
          "nParams": 6
        },
        "switchingFree": {
          "fittedParams": [
            0.017515313991399106,
            0.09841194599908779,
            0.24692227421235613,
            0.12533723715450049,
            2.0,
            0.01952356763110762,
            0.040160438546798835,
            0.9885849153575375
          ],
          "logLikelihood": -1792.5627138555938,
          "AIC": 3601.1254277111875,
          "BIC": 3651.9477487921845,
          "nParams": 8
        },
        "probabilityMatchingLogNorm": {
          "fittedParams": [
            0.04729392125146557,
            0.3029706968372511,
            0.027476057293898643,
            0.7475710176961827,
            0.15323985604742757,
            0.0503788565140801,
            0.12282310151083896
          ],
          "logLikelihood": -2053.604281936858,
          "AIC": 4121.208563873716,
          "BIC": 4165.678094819588,
          "nParams": 7
        },
        "selection": {
          "fittedParams": [
            0.03282170641970419,
            0.05080697025782033,
            0.11674073974787536,
            0.7923436007115667,
            0.6018008513321331,
            0.02033635435999949,
            0.010044974621069722
          ],
          "logLikelihood": -1804.3756244856472,
          "AIC": 3622.7512489712944,
          "BIC": 3667.220779917167,
          "nParams": 7
        }
      },
      "best_model_aic": "lognorm",
      "best_model_bic": "fusionOnlyLogNorm"
    },
    {
      "iteration": 1,
      "model_fits": {
        "lognorm": {
          "fittedParams": [
            0.015390864840822749,
            0.09141099161638473,
            0.1613840560618485,
            0.8944817480025515,
            2.0,
            0.09709600540697377,
            0.05181887873393198
          ],
          "logLikelihood": -1786.6360100154234,
          "AIC": 3587.2720200308468,
          "BIC": 3631.7415509767193,
          "nParams": 7
        },
        "fusionOnlyLogNorm": {
          "fittedParams": [
            0.012497548092073069,
            0.10513041761765245,
            0.26424851516388986,
            1.71450114126716,
            0.026196321922324208,
            0.10020677086180972
          ],
          "logLikelihood": -1764.7117306627988,
          "AIC": 3541.4234613255976,
          "BIC": 3579.540202136345,
          "nParams": 6
        },
        "switchingFree": {
          "fittedParams": [
            0.0349808469107021,
            0.07560346388970704,
            0.2183009394830279,
            0.16927768257622244,
            2.0,
            0.0796267465112277,
            0.05603858662359209,
            0.9969464756818913
          ],
          "logLikelihood": -1774.9120022945294,
          "AIC": 3565.824004589059,
          "BIC": 3616.646325670056,
          "nParams": 8
        },
        "probabilityMatchingLogNorm": {
          "fittedParams": [
            0.016984620807717864,
            0.09957385159164264,
            0.22882977870425616,
            0.010010708925605197,
            1.1349372145087548,
            0.13375986630504663,
            0.11082563137143339
          ],
          "logLikelihood": -1772.0400728453126,
          "AIC": 3558.080145690625,
          "BIC": 3602.5496766364977,
          "nParams": 7
        },
        "selection": {
          "fittedParams": [
            0.012516858404377065,
            0.05838607858696751,
            0.12963322495230237,
            0.6847184520211249,
            2.0,
            0.06800804964304286,
            0.01084367927758378
          ],
          "logLikelihood": -1804.7284186235665,
          "AIC": 3623.456837247133,
          "BIC": 3667.9263681930056,
          "nParams": 7
        }
      },
      "best_model_aic": "fusionOnlyLogNorm",
      "best_model_bic": "fusionOnlyLogNorm"
    },
    {
      "iteration": 2,
      "model_fits": {
        "lognorm": {
          "fittedParams": [
            0.016843637623157205,
            0.12115933462802259,
            0.2129346635236485,
            0.9515083516366656,
            2.0,
            0.1126398192687999,
            0.03199953702552208
          ],
          "logLikelihood": -1809.2742355365626,
          "AIC": 3632.5484710731253,
          "BIC": 3677.018002018998,
          "nParams": 7
        },
        "fusionOnlyLogNorm": {
          "fittedParams": [
            0.05997697148198004,
            0.1023941231037998,
            0.22538945371788016,
            2.0,
            0.05342778587304382,
            0.10053042589039624
          ],
          "logLikelihood": -1807.231128364441,
          "AIC": 3626.462256728882,
          "BIC": 3664.5789975396297,
          "nParams": 6
        },
        "switchingFree": {
          "fittedParams": [
            0.03277588318069019,
            0.09761123841972348,
            0.21347925596492667,
            0.17379164664564592,
            0.4418643386227036,
            0.09437163535711493,
            0.0616756055595151,
            0.9165355758143094
          ],
          "logLikelihood": -1820.9364502315839,
          "AIC": 3657.8729004631678,
          "BIC": 3708.6952215441647,
          "nParams": 8
        },
        "probabilityMatchingLogNorm": {
          "fittedParams": [
            0.02569314558196505,
            0.09958203043790843,
            0.22304205673638242,
            0.038543026690909366,
            1.1582970222339721,
            0.010731735259411318,
            0.05737867492326795
          ],
          "logLikelihood": -1810.4606519252868,
          "AIC": 3634.9213038505736,
          "BIC": 3679.390834796446,
          "nParams": 7
        },
        "selection": {
          "fittedParams": [
            0.05971258091374082,
            0.04998385437731255,
            0.12164910192550174,
            0.8231250935942384,
            2.0,
            0.09535177684657009,
            0.019332808484548523
          ],
          "logLikelihood": -1821.7640630880958,
          "AIC": 3657.5281261761916,
          "BIC": 3701.997657122064,
          "nParams": 7
        }
      },
      "best_model_aic": "fusionOnlyLogNorm",
      "best_model_bic": "fusionOnlyLogNorm"
    },
    {
      "iteration": 3,
      "model_fits": {
        "lognorm": {
          "fittedParams": [
            0.014208321924897224,
            0.10797130933985594,
            0.2195374947235605,
            0.9061745840133757,
            2.0,
            0.13054568792518748,
            0.10399832690586544
          ],
          "logLikelihood": -1792.8705005597776,
          "AIC": 3599.741001119555,
          "BIC": 3644.2105320654277,
          "nParams": 7
        },