{
  "participantID": "hh",
  "generating_model": "switchingFree",
  "true_params": [
    0.0010146118175674845,
    0.11125497605516,
    0.2498971462031151,
    0.03603332379861962,
    0.00010000000582033319,
    0.0010000000011612387,
    0.046073091125872434,
    0.9970990723959403
  ],
  "n_iterations": 5,
  "iterations": [
    {
      "iteration": 0,
      "model_fits": {
        "lognorm": {
          "fittedParams": [
            0.03854144809485714,
            0.10944741880615931,
            0.2670400551279868,
            0.9743483229857388,
            2.0,
            0.036996600978018296,
            0.06348269816288331
          ],
          "logLikelihood": -1792.9324148740411,
          "AIC": 3599.8648297480822,
          "BIC": 3644.3343606939547,
          "nParams": 7
        },
        "fusionOnlyLogNorm": {
          "fittedParams": [
            0.13342133738406928,
            0.0833576438946279,
            0.23405475933871722,
            2.0,
            0.07729676623519374,
            0.0623271517206053
          ],
          "logLikelihood": -1805.2266821650458,
          "AIC": 3622.4533643300915,
          "BIC": 3660.570105140839,
          "nParams": 6
        },
        "switchingFree": {
          "fittedParams": [
            0.03143295152098264,
            0.09756781430450197,
            0.24478083654238497,
            0.05561580249168114,
            0.6665806835538687,
            0.03982219884273756,
            0.018332188400690057,
            0.9834132310382235
          ],
          "logLikelihood": -1778.344689781303,
          "AIC": 3572.689379562606,
          "BIC": 3623.511700643603,
          "nParams": 8
        },
        "probabilityMatchingLogNorm": {
          "fittedParams": [
            0.028069940488262966,
            0.10427557917795044,
            0.26482561344200745,
            0.002211005576841127,
            2.0,
            0.04059713102437029,
            0.017660224992519416
          ],
          "logLikelihood": -1796.8195627601492,
          "AIC": 3607.6391255202984,
          "BIC": 3652.108656466171,
          "nParams": 7
        },
        "selection": {
          "fittedParams": [
            0.031647085005199714,
            0.05563823334681203,
            0.13554889009304597,
            0.3514265728814374,
            2.0,
            0.011214594350583577,
            0.020477409362876533
          ],
          "logLikelihood": -1801.3410887590467,
          "AIC": 3616.6821775180933,
          "BIC": 3661.151708463966,
          "nParams": 7
        }
      },
      "best_model_aic": "switchingFree",
      "best_model_bic": "switchingFree"
    },
    {
      "iteration": 1,
      "model_fits": {
        "lognorm": {
          "fittedParams": [
            0.020149691991400955,
            0.13078544930911978,
            0.23713256683111028,
            0.9429454762814783,
            2.0,
            0.036667606498852506,
            0.09344328735715486
          ],
          "logLikelihood": -1828.4167270833004,
          "AIC": 3670.833454166601,
          "BIC": 3715.3029851124734,
          "nParams": 7
        },
        "fusionOnlyLogNorm": {
          "fittedParams": [
            0.023550945911328815,
            0.13665803637742693,
            0.2861531085259715,
            2.0,
            0.032050870237342814,
            0.12922959302537274
          ],
          "logLikelihood": -1849.2864455871425,
          "AIC": 3710.572891174285,
          "BIC": 3748.6896319850325,
          "nParams": 6
        },
        "switchingFree": {
          "fittedParams": [
            0.053502793465726374,
            0.08963488048896126,
            0.18306049764573423,
            0.0637202475548492,
            1.8220937742267675,
            0.03509114797824292,
            0.050327676324124854,
            0.9820616072658264
          ],
          "logLikelihood": -1795.3068178052865,
          "AIC": 3606.613635610573,
          "BIC": 3657.43595669157,
          "nParams": 8
        },
        "probabilityMatchingLogNorm": {
          "fittedParams": [
            0.028701513597857182,
            0.11239205617311641,
            0.2776665032686531,
            0.001744499752323763,
            2.0,
            0.029066706779419173,
            0.11610658399770607
          ],
          "logLikelihood": -1825.6812333578523,
          "AIC": 3665.3624667157046,
          "BIC": 3709.831997661577,
          "nParams": 7
        },
        "selection": {
          "fittedParams": [
            0.0861378520773399,
            0.04555263861809156,
            0.10843274291037062,
            0.5709345212467395,
            2.0,
            0.07253085282364043,
            0.09287179188771691
          ],
          "logLikelihood": -1823.018634682201,
          "AIC": 3660.037269364402,
          "BIC": 3704.5068003102747,
          "nParams": 7
        }
      },
      "best_model_aic": "switchingFree",
      "best_model_bic": "switchingFree"
    },
    {
      "iteration": 2,
      "model_fits": {
        "lognorm": {
          "fittedParams": [
            0.01727044640181579,
            0.11563546659239472,
            0.26070203647554185,
            0.9737430292091147,
            2.0,
            0.08300799620642271,
            0.10753744163758322
          ],
          "logLikelihood": -1817.650303039263,
          "AIC": 3649.300606078526,
          "BIC": 3693.7701370243985,
          "nParams": 7
        },
        "fusionOnlyLogNorm": {
          "fittedParams": [
            0.07356975807714977,
            0.09496174658412875,
            0.2660336784000663,
            2.0,
            0.048759755011593124,
            0.06335629402897895
          ],
          "logLikelihood": -1818.9594921058617,
          "AIC": 3649.9189842117235,
          "BIC": 3688.035725022471,
          "nParams": 6
        },
        "switchingFree": {
          "fittedParams": [
            0.00538880443285049,
            0.10367567143704384,
            0.2113947773482885,
            0.0604885020931329,
            1.197236368482331,
            0.057976089615409475,
            0.02981767469691943,
            0.9562457541322217
          ],
          "logLikelihood": -1798.0902237156172,
          "AIC": 3612.1804474312344,
          "BIC": 3663.0027685122313,
          "nParams": 8
        },
        "probabilityMatchingLogNorm": {
          "fittedParams": [
            0.008868166715831249,
            0.09912748198365591,
            0.25698162892087945,
            0.002077185253758205,
            2.0,
            0.011110725139647759,
            0.0959479367822414
          ],
          "logLikelihood": -1817.0031458617977,
          "AIC": 3648.0062917235955,
          "BIC": 3692.475822669468,
          "nParams": 7
        },
        "selection": {
          "fittedParams": [
            0.10064975677750777,
            0.046505178255691317,
            0.11532084553628755,
            0.35368043149798495,
            2.0,
            0.04413857843407028,
            0.07863467875174626
          ],
          "logLikelihood": -1825.9601434551685,
          "AIC": 3665.920286910337,
          "BIC": 3710.3898178562094,
          "nParams": 7
        }
      },
      "best_model_aic": "switchingFree",
      "best_model_bic": "switchingFree"
    },
    {
      "iteration": 3,
      "model_fits": {
        "lognorm": {
          "fittedParams": [
            0.09168598255087981,
            0.08764687942533404,
            0.18486797130747687,
            0.8649030707251856,
            1.1761143839056096,
            0.25382521952610154,
            0.033841442727832065
          ],
          "logLikelihood": -1830.9625302069242,
          "AIC": 3675.9250604138483,
          "BIC": 3720.394591359721,
          "nParams": 7
        },