{
  "participantID": "hh",
  "generating_model": "selection",
  "true_params": [
    0.001001674124313262,
    0.058396281540040396,
    0.1201346818332163,
    0.6210661862802226,
    1.9886570644096166,
    0.0010002796504995637,
    0.03238990756258134
  ],
  "n_iterations": 5,
  "iterations": [
    {
      "iteration": 0,
      "model_fits": {
        "lognorm": {
          "fittedParams": [
            0.07581470272360274,
            0.11386328948668574,
            0.16463625870247087,
            0.7929197675746881,
            0.8681322072294941,
            0.03809022113837547,
            0.05131966991232647
          ],
          "logLikelihood": -1857.0690808044037,
          "AIC": 3728.1381616088074,
          "BIC": 3772.60769255468,
          "nParams": 7
        },
        "fusionOnlyLogNorm": {
          "fittedParams": [
            0.060974033807190436,
            0.12257205692761074,
            0.24446147076199748,
            1.9183827864549285,
            0.07950119573248832,
            0.08206950258397654
          ],
          "logLikelihood": -1870.6361958301304,
          "AIC": 3753.272391660261,
          "BIC": 3791.3891324710085,
          "nParams": 6
        },
        "switchingFree": {
          "fittedParams": [
            0.04260180013049173,
            0.11082055469941798,
            0.2237091014725877,
            0.09488908672824187,
            0.10826880157453983,
            0.11218048415405071,
            0.03817910181619224,
            0.8528593135839669
          ],
          "logLikelihood": -1860.5583467755,
          "AIC": 3737.116693551,
          "BIC": 3787.939014631997,
          "nParams": 8
        },
        "probabilityMatchingLogNorm": {
          "fittedParams": [
            0.04123853017421489,
            0.12055392775855242,
            0.28045966464810146,
            0.004041507183025603,
            2.0,
            0.08998307358993468,
            0.04477624869948953
          ],
          "logLikelihood": -1867.943145254882,
          "AIC": 3749.886290509764,
          "BIC": 3794.3558214556365,
          "nParams": 7
        },
        "selection": {
          "fittedParams": [
            0.0013652986271322082,
            0.06401926136055702,
            0.12778850058340027,
            0.5364748773828624,
            1.64159362869535,
            0.024313033584936247,
            0.07750488810552852
          ],
          "logLikelihood": -1832.41993345525,
          "AIC": 3678.8398669105,
          "BIC": 3723.3093978563725,
          "nParams": 7
        }
      },
      "best_model_aic": "selection",
      "best_model_bic": "selection"
    },
    {
      "iteration": 1,
      "model_fits": {
        "lognorm": {
          "fittedParams": [
            0.062268823720923516,
            0.09463484163701012,
            0.22331460171793213,
            0.8942383058596999,
            1.7650892430210192,
            0.05454448153129906,
            0.07172255729639396
          ],
          "logLikelihood": -1856.687063999669,
          "AIC": 3727.374127999338,
          "BIC": 3771.8436589452103,
          "nParams": 7
        },
        "fusionOnlyLogNorm": {
          "fittedParams": [
            0.05724469651008662,
            0.10589726352079104,
            0.27687767598118185,
            2.0,
            0.03781095147244681,
            0.15929255957088123
          ],
          "logLikelihood": -1859.4774062180768,
          "AIC": 3730.9548124361536,
          "BIC": 3769.071553246901,
          "nParams": 6
        },
        "switchingFree": {
          "fittedParams": [
            0.030852774922615015,
            0.10411293631438688,
            0.2270004164010198,
            0.06719465116328217,
            2.0,
            0.007278437826526063,
            0.040702643153819426,
            0.9454677784668296
          ],
          "logLikelihood": -1844.4604794966485,
          "AIC": 3704.920958993297,
          "BIC": 3755.743280074294,
          "nParams": 8
        },
        "probabilityMatchingLogNorm": {
          "fittedParams": [
            0.05376843262772238,
            0.09676595076470869,
            2.0,
            0.09447609134173872,
            0.4038266122479748,
            0.06275002369309025,
            0.19426658815381698
          ],
          "logLikelihood": -2223.1772208926595,
          "AIC": 4460.354441785319,
          "BIC": 4504.823972731191,
          "nParams": 7
        },
        "selection": {
          "fittedParams": [
            0.04998400728074534,
            0.05794063036226392,
            0.11153133563623752,
            0.49221175070792744,
            2.0,
            0.05830834447231126,
            0.055223752759958056
          ],
          "logLikelihood": -1822.7936128103042,
          "AIC": 3659.5872256206085,
          "BIC": 3704.056756566481,
          "nParams": 7
        }
      },
      "best_model_aic": "selection",
      "best_model_bic": "selection"
    },
    {
      "iteration": 2,
      "model_fits": {
        "lognorm": {
          "fittedParams": [
            0.07203601933775838,
            0.10084810558809651,
            0.17584472029017642,
            0.8698699486178467,
            1.6328246475116994,
            0.07692278105587651,
            0.09580654719949024
          ],
          "logLikelihood": -1837.0949225901543,
          "AIC": 3688.1898451803086,
          "BIC": 3732.659376126181,
          "nParams": 7
        },
        "fusionOnlyLogNorm": {
          "fittedParams": [
            0.04060113819281726,
            0.11917992500575726,
            0.31098316086655464,
            2.0,
            0.0664959112249775,
            0.0971332909537298
          ],
          "logLikelihood": -1852.9343223879869,
          "AIC": 3717.8686447759737,
          "BIC": 3755.9853855867213,
          "nParams": 6
        },
        "switchingFree": {
          "fittedParams": [
            0.028375572450097357,
            0.11126082981257696,
            0.2392698663611533,
            0.08602571289210988,
            0.11137708309413807,
            0.025978585377333094,
            0.0375646197769369,
            0.8864115347086693
          ],
          "logLikelihood": -1833.3321509141522,
          "AIC": 3682.6643018283044,
          "BIC": 3733.4866229093013,
          "nParams": 8
        },
        "probabilityMatchingLogNorm": {
          "fittedParams": [
            0.005413837102442743,
            0.10993589664315827,
            0.25143809513527937,
            0.01795152306130091,
            2.0,
            0.01960440588864659,
            0.09074875490191936
          ],
          "logLikelihood": -1854.854092969653,
          "AIC": 3723.708185939306,
          "BIC": 3768.1777168851786,
          "nParams": 7
        },
        "selection": {
          "fittedParams": [
            0.021414727026177697,
            0.06025277941580421,
            0.1187929411651207,
            0.7408688240478472,
            2.0,
            0.005017693505307015,
            0.027201923036610298
          ],
          "logLikelihood": -1804.57425372095,
          "AIC": 3623.1485074419,
          "BIC": 3667.6180383877727,
          "nParams": 7
        }
      },
      "best_model_aic": "selection",
      "best_model_bic": "selection"
    },
    {
      "iteration": 3,
      "model_fits": {
        "lognorm": {
          "fittedParams": [
            0.09835617341476781,
            0.09837562200804584,
            0.22172192831693965,
            0.9877417963773186,
            2.0,
            0.017202007737095043,
            0.06951273363631304
          ],
          "logLikelihood": -1816.3555130709742,
          "AIC": 3646.7110261419484,
          "BIC": 3691.180557087821,
          "nParams": 7
        },