{
  "participantID": "ip",
  "generating_model": "fusionOnlyLogNorm",
  "true_params": [
    0.1535121331381619,
    0.23703899544572038,
    1.1013584960316074,
    0.5850816866437453,
    0.15793939477899804,
    0.0011851944890116928
  ],
  "n_iterations": 5,
  "iterations": [
    {
      "iteration": 0,
      "model_fits": {
        "lognorm": {
          "fittedParams": [
            0.1661018923117696,
            0.26055641269751,
            0.49085925005350395,
            0.1289202426502312,
            0.6112415080299983,
            0.24313787775460513,
            0.0861254555555485
          ],
          "logLikelihood": -3629.3123105388227,
          "AIC": 7272.624621077645,
          "BIC": 7320.046976622524,
          "nParams": 7
        },
        "fusionOnlyLogNorm": {
          "fittedParams": [
            0.17587737908276813,
            0.21413163029511703,
            2.0,
            0.5244149347030231,
            0.21331712744883066,
            0.017699540000278277
          ],
          "logLikelihood": -3609.4187438822537,
          "AIC": 7230.837487764507,
          "BIC": 7271.485221088689,
          "nParams": 6
        },
        "switchingFree": {
          "fittedParams": [
            0.22018195651317657,
            0.16907934662384289,
            0.5354615428421154,
            0.07710275753221654,
            0.5199247277383041,
            0.17199597429707064,
            0.06323430987214543,
            0.15729164494850031
          ],
          "logLikelihood": -3621.4927909233606,
          "AIC": 7258.985581846721,
          "BIC": 7313.182559612297,
          "nParams": 8
        },
        "probabilityMatchingLogNorm": {
          "fittedParams": [
            0.15360332597354148,
            0.2528292907759146,
            0.7892751353485384,
            0.689820089594329,
            0.5080141336633447,
            0.19495440321825536,
            0.06353434826382136
          ],
          "logLikelihood": -3623.6089735850987,
          "AIC": 7261.2179471701975,
          "BIC": 7308.640302715076,
          "nParams": 7
        },
        "selection": {
          "fittedParams": [
            0.18071077344874556,
            0.11325393973690526,
            1.9904445427903108,
            0.22298024214299625,
            0.28202855517760395,
            0.16183305933122927,
            0.03253833784018499
          ],
          "logLikelihood": -3632.5317967814585,
          "AIC": 7279.063593562917,
          "BIC": 7326.485949107796,
          "nParams": 7
        }
      },
      "best_model_aic": "fusionOnlyLogNorm",
      "best_model_bic": "fusionOnlyLogNorm"
    },
    {
      "iteration": 1,
      "model_fits": {
        "lognorm": {
          "fittedParams": [
            0.16470329362233832,
            0.220826373010272,
            0.8216092809747567,
            0.933677062715484,
            0.8276394940740617,
            0.16070795877932048,
            0.05256161143938718
          ],
          "logLikelihood": -3622.4640832633263,
          "AIC": 7258.928166526653,
          "BIC": 7306.3505220715315,
          "nParams": 7
        },
        "fusionOnlyLogNorm": {
          "fittedParams": [
            0.06715992399993483,
            0.26821243812599926,
            1.1096924653482816,
            0.7886974402667302,
            0.12353205115446435,
            0.02791488575726231
          ],
          "logLikelihood": -3614.631198234923,
          "AIC": 7241.262396469846,
          "BIC": 7281.910129794028,
          "nParams": 6
        },
        "switchingFree": {
          "fittedParams": [
            0.13674161262778162,
            0.20660142340808502,
            0.4710099674856954,
            0.017663603418105016,
            0.6226677577528779,
            0.17405508520176033,
            0.06478586900357021,
            0.49370688540855423
          ],
          "logLikelihood": -3627.485881485948,
          "AIC": 7270.971762971896,
          "BIC": 7325.168740737472,
          "nParams": 8
        },
        "probabilityMatchingLogNorm": {
          "fittedParams": [
            0.07058498614562855,
            0.25880763961645636,
            2.0,
            0.640601935633125,
            0.5788251702341713,
            0.11108803904603531,
            0.06330389423546404
          ],
          "logLikelihood": -3633.1283151668226,
          "AIC": 7280.256630333645,
          "BIC": 7327.678985878524,
          "nParams": 7
        },
        "selection": {
          "fittedParams": [
            0.1690093118575706,
            0.11904834837402774,
            0.5455147505696849,
            0.7683242445599988,
            0.2966779478411838,
            0.20018331661010322,
            0.048573616913621456
          ],
          "logLikelihood": -3634.7250052819536,
          "AIC": 7283.450010563907,
          "BIC": 7330.872366108786,
          "nParams": 7
        }
      },
      "best_model_aic": "fusionOnlyLogNorm",
      "best_model_bic": "fusionOnlyLogNorm"
    },
    {
      "iteration": 2,
      "model_fits": {
        "lognorm": {
          "fittedParams": [
            0.2548985132159017,
            0.2390361358567028,
            0.6229516705966484,
            0.5129572868768185,
            0.6434985372650417,
            0.18072881294244203,
            0.03803505839365445
          ],
          "logLikelihood": -3557.5547545275867,
          "AIC": 7129.1095090551735,
          "BIC": 7176.531864600052,
          "nParams": 7
        },
        "fusionOnlyLogNorm": {
          "fittedParams": [
            0.13536582006834896,
            0.2357731636483176,
            0.8251894853067159,
            0.6061795041471243,
            0.12859627299899445,
            0.030110368365368664
          ],
          "logLikelihood": -3551.278531969219,
          "AIC": 7114.557063938438,
          "BIC": 7155.20479726262,
          "nParams": 6
        },
        "switchingFree": {
          "fittedParams": [
            0.0732834889687999,
            0.24969655214852826,
            2.0,
            0.03226899669474042,
            0.5254959154806152,
            0.07883170868181488,
            0.001,
            0.019102781595010575
          ],
          "logLikelihood": -3585.697510605522,
          "AIC": 7187.395021211044,
          "BIC": 7241.59199897662,
          "nParams": 8
        },
        "probabilityMatchingLogNorm": {
          "fittedParams": [
            0.1737501916027342,
            0.2215048241101688,
            0.8456537482034969,
            0.051213434376112504,
            0.6483932998100489,
            0.09343920333955526,
            0.04471932853197094
          ],
          "logLikelihood": -3551.813550827118,
          "AIC": 7117.627101654236,
          "BIC": 7165.049457199115,
          "nParams": 7
        },
        "selection": {
          "fittedParams": [
            0.1595341318784981,
            0.09967216617733576,
            2.0,
            0.6347261872094544,
            0.28038755219165135,
            0.18304001787187152,
            0.06604428798613204
          ],
          "logLikelihood": -3611.4003357743873,
          "AIC": 7236.8006715487745,
          "BIC": 7284.223027093653,
          "nParams": 7
        }
      },
      "best_model_aic": "fusionOnlyLogNorm",
      "best_model_bic": "fusionOnlyLogNorm"
    },
    {
      "iteration": 3,
      "model_fits": {
        "lognorm": {
          "fittedParams": [
            0.1679979616156161,
            0.21151194157423583,
            0.9916958513789205,
            0.954471544173088,
            0.5652100196990255,
            0.20258416294362191,
            0.08493361112871615
          ],
          "logLikelihood": -3612.2032083886033,
          "AIC": 7238.406416777207,
          "BIC": 7285.828772322086,
          "nParams": 7
        },