{
  "participantID": "ip",
  "generating_model": "lognorm",
  "true_params": [
    0.133238647881051,
    0.25088028517441396,
    0.8141370474081865,
    0.17120126035676242,
    0.8065720918262647,
    0.08863059094109119,
    0.010652222908665713
  ],
  "n_iterations": 5,
  "iterations": [
    {
      "iteration": 0,
      "model_fits": {
        "lognorm": {
          "fittedParams": [
            0.21587861794956845,
            0.23334731388048163,
            2.0,
            0.7428796819135066,
            0.6657401665707265,
            0.11063087934414713,
            0.04317862635395915
          ],
          "logLikelihood": -3635.561176537248,
          "AIC": 7285.122353074496,
          "BIC": 7332.544708619374,
          "nParams": 7
        },
        "fusionOnlyLogNorm": {
          "fittedParams": [
            0.18082437095177512,
            0.24064757242868995,
            1.3390994041591096,
            0.6328848210773478,
            0.06347681226896347,
            0.11909005043333631
          ],
          "logLikelihood": -3637.4559310824766,
          "AIC": 7286.911862164953,
          "BIC": 7327.559595489135,
          "nParams": 6
        },
        "switchingFree": {
          "fittedParams": [
            0.18034753068131798,
            0.1014588984408336,
            0.6923771195542725,
            0.176752763366456,
            2.0,
            0.06936213474770819,
            0.13036519637432487,
            0.8428955802542204
          ],
          "logLikelihood": -3721.853395521168,
          "AIC": 7459.706791042336,
          "BIC": 7513.903768807912,
          "nParams": 8
        },
        "probabilityMatchingLogNorm": {
          "fittedParams": [
            0.20339460100123696,
            0.21485952775950914,
            2.0,
            0.7604228930776911,
            0.5775727635937076,
            0.08618650542175836,
            0.06241246228722334
          ],
          "logLikelihood": -3630.0061459434273,
          "AIC": 7274.012291886855,
          "BIC": 7321.4346474317335,
          "nParams": 7
        },
        "selection": {
          "fittedParams": [
            0.2554093895341786,
            0.10165250610152834,
            1.250372293038033,
            0.2976457490593488,
            0.29790036670342224,
            0.21622558639076406,
            0.1435406343810645
          ],
          "logLikelihood": -3652.5415177619393,
          "AIC": 7319.083035523879,
          "BIC": 7366.5053910687575,
          "nParams": 7
        }
      },
      "best_model_aic": "probabilityMatchingLogNorm",
      "best_model_bic": "probabilityMatchingLogNorm"
    },
    {
      "iteration": 1,
      "model_fits": {
        "lognorm": {
          "fittedParams": [
            0.09086367353297195,
            0.2568623514953113,
            1.40277776348132,
            0.40024528685513644,
            0.8661814681605124,
            0.11491573691538509,
            0.023961612894820038
          ],
          "logLikelihood": -3645.024712277365,
          "AIC": 7304.04942455473,
          "BIC": 7351.471780099609,
          "nParams": 7
        },
        "fusionOnlyLogNorm": {
          "fittedParams": [
            0.16418064856128484,
            0.20177205788439181,
            2.0,
            1.0702012105275973,
            0.12681430305793315,
            0.016512258343578667
          ],
          "logLikelihood": -3651.028601342572,
          "AIC": 7314.057202685144,
          "BIC": 7354.704936009326,
          "nParams": 6
        },
        "switchingFree": {
          "fittedParams": [
            0.11865029511535168,
            0.24907221839577254,
            1.0033124762393602,
            0.021026706193121164,
            2.0,
            0.0908100635040659,
            0.08328082898592473,
            0.9775552007356502
          ],
          "logLikelihood": -3681.7637397123267,
          "AIC": 7379.527479424653,
          "BIC": 7433.724457190229,
          "nParams": 8
        },
        "probabilityMatchingLogNorm": {
          "fittedParams": [
            0.0442691346468189,
            0.2536278701998128,
            2.0,
            0.45688977671863856,
            0.7711690943936446,
            0.07900320460659752,
            0.04748515354964058
          ],
          "logLikelihood": -3651.381707236803,
          "AIC": 7316.763414473606,
          "BIC": 7364.185770018485,
          "nParams": 7
        },
        "selection": {
          "fittedParams": [
            0.1270146271047173,
            0.12199835017314603,
            2.0,
            0.4329695783443911,
            0.31601789254187046,
            0.17605906741197416,
            0.04749594935156965
          ],
          "logLikelihood": -3679.5427694542777,
          "AIC": 7373.0855389085555,
          "BIC": 7420.507894453434,
          "nParams": 7
        }
      },
      "best_model_aic": "lognorm",
      "best_model_bic": "lognorm"
    },
    {
      "iteration": 2,
      "model_fits": {
        "lognorm": {
          "fittedParams": [
            0.0917006811368859,
            0.25123629962983735,
            0.8758862524276486,
            0.5269476537737798,
            1.1793147775601225,
            0.06884649957223067,
            0.0486131808611298
          ],
          "logLikelihood": -3611.7297225742263,
          "AIC": 7237.459445148453,
          "BIC": 7284.881800693332,
          "nParams": 7
        },
        "fusionOnlyLogNorm": {
          "fittedParams": [
            0.21093766651521573,
            0.18948074070968868,
            2.0,
            0.7011958373439159,
            0.11559852321898156,
            0.013788217925210774
          ],
          "logLikelihood": -3623.339005871647,
          "AIC": 7258.678011743294,
          "BIC": 7299.3257450674755,
          "nParams": 6
        },
        "switchingFree": {
          "fittedParams": [
            0.14716038077521873,
            0.19084537146130884,
            0.32889281013117155,
            0.184130272615419,
            1.055328713547116,
            0.05715790618510669,
            0.007251452450944851,
            0.2413558925871456
          ],
          "logLikelihood": -3615.1324295333616,
          "AIC": 7246.264859066723,
          "BIC": 7300.461836832299,
          "nParams": 8
        },
        "probabilityMatchingLogNorm": {
          "fittedParams": [
            0.11163731475648925,
            0.25273548693731374,
            0.7133911035822262,
            0.5112530656651334,
            1.0562366408911237,
            0.030096730890778738,
            0.0315652863289812
          ],
          "logLikelihood": -3610.676405229026,
          "AIC": 7235.352810458052,
          "BIC": 7282.775166002931,
          "nParams": 7
        },
        "selection": {
          "fittedParams": [
            0.11892161938872044,
            0.1212881144417519,
            2.0,
            0.35368810893394986,
            0.2947242393385313,
            0.09664071028276469,
            0.05219990050363968
          ],
          "logLikelihood": -3642.1125348427877,
          "AIC": 7298.225069685575,
          "BIC": 7345.647425230454,
          "nParams": 7
        }
      },
      "best_model_aic": "probabilityMatchingLogNorm",
      "best_model_bic": "probabilityMatchingLogNorm"
    },
    {
      "iteration": 3,
      "model_fits": {
        "lognorm": {
          "fittedParams": [
            0.13379904090517952,
            0.26947701662980295,
            2.0,
            0.702441172344826,
            0.8832262225391474,
            0.06445816829624433,
            0.0200761493498625
          ],
          "logLikelihood": -3701.6894977481566,
          "AIC": 7417.378995496313,
          "BIC": 7464.801351041192,
          "nParams": 7
        },