{
  "participantID": "ln2",
  "generating_model": "switchingFree",
  "true_params": [
    0.0425575383165622,
    0.1897338444616613,
    0.00010109120520140902,
    0.09428251994395392,
    0.4245370936085703,
    0.0010211678431940319,
    0.06245859061130504,
    0.04216687315201845
  ],
  "n_iterations": 5,
  "iterations": [
    {
      "iteration": 0,
      "model_fits": {
        "lognorm": {
          "fittedParams": [
            0.10755827653193403,
            0.16268872261188552,
            2.0,
            0.8413320327632754,
            0.38417927702869925,
            0.019437813455459075,
            0.14155273211182653
          ],
          "logLikelihood": -3296.670297224947,
          "AIC": 6607.340594449894,
          "BIC": 6654.216166124223,
          "nParams": 7
        },
        "fusionOnlyLogNorm": {
          "fittedParams": [
            0.09714003929525943,
            0.17256092336458634,
            2.0,
            0.4217101643632459,
            0.006938528782306141,
            0.07496032080520963
          ],
          "logLikelihood": -3296.954095024956,
          "AIC": 6605.908190049912,
          "BIC": 6646.087251485052,
          "nParams": 6
        },
        "switchingFree": {
          "fittedParams": [
            0.12670771009723633,
            0.17559412690821535,
            1.17346757379973,
            0.05244881320557605,
            0.3995678391080389,
            0.0018177639722370379,
            0.05643990611815077,
            0.061628367579431576
          ],
          "logLikelihood": -3308.390478704511,
          "AIC": 6632.780957409022,
          "BIC": 6686.353039322542,
          "nParams": 8
        },
        "probabilityMatchingLogNorm": {
          "fittedParams": [
            0.1007355484850542,
            0.19649534094866317,
            2.0,
            0.5731429580915289,
            0.42342593171929493,
            0.0890985946750119,
            0.08355473348256268
          ],
          "logLikelihood": -3310.0429608637737,
          "AIC": 6634.085921727547,
          "BIC": 6680.961493401876,
          "nParams": 7
        },
        "selection": {
          "fittedParams": [
            0.08563755766921247,
            0.10404846119002197,
            1.5409820623428598,
            0.49871457756094006,
            0.19613269281051768,
            0.01940420779653865,
            0.09595902839217511
          ],
          "logLikelihood": -3321.366171707432,
          "AIC": 6656.732343414864,
          "BIC": 6703.607915089193,
          "nParams": 7
        }
      },
      "best_model_aic": "fusionOnlyLogNorm",
      "best_model_bic": "fusionOnlyLogNorm"
    },
    {
      "iteration": 1,
      "model_fits": {
        "lognorm": {
          "fittedParams": [
            0.09046507617617583,
            0.16808840705186592,
            2.0,
            0.9555695984651441,
            0.43656747171934945,
            0.019959892986643097,
            0.054374248526191646
          ],
          "logLikelihood": -3302.195148404454,
          "AIC": 6618.390296808908,
          "BIC": 6665.265868483237,
          "nParams": 7
        },
        "fusionOnlyLogNorm": {
          "fittedParams": [
            0.016210042784538914,
            0.17553441072502796,
            1.209423491086853,
            0.46974354060692886,
            0.07461303501266545,
            0.11763632116149858
          ],
          "logLikelihood": -3311.258636486315,
          "AIC": 6634.51727297263,
          "BIC": 6674.696334407769,
          "nParams": 6
        },
        "switchingFree": {
          "fittedParams": [
            0.02181963119840257,
            0.1275958721073981,
            0.4508474527699381,
            0.21176966761848706,
            0.3725732402217101,
            0.04286497087985918,
            0.09118958488331774,
            0.02487360806009299
          ],
          "logLikelihood": -3298.860460607658,
          "AIC": 6613.720921215316,
          "BIC": 6667.293003128835,
          "nParams": 8
        },
        "probabilityMatchingLogNorm": {
          "fittedParams": [
            0.12793431481011647,
            0.15680454462133536,
            1.3375373147562135,
            0.5022186853803877,
            0.32874676547161213,
            0.10878706356167264,
            0.13992631419142057
          ],
          "logLikelihood": -3319.5093366409646,
          "AIC": 6653.018673281929,
          "BIC": 6699.894244956258,
          "nParams": 7
        },
        "selection": {
          "fittedParams": [
            0.14966690524150905,
            0.07255648622812656,
            0.3458700772395791,
            0.8942045026462382,
            2.0,
            0.16046297132747767,
            0.2642454271425538
          ],
          "logLikelihood": -3407.902241205705,
          "AIC": 6829.80448241141,
          "BIC": 6876.680054085739,
          "nParams": 7
        }
      },
      "best_model_aic": "switchingFree",
      "best_model_bic": "lognorm"
    },
    {
      "iteration": 2,
      "model_fits": {
        "lognorm": {
          "fittedParams": [
            0.021684760907764233,
            0.2132415484728598,
            1.9870771377932002,
            0.47347173250571745,
            0.41296465509740526,
            0.04255634278630576,
            0.025690819173401686
          ],
          "logLikelihood": -3316.8660724665324,
          "AIC": 6647.732144933065,
          "BIC": 6694.607716607394,
          "nParams": 7
        },
        "fusionOnlyLogNorm": {
          "fittedParams": [
            0.1361822883021064,
            0.1841385080797055,
            2.0,
            0.4423571228172537,
            0.012797291232323583,
            0.10674921564793657
          ],
          "logLikelihood": -3309.211037528868,
          "AIC": 6630.422075057736,
          "BIC": 6670.601136492875,
          "nParams": 6
        },
        "switchingFree": {
          "fittedParams": [
            0.08856231871765793,
            0.1639204815035481,
            0.33772877664025597,
            0.12427619540070688,
            0.45844724491061095,
            0.08683524372655789,
            0.1438058040495665,
            0.0423702515784735
          ],
          "logLikelihood": -3314.564129479225,
          "AIC": 6645.12825895845,
          "BIC": 6698.700340871969,
          "nParams": 8
        },
        "probabilityMatchingLogNorm": {
          "fittedParams": [
            0.03590075172980436,
            0.19977324301797855,
            1.8441501867278274,
            0.7565755645729163,
            0.4849734556883768,
            0.04733167994835966,
            0.11203917195544459
          ],
          "logLikelihood": -3318.2187101313866,
          "AIC": 6650.437420262773,
          "BIC": 6697.312991937102,
          "nParams": 7
        },
        "selection": {
          "fittedParams": [
            0.0741501499126064,
            0.09266601136259987,
            0.5777154366604724,
            0.3422729679997488,
            0.18546139380301438,
            0.029028294643934173,
            0.18921134698705672
          ],
          "logLikelihood": -3335.731008828677,
          "AIC": 6685.462017657354,
          "BIC": 6732.337589331683,
          "nParams": 7
        }
      },
      "best_model_aic": "fusionOnlyLogNorm",
      "best_model_bic": "fusionOnlyLogNorm"
    },
    {
      "iteration": 3,
      "model_fits": {
        "lognorm": {
          "fittedParams": [
            0.0031827569648910344,
            0.22383345271881025,
            1.0205930326838983,
            0.5825619939506517,
            0.385908744964943,
            0.04143046344343709,
            0.09489460982475095
          ],
          "logLikelihood": -3356.6732581913484,
          "AIC": 6727.346516382697,
          "BIC": 6774.222088057026,
          "nParams": 7
        },