{
  "participantID": "ln2",
  "generating_model": "selection",
  "true_params": [
    0.0754249019457493,
    0.0867190089796086,
    0.5090778574584074,
    0.6714893131051213,
    0.20100481095552902,
    0.0010000000185798608,
    0.1639858461672673
  ],
  "n_iterations": 5,
  "iterations": [
    {
      "iteration": 0,
      "model_fits": {
        "lognorm": {
          "fittedParams": [
            0.18406472805648247,
            0.1510132922370134,
            2.0,
            0.3240727469025247,
            0.3393489840922643,
            0.03669102668997,
            0.165415729628536
          ],
          "logLikelihood": -3286.06304871046,
          "AIC": 6586.12609742092,
          "BIC": 6633.001669095249,
          "nParams": 7
        },
        "fusionOnlyLogNorm": {
          "fittedParams": [
            0.07006594370503423,
            0.16424679112443194,
            1.260752940454981,
            0.41858601163311887,
            0.03782951349366897,
            0.21009386811770883
          ],
          "logLikelihood": -3266.059127180277,
          "AIC": 6544.118254360554,
          "BIC": 6584.297315795693,
          "nParams": 6
        },
        "switchingFree": {
          "fittedParams": [
            0.04382099893531946,
            0.17319126086046668,
            1.157668028805559,
            0.0012067312235388016,
            0.17876378878047788,
            0.07515086490417994,
            0.15583911619580226,
            0.37176661604499744
          ],
          "logLikelihood": -3269.3647154970417,
          "AIC": 6554.7294309940835,
          "BIC": 6608.301512907603,
          "nParams": 8
        },
        "probabilityMatchingLogNorm": {
          "fittedParams": [
            0.06891945562652863,
            0.1665806395369827,
            0.8918966362307885,
            0.6862843403512493,
            0.4018734220923267,
            0.14628600525172372,
            0.18077054863342887
          ],
          "logLikelihood": -3272.8576253470906,
          "AIC": 6559.715250694181,
          "BIC": 6606.59082236851,
          "nParams": 7
        },
        "selection": {
          "fittedParams": [
            0.09622053919865989,
            0.08946880083857509,
            0.3455985869479886,
            0.3797989560312451,
            0.20550395210080583,
            0.03489792847494177,
            0.12955206559792246
          ],
          "logLikelihood": -3255.210904117568,
          "AIC": 6524.421808235136,
          "BIC": 6571.297379909465,
          "nParams": 7
        }
      },
      "best_model_aic": "selection",
      "best_model_bic": "selection"
    },
    {
      "iteration": 1,
      "model_fits": {
        "lognorm": {
          "fittedParams": [
            0.1397502141350248,
            0.15970552258456872,
            0.8694827079571139,
            0.6875374472173218,
            0.3944870702107676,
            0.04562545520508148,
            0.15413268832988744
          ],
          "logLikelihood": -3182.077185351122,
          "AIC": 6378.154370702244,
          "BIC": 6425.029942376573,
          "nParams": 7
        },
        "fusionOnlyLogNorm": {
          "fittedParams": [
            0.11892005077256325,
            0.17549464179889135,
            1.2301788308434585,
            0.3699157295198158,
            0.0068317010604621725,
            0.11157143979719097
          ],
          "logLikelihood": -3189.775869677989,
          "AIC": 6391.551739355978,
          "BIC": 6431.730800791117,
          "nParams": 6
        },
        "switchingFree": {
          "fittedParams": [
            0.09752864440104987,
            0.10751539335614199,
            0.4836200839325716,
            0.1313763003069227,
            0.2876870414860435,
            0.05442488128304404,
            0.20419467111873615,
            0.27610930161333586
          ],
          "logLikelihood": -3193.2697871841956,
          "AIC": 6402.539574368391,
          "BIC": 6456.111656281911,
          "nParams": 8
        },
        "probabilityMatchingLogNorm": {
          "fittedParams": [
            0.10608613515557071,
            0.15545975197395512,
            2.0,
            0.16467548296506396,
            0.26217735351425275,
            0.030880598089980244,
            0.1501940985853771
          ],
          "logLikelihood": -3188.1872706893396,
          "AIC": 6390.374541378679,
          "BIC": 6437.250113053008,
          "nParams": 7
        },
        "selection": {
          "fittedParams": [
            0.13197829646779446,
            0.07491182120587889,
            1.368430248327381,
            0.09702819767351645,
            0.17758505824660836,
            0.022133736575570804,
            0.17490490308930415
          ],
          "logLikelihood": -3174.1313651690657,
          "AIC": 6362.262730338131,
          "BIC": 6409.13830201246,
          "nParams": 7
        }
      },
      "best_model_aic": "selection",
      "best_model_bic": "selection"
    },
    {
      "iteration": 2,
      "model_fits": {
        "lognorm": {
          "fittedParams": [
            0.07884280277317439,
            0.15151834034314005,
            2.0,
            0.935511066598552,
            0.4114224932756226,
            0.05717151452801833,
            0.18456645728038798
          ],
          "logLikelihood": -3221.3213579253347,
          "AIC": 6456.642715850669,
          "BIC": 6503.518287524998,
          "nParams": 7
        },
        "fusionOnlyLogNorm": {
          "fittedParams": [
            0.07544982338540812,
            0.1524430921662113,
            2.0,
            0.38065813041855556,
            0.06924617877178037,
            0.18469083046973078
          ],
          "logLikelihood": -3228.8135166089437,
          "AIC": 6469.627033217887,
          "BIC": 6509.806094653027,
          "nParams": 6
        },
        "switchingFree": {
          "fittedParams": [
            0.08754369630192517,
            0.1374090029549629,
            0.5215853571533949,
            0.06795177654513113,
            0.3778850732557482,
            0.02516270465727035,
            0.19088749634950544,
            0.17692511725755636
          ],
          "logLikelihood": -3228.968871416397,
          "AIC": 6473.937742832794,
          "BIC": 6527.509824746314,
          "nParams": 8
        },
        "probabilityMatchingLogNorm": {
          "fittedParams": [
            0.026527192956281684,
            0.15510529445079183,
            2.0,
            0.6430308302263925,
            0.37689176649735834,
            0.1161831869681435,
            0.174736210702718
          ],
          "logLikelihood": -3236.255752332921,
          "AIC": 6486.511504665842,
          "BIC": 6533.387076340171,
          "nParams": 7
        },
        "selection": {
          "fittedParams": [
            0.11268843875273754,
            0.07543898500183013,
            0.9974574625792096,
            0.8414220380356622,
            0.18592528963645294,
            0.0484115808948613,
            0.19058487797046303
          ],
          "logLikelihood": -3212.7435746808515,
          "AIC": 6439.487149361703,
          "BIC": 6486.362721036032,
          "nParams": 7
        }
      },
      "best_model_aic": "selection",
      "best_model_bic": "selection"
    },
    {
      "iteration": 3,
      "model_fits": {
        "lognorm": {
          "fittedParams": [
            0.035519629766346615,
            0.2025717776928212,
            0.828911264821411,
            0.29638197381941106,
            0.3230256102028072,
            0.06599647326886598,
            0.1423731310017873
          ],
          "logLikelihood": -3249.851366285799,
          "AIC": 6513.702732571598,
          "BIC": 6560.578304245927,
          "nParams": 7
        },