{
  "participantID": "ln2",
  "generating_model": "probabilityMatchingLogNorm",
  "true_params": [
    0.053132914920523744,
    0.19102446240451176,
    1.320027982019931,
    0.05268281362950794,
    0.44252705161761485,
    0.0010000002972781474,
    0.05314363655485213
  ],
  "n_iterations": 5,
  "iterations": [
    {
      "iteration": 0,
      "model_fits": {
        "lognorm": {
          "fittedParams": [
            0.021811147621951354,
            0.17461067364974817,
            1.5615145891744904,
            0.48595072073882595,
            0.4065743259166346,
            0.004146804479992836,
            0.0652338423204373
          ],
          "logLikelihood": -3236.5844791545387,
          "AIC": 6487.168958309077,
          "BIC": 6534.044529983406,
          "nParams": 7
        },
        "fusionOnlyLogNorm": {
          "fittedParams": [
            0.16939680549567857,
            0.1664772416998955,
            1.5382602617781596,
            0.36786627869437255,
            0.0846010865906045,
            0.09016802465858809
          ],
          "logLikelihood": -3236.9012970894946,
          "AIC": 6485.802594178989,
          "BIC": 6525.981655614129,
          "nParams": 6
        },
        "switchingFree": {
          "fittedParams": [
            0.13032439878806573,
            0.1138821266032533,
            0.5587530634556881,
            0.13238749656990356,
            0.42124747383679073,
            0.058286434685172,
            0.08882855101430681,
            0.08620964307988667
          ],
          "logLikelihood": -3246.661808913568,
          "AIC": 6509.323617827136,
          "BIC": 6562.895699740656,
          "nParams": 8
        },
        "probabilityMatchingLogNorm": {
          "fittedParams": [
            0.02757740236983464,
            0.2072509127199528,
            2.0,
            0.1685488060413665,
            0.39723232230605077,
            0.07520455658699941,
            0.0788433090182085
          ],
          "logLikelihood": -3247.895291568542,
          "AIC": 6509.790583137084,
          "BIC": 6556.6661548114125,
          "nParams": 7
        },
        "selection": {
          "fittedParams": [
            0.026777975088835615,
            0.09171573832029434,
            2.0,
            0.35869822570328097,
            0.20632089833128162,
            0.03232832517852329,
            0.09761653221291479
          ],
          "logLikelihood": -3248.996309494669,
          "AIC": 6511.992618989338,
          "BIC": 6558.868190663667,
          "nParams": 7
        }
      },
      "best_model_aic": "fusionOnlyLogNorm",
      "best_model_bic": "fusionOnlyLogNorm"
    },
    {
      "iteration": 1,
      "model_fits": {
        "lognorm": {
          "fittedParams": [
            0.1472592646836963,
            0.16410765215191628,
            2.0,
            0.8994093752798902,
            0.42333733459075235,
            0.04721128192926016,
            0.14245375589723172
          ],
          "logLikelihood": -3264.5357103999554,
          "AIC": 6543.071420799911,
          "BIC": 6589.94699247424,
          "nParams": 7
        },
        "fusionOnlyLogNorm": {
          "fittedParams": [
            0.16831272486161666,
            0.15313174097798257,
            2.0,
            0.3645727190416207,
            0.06300419101944318,
            0.11610440211934378
          ],
          "logLikelihood": -3263.658929103995,
          "AIC": 6539.31785820799,
          "BIC": 6579.496919643129,
          "nParams": 6
        },
        "switchingFree": {
          "fittedParams": [
            0.16487266153116062,
            0.14807633709032078,
            1.7699398705433438,
            0.03081214793234182,
            0.30111619422916647,
            0.0190449509426818,
            0.06233284334382845,
            0.12769232582362053
          ],
          "logLikelihood": -3269.096183771647,
          "AIC": 6554.192367543294,
          "BIC": 6607.764449456813,
          "nParams": 8
        },
        "probabilityMatchingLogNorm": {
          "fittedParams": [
            0.1506098634605115,
            0.18312038653993976,
            2.0,
            0.009013432697867517,
            0.3821680427757924,
            0.022027857770856845,
            0.10178678019347989
          ],
          "logLikelihood": -3262.7777176886584,
          "AIC": 6539.555435377317,
          "BIC": 6586.431007051646,
          "nParams": 7
        },
        "selection": {
          "fittedParams": [
            0.20978329746257848,
            0.08273974570711061,
            0.6952456695304989,
            0.7680877162035027,
            0.2077898830209971,
            0.0597526197079613,
            0.13852446036872731
          ],
          "logLikelihood": -3282.099799098578,
          "AIC": 6578.199598197156,
          "BIC": 6625.075169871485,
          "nParams": 7
        }
      },
      "best_model_aic": "fusionOnlyLogNorm",
      "best_model_bic": "fusionOnlyLogNorm"
    },
    {
      "iteration": 2,
      "model_fits": {
        "lognorm": {
          "fittedParams": [
            0.09912262139872675,
            0.15975386952169698,
            0.6253112695539437,
            0.13508929517888374,
            0.463843569891892,
            0.012738253928837553,
            0.11801134208895506
          ],
          "logLikelihood": -3299.533412714251,
          "AIC": 6613.066825428502,
          "BIC": 6659.942397102831,
          "nParams": 7
        },
        "fusionOnlyLogNorm": {
          "fittedParams": [
            0.09027607660776542,
            0.19430225637836462,
            1.6936924877772714,
            0.4167130302722172,
            0.06904481822313702,
            0.11597913923010839
          ],
          "logLikelihood": -3305.698810223595,
          "AIC": 6623.39762044719,
          "BIC": 6663.5766818823295,
          "nParams": 6
        },
        "switchingFree": {
          "fittedParams": [
            0.08980558321621204,
            0.1556896440572341,
            2.0,
            0.012594469513368884,
            0.3106505893263173,
            0.1210766688520994,
            0.22427629545147437,
            0.09683056365454826
          ],
          "logLikelihood": -3310.1625152450506,
          "AIC": 6636.325030490101,
          "BIC": 6689.897112403621,
          "nParams": 8
        },
        "probabilityMatchingLogNorm": {
          "fittedParams": [
            0.136706015561954,
            0.19162695354098577,
            2.0,
            0.4307204680515679,
            0.4045398207799678,
            0.004354266274291824,
            0.11054648915441005
          ],
          "logLikelihood": -3301.8069010025547,
          "AIC": 6617.613802005109,
          "BIC": 6664.489373679438,
          "nParams": 7
        },
        "selection": {
          "fittedParams": [
            0.10733648820283091,
            0.1017454327820916,
            0.6975721805809914,
            0.35607687507016494,
            0.21135376552775184,
            0.07790222796345814,
            0.132329307145457
          ],
          "logLikelihood": -3328.629221406601,
          "AIC": 6671.258442813202,
          "BIC": 6718.134014487531,
          "nParams": 7
        }
      },
      "best_model_aic": "lognorm",
      "best_model_bic": "lognorm"
    },
    {
      "iteration": 3,
      "model_fits": {
        "lognorm": {
          "fittedParams": [
            0.056064482496003,
            0.20642281079181968,
            1.8462335531272243,
            0.7399785766544247,
            0.4126222018700916,
            0.08794566145527069,
            0.0545020446655302
          ],
          "logLikelihood": -3301.6237516923493,
          "AIC": 6617.247503384699,
          "BIC": 6664.1230750590275,
          "nParams": 7
        },