{
  "participantID": "ln2",
  "generating_model": "fusionOnlyLogNorm",
  "true_params": [
    0.0010000002972781474,
    0.19983552420884365,
    1.1018408349081872,
    0.46640401702746737,
    0.0010000002972781474,
    0.08899224052764475
  ],
  "n_iterations": 5,
  "iterations": [
    {
      "iteration": 0,
      "model_fits": {
        "lognorm": {
          "fittedParams": [
            0.07541369607215428,
            0.16204571472590473,
            0.7202008384926617,
            0.6379125555031279,
            0.5186368844381536,
            0.003205164020414794,
            0.1654540459315111
          ],
          "logLikelihood": -3206.34847845283,
          "AIC": 6426.69695690566,
          "BIC": 6473.572528579989,
          "nParams": 7
        },
        "fusionOnlyLogNorm": {
          "fittedParams": [
            0.0163349591374774,
            0.16909551614156118,
            1.2064906388346501,
            0.3984885864779692,
            0.021982227783998647,
            0.18219820164118894
          ],
          "logLikelihood": -3218.0217525041135,
          "AIC": 6448.043505008227,
          "BIC": 6488.222566443366,
          "nParams": 6
        },
        "switchingFree": {
          "fittedParams": [
            0.027041095925766447,
            0.13877108667700555,
            0.6124067486730411,
            0.10204005176508332,
            0.3441882643764189,
            0.057840224816737465,
            0.09156378102505713,
            0.25246726083985827
          ],
          "logLikelihood": -3214.6023892851294,
          "AIC": 6445.204778570259,
          "BIC": 6498.776860483778,
          "nParams": 8
        },
        "probabilityMatchingLogNorm": {
          "fittedParams": [
            0.14489849698756338,
            0.1682425391632806,
            0.4210746101319402,
            0.6646319196356729,
            0.32114447246250966,
            0.0733346387647129,
            0.19276448399771137
          ],
          "logLikelihood": -3224.6264324163512,
          "AIC": 6463.2528648327025,
          "BIC": 6510.128436507031,
          "nParams": 7
        },
        "selection": {
          "fittedParams": [
            0.028390866789486557,
            0.09603507295199347,
            0.33696134717238513,
            0.4805266354275327,
            0.2075788240858063,
            0.0034650938766290704,
            0.15552016061381668
          ],
          "logLikelihood": -3231.0854879667236,
          "AIC": 6476.170975933447,
          "BIC": 6523.046547607776,
          "nParams": 7
        }
      },
      "best_model_aic": "lognorm",
      "best_model_bic": "lognorm"
    },
    {
      "iteration": 1,
      "model_fits": {
        "lognorm": {
          "fittedParams": [
            0.0707101494262942,
            0.19248344495439745,
            0.7598412887529273,
            0.6851792958340036,
            0.4583632605982288,
            0.1996815514329789,
            0.13609930922548935
          ],
          "logLikelihood": -3310.974153208589,
          "AIC": 6635.948306417178,
          "BIC": 6682.823878091507,
          "nParams": 7
        },
        "fusionOnlyLogNorm": {
          "fittedParams": [
            0.014965557867641808,
            0.20778409353466815,
            1.1423165723617594,
            0.45214902127673695,
            0.05139493013911044,
            0.08243496550204361
          ],
          "logLikelihood": -3289.634093968842,
          "AIC": 6591.268187937684,
          "BIC": 6631.4472493728235,
          "nParams": 6
        },
        "switchingFree": {
          "fittedParams": [
            0.011842367206403026,
            0.20068100874131325,
            0.1894816459274089,
            0.058377449563268735,
            0.4772689122251463,
            0.002269813853576278,
            0.0102083023138793,
            0.2520312207378264
          ],
          "logLikelihood": -3299.8536530715023,
          "AIC": 6615.707306143005,
          "BIC": 6669.279388056524,
          "nParams": 8
        },
        "probabilityMatchingLogNorm": {
          "fittedParams": [
            0.0027447004617455455,
            0.2042606905713066,
            0.9004683906200828,
            0.25163405626283786,
            0.4605527536196228,
            0.040471850599850145,
            0.16058185752179774
          ],
          "logLikelihood": -3299.0994020326434,
          "AIC": 6612.198804065287,
          "BIC": 6659.074375739616,
          "nParams": 7
        },
        "selection": {
          "fittedParams": [
            0.05424963000416026,
            0.08958550711641824,
            2.0,
            0.608014723682253,
            0.19876004333126532,
            0.048285315457629395,
            0.14108289290791542
          ],
          "logLikelihood": -3324.628555603378,
          "AIC": 6663.257111206756,
          "BIC": 6710.132682881085,
          "nParams": 7
        }
      },
      "best_model_aic": "fusionOnlyLogNorm",
      "best_model_bic": "fusionOnlyLogNorm"
    },
    {
      "iteration": 2,
      "model_fits": {
        "lognorm": {
          "fittedParams": [
            0.027630493733356694,
            0.1959691896210894,
            1.6214658522193557,
            0.9628329132278133,
            0.51476572766669,
            0.03371736412790663,
            0.10006808796352994
          ],
          "logLikelihood": -3325.81407681085,
          "AIC": 6665.6281536217,
          "BIC": 6712.503725296029,
          "nParams": 7
        },
        "fusionOnlyLogNorm": {
          "fittedParams": [
            0.049636971782073,
            0.21127551551594648,
            2.0,
            0.5266500874868474,
            0.023326525099134743,
            0.0625730902310281
          ],
          "logLikelihood": -3331.624608656503,
          "AIC": 6675.249217313006,
          "BIC": 6715.428278748145,
          "nParams": 6
        },
        "switchingFree": {
          "fittedParams": [
            0.045849757882780506,
            0.18691505077503512,
            0.5230915063268896,
            0.014781044232748307,
            0.45713744936060285,
            0.07883898980034021,
            0.10440354783291926,
            0.25279012116805116
          ],
          "logLikelihood": -3329.551984021367,
          "AIC": 6675.103968042734,
          "BIC": 6728.676049956253,
          "nParams": 8
        },
        "probabilityMatchingLogNorm": {
          "fittedParams": [
            0.08604063779380447,
            0.17630504129795324,
            0.8360781093560926,
            0.42668943688237787,
            0.4647384871238956,
            0.18140177416331002,
            0.12380412137484828
          ],
          "logLikelihood": -3337.9079264192906,
          "AIC": 6689.815852838581,
          "BIC": 6736.69142451291,
          "nParams": 7
        },
        "selection": {
          "fittedParams": [
            0.10866402876925457,
            0.10130191565784115,
            1.7986628184400049,
            0.3357412995551332,
            0.19743430056758096,
            0.03619864707654019,
            0.14785912488348504
          ],
          "logLikelihood": -3357.410652338746,
          "AIC": 6728.821304677492,
          "BIC": 6775.696876351821,
          "nParams": 7
        }
      },
      "best_model_aic": "lognorm",
      "best_model_bic": "lognorm"
    },
    {
      "iteration": 3,
      "model_fits": {
        "lognorm": {
          "fittedParams": [
            0.011406167205866222,
            0.19654544194280898,
            1.046907360028643,
            0.5195813625203957,
            0.443873777789676,
            0.07838954571129932,
            0.09960627113710488
          ],
          "logLikelihood": -3298.2966682925266,
          "AIC": 6610.593336585053,
          "BIC": 6657.468908259382,
          "nParams": 7
        },