{
  "participantID": "mh",
  "generating_model": "lognorm",
  "true_params": [
    0.1442013179702395,
    0.4227332351213126,
    0.4618850363433537,
    0.7915267801369138,
    1.4316897560385744,
    0.015108951292503062,
    0.23153721899659768
  ],
  "n_iterations": 5,
  "iterations": [
    {
      "iteration": 0,
      "model_fits": {
        "lognorm": {
          "fittedParams": [
            0.16991931242662714,
            0.5218241869573915,
            0.31480944307011177,
            0.7210749859537449,
            1.8325466401431894,
            0.02214731210217094,
            0.2341395793199221
          ],
          "logLikelihood": -3630.1827311596594,
          "AIC": 7274.365462319319,
          "BIC": 7321.81374381976,
          "nParams": 7
        },
        "fusionOnlyLogNorm": {
          "fittedParams": [
            0.16668706091509564,
            0.3742412409271435,
            0.4408632884319422,
            2.0,
            0.05234862674352361,
            0.28644659455331706
          ],
          "logLikelihood": -3625.0824301529997,
          "AIC": 7262.164860305999,
          "BIC": 7302.834815877806,
          "nParams": 6
        },
        "switchingFree": {
          "fittedParams": [
            0.13203499027416069,
            0.2180666317020706,
            0.34274958543313927,
            0.51693023745968,
            0.6254549144842069,
            0.13471475885797865,
            0.23864454255571374,
            0.8061009500093882
          ],
          "logLikelihood": -3628.416568248733,
          "AIC": 7272.833136497466,
          "BIC": 7327.059743926541,
          "nParams": 8
        },
        "probabilityMatchingLogNorm": {
          "fittedParams": [
            0.09783916733508388,
            0.4999202132284865,
            0.11313510587137784,
            0.3689522217202489,
            0.7681724892128442,
            0.03815678150400078,
            0.27151868206481006
          ],
          "logLikelihood": -3645.1035037244533,
          "AIC": 7304.207007448907,
          "BIC": 7351.655288949348,
          "nParams": 7
        },
        "selection": {
          "fittedParams": [
            0.1236673213191594,
            0.32108533518237176,
            0.25320608884941626,
            0.7507183946741249,
            2.0,
            0.14438711308649224,
            0.21688396613637442
          ],
          "logLikelihood": -3666.4999503564836,
          "AIC": 7346.999900712967,
          "BIC": 7394.4481822134085,
          "nParams": 7
        }
      },
      "best_model_aic": "fusionOnlyLogNorm",
      "best_model_bic": "fusionOnlyLogNorm"
    },
    {
      "iteration": 1,
      "model_fits": {
        "lognorm": {
          "fittedParams": [
            0.12591624514395383,
            0.39905108392728283,
            0.4422214101783896,
            0.9152375935608648,
            2.0,
            0.046058944013893696,
            0.26236612674514836
          ],
          "logLikelihood": -3642.3100450402594,
          "AIC": 7298.620090080519,
          "BIC": 7346.06837158096,
          "nParams": 7
        },
        "fusionOnlyLogNorm": {
          "fittedParams": [
            0.08316602380133162,
            0.41001977799094474,
            0.688279676869861,
            1.3926772457291048,
            0.015465392469918434,
            0.15810572439065662
          ],
          "logLikelihood": -3642.881490987242,
          "AIC": 7297.762981974484,
          "BIC": 7338.432937546291,
          "nParams": 6
        },
        "switchingFree": {
          "fittedParams": [
            0.01070926337234273,
            0.25876300039779637,
            0.646855722680848,
            0.3333228601584132,
            2.0,
            0.0851866070632044,
            0.14665694771134963,
            0.9664658728277034
          ],
          "logLikelihood": -3666.1922898882067,
          "AIC": 7348.384579776413,
          "BIC": 7402.611187205489,
          "nParams": 8
        },
        "probabilityMatchingLogNorm": {
          "fittedParams": [
            0.19975346236504354,
            0.40942050765703286,
            0.3285840071593805,
            0.12651673829293797,
            0.8911219654308674,
            0.009265149544060717,
            0.3061814001045971
          ],
          "logLikelihood": -3642.0340264560873,
          "AIC": 7298.068052912175,
          "BIC": 7345.516334412616,
          "nParams": 7
        },
        "selection": {
          "fittedParams": [
            0.08745990569418215,
            0.30318293563740556,
            0.2905723524022062,
            0.9007889743735618,
            2.0,
            0.02946875380570633,
            0.1569409925453799
          ],
          "logLikelihood": -3680.0140982619087,
          "AIC": 7374.028196523817,
          "BIC": 7421.4764780242585,
          "nParams": 7
        }
      },
      "best_model_aic": "fusionOnlyLogNorm",
      "best_model_bic": "fusionOnlyLogNorm"
    },
    {
      "iteration": 2,
      "model_fits": {
        "lognorm": {
          "fittedParams": [
            0.21845893465498037,
            0.4053706991322125,
            0.2636769980930475,
            0.6962186773501509,
            1.9770467889630263,
            0.1720166707928889,
            0.22854798590900854
          ],
          "logLikelihood": -3681.2896870741,
          "AIC": 7376.5793741482,
          "BIC": 7424.0276556486415,
          "nParams": 7
        },
        "fusionOnlyLogNorm": {
          "fittedParams": [
            0.20503493726492497,
            0.4074167306437812,
            0.46885212204552856,
            0.8933142749209928,
            0.04583717947570202,
            0.2032387289717705
          ],
          "logLikelihood": -3662.0374666417865,
          "AIC": 7336.074933283573,
          "BIC": 7376.74488885538,
          "nParams": 6
        },
        "switchingFree": {
          "fittedParams": [
            0.16840461015370503,
            0.13025192607861705,
            0.4278570069873653,
            0.5053039705653964,
            1.4374315893179497,
            0.0910870804925863,
            0.2825577938213084,
            0.8532578752663711
          ],
          "logLikelihood": -3677.9880797981,
          "AIC": 7371.9761595962,
          "BIC": 7426.2027670252755,
          "nParams": 8
        },
        "probabilityMatchingLogNorm": {
          "fittedParams": [
            0.2331527491617612,
            0.36178415410199544,
            0.4244394439997835,
            0.005912349971203046,
            0.8747886714441409,
            0.05181539857199567,
            0.3163763145607611
          ],
          "logLikelihood": -3661.6535264179197,
          "AIC": 7337.307052835839,
          "BIC": 7384.755334336281,
          "nParams": 7
        },
        "selection": {
          "fittedParams": [
            0.3289215315849119,
            0.1304021235643113,
            0.18269847158308436,
            0.6070109975166788,
            2.0,
            0.23369462755891865,
            0.33877628791420195
          ],
          "logLikelihood": -3699.549670449297,
          "AIC": 7413.099340898594,
          "BIC": 7460.547622399035,
          "nParams": 7
        }
      },
      "best_model_aic": "fusionOnlyLogNorm",
      "best_model_bic": "fusionOnlyLogNorm"
    },
    {
      "iteration": 3,
      "model_fits": {
        "lognorm": {
          "fittedParams": [
            0.07163488381424894,
            0.4151884415640695,
            0.593430180014082,
            0.8638288440738772,
            2.0,
            0.06271908334198689,
            0.21316666600627124
          ],
          "logLikelihood": -3586.0933733394345,
          "AIC": 7186.186746678869,
          "BIC": 7233.63502817931,
          "nParams": 7
        },