{
  "participantID": "mh",
  "generating_model": "switchingFree",
  "true_params": [
    0.13394357037059146,
    0.0012531692916174508,
    0.5145168349286107,
    0.5687878455462396,
    0.05465893664157895,
    0.0022623455091873856,
    0.26287068939750124,
    0.7375763172827647
  ],
  "n_iterations": 5,
  "iterations": [
    {
      "iteration": 0,
      "model_fits": {
        "lognorm": {
          "fittedParams": [
            0.06209391122685045,
            0.6020194933758239,
            0.46897784668921105,
            0.8967985473616729,
            1.7955534485671614,
            0.02331122032152173,
            0.2770623783352433
          ],
          "logLikelihood": -3654.916488546342,
          "AIC": 7323.832977092684,
          "BIC": 7371.281258593125,
          "nParams": 7
        },
        "fusionOnlyLogNorm": {
          "fittedParams": [
            0.1007029536472761,
            0.4801652087186308,
            0.5532242798298324,
            1.3849400062782966,
            0.051687772606801415,
            0.26102633014812116
          ],
          "logLikelihood": -3655.601437065317,
          "AIC": 7323.202874130634,
          "BIC": 7363.872829702441,
          "nParams": 6
        },
        "switchingFree": {
          "fittedParams": [
            0.23094022115943075,
            0.29744745765858943,
            0.28847554628374716,
            0.46138994086273055,
            0.6617997262240412,
            0.05843295039182234,
            0.233356077334826,
            0.701659855956105
          ],
          "logLikelihood": -3650.8281609639275,
          "AIC": 7317.656321927855,
          "BIC": 7371.882929356931,
          "nParams": 8
        },
        "probabilityMatchingLogNorm": {
          "fittedParams": [
            0.14900282024699155,
            0.511882662559392,
            0.4848120985332599,
            0.003809312766915986,
            0.8345391995164173,
            0.003976475909886471,
            0.27817399663782116
          ],
          "logLikelihood": -3645.3282042739847,
          "AIC": 7304.6564085479695,
          "BIC": 7352.104690048411,
          "nParams": 7
        },
        "selection": {
          "fittedParams": [
            0.16915076183750213,
            0.3283856833920416,
            0.2602915410965122,
            0.8820286315348205,
            0.5709947489721964,
            0.001,
            0.20393556839342722
          ],
          "logLikelihood": -3668.9007484621807,
          "AIC": 7351.801496924361,
          "BIC": 7399.249778424803,
          "nParams": 7
        }
      },
      "best_model_aic": "probabilityMatchingLogNorm",
      "best_model_bic": "probabilityMatchingLogNorm"
    },
    {
      "iteration": 1,
      "model_fits": {
        "lognorm": {
          "fittedParams": [
            0.1515062394715939,
            0.49451333126911395,
            0.382702950917572,
            0.8056479886409724,
            1.292588508828458,
            0.021304346759788463,
            0.28830659055516106
          ],
          "logLikelihood": -3557.4198192119875,
          "AIC": 7128.839638423975,
          "BIC": 7176.287919924416,
          "nParams": 7
        },
        "fusionOnlyLogNorm": {
          "fittedParams": [
            0.14035118390346785,
            0.4480988555474754,
            0.4743084554886463,
            2.0,
            0.02716699373495023,
            0.22529052747457273
          ],
          "logLikelihood": -3560.800760452316,
          "AIC": 7133.601520904632,
          "BIC": 7174.271476476439,
          "nParams": 6
        },
        "switchingFree": {
          "fittedParams": [
            0.0706714755483371,
            0.04884136125292833,
            0.5419978365118427,
            0.5511388807404208,
            0.13044134496177404,
            0.06220150364463053,
            0.25706624392949684,
            0.8099542833686189
          ],
          "logLikelihood": -3552.622564678135,
          "AIC": 7121.24512935627,
          "BIC": 7175.4717367853455,
          "nParams": 8
        },
        "probabilityMatchingLogNorm": {
          "fittedParams": [
            0.20979184636840617,
            0.36451328122395477,
            0.3939576145627861,
            0.07318128337776122,
            0.5731142778833465,
            0.0031365591638214917,
            0.3131706188482242
          ],
          "logLikelihood": -3556.451665129796,
          "AIC": 7126.903330259592,
          "BIC": 7174.351611760033,
          "nParams": 7
        },
        "selection": {
          "fittedParams": [
            0.20373550700617676,
            0.2820571308439867,
            0.24512260898786747,
            0.9007975589351821,
            0.5762571239777743,
            0.03973687190340276,
            0.21171652222970616
          ],
          "logLikelihood": -3580.6434059388707,
          "AIC": 7175.2868118777415,
          "BIC": 7222.735093378183,
          "nParams": 7
        }
      },
      "best_model_aic": "switchingFree",
      "best_model_bic": "fusionOnlyLogNorm"
    },
    {
      "iteration": 2,
      "model_fits": {
        "lognorm": {
          "fittedParams": [
            0.04886479027394903,
            0.904179877022145,
            0.1181138892991188,
            0.4169609216545748,
            1.171345767335352,
            0.038029599811441404,
            0.26507184581225346
          ],
          "logLikelihood": -3632.362443473744,
          "AIC": 7278.724886947488,
          "BIC": 7326.173168447929,
          "nParams": 7
        },
        "fusionOnlyLogNorm": {
          "fittedParams": [
            0.09742744539841665,
            0.47486986726441593,
            0.4936453082682676,
            0.9875095518285709,
            0.07279264249750203,
            0.32451625116800525
          ],
          "logLikelihood": -3622.308214590933,
          "AIC": 7256.616429181866,
          "BIC": 7297.286384753673,
          "nParams": 6
        },
        "switchingFree": {
          "fittedParams": [
            0.07091573692804312,
            0.37554499459242663,
            0.2924597717804445,
            0.5067133710971461,
            0.5938396180226352,
            0.0173924792962646,
            0.3340704321713248,
            0.6562711462505021
          ],
          "logLikelihood": -3612.8643638312865,
          "AIC": 7241.728727662573,
          "BIC": 7295.9553350916485,
          "nParams": 8
        },
        "probabilityMatchingLogNorm": {
          "fittedParams": [
            0.10949965912276698,
            0.49384499153808104,
            0.17504709146362812,
            0.354785503544543,
            0.533742520886689,
            0.012386284990109549,
            0.25202912956947954
          ],
          "logLikelihood": -3621.0410722167326,
          "AIC": 7256.082144433465,
          "BIC": 7303.530425933906,
          "nParams": 7
        },
        "selection": {
          "fittedParams": [
            0.17891785414758693,
            0.24506270215394962,
            0.22704114830749483,
            0.7619665831604093,
            1.6412067396485193,
            0.07754100515757924,
            0.32337590360235713
          ],
          "logLikelihood": -3647.149480958342,
          "AIC": 7308.298961916684,
          "BIC": 7355.747243417125,
          "nParams": 7
        }
      },
      "best_model_aic": "switchingFree",
      "best_model_bic": "switchingFree"
    },
    {
      "iteration": 3,
      "model_fits": {
        "lognorm": {
          "fittedParams": [
            0.2442161988369495,
            0.6014868863074432,
            0.27699431682036874,
            0.6052271913514872,
            1.082559699202733,
            0.09759752390915286,
            0.31410182048675694
          ],
          "logLikelihood": -3689.209323160445,
          "AIC": 7392.41864632089,
          "BIC": 7439.866927821331,
          "nParams": 7
        },