{
  "participantID": "ml",
  "generating_model": "fusionOnlyLogNorm",
  "true_params": [
    0.1858348094498444,
    0.4352746679933188,
    0.5728056999878153,
    0.7331444981628282,
    0.0010000735408192407,
    0.13627312822953447
  ],
  "n_iterations": 5,
  "iterations": [
    {
      "iteration": 0,
      "model_fits": {
        "lognorm": {
          "fittedParams": [
            0.3600965790099462,
            0.3361486972872973,
            0.4999392589602529,
            0.9263009052768746,
            0.9143187059516704,
            0.0026722553144452625,
            0.2134123050935185
          ],
          "logLikelihood": -3780.1641712675114,
          "AIC": 7574.328342535023,
          "BIC": 7621.8088970294675,
          "nParams": 7
        },
        "fusionOnlyLogNorm": {
          "fittedParams": [
            0.3144711061281581,
            0.2943074802924567,
            0.3939077143315768,
            0.8559165985753715,
            0.11285755369935767,
            0.34574053771441104
          ],
          "logLikelihood": -3781.938177497001,
          "AIC": 7575.876354994002,
          "BIC": 7616.573973132098,
          "nParams": 6
        },
        "switchingFree": {
          "fittedParams": [
            0.22107248661427503,
            0.1904376740312798,
            0.5662160305032458,
            0.3712907934316775,
            0.1888212263655358,
            0.012280226659754315,
            0.15724755051444544,
            0.71272431390082
          ],
          "logLikelihood": -3770.5777201805286,
          "AIC": 7557.155440361057,
          "BIC": 7611.4189312118515,
          "nParams": 8
        },
        "probabilityMatchingLogNorm": {
          "fittedParams": [
            0.23867430050190197,
            0.4100199503007959,
            0.22599943894349647,
            0.34241855804880417,
            0.5120545116262033,
            0.07498363581904137,
            0.22265669118779696
          ],
          "logLikelihood": -3782.0200203262016,
          "AIC": 7578.040040652403,
          "BIC": 7625.520595146848,
          "nParams": 7
        },
        "selection": {
          "fittedParams": [
            0.34461957506616436,
            0.15353171952548317,
            0.20549785341408797,
            0.9447216644493969,
            0.25617798480155807,
            0.11729749696667938,
            0.30846148166165266
          ],
          "logLikelihood": -3792.2944423585204,
          "AIC": 7598.588884717041,
          "BIC": 7646.069439211486,
          "nParams": 7
        }
      },
      "best_model_aic": "switchingFree",
      "best_model_bic": "switchingFree"
    },
    {
      "iteration": 1,
      "model_fits": {
        "lognorm": {
          "fittedParams": [
            0.140618643355767,
            0.3760772263287712,
            0.5398244536956791,
            0.9791256066099798,
            0.8714322799830735,
            0.022296055736220267,
            0.15844338939433708
          ],
          "logLikelihood": -3750.5181059194274,
          "AIC": 7515.036211838855,
          "BIC": 7562.5167663332995,
          "nParams": 7
        },
        "fusionOnlyLogNorm": {
          "fittedParams": [
            0.10086663507656207,
            0.3716873160165287,
            0.5440002520213033,
            0.6404346886691644,
            0.0709620393319414,
            0.1928999103170857
          ],
          "logLikelihood": -3758.4553472148696,
          "AIC": 7528.910694429739,
          "BIC": 7569.608312567835,
          "nParams": 6
        },
        "switchingFree": {
          "fittedParams": [
            0.16580391239365544,
            0.35647956403713676,
            0.29967720054199287,
            0.29473236476644016,
            0.4005024290835391,
            0.07635234448855391,
            0.1761559155875584,
            0.6012149694453064
          ],
          "logLikelihood": -3758.496402079384,
          "AIC": 7532.992804158768,
          "BIC": 7587.256295009563,
          "nParams": 8
        },
        "probabilityMatchingLogNorm": {
          "fittedParams": [
            0.21920461029269225,
            0.3364821594721749,
            0.04656029103938507,
            0.6126908144991641,
            0.44277247719676166,
            0.044835494819987234,
            0.21502548055296883
          ],
          "logLikelihood": -3777.412058735866,
          "AIC": 7568.824117471732,
          "BIC": 7616.304671966177,
          "nParams": 7
        },
        "selection": {
          "fittedParams": [
            0.1481159140460053,
            0.2078555749475539,
            0.23611705368096852,
            0.6564045074699884,
            2.0,
            0.19978048720359648,
            0.06831094335146061
          ],
          "logLikelihood": -3794.8007899877052,
          "AIC": 7603.6015799754105,
          "BIC": 7651.082134469855,
          "nParams": 7
        }
      },
      "best_model_aic": "lognorm",
      "best_model_bic": "lognorm"
    },
    {
      "iteration": 2,
      "model_fits": {
        "lognorm": {
          "fittedParams": [
            0.31857440338274573,
            0.3737838471960705,
            0.44223400337998037,
            0.7065499649491078,
            0.6757331705370463,
            0.08812259505217965,
            0.16715583557995514
          ],
          "logLikelihood": -3816.506109994029,
          "AIC": 7647.012219988058,
          "BIC": 7694.492774482503,
          "nParams": 7
        },
        "fusionOnlyLogNorm": {
          "fittedParams": [
            0.21486086282268813,
            0.4507054252760285,
            0.5546334903303239,
            0.9087879594646238,
            0.044756761286356334,
            0.18525773153930605
          ],
          "logLikelihood": -3811.144152639899,
          "AIC": 7634.288305279798,
          "BIC": 7674.985923417894,
          "nParams": 6
        },
        "switchingFree": {
          "fittedParams": [
            0.23655543970485185,
            0.05822531913593182,
            0.539562625930447,
            0.5376063574814077,
            0.4081631080444544,
            0.044048729230891814,
            0.10877307391876917,
            0.5193242562003901
          ],
          "logLikelihood": -3816.3751588727623,
          "AIC": 7648.750317745525,
          "BIC": 7703.013808596319,
          "nParams": 8
        },
        "probabilityMatchingLogNorm": {
          "fittedParams": [
            0.286991497528773,
            0.5734994148425131,
            0.5045575427892331,
            0.005642429874990994,
            0.5706890128503997,
            0.021856511120378425,
            0.16458233001378025
          ],
          "logLikelihood": -3813.4610485958615,
          "AIC": 7640.922097191723,
          "BIC": 7688.402651686168,
          "nParams": 7
        },
        "selection": {
          "fittedParams": [
            0.25994524772315314,
            0.20196699528458686,
            0.15348441194030413,
            0.4756278179599222,
            0.35960985780515153,
            0.028829035179464096,
            0.16650413348281964
          ],
          "logLikelihood": -3839.5257950188484,
          "AIC": 7693.051590037697,
          "BIC": 7740.5321445321415,
          "nParams": 7
        }
      },
      "best_model_aic": "fusionOnlyLogNorm",
      "best_model_bic": "fusionOnlyLogNorm"
    },
    {
      "iteration": 3,
      "model_fits": {
        "lognorm": {
          "fittedParams": [
            0.14374479506027862,
            0.4589105254624445,
            0.46306193497651615,
            0.7568396164218363,
            1.2595610532029744,
            0.08549663070274213,
            0.10345818735812527
          ],
          "logLikelihood": -3783.4300657433887,
          "AIC": 7580.860131486777,
          "BIC": 7628.340685981222,
          "nParams": 7
        },