{
  "participantID": "ml",
  "generating_model": "switchingFree",
  "true_params": [
    0.21298870761392039,
    0.3440697454353755,
    0.4339024663208888,
    0.259283910865037,
    0.15489817507542247,
    0.0010155874236989493,
    0.12818774577222936,
    0.7590118707760389
  ],
  "n_iterations": 5,
  "iterations": [
    {
      "iteration": 0,
      "model_fits": {
        "lognorm": {
          "fittedParams": [
            0.2302675359945396,
            0.4364977345997896,
            0.3661893665607728,
            0.7202239198125323,
            0.9034491894457891,
            0.0659444539565971,
            0.13736041830669543
          ],
          "logLikelihood": -3746.8776969934297,
          "AIC": 7507.755393986859,
          "BIC": 7555.235948481304,
          "nParams": 7
        },
        "fusionOnlyLogNorm": {
          "fittedParams": [
            0.22485603528179957,
            0.41707019266003326,
            0.5100515284954809,
            1.4675013497784086,
            0.01916019712230436,
            0.1110567575568149
          ],
          "logLikelihood": -3750.7928496080376,
          "AIC": 7513.585699216075,
          "BIC": 7554.283317354171,
          "nParams": 6
        },
        "switchingFree": {
          "fittedParams": [
            0.3004085478229251,
            0.26837924245376926,
            0.33434452349355237,
            0.3099377387602288,
            0.013538616106109985,
            0.14829988875989564,
            0.20192721342290695,
            0.7376112950149436
          ],
          "logLikelihood": -3734.9641296780155,
          "AIC": 7485.928259356031,
          "BIC": 7540.191750206825,
          "nParams": 8
        },
        "probabilityMatchingLogNorm": {
          "fittedParams": [
            0.26771100520973246,
            0.5373440256791198,
            0.044418238580672204,
            0.46029291807967143,
            0.4062766703076292,
            0.010936410030720753,
            0.1716691568167638
          ],
          "logLikelihood": -3765.3456244976446,
          "AIC": 7544.691248995289,
          "BIC": 7592.171803489734,
          "nParams": 7
        },
        "selection": {
          "fittedParams": [
            0.22767078516547762,
            0.22236920392601037,
            0.22249350953074115,
            0.6506502777299169,
            2.0,
            0.09690087469977117,
            0.15774437557669013
          ],
          "logLikelihood": -3771.464384174899,
          "AIC": 7556.928768349798,
          "BIC": 7604.4093228442425,
          "nParams": 7
        }
      },
      "best_model_aic": "switchingFree",
      "best_model_bic": "switchingFree"
    },
    {
      "iteration": 1,
      "model_fits": {
        "lognorm": {
          "fittedParams": [
            0.3675000308295253,
            0.32979699469769896,
            0.24596162286290885,
            0.5813297186538684,
            0.8990900263774463,
            0.11433461271466623,
            0.30002885741505747
          ],
          "logLikelihood": -3830.865709962812,
          "AIC": 7675.731419925624,
          "BIC": 7723.211974420069,
          "nParams": 7
        },
        "fusionOnlyLogNorm": {
          "fittedParams": [
            0.21035629839689152,
            0.40735071836147013,
            0.5847704864634985,
            0.6640589598570255,
            0.1506812695826023,
            0.15316645161334766
          ],
          "logLikelihood": -3824.4834515161106,
          "AIC": 7660.966903032221,
          "BIC": 7701.664521170317,
          "nParams": 6
        },
        "switchingFree": {
          "fittedParams": [
            0.30840110931412934,
            0.29051893902083387,
            0.363469323941764,
            0.2970666487834555,
            0.26748434974014434,
            0.09495016616179439,
            0.15171260996995306,
            0.6726727091680752
          ],
          "logLikelihood": -3796.5098215068006,
          "AIC": 7609.019643013601,
          "BIC": 7663.2831338643955,
          "nParams": 8
        },
        "probabilityMatchingLogNorm": {
          "fittedParams": [
            0.2268011139926348,
            0.36407442765149106,
            0.4697378139187155,
            0.06237301929981599,
            0.8314383174807485,
            0.02028300175539354,
            0.16850433056896222
          ],
          "logLikelihood": -3817.1927657440024,
          "AIC": 7648.385531488005,
          "BIC": 7695.8660859824495,
          "nParams": 7
        },
        "selection": {
          "fittedParams": [
            0.24787048180692903,
            0.2347678141300954,
            0.1763214940755273,
            0.3373455409042522,
            1.8567391146067445,
            0.026064833846838394,
            0.10436399588522917
          ],
          "logLikelihood": -3831.3334088364504,
          "AIC": 7676.666817672901,
          "BIC": 7724.147372167346,
          "nParams": 7
        }
      },
      "best_model_aic": "switchingFree",
      "best_model_bic": "switchingFree"
    },
    {
      "iteration": 2,
      "model_fits": {
        "lognorm": {
          "fittedParams": [
            0.2838447872628635,
            0.3489837166658987,
            0.3537721710059986,
            0.8605362003027905,
            1.2686007554466878,
            0.087876654295312,
            0.2353822841959638
          ],
          "logLikelihood": -3766.616869376923,
          "AIC": 7547.233738753846,
          "BIC": 7594.714293248291,
          "nParams": 7
        },
        "fusionOnlyLogNorm": {
          "fittedParams": [
            0.2091864542968528,
            0.33460899826116003,
            0.5139800706456068,
            0.689685316325832,
            0.005526153462729721,
            0.1866103440527867
          ],
          "logLikelihood": -3760.6190912081415,
          "AIC": 7533.238182416283,
          "BIC": 7573.935800554379,
          "nParams": 6
        },
        "switchingFree": {
          "fittedParams": [
            0.2738669471713368,
            0.30110924520702387,
            0.3064790699599647,
            0.12062161064724139,
            0.5001703646182258,
            0.0019142567101321666,
            0.17300005265483032,
            0.7197866703343964
          ],
          "logLikelihood": -3754.999784001424,
          "AIC": 7525.999568002848,
          "BIC": 7580.263058853642,
          "nParams": 8
        },
        "probabilityMatchingLogNorm": {
          "fittedParams": [
            0.31355463595220384,
            0.37949156157070385,
            0.054202858331127285,
            0.5638659716644063,
            0.32295658352152534,
            0.018393835714731382,
            0.2415744472292267
          ],
          "logLikelihood": -3796.456611139787,
          "AIC": 7606.913222279574,
          "BIC": 7654.393776774019,
          "nParams": 7
        },
        "selection": {
          "fittedParams": [
            0.26039162994914483,
            0.1653503870498447,
            0.1739933754554314,
            0.4353982871121055,
            0.6829079306288113,
            0.13220672344895257,
            0.180268981426547
          ],
          "logLikelihood": -3773.1954642626088,
          "AIC": 7560.3909285252175,
          "BIC": 7607.871483019662,
          "nParams": 7
        }
      },
      "best_model_aic": "switchingFree",
      "best_model_bic": "fusionOnlyLogNorm"
    },
    {
      "iteration": 3,
      "model_fits": {
        "lognorm": {
          "fittedParams": [
            0.32697916350858897,
            0.34290525003322025,
            0.4064765359375227,
            0.786796369035741,
            1.0253239162627583,
            0.06752367676276443,
            0.19571186803757493
          ],
          "logLikelihood": -3773.2572874641246,
          "AIC": 7560.514574928249,
          "BIC": 7607.995129422694,
          "nParams": 7
        },