{
  "participantID": "ml",
  "generating_model": "selection",
  "true_params": [
    0.11148979853292112,
    0.21017612013497944,
    0.24385294965595528,
    0.39507631583073816,
    1.9999142115802022,
    0.00100895015823807,
    0.0010000000002902965
  ],
  "n_iterations": 5,
  "iterations": [
    {
      "iteration": 0,
      "model_fits": {
        "lognorm": {
          "fittedParams": [
            0.1398124529816035,
            0.3927094035421821,
            0.5956886646731884,
            0.9066013950900337,
            2.0,
            0.0929605336429688,
            0.15948677990028615
          ],
          "logLikelihood": -3806.220087399317,
          "AIC": 7626.440174798634,
          "BIC": 7673.920729293079,
          "nParams": 7
        },
        "fusionOnlyLogNorm": {
          "fittedParams": [
            0.16455387475677102,
            0.33925937620160407,
            0.5733193986108925,
            2.0,
            0.1292395152945767,
            0.22273729741908227
          ],
          "logLikelihood": -3808.746806424029,
          "AIC": 7629.493612848058,
          "BIC": 7670.191230986154,
          "nParams": 6
        },
        "switchingFree": {
          "fittedParams": [
            0.1760455534638103,
            0.30798268758714764,
            0.4111730900194279,
            0.1935302563184118,
            1.263565553560731,
            0.11180735406663247,
            0.17860547078357167,
            0.9194552444660318
          ],
          "logLikelihood": -3793.6062374566227,
          "AIC": 7603.212474913245,
          "BIC": 7657.47596576404,
          "nParams": 8
        },
        "probabilityMatchingLogNorm": {
          "fittedParams": [
            0.30925938696856303,
            0.356627078609926,
            0.004739816080950674,
            0.6231819827294781,
            0.29071886792344764,
            0.2934985612021322,
            0.2615307495412744
          ],
          "logLikelihood": -3866.4288403796263,
          "AIC": 7746.857680759253,
          "BIC": 7794.338235253697,
          "nParams": 7
        },
        "selection": {
          "fittedParams": [
            0.01854021838791397,
            0.2070647878785924,
            2.0,
            0.5372344749599707,
            0.2752438681081384,
            0.052299409098707464,
            0.05553734005328864
          ],
          "logLikelihood": -3944.3553859242547,
          "AIC": 7902.7107718485095,
          "BIC": 7950.191326342954,
          "nParams": 7
        }
      },
      "best_model_aic": "switchingFree",
      "best_model_bic": "switchingFree"
    },
    {
      "iteration": 1,
      "model_fits": {
        "lognorm": {
          "fittedParams": [
            0.23407880844394266,
            0.326130498361832,
            0.41413381765955065,
            0.9796810713889252,
            2.0,
            0.18409055057842685,
            0.20797183329730498
          ],
          "logLikelihood": -3706.9634880015706,
          "AIC": 7427.926976003141,
          "BIC": 7475.407530497586,
          "nParams": 7
        },
        "fusionOnlyLogNorm": {
          "fittedParams": [
            0.23430049032870987,
            0.34528352057834083,
            0.43682408219906843,
            2.0,
            0.17260465088633084,
            0.208585557296387
          ],
          "logLikelihood": -3700.4854964470837,
          "AIC": 7412.9709928941675,
          "BIC": 7453.6686110322635,
          "nParams": 6
        },
        "switchingFree": {
          "fittedParams": [
            0.3111532402121888,
            0.23502951579676995,
            0.2941691940912559,
            0.3712361078541479,
            0.7160582674112324,
            0.2168359202270162,
            0.15418468921786227,
            0.9725803410807533
          ],
          "logLikelihood": -3699.6606233198427,
          "AIC": 7415.321246639685,
          "BIC": 7469.58473749048,
          "nParams": 8
        },
        "probabilityMatchingLogNorm": {
          "fittedParams": [
            0.21358338593259057,
            0.7096876778180665,
            0.16377397392878987,
            0.1626895845354866,
            0.8938889271460178,
            0.0872580606284451,
            0.20744661948009985
          ],
          "logLikelihood": -3772.8604045019933,
          "AIC": 7559.720809003987,
          "BIC": 7607.201363498431,
          "nParams": 7
        },
        "selection": {
          "fittedParams": [
            0.02032206270628224,
            0.1846837527488511,
            2.0,
            0.3311489840177276,
            0.2638745839509524,
            0.09824092409517407,
            0.12511954938415631
          ],
          "logLikelihood": -3918.9288963087606,
          "AIC": 7851.857792617521,
          "BIC": 7899.338347111966,
          "nParams": 7
        }
      },
      "best_model_aic": "fusionOnlyLogNorm",
      "best_model_bic": "fusionOnlyLogNorm"
    },
    {
      "iteration": 2,
      "model_fits": {
        "lognorm": {
          "fittedParams": [
            0.37213224472251766,
            0.2578353737697022,
            0.2012788398657048,
            0.7102163597396327,
            1.2219493807227817,
            0.2632771995142313,
            0.2953959417917944
          ],
          "logLikelihood": -3799.231853275506,
          "AIC": 7612.463706551012,
          "BIC": 7659.944261045457,
          "nParams": 7
        },
        "fusionOnlyLogNorm": {
          "fittedParams": [
            0.14262685301512298,
            0.39134845559496123,
            0.5535361419528035,
            2.0,
            0.1185272619340308,
            0.1305140399904727
          ],
          "logLikelihood": -3802.5034856571488,
          "AIC": 7617.0069713142975,
          "BIC": 7657.7045894523935,
          "nParams": 6
        },
        "switchingFree": {
          "fittedParams": [
            0.26359603980046165,
            0.13131570041299115,
            0.44309823296929757,
            0.32278058860033837,
            0.455829893687365,
            0.23343867579959793,
            0.1474400973925426,
            0.9611693769008818
          ],
          "logLikelihood": -3785.5749118747162,
          "AIC": 7587.1498237494325,
          "BIC": 7641.413314600227,
          "nParams": 8
        },
        "probabilityMatchingLogNorm": {
          "fittedParams": [
            0.333775100467888,
            0.288382942553601,
            0.4429799949713945,
            0.009147728474111067,
            2.0,
            0.15985540851785854,
            0.2212246772366508
          ],
          "logLikelihood": -3794.4652894111714,
          "AIC": 7602.930578822343,
          "BIC": 7650.4111333167875,
          "nParams": 7
        },
        "selection": {
          "fittedParams": [
            0.4,
            0.10189831275916807,
            0.1261112190618076,
            0.6060306814233922,
            2.0,
            0.3507377187434767,
            0.29477421968401973
          ],
          "logLikelihood": -3767.026604655379,
          "AIC": 7548.053209310758,
          "BIC": 7595.533763805202,
          "nParams": 7
        }
      },
      "best_model_aic": "selection",
      "best_model_bic": "selection"
    },
    {
      "iteration": 3,
      "model_fits": {
        "lognorm": {
          "fittedParams": [
            0.12558021013069132,
            0.4805894407747538,
            0.3611258549822408,
            0.6548790076371896,
            2.0,
            0.09128477780803322,
            0.19886730237880088
          ],
          "logLikelihood": -3800.459287406008,
          "AIC": 7614.918574812016,
          "BIC": 7662.399129306461,
          "nParams": 7
        },