{
  "participantID": "mt",
  "generating_model": "lognorm",
  "true_params": [
    0.060016318320364956,
    0.14157681437677516,
    0.2453356109792027,
    0.5629474043883376,
    0.47401674918523495,
    0.1817284507244998,
    0.2952600967375416
  ],
  "n_iterations": 5,
  "iterations": [
    {
      "iteration": 0,
      "model_fits": {
        "lognorm": {
          "fittedParams": [
            0.06527598182700262,
            0.16571618702480095,
            0.19510826930153474,
            0.4375972335051899,
            0.5820708753913681,
            0.1538407381749753,
            0.30966924718658784
          ],
          "logLikelihood": -3349.484285774779,
          "AIC": 6712.968571549558,
          "BIC": 6760.390927094437,
          "nParams": 7
        },
        "fusionOnlyLogNorm": {
          "fittedParams": [
            0.0580141983415398,
            0.1655808696694225,
            0.408972719877958,
            0.4225360675334776,
            0.11920746845084823,
            0.2801399952543279
          ],
          "logLikelihood": -3367.6528109769347,
          "AIC": 6747.305621953869,
          "BIC": 6787.953355278051,
          "nParams": 6
        },
        "switchingFree": {
          "fittedParams": [
            0.09186714341849338,
            0.07089675357779893,
            0.22548887322125097,
            0.21355341795500563,
            0.2730584710836373,
            0.2373041802108709,
            0.27058519919057306,
            0.5665157957103981
          ],
          "logLikelihood": -3364.5076766928983,
          "AIC": 6745.0153533857965,
          "BIC": 6799.212331151372,
          "nParams": 8
        },
        "probabilityMatchingLogNorm": {
          "fittedParams": [
            0.0755653217289641,
            0.17064681962707787,
            0.29336975301891044,
            0.01883489715660224,
            2.0,
            0.16748116217522413,
            0.3100422520324707
          ],
          "logLikelihood": -3400.85836668131,
          "AIC": 6815.71673336262,
          "BIC": 6863.139088907499,
          "nParams": 7
        },
        "selection": {
          "fittedParams": [
            0.041380063423560355,
            0.08400219326135386,
            0.18374515266892233,
            0.833258892215346,
            2.0,
            0.18086557252928312,
            0.22643215694044178
          ],
          "logLikelihood": -3400.6545862109233,
          "AIC": 6815.309172421847,
          "BIC": 6862.7315279667255,
          "nParams": 7
        }
      },
      "best_model_aic": "lognorm",
      "best_model_bic": "lognorm"
    },
    {
      "iteration": 1,
      "model_fits": {
        "lognorm": {
          "fittedParams": [
            0.1296050076295899,
            0.1179561300197007,
            0.1961801520398883,
            0.5148621826230932,
            0.5193405809734981,
            0.14963240858817706,
            0.26309445433609674
          ],
          "logLikelihood": -3233.269535240719,
          "AIC": 6480.539070481438,
          "BIC": 6527.961426026317,
          "nParams": 7
        },
        "fusionOnlyLogNorm": {
          "fittedParams": [
            0.09495149695096566,
            0.13869200606515397,
            0.3580203109250117,
            0.556035642919378,
            0.17736477752985844,
            0.25291157702303024
          ],
          "logLikelihood": -3238.259413302315,
          "AIC": 6488.51882660463,
          "BIC": 6529.166559928812,
          "nParams": 6
        },
        "switchingFree": {
          "fittedParams": [
            0.05004605189129518,
            0.044606897833293635,
            0.2698176154549473,
            0.2687940766267628,
            0.2776297879921779,
            0.13898159227347606,
            0.2323563916107467,
            0.6946671454801254
          ],
          "logLikelihood": -3243.6386118126848,
          "AIC": 6503.2772236253695,
          "BIC": 6557.474201390945,
          "nParams": 8
        },
        "probabilityMatchingLogNorm": {
          "fittedParams": [
            0.08672960529764366,
            0.12112859056410484,
            0.29268530488406297,
            0.021972180048615744,
            0.4347927135563371,
            0.17210205080858243,
            0.29838871711319964
          ],
          "logLikelihood": -3227.2919698152473,
          "AIC": 6468.583939630495,
          "BIC": 6516.006295175373,
          "nParams": 7
        },
        "selection": {
          "fittedParams": [
            0.03564686451503745,
            0.07380324051611241,
            0.15202945884065755,
            0.6342913469643072,
            0.25064323760173823,
            0.14897443113198872,
            0.30350182163760925
          ],
          "logLikelihood": -3243.766423606214,
          "AIC": 6501.532847212428,
          "BIC": 6548.955202757307,
          "nParams": 7
        }
      },
      "best_model_aic": "probabilityMatchingLogNorm",
      "best_model_bic": "probabilityMatchingLogNorm"
    },
    {
      "iteration": 2,
      "model_fits": {
        "lognorm": {
          "fittedParams": [
            0.015694069935011067,
            0.15810909121059677,
            0.27751650624757596,
            0.5959690466127674,
            0.7169188412118815,
            0.14132361927088613,
            0.22391599280825425
          ],
          "logLikelihood": -3282.562064005372,
          "AIC": 6579.124128010744,
          "BIC": 6626.546483555623,
          "nParams": 7
        },
        "fusionOnlyLogNorm": {
          "fittedParams": [
            0.07657963862360948,
            0.12431784775947465,
            0.3733062617467996,
            0.5108369903692718,
            0.19381942384821965,
            0.2941995622284079
          ],
          "logLikelihood": -3285.1949490154643,
          "AIC": 6582.389898030929,
          "BIC": 6623.0376313551105,
          "nParams": 6
        },
        "switchingFree": {
          "fittedParams": [
            0.06867609438240134,
            0.09960516197755907,
            0.20084331258947993,
            0.16017747317264194,
            0.2673017592141462,
            0.23799396340833212,
            0.22355637297895917,
            0.5121791121993338
          ],
          "logLikelihood": -3284.4107776412757,
          "AIC": 6584.821555282551,
          "BIC": 6639.018533048127,
          "nParams": 8
        },
        "probabilityMatchingLogNorm": {
          "fittedParams": [
            0.03517765939166321,
            0.16726173239369108,
            0.3695575254070028,
            0.0024570419529306863,
            0.394040971648237,
            0.10773168997926144,
            0.21691048644980304
          ],
          "logLikelihood": -3285.4710307056494,
          "AIC": 6584.942061411299,
          "BIC": 6632.364416956178,
          "nParams": 7
        },
        "selection": {
          "fittedParams": [
            0.0633387999914841,
            0.05964557381611546,
            0.15316875273689226,
            0.6970693624316703,
            0.17058042573115487,
            0.22889602514759266,
            0.25011009654947364
          ],
          "logLikelihood": -3289.8935864776095,
          "AIC": 6593.787172955219,
          "BIC": 6641.209528500098,
          "nParams": 7
        }
      },
      "best_model_aic": "lognorm",
      "best_model_bic": "fusionOnlyLogNorm"
    },
    {
      "iteration": 3,
      "model_fits": {
        "lognorm": {
          "fittedParams": [
            0.0705543813270728,
            0.1237213183732107,
            0.2030029361795726,
            0.6619358832907641,
            0.4257125843241165,
            0.22510462059493477,
            0.3097049977436381
          ],
          "logLikelihood": -3217.474903095807,
          "AIC": 6448.949806191614,
          "BIC": 6496.372161736493,
          "nParams": 7
        },