{
  "participantID": "mt",
  "generating_model": "probabilityMatchingLogNorm",
  "true_params": [
    0.035726815013191665,
    0.15696676968664147,
    0.41979527509512604,
    0.0024659055285154996,
    0.5389152652227063,
    0.11205308902596589,
    0.2438096735417843
  ],
  "n_iterations": 5,
  "iterations": [
    {
      "iteration": 0,
      "model_fits": {
        "lognorm": {
          "fittedParams": [
            0.04205769143530135,
            0.18499416821614598,
            0.3854795896236203,
            0.6677547989734088,
            0.7938602238980049,
            0.14385180789010232,
            0.23842821973615422
          ],
          "logLikelihood": -3411.048835522833,
          "AIC": 6836.097671045666,
          "BIC": 6883.520026590545,
          "nParams": 7
        },
        "fusionOnlyLogNorm": {
          "fittedParams": [
            0.03827520736735582,
            0.16780468452441005,
            0.45401701816860174,
            0.5387374318284723,
            0.1401734878246893,
            0.2812826425533947
          ],
          "logLikelihood": -3407.589724882684,
          "AIC": 6827.179449765368,
          "BIC": 6867.82718308955,
          "nParams": 6
        },
        "switchingFree": {
          "fittedParams": [
            0.15337582990587206,
            2.0,
            0.324494766815581,
            0.9620420355510549,
            0.4709741204538804,
            0.07570917473903681,
            0.32904939633824726,
            0.7232444290413794
          ],
          "logLikelihood": -3759.687047875361,
          "AIC": 7535.374095750722,
          "BIC": 7589.5710735162975,
          "nParams": 8
        },
        "probabilityMatchingLogNorm": {
          "fittedParams": [
            0.040719455151168586,
            0.1871868879247818,
            0.3043334807806422,
            0.17846005948858357,
            0.5712811336321058,
            0.09725750563869977,
            0.22601172127794816
          ],
          "logLikelihood": -3411.7074344825623,
          "AIC": 6837.414868965125,
          "BIC": 6884.837224510004,
          "nParams": 7
        },
        "selection": {
          "fittedParams": [
            0.04329164474222369,
            0.07720298715854486,
            0.2493598614615109,
            0.5649488513288002,
            2.0,
            0.1679745116305697,
            0.27793159906462594
          ],
          "logLikelihood": -3454.498380336134,
          "AIC": 6922.996760672268,
          "BIC": 6970.419116217146,
          "nParams": 7
        }
      },
      "best_model_aic": "fusionOnlyLogNorm",
      "best_model_bic": "fusionOnlyLogNorm"
    },
    {
      "iteration": 1,
      "model_fits": {
        "lognorm": {
          "fittedParams": [
            0.14762421013845148,
            0.11766145794376034,
            0.29202478093409884,
            0.9440712056335101,
            2.0,
            0.24822369129268793,
            0.3369091594202151
          ],
          "logLikelihood": -3366.8502570597097,
          "AIC": 6747.7005141194195,
          "BIC": 6795.122869664298,
          "nParams": 7
        },
        "fusionOnlyLogNorm": {
          "fittedParams": [
            0.06880013091031008,
            0.1582576288874863,
            0.4569590080965038,
            0.5799231274694711,
            0.0991391813451602,
            0.2829769113178074
          ],
          "logLikelihood": -3334.9751515468597,
          "AIC": 6681.950303093719,
          "BIC": 6722.598036417901,
          "nParams": 6
        },
        "switchingFree": {
          "fittedParams": [
            0.06904435840015098,
            0.12060981928122086,
            0.25939887745203527,
            0.1452300865523869,
            0.22715786534570684,
            0.1581215074694774,
            0.262772604346806,
            0.6161806268770099
          ],
          "logLikelihood": -3340.807407172397,
          "AIC": 6697.614814344794,
          "BIC": 6751.811792110369,
          "nParams": 8
        },
        "probabilityMatchingLogNorm": {
          "fittedParams": [
            0.022717950210666214,
            0.15611245775257498,
            0.22758630022731496,
            0.28112246422573295,
            0.4506008353984248,
            0.17413031671017043,
            0.22775110112213298
          ],
          "logLikelihood": -3335.5645742453794,
          "AIC": 6685.129148490759,
          "BIC": 6732.551504035638,
          "nParams": 7
        },
        "selection": {
          "fittedParams": [
            0.1012799790206651,
            0.06554592679354809,
            0.17324695503022972,
            0.773880237297792,
            0.21091028830561565,
            0.11644717565281107,
            0.2652436722337917
          ],
          "logLikelihood": -3342.0412301634165,
          "AIC": 6698.082460326833,
          "BIC": 6745.504815871712,
          "nParams": 7
        }
      },
      "best_model_aic": "fusionOnlyLogNorm",
      "best_model_bic": "fusionOnlyLogNorm"
    },
    {
      "iteration": 2,
      "model_fits": {
        "lognorm": {
          "fittedParams": [
            0.018568203573227013,
            0.16058672323792236,
            0.3196851940958162,
            0.6030544135308009,
            1.1149747722241332,
            0.04306846725300853,
            0.2693235241821608
          ],
          "logLikelihood": -3337.4058036457477,
          "AIC": 6688.811607291495,
          "BIC": 6736.233962836374,
          "nParams": 7
        },
        "fusionOnlyLogNorm": {
          "fittedParams": [
            0.06268560809256528,
            0.16260473626808167,
            0.44588208924135436,
            0.8323238701682059,
            0.05415999710341826,
            0.25196791274404706
          ],
          "logLikelihood": -3336.173835695154,
          "AIC": 6684.347671390308,
          "BIC": 6724.99540471449,
          "nParams": 6
        },
        "switchingFree": {
          "fittedParams": [
            0.02699952317552825,
            0.09146795262240458,
            0.41816683520360104,
            0.21864486230295918,
            0.3964990189022843,
            0.07775749301976762,
            0.1690277931210881,
            0.7991260737088042
          ],
          "logLikelihood": -3342.9205926303002,
          "AIC": 6701.8411852606005,
          "BIC": 6756.038163026176,
          "nParams": 8
        },
        "probabilityMatchingLogNorm": {
          "fittedParams": [
            0.037408480838975425,
            0.16557610141445864,
            0.2842468169458866,
            0.1584073460078094,
            0.6155649891178867,
            0.08365976239365837,
            0.19288721918978508
          ],
          "logLikelihood": -3340.298517154515,
          "AIC": 6694.59703430903,
          "BIC": 6742.019389853909,
          "nParams": 7
        },
        "selection": {
          "fittedParams": [
            0.006952096649729456,
            0.09062724346875106,
            0.22267061851797473,
            0.8881095767371983,
            0.37145531517350605,
            0.08114103578516843,
            0.1947545223385063
          ],
          "logLikelihood": -3353.428541004057,
          "AIC": 6720.857082008114,
          "BIC": 6768.279437552993,
          "nParams": 7
        }
      },
      "best_model_aic": "fusionOnlyLogNorm",
      "best_model_bic": "fusionOnlyLogNorm"
    },
    {
      "iteration": 3,
      "model_fits": {
        "lognorm": {
          "fittedParams": [
            0.10237951447924479,
            0.12443920534089707,
            0.2599397926610365,
            0.6965047441892059,
            0.7845666327968693,
            0.13331527559438774,
            0.2851421571722039
          ],
          "logLikelihood": -3349.7134373233575,
          "AIC": 6713.426874646715,
          "BIC": 6760.849230191594,
          "nParams": 7
        },