{
  "participantID": "mt",
  "generating_model": "selection",
  "true_params": [
    0.05397702112051753,
    0.07375835781862317,
    0.19423557953476733,
    0.993043009906603,
    0.23141702394903363,
    0.17982285854555025,
    0.22664649425750824
  ],
  "n_iterations": 5,
  "iterations": [
    {
      "iteration": 0,
      "model_fits": {
        "lognorm": {
          "fittedParams": [
            0.04829424904367375,
            0.16068717993114456,
            0.3166287108150395,
            0.6706581324894828,
            0.6155349328525498,
            0.19892725138910292,
            0.2919578182898921
          ],
          "logLikelihood": -3351.954331596455,
          "AIC": 6717.90866319291,
          "BIC": 6765.331018737789,
          "nParams": 7
        },
        "fusionOnlyLogNorm": {
          "fittedParams": [
            0.039647753495343815,
            0.15204797094343447,
            0.37956556600072267,
            0.3872431989395026,
            0.18096839761666986,
            0.2656196330821482
          ],
          "logLikelihood": -3346.521896375616,
          "AIC": 6705.043792751232,
          "BIC": 6745.691526075414,
          "nParams": 6
        },
        "switchingFree": {
          "fittedParams": [
            0.09618101578473923,
            0.10203079301092449,
            0.25009063799499043,
            0.1160604004025714,
            0.279165593560019,
            0.2110715971803275,
            0.2584988076359322,
            0.5206513410825724
          ],
          "logLikelihood": -3348.9989752608217,
          "AIC": 6713.997950521643,
          "BIC": 6768.194928287219,
          "nParams": 8
        },
        "probabilityMatchingLogNorm": {
          "fittedParams": [
            0.09377415103223777,
            0.14133839953442878,
            0.2659675897177854,
            0.13789769690003234,
            0.41695932594063634,
            0.18542783382705955,
            0.24717720115599512
          ],
          "logLikelihood": -3348.6026933177004,
          "AIC": 6711.205386635401,
          "BIC": 6758.62774218028,
          "nParams": 7
        },
        "selection": {
          "fittedParams": [
            0.08173585533242528,
            0.06464099541360158,
            0.16881585589548864,
            0.7524177063026515,
            0.20212887024544654,
            0.22084267752826034,
            0.23081904606127263
          ],
          "logLikelihood": -3340.1865886382025,
          "AIC": 6694.373177276405,
          "BIC": 6741.795532821284,
          "nParams": 7
        }
      },
      "best_model_aic": "selection",
      "best_model_bic": "selection"
    },
    {
      "iteration": 1,
      "model_fits": {
        "lognorm": {
          "fittedParams": [
            0.027542136450838587,
            0.16686437941384114,
            0.3467479008634866,
            0.5893936389849639,
            0.6654091079643002,
            0.1379547052927577,
            0.1651127849910793
          ],
          "logLikelihood": -3299.9585048947965,
          "AIC": 6613.917009789593,
          "BIC": 6661.339365334472,
          "nParams": 7
        },
        "fusionOnlyLogNorm": {
          "fittedParams": [
            0.05797601403023462,
            0.15940732758462411,
            0.359286946871449,
            0.4336293601863795,
            0.1789673167065583,
            0.25258821431594697
          ],
          "logLikelihood": -3290.415761374055,
          "AIC": 6592.83152274811,
          "BIC": 6633.479256072292,
          "nParams": 6
        },
        "switchingFree": {
          "fittedParams": [
            0.10525707216582561,
            0.09637607240427774,
            0.23794720831428415,
            0.0992548340654909,
            0.23348519349764196,
            0.2313868317471444,
            0.24735316115597014,
            0.5582940873143738
          ],
          "logLikelihood": -3295.874659716792,
          "AIC": 6607.749319433584,
          "BIC": 6661.94629719916,
          "nParams": 8
        },
        "probabilityMatchingLogNorm": {
          "fittedParams": [
            0.04813882218685683,
            0.127923043035758,
            0.23498856640925134,
            0.1616192731150929,
            0.47140395842119787,
            0.21273114619538772,
            0.24625097236254406
          ],
          "logLikelihood": -3291.7970252274063,
          "AIC": 6597.5940504548125,
          "BIC": 6645.016405999691,
          "nParams": 7
        },
        "selection": {
          "fittedParams": [
            0.08697816395822339,
            0.0722943044660236,
            0.19574615647847574,
            0.9950626375974331,
            0.1897496439657551,
            0.21888010478290357,
            0.18386096339727798
          ],
          "logLikelihood": -3287.0951429245156,
          "AIC": 6588.190285849031,
          "BIC": 6635.61264139391,
          "nParams": 7
        }
      },
      "best_model_aic": "selection",
      "best_model_bic": "fusionOnlyLogNorm"
    },
    {
      "iteration": 2,
      "model_fits": {
        "lognorm": {
          "fittedParams": [
            0.0978367085269667,
            0.14621912953766236,
            0.373217192992678,
            0.7283828221159042,
            0.3822466544078447,
            0.24771804491578928,
            0.20290199572755094
          ],
          "logLikelihood": -3436.505525834739,
          "AIC": 6887.011051669478,
          "BIC": 6934.4334072143565,
          "nParams": 7
        },
        "fusionOnlyLogNorm": {
          "fittedParams": [
            0.050268330425022205,
            0.1380346696574698,
            0.4320909733544833,
            0.8197154531411487,
            0.17694308457054728,
            0.23302257219207756
          ],
          "logLikelihood": -3439.022469454813,
          "AIC": 6890.044938909626,
          "BIC": 6930.692672233808,
          "nParams": 6
        },
        "switchingFree": {
          "fittedParams": [
            0.10644975382680578,
            0.11029081600609178,
            0.3805590926061303,
            0.10686957162916712,
            0.7060927578893886,
            0.2583264881175132,
            0.22505145196023602,
            0.7852062260111835
          ],
          "logLikelihood": -3458.1803337363476,
          "AIC": 6932.360667472695,
          "BIC": 6986.557645238271,
          "nParams": 8
        },
        "probabilityMatchingLogNorm": {
          "fittedParams": [
            0.09675581315129436,
            0.16473184184197448,
            0.4039382635589736,
            0.051723495415577296,
            0.33856610831493317,
            0.27491071778670023,
            0.21036517586116027
          ],
          "logLikelihood": -3439.0356211411386,
          "AIC": 6892.071242282277,
          "BIC": 6939.493597827156,
          "nParams": 7
        },
        "selection": {
          "fittedParams": [
            0.10226878998756599,
            0.07575493471043648,
            0.20061638371487583,
            0.7999183265226693,
            0.2558945171309307,
            0.2640021945954421,
            0.23684707284658688
          ],
          "logLikelihood": -3421.537091057589,
          "AIC": 6857.074182115178,
          "BIC": 6904.496537660057,
          "nParams": 7
        }
      },
      "best_model_aic": "selection",
      "best_model_bic": "selection"
    },
    {
      "iteration": 3,
      "model_fits": {
        "lognorm": {
          "fittedParams": [
            0.06277305200230748,
            0.15592033942181904,
            0.24075155294186795,
            0.5774305533474073,
            0.6439218954979558,
            0.23322961118635221,
            0.17142497545346846
          ],
          "logLikelihood": -3327.7781429023316,
          "AIC": 6669.556285804663,
          "BIC": 6716.978641349542,
          "nParams": 7
        },