{
  "participantID": "oy",
  "generating_model": "fusionOnlyLogNorm",
  "true_params": [
    0.07019546568712684,
    0.30644960598042226,
    0.8135783223754259,
    0.4301590095274149,
    0.08789411060879938,
    0.1330801384391263
  ],
  "n_iterations": 5,
  "iterations": [
    {
      "iteration": 0,
      "model_fits": {
        "lognorm": {
          "fittedParams": [
            0.02583294801048267,
            0.3481715919168659,
            0.7433600096982356,
            0.3709758946879116,
            0.4334435823711741,
            0.16255175558056217,
            0.12662074279389057
          ],
          "logLikelihood": -3534.6829480862334,
          "AIC": 7083.365896172467,
          "BIC": 7130.836784382292,
          "nParams": 7
        },
        "fusionOnlyLogNorm": {
          "fittedParams": [
            0.16493901050007428,
            0.26855446482567724,
            1.0251370318109498,
            0.36856086086831313,
            0.1710124771075252,
            0.18718445363934413
          ],
          "logLikelihood": -3528.852757943781,
          "AIC": 7069.705515887562,
          "BIC": 7110.39484863884,
          "nParams": 6
        },
        "switchingFree": {
          "fittedParams": [
            0.02559432624805149,
            2.0,
            0.5070366819502249,
            0.9206892331287839,
            0.23354285682321735,
            0.06970912429247073,
            0.21690421730133025,
            0.38225047873313167
          ],
          "logLikelihood": -3692.3721695525146,
          "AIC": 7400.744339105029,
          "BIC": 7454.996782773401,
          "nParams": 8
        },
        "probabilityMatchingLogNorm": {
          "fittedParams": [
            0.11712600485322443,
            0.33535173056197054,
            0.6277256454001775,
            0.4303548413914992,
            0.4357798105987928,
            0.10847718946311008,
            0.1392591655225237
          ],
          "logLikelihood": -3530.5947528252495,
          "AIC": 7075.189505650499,
          "BIC": 7122.660393860324,
          "nParams": 7
        },
        "selection": {
          "fittedParams": [
            0.12526254396763822,
            0.13884145471139173,
            0.36057764685015,
            0.9563619901710027,
            0.16265500855506887,
            0.18825570804758646,
            0.18735822004267436
          ],
          "logLikelihood": -3552.714696539758,
          "AIC": 7119.429393079516,
          "BIC": 7166.9002812893405,
          "nParams": 7
        }
      },
      "best_model_aic": "fusionOnlyLogNorm",
      "best_model_bic": "fusionOnlyLogNorm"
    },
    {
      "iteration": 1,
      "model_fits": {
        "lognorm": {
          "fittedParams": [
            0.15579838849611274,
            0.29458009532056323,
            2.0,
            0.021588024377055648,
            0.3354533615754825,
            0.11348862761873947,
            0.12075535280014432
          ],
          "logLikelihood": -3483.2638741417377,
          "AIC": 6980.527748283475,
          "BIC": 7027.9986364933,
          "nParams": 7
        },
        "fusionOnlyLogNorm": {
          "fittedParams": [
            0.09806397895030644,
            0.35983793266932873,
            0.8430827914199965,
            0.4474462706138253,
            0.038328304748350896,
            0.0465389096545976
          ],
          "logLikelihood": -3482.1455373424155,
          "AIC": 6976.291074684831,
          "BIC": 7016.980407436109,
          "nParams": 6
        },
        "switchingFree": {
          "fittedParams": [
            0.14005379033990378,
            0.2761077928094252,
            0.7578992224295583,
            0.10757958150464518,
            0.09633867285623236,
            0.019310559902153763,
            0.05395537884379725,
            0.5144087076215406
          ],
          "logLikelihood": -3497.3693261924245,
          "AIC": 7010.738652384849,
          "BIC": 7064.991096053221,
          "nParams": 8
        },
        "probabilityMatchingLogNorm": {
          "fittedParams": [
            0.11061662392485197,
            0.3550419351715758,
            1.4816586926871624,
            0.10784284692511933,
            0.4017710089017871,
            0.031199009356372286,
            0.10560460450782386
          ],
          "logLikelihood": -3485.468673995645,
          "AIC": 6984.93734799129,
          "BIC": 7032.408236201115,
          "nParams": 7
        },
        "selection": {
          "fittedParams": [
            0.11839978773610804,
            0.1778514101615546,
            0.3951284631684444,
            0.754230370195943,
            0.17894559014066186,
            0.08099151198079087,
            0.14251041615643784
          ],
          "logLikelihood": -3504.44626028056,
          "AIC": 7022.89252056112,
          "BIC": 7070.363408770945,
          "nParams": 7
        }
      },
      "best_model_aic": "fusionOnlyLogNorm",
      "best_model_bic": "fusionOnlyLogNorm"
    },
    {
      "iteration": 2,
      "model_fits": {
        "lognorm": {
          "fittedParams": [
            0.11924054393505097,
            0.3701799579070224,
            0.8240393791646338,
            0.7455537899194196,
            0.467301912418473,
            0.14171160364977814,
            0.167981454583707
          ],
          "logLikelihood": -3559.6138333216622,
          "AIC": 7133.2276666433245,
          "BIC": 7180.698554853149,
          "nParams": 7
        },
        "fusionOnlyLogNorm": {
          "fittedParams": [
            0.08462437346603205,
            0.35350870363222686,
            0.9284220966180536,
            0.5039464013515074,
            0.12807720395861172,
            0.08440333664601249
          ],
          "logLikelihood": -3554.3434135049392,
          "AIC": 7120.6868270098785,
          "BIC": 7161.3761597611565,
          "nParams": 6
        },
        "switchingFree": {
          "fittedParams": [
            0.018103672136373844,
            0.15814413363792285,
            0.8716007591840951,
            0.23014146700443977,
            0.3834557885959758,
            0.13018747015602608,
            0.05637020429068139,
            0.2565091788656516
          ],
          "logLikelihood": -3564.0491887245917,
          "AIC": 7144.098377449183,
          "BIC": 7198.350821117555,
          "nParams": 8
        },
        "probabilityMatchingLogNorm": {
          "fittedParams": [
            0.07951702712358746,
            0.34490102066372885,
            1.1964601902674104,
            0.09540165853909395,
            0.5229940689124822,
            0.1033057952428689,
            0.08181002917863513
          ],
          "logLikelihood": -3564.867825285914,
          "AIC": 7143.735650571828,
          "BIC": 7191.206538781653,
          "nParams": 7
        },
        "selection": {
          "fittedParams": [
            0.17835589579610317,
            0.13060055817127958,
            0.3499130587593202,
            0.7957309817004963,
            0.1940871555754709,
            0.19190556231100137,
            0.23004474477416786
          ],
          "logLikelihood": -3580.341795247665,
          "AIC": 7174.68359049533,
          "BIC": 7222.154478705154,
          "nParams": 7
        }
      },
      "best_model_aic": "fusionOnlyLogNorm",
      "best_model_bic": "fusionOnlyLogNorm"
    },
    {
      "iteration": 3,
      "model_fits": {
        "lognorm": {
          "fittedParams": [
            0.16302804537432003,
            0.28291997901243343,
            0.9700177234810308,
            0.9568650606638001,
            0.4288116337968789,
            0.09646410024831314,
            0.18582501398154086
          ],
          "logLikelihood": -3534.0585953466116,
          "AIC": 7082.117190693223,
          "BIC": 7129.588078903048,
          "nParams": 7
        },