{
  "participantID": "oy",
  "generating_model": "lognorm",
  "true_params": [
    0.08410660290365946,
    0.29852335361276694,
    0.9865746703231218,
    0.8558858769735136,
    0.3924577143692063,
    0.055491089033059826,
    0.11943352237614092
  ],
  "n_iterations": 5,
  "iterations": [
    {
      "iteration": 0,
      "model_fits": {
        "lognorm": {
          "fittedParams": [
            0.0817696660303961,
            0.2740489723532796,
            2.0,
            0.16104083992462137,
            0.5050657397760087,
            0.039838635115721034,
            0.1425093246500579
          ],
          "logLikelihood": -3459.432154829911,
          "AIC": 6932.864309659822,
          "BIC": 6980.335197869646,
          "nParams": 7
        },
        "fusionOnlyLogNorm": {
          "fittedParams": [
            0.10897596178126605,
            0.3307662493400926,
            1.1383952733050577,
            0.3915271506272458,
            0.11813330232584532,
            0.16028067175959576
          ],
          "logLikelihood": -3462.7759336491745,
          "AIC": 6937.551867298349,
          "BIC": 6978.241200049627,
          "nParams": 6
        },
        "switchingFree": {
          "fittedParams": [
            0.15328859317052562,
            0.18308204387123042,
            0.5846941720424099,
            0.12442282496934487,
            0.2630465497354762,
            0.07987085394883246,
            0.1515291412803948,
            0.2744833253413075
          ],
          "logLikelihood": -3459.5040728703016,
          "AIC": 6935.008145740603,
          "BIC": 6989.260589408975,
          "nParams": 8
        },
        "probabilityMatchingLogNorm": {
          "fittedParams": [
            0.08568794266524711,
            0.255511871977056,
            1.1521335591311226,
            0.4066185632382447,
            0.38670374569011257,
            0.12137187736484772,
            0.10385237438646103
          ],
          "logLikelihood": -3454.9348143210154,
          "AIC": 6923.869628642031,
          "BIC": 6971.340516851856,
          "nParams": 7
        },
        "selection": {
          "fittedParams": [
            0.09836214075805941,
            0.14557462111488723,
            0.6573046067567537,
            0.5353725365719104,
            0.22593549792009512,
            0.1084310647264665,
            0.15899909192649347
          ],
          "logLikelihood": -3480.6360542882353,
          "AIC": 6975.272108576471,
          "BIC": 7022.742996786295,
          "nParams": 7
        }
      },
      "best_model_aic": "probabilityMatchingLogNorm",
      "best_model_bic": "probabilityMatchingLogNorm"
    },
    {
      "iteration": 1,
      "model_fits": {
        "lognorm": {
          "fittedParams": [
            0.06078450657276765,
            0.28270156392441276,
            0.7121308783933737,
            0.8052161152988763,
            0.431558603061246,
            0.10139056506241917,
            0.10708359368240353
          ],
          "logLikelihood": -3455.965501753939,
          "AIC": 6925.931003507878,
          "BIC": 6973.401891717703,
          "nParams": 7
        },
        "fusionOnlyLogNorm": {
          "fittedParams": [
            0.07248048153649966,
            0.29027064780924905,
            1.3119279324635562,
            0.35122523950647944,
            0.07064167065647875,
            0.14426868590379213
          ],
          "logLikelihood": -3451.301529759785,
          "AIC": 6914.60305951957,
          "BIC": 6955.292392270848,
          "nParams": 6
        },
        "switchingFree": {
          "fittedParams": [
            0.0970951322697527,
            0.26723805935167183,
            0.42385436552281114,
            0.061827487526105014,
            0.34221850655720765,
            0.10114714180551634,
            0.06276729723331333,
            0.24929527418583808
          ],
          "logLikelihood": -3450.6068356491514,
          "AIC": 6917.213671298303,
          "BIC": 6971.4661149666745,
          "nParams": 8
        },
        "probabilityMatchingLogNorm": {
          "fittedParams": [
            0.06379619112302647,
            0.3463315336669103,
            1.532643321979528,
            0.46902825597852726,
            0.4195943600486674,
            0.04299883311367122,
            0.07845180692498518
          ],
          "logLikelihood": -3465.829433419818,
          "AIC": 6945.658866839636,
          "BIC": 6993.129755049461,
          "nParams": 7
        },
        "selection": {
          "fittedParams": [
            0.1460627316557514,
            0.14616183944047223,
            2.0,
            0.606456833120564,
            0.17509865419546952,
            0.04540683132284916,
            0.09207007278010584
          ],
          "logLikelihood": -3487.868678466878,
          "AIC": 6989.737356933756,
          "BIC": 7037.208245143581,
          "nParams": 7
        }
      },
      "best_model_aic": "fusionOnlyLogNorm",
      "best_model_bic": "fusionOnlyLogNorm"
    },
    {
      "iteration": 2,
      "model_fits": {
        "lognorm": {
          "fittedParams": [
            0.09663021112051111,
            0.3239028309680911,
            0.4606600419218368,
            0.025496188165991945,
            0.4227968765387506,
            0.04864368948389936,
            0.08192963213063931
          ],
          "logLikelihood": -3428.9219714171836,
          "AIC": 6871.843942834367,
          "BIC": 6919.314831044192,
          "nParams": 7
        },
        "fusionOnlyLogNorm": {
          "fittedParams": [
            0.08584390899652777,
            0.2771281321136055,
            1.270971104217831,
            0.3986617761785679,
            0.11175971848141254,
            0.12755482648686722
          ],
          "logLikelihood": -3413.9671815748784,
          "AIC": 6839.934363149757,
          "BIC": 6880.623695901035,
          "nParams": 6
        },
        "switchingFree": {
          "fittedParams": [
            0.06665903380562015,
            0.1502282954361633,
            0.9051907813891797,
            0.28145442264373927,
            0.28225506158459357,
            0.03499625408880375,
            0.05828754587853593,
            0.13304832256817747
          ],
          "logLikelihood": -3436.281964797317,
          "AIC": 6888.563929594634,
          "BIC": 6942.8163732630055,
          "nParams": 8
        },
        "probabilityMatchingLogNorm": {
          "fittedParams": [
            0.10926923999725145,
            0.30033468102130445,
            2.0,
            0.46810223739719004,
            0.35259624635258185,
            0.0993203078325907,
            0.06711963339465862
          ],
          "logLikelihood": -3419.6528144007366,
          "AIC": 6853.305628801473,
          "BIC": 6900.776517011298,
          "nParams": 7
        },
        "selection": {
          "fittedParams": [
            0.10195021866315596,
            0.1395079151976636,
            0.5001165287163734,
            0.7778046990023064,
            0.22061924230368363,
            0.03508480962026468,
            0.04394049850549874
          ],
          "logLikelihood": -3444.8232244632195,
          "AIC": 6903.646448926439,
          "BIC": 6951.117337136264,
          "nParams": 7
        }
      },
      "best_model_aic": "fusionOnlyLogNorm",
      "best_model_bic": "fusionOnlyLogNorm"
    },
    {
      "iteration": 3,
      "model_fits": {
        "lognorm": {
          "fittedParams": [
            0.07359617188774126,
            0.35704911812365203,
            0.8796048963350077,
            0.9974428590361655,
            0.42891099419339906,
            0.07894479336414585,
            0.05837075489505203
          ],
          "logLikelihood": -3448.209887658789,
          "AIC": 6910.419775317578,
          "BIC": 6957.8906635274025,
          "nParams": 7
        },