{
  "participantID": "oy",
  "generating_model": "selection",
  "true_params": [
    0.12488248915821314,
    0.13293092783510674,
    0.35442944906070817,
    0.790721483528614,
    0.1947074183763562,
    0.13404627233743668,
    0.1751228654280305
  ],
  "n_iterations": 5,
  "iterations": [
    {
      "iteration": 0,
      "model_fits": {
        "lognorm": {
          "fittedParams": [
            0.1372867968619417,
            0.33657498638231487,
            0.33256472782813323,
            0.18197151254741106,
            0.5890180794238424,
            0.07504017178978017,
            0.14368031947177606
          ],
          "logLikelihood": -3528.991990421514,
          "AIC": 7071.983980843028,
          "BIC": 7119.454869052853,
          "nParams": 7
        },
        "fusionOnlyLogNorm": {
          "fittedParams": [
            0.2088392530585844,
            0.2580214346051008,
            0.6205727402455772,
            0.32793216510926443,
            0.2139690715076795,
            0.21236186671733195
          ],
          "logLikelihood": -3520.5885130012443,
          "AIC": 7053.177026002489,
          "BIC": 7093.866358753767,
          "nParams": 6
        },
        "switchingFree": {
          "fittedParams": [
            0.14288945153783006,
            0.24691302098366552,
            0.24598632755801297,
            0.1721092815066699,
            0.3538945159420609,
            0.1596894683995013,
            0.17421805621839187,
            0.14531548178456966
          ],
          "logLikelihood": -3521.35870909875,
          "AIC": 7058.7174181975,
          "BIC": 7112.969861865871,
          "nParams": 8
        },
        "probabilityMatchingLogNorm": {
          "fittedParams": [
            0.15873880737646548,
            0.2978232954692003,
            0.5375303864056256,
            0.0943359898863734,
            0.3734613896102135,
            0.11878927830926778,
            0.2510997798670894
          ],
          "logLikelihood": -3514.2560541481544,
          "AIC": 7042.512108296309,
          "BIC": 7089.9829965061335,
          "nParams": 7
        },
        "selection": {
          "fittedParams": [
            0.06230821249103953,
            0.1994305943797942,
            0.5827583248290842,
            0.6494547486733564,
            0.25396780123540275,
            0.06611654319934726,
            0.0510220212941806
          ],
          "logLikelihood": -3529.3401839965045,
          "AIC": 7072.680367993009,
          "BIC": 7120.151256202834,
          "nParams": 7
        }
      },
      "best_model_aic": "probabilityMatchingLogNorm",
      "best_model_bic": "probabilityMatchingLogNorm"
    },
    {
      "iteration": 1,
      "model_fits": {
        "lognorm": {
          "fittedParams": [
            0.15025142856870635,
            0.25003040608628,
            0.5112361338003573,
            0.6485736804481175,
            0.3130374064917404,
            0.17238843646289878,
            0.31824885499322564
          ],
          "logLikelihood": -3527.295266012884,
          "AIC": 7068.590532025768,
          "BIC": 7116.061420235593,
          "nParams": 7
        },
        "fusionOnlyLogNorm": {
          "fittedParams": [
            0.14600055519426686,
            0.23120712887642564,
            0.7006573280931131,
            0.40909210240738225,
            0.18345837865172301,
            0.23844798503253145
          ],
          "logLikelihood": -3527.0762991652196,
          "AIC": 7066.152598330439,
          "BIC": 7106.841931081717,
          "nParams": 6
        },
        "switchingFree": {
          "fittedParams": [
            0.19808809238722994,
            0.19291012695835602,
            0.27801678210792535,
            0.19562424790645772,
            0.28819418815942643,
            0.22252619621757136,
            0.1899057274803496,
            0.3136715545001486
          ],
          "logLikelihood": -3530.3242353977007,
          "AIC": 7076.648470795401,
          "BIC": 7130.900914463773,
          "nParams": 8
        },
        "probabilityMatchingLogNorm": {
          "fittedParams": [
            0.18062986696264452,
            0.28743115944349873,
            0.7005348659486565,
            0.1176123973086276,
            0.32715381509003927,
            0.1565342586551908,
            0.2646779057222011
          ],
          "logLikelihood": -3531.591506590775,
          "AIC": 7077.18301318155,
          "BIC": 7124.653901391375,
          "nParams": 7
        },
        "selection": {
          "fittedParams": [
            0.1539158284882405,
            0.12634802869031883,
            0.44774133906031466,
            0.8922562794646455,
            0.1672440088697283,
            0.12805299179064145,
            0.23002025378335653
          ],
          "logLikelihood": -3512.2078869063516,
          "AIC": 7038.415773812703,
          "BIC": 7085.886662022528,
          "nParams": 7
        }
      },
      "best_model_aic": "selection",
      "best_model_bic": "selection"
    },
    {
      "iteration": 2,
      "model_fits": {
        "lognorm": {
          "fittedParams": [
            0.20799921587443354,
            0.2575006022036138,
            0.8676649076662651,
            0.8635321867877186,
            0.30196757418946,
            0.09371025579413225,
            0.20700344770855827
          ],
          "logLikelihood": -3480.473208641527,
          "AIC": 6974.946417283054,
          "BIC": 7022.417305492879,
          "nParams": 7
        },
        "fusionOnlyLogNorm": {
          "fittedParams": [
            0.24394443310894515,
            0.20392903953410402,
            0.7115182943351779,
            0.31099010855051673,
            0.2115793175020047,
            0.1629802307588043
          ],
          "logLikelihood": -3490.956040188709,
          "AIC": 6993.912080377418,
          "BIC": 7034.601413128696,
          "nParams": 6
        },
        "switchingFree": {
          "fittedParams": [
            0.15507258907159174,
            0.2380768026510353,
            0.6281576098322526,
            0.054787382540655336,
            0.18449080293710923,
            0.10288938121842409,
            0.165746539836037,
            0.24446558831355863
          ],
          "logLikelihood": -3483.343972607645,
          "AIC": 6982.68794521529,
          "BIC": 7036.940388883661,
          "nParams": 8
        },
        "probabilityMatchingLogNorm": {
          "fittedParams": [
            0.1883224780959115,
            0.2311616634706885,
            0.8281049736215614,
            0.08913954910810383,
            0.3082807552727602,
            0.11461704142214568,
            0.20605411705484158
          ],
          "logLikelihood": -3483.483179227651,
          "AIC": 6980.966358455302,
          "BIC": 7028.437246665127,
          "nParams": 7
        },
        "selection": {
          "fittedParams": [
            0.1626724151180873,
            0.1246623007958186,
            0.4145670980348806,
            0.7031985662845172,
            0.17943676435420575,
            0.1362916911718366,
            0.18254202105896783
          ],
          "logLikelihood": -3462.580601426113,
          "AIC": 6939.161202852226,
          "BIC": 6986.632091062051,
          "nParams": 7
        }
      },
      "best_model_aic": "selection",
      "best_model_bic": "selection"
    },
    {
      "iteration": 3,
      "model_fits": {
        "lognorm": {
          "fittedParams": [
            0.07145300730879481,
            0.2999757485243927,
            0.21243041677048885,
            0.14435372278192243,
            0.4530377952735452,
            0.18900982270772232,
            0.2016837693380185
          ],
          "logLikelihood": -3516.7627817297416,
          "AIC": 7047.525563459483,
          "BIC": 7094.996451669308,
          "nParams": 7
        },