{
  "participantID": "as",
  "generating_model": "selection",
  "true_params": [
    0.0010667831160246222,
    0.12337766998822874,
    0.25980343619369795,
    0.5284609666097367,
    0.34794657653987715,
    0.03998967475047413,
    0.003554827023198731
  ],
  "n_iterations": 5,
  "iterations": [
    {
      "iteration": 0,
      "model_fits": {
        "lognorm": {
          "fittedParams": [
            0.061627094902873526,
            0.22673926002277692,
            0.40675642858857985,
            0.5615681503938408,
            0.7400306069777545,
            0.15812744671095125,
            0.09637950020322048
          ],
          "logLikelihood": -3353.9462044599904,
          "AIC": 6721.892408919981,
          "BIC": 6769.3115169584225,
          "nParams": 7
        },
        "fusionOnlyLogNorm": {
          "fittedParams": [
            0.06827053201566441,
            0.2275895424362954,
            0.5987890259907529,
            0.6929139407681617,
            0.02557511780380249,
            0.0542019546768467
          ],
          "logLikelihood": -3363.024696351251,
          "AIC": 6738.049392702502,
          "BIC": 6778.694342449738,
          "nParams": 6
        },
        "switchingFree": {
          "fittedParams": [
            0.06133642175653112,
            0.19095679638167676,
            0.5420296640245272,
            0.10191626436587051,
            0.13154006317954864,
            0.0933179613142332,
            0.0380755198025208,
            0.6619662508896523
          ],
          "logLikelihood": -3364.9498567734668,
          "AIC": 6745.8997135469335,
          "BIC": 6800.092979876581,
          "nParams": 8
        },
        "probabilityMatchingLogNorm": {
          "fittedParams": [
            0.07472421298755384,
            0.19636669351755623,
            0.5768803597883465,
            0.03344870403967093,
            0.6957248511805446,
            0.07361757726436746,
            0.1314448900070075
          ],
          "logLikelihood": -3357.0431489014204,
          "AIC": 6728.086297802841,
          "BIC": 6775.5054058412825,
          "nParams": 7
        },
        "selection": {
          "fittedParams": [
            0.012169180076389147,
            0.11799489612686945,
            0.2755589974000199,
            0.8421621869786806,
            0.5293648114108446,
            0.01706655743228621,
            0.018831577063107813
          ],
          "logLikelihood": -3334.473216437195,
          "AIC": 6682.94643287439,
          "BIC": 6730.365540912831,
          "nParams": 7
        }
      },
      "best_model_aic": "selection",
      "best_model_bic": "selection"
    },
    {
      "iteration": 1,
      "model_fits": {
        "lognorm": {
          "fittedParams": [
            0.19455454435848296,
            0.1574167906640639,
            0.4060253231811783,
            0.8998163088799706,
            2.0,
            0.19927712470149475,
            0.22594212863144236
          ],
          "logLikelihood": -3415.5634942265083,
          "AIC": 6845.126988453017,
          "BIC": 6892.546096491458,
          "nParams": 7
        },
        "fusionOnlyLogNorm": {
          "fittedParams": [
            0.05581167866737758,
            0.24886257445544113,
            0.6125044209085544,
            0.901846807181933,
            0.07341708552080337,
            0.07105408913405852
          ],
          "logLikelihood": -3371.143481356888,
          "AIC": 6754.286962713776,
          "BIC": 6794.931912461012,
          "nParams": 6
        },
        "switchingFree": {
          "fittedParams": [
            0.05591166318515864,
            0.2032491440536494,
            0.4745775168508857,
            0.12806444586185733,
            0.4052277437622052,
            0.055041135195550914,
            0.006844424115769616,
            0.5365919907795136
          ],
          "logLikelihood": -3359.809381255316,
          "AIC": 6735.618762510632,
          "BIC": 6789.81202884028,
          "nParams": 8
        },
        "probabilityMatchingLogNorm": {
          "fittedParams": [
            0.061551173059607805,
            0.2656232809156549,
            0.3859624447183304,
            0.21332763288266865,
            0.5743840597309222,
            0.03733633485592496,
            0.06722237469909031
          ],
          "logLikelihood": -3372.4097033613084,
          "AIC": 6758.819406722617,
          "BIC": 6806.2385147610585,
          "nParams": 7
        },
        "selection": {
          "fittedParams": [
            0.07143717610656602,
            0.1299572375751481,
            0.17987551251818626,
            0.5148007819433761,
            0.2816331340826229,
            0.1403114284190239,
            0.06589553085066048
          ],
          "logLikelihood": -3356.5832342920853,
          "AIC": 6727.166468584171,
          "BIC": 6774.585576622612,
          "nParams": 7
        }
      },
      "best_model_aic": "selection",
      "best_model_bic": "selection"
    },
    {
      "iteration": 2,
      "model_fits": {
        "lognorm": {
          "fittedParams": [
            0.027673035825309333,
            0.24233755114960032,
            0.5667998499781811,
            0.6491692576448974,
            0.7539003340222044,
            0.0250016663704873,
            0.056926661180652635
          ],
          "logLikelihood": -3406.9847557665653,
          "AIC": 6827.969511533131,
          "BIC": 6875.388619571572,
          "nParams": 7
        },
        "fusionOnlyLogNorm": {
          "fittedParams": [
            0.042388042482032276,
            0.2166432838989425,
            0.5774595842190936,
            0.7552644678495294,
            0.06781628490794708,
            0.1802138123112058
          ],
          "logLikelihood": -3403.881333908083,
          "AIC": 6819.762667816166,
          "BIC": 6860.407617563402,
          "nParams": 6
        },
        "switchingFree": {
          "fittedParams": [
            0.09017177276583187,
            0.17239960110915986,
            0.577070728344622,
            0.10290651640690363,
            0.07507895452027474,
            0.06207680645690265,
            0.15117276711455663,
            0.675198160234269
          ],
          "logLikelihood": -3403.68491026768,
          "AIC": 6823.36982053536,
          "BIC": 6877.563086865008,
          "nParams": 8
        },
        "probabilityMatchingLogNorm": {
          "fittedParams": [
            0.0412323875034773,
            0.23201721357149274,
            0.4447745896073674,
            0.10006878452403088,
            1.6936523668009076,
            0.06214827437140904,
            0.13017343423726463
          ],
          "logLikelihood": -3414.7019643431927,
          "AIC": 6843.403928686385,
          "BIC": 6890.823036724827,
          "nParams": 7
        },
        "selection": {
          "fittedParams": [
            0.0046590246182588325,
            0.11331397023842346,
            0.30031865075363096,
            0.780842323287033,
            0.43721244998169834,
            0.13837720267734177,
            0.12143778406985158
          ],
          "logLikelihood": -3393.4336507800845,
          "AIC": 6800.867301560169,
          "BIC": 6848.286409598611,
          "nParams": 7
        }
      },
      "best_model_aic": "selection",
      "best_model_bic": "selection"
    },
    {
      "iteration": 3,
      "model_fits": {
        "lognorm": {
          "fittedParams": [
            0.06380353855397743,
            0.23218581469249108,
            0.5370481501203088,
            0.7939465147702999,
            0.8577346736978348,
            0.09635897492228833,
            0.12994941415335187
          ],
          "logLikelihood": -3398.4127761909676,
          "AIC": 6810.825552381935,
          "BIC": 6858.244660420377,
          "nParams": 7
        },