{
  "participantID": "as",
  "generating_model": "probabilityMatchingLogNorm",
  "true_params": [
    0.05322521398015087,
    0.23588878002314873,
    0.5659911930199548,
    7.7817321289253e-05,
    0.5405572407686837,
    0.09831807877224637,
    0.05145637294610497
  ],
  "n_iterations": 5,
  "iterations": [
    {
      "iteration": 0,
      "model_fits": {
        "lognorm": {
          "fittedParams": [
            0.10469825215745687,
            0.18464321618895224,
            0.36304784603308077,
            0.7003915222152858,
            0.5535306506888101,
            0.19305125179122481,
            0.0638676601993793
          ],
          "logLikelihood": -3277.5154473867815,
          "AIC": 6569.030894773563,
          "BIC": 6616.450002812005,
          "nParams": 7
        },
        "fusionOnlyLogNorm": {
          "fittedParams": [
            0.09306683970763496,
            0.21718448871482643,
            0.5134513877890771,
            0.4338136453204744,
            0.1594674912755529,
            0.015043130327644427
          ],
          "logLikelihood": -3257.7927833989684,
          "AIC": 6527.585566797937,
          "BIC": 6568.230516545173,
          "nParams": 6
        },
        "switchingFree": {
          "fittedParams": [
            0.05324715225518283,
            0.1927480031837862,
            0.3901066182132305,
            0.13816910952767797,
            0.27687428183110835,
            0.1291546058316272,
            0.001,
            0.5055719783417424
          ],
          "logLikelihood": -3270.9511107255803,
          "AIC": 6557.902221451161,
          "BIC": 6612.095487780808,
          "nParams": 8
        },
        "probabilityMatchingLogNorm": {
          "fittedParams": [
            0.06729523427544834,
            0.2178711379270578,
            0.27098254180660125,
            0.36118759924368404,
            0.4489205791825498,
            0.11895211914566278,
            0.03161134988018067
          ],
          "logLikelihood": -3274.8755286000155,
          "AIC": 6563.751057200031,
          "BIC": 6611.170165238473,
          "nParams": 7
        },
        "selection": {
          "fittedParams": [
            0.12289267555852113,
            0.10734937941583184,
            0.16236721596281434,
            0.5311990893495622,
            0.3472025437635178,
            0.09443229624316006,
            0.03770270896107851
          ],
          "logLikelihood": -3305.527965619276,
          "AIC": 6625.055931238552,
          "BIC": 6672.475039276994,
          "nParams": 7
        }
      },
      "best_model_aic": "fusionOnlyLogNorm",
      "best_model_bic": "fusionOnlyLogNorm"
    },
    {
      "iteration": 1,
      "model_fits": {
        "lognorm": {
          "fittedParams": [
            0.0834560628976055,
            0.23947997541113888,
            0.45938632380941535,
            0.6369086545071398,
            0.7193518958162582,
            0.05192387108762998,
            0.07039868627630685
          ],
          "logLikelihood": -3299.6015868143872,
          "AIC": 6613.2031736287745,
          "BIC": 6660.622281667216,
          "nParams": 7
        },
        "fusionOnlyLogNorm": {
          "fittedParams": [
            0.06620379851970686,
            0.1980382209326409,
            0.5471182206663856,
            0.6109718023681546,
            0.1444863011652135,
            0.06916462757872387
          ],
          "logLikelihood": -3293.977191399149,
          "AIC": 6599.954382798298,
          "BIC": 6640.599332545534,
          "nParams": 6
        },
        "switchingFree": {
          "fittedParams": [
            0.03573281687482354,
            0.17556887666131138,
            0.4350161871543034,
            0.19840574678234937,
            0.3191671503321833,
            0.13987234007745453,
            0.01527797436298911,
            0.5088540967550362
          ],
          "logLikelihood": -3295.1046322156117,
          "AIC": 6606.209264431223,
          "BIC": 6660.402530760871,
          "nParams": 8
        },
        "probabilityMatchingLogNorm": {
          "fittedParams": [
            0.05768347732072071,
            0.21569863174397383,
            0.37444733885420234,
            0.2576550909919702,
            0.44389319957780277,
            0.03915333386269561,
            0.052394632473577715
          ],
          "logLikelihood": -3295.102667882358,
          "AIC": 6604.205335764716,
          "BIC": 6651.624443803158,
          "nParams": 7
        },
        "selection": {
          "fittedParams": [
            0.06835757703787786,
            0.09734370598598878,
            0.29236838665115844,
            0.8671032762073534,
            0.27740418187721283,
            0.09825282487293878,
            0.0397822188961655
          ],
          "logLikelihood": -3309.093934275226,
          "AIC": 6632.187868550452,
          "BIC": 6679.606976588893,
          "nParams": 7
        }
      },
      "best_model_aic": "fusionOnlyLogNorm",
      "best_model_bic": "fusionOnlyLogNorm"
    },
    {
      "iteration": 2,
      "model_fits": {
        "lognorm": {
          "fittedParams": [
            0.07383750005672748,
            0.2626395708991409,
            0.4781330643103189,
            0.6003716590963174,
            0.5476143570306544,
            0.09963510071997378,
            0.04659032451458944
          ],
          "logLikelihood": -3320.0235811476623,
          "AIC": 6654.047162295325,
          "BIC": 6701.466270333766,
          "nParams": 7
        },
        "fusionOnlyLogNorm": {
          "fittedParams": [
            0.06848390631589438,
            0.24557082758280366,
            0.5361524142249032,
            0.4217994637520983,
            0.14622811617789516,
            0.04540365151128622
          ],
          "logLikelihood": -3308.5530079721866,
          "AIC": 6629.106015944373,
          "BIC": 6669.750965691609,
          "nParams": 6
        },
        "switchingFree": {
          "fittedParams": [
            0.091367774346136,
            0.1259520605688558,
            0.41024337834090224,
            0.2277945286703592,
            0.21822228855288983,
            0.10349645634158741,
            0.0759977288894641,
            0.5150469595316356
          ],
          "logLikelihood": -3316.6871526619475,
          "AIC": 6649.374305323895,
          "BIC": 6703.5675716535425,
          "nParams": 8
        },
        "probabilityMatchingLogNorm": {
          "fittedParams": [
            0.06653479521604266,
            0.20937334265853405,
            0.3669979222473838,
            0.25476914918565996,
            0.4026294023385473,
            0.07960927633308734,
            0.05982338494023745
          ],
          "logLikelihood": -3319.6303006761264,
          "AIC": 6653.260601352253,
          "BIC": 6700.679709390694,
          "nParams": 7
        },
        "selection": {
          "fittedParams": [
            0.10876676217016405,
            0.10556947983869958,
            0.22929551851320837,
            0.7052324969466751,
            0.2030165593447157,
            0.12636823663744443,
            0.09056493894375882
          ],
          "logLikelihood": -3325.8706041806777,
          "AIC": 6665.741208361355,
          "BIC": 6713.160316399797,
          "nParams": 7
        }
      },
      "best_model_aic": "fusionOnlyLogNorm",
      "best_model_bic": "fusionOnlyLogNorm"
    },
    {
      "iteration": 3,
      "model_fits": {
        "lognorm": {
          "fittedParams": [
            0.013070159481613969,
            0.28797595246409924,
            0.496958374950952,
            0.619577192961671,
            0.5169083278207571,
            0.14302762493262589,
            0.06345394917544607
          ],
          "logLikelihood": -3332.5755526510184,
          "AIC": 6679.151105302037,
          "BIC": 6726.570213340478,