{
  "participantID": "as",
  "generating_model": "lognorm",
  "true_params": [
    0.0518914042053049,
    0.22862421389736387,
    0.5003566807451038,
    0.6465994239029974,
    0.5956168872412269,
    0.09559286076953433,
    0.02038653079797979
  ],
  "n_iterations": 5,
  "iterations": [
    {
      "iteration": 0,
      "model_fits": {
        "lognorm": {
          "fittedParams": [
            0.033277227836812744,
            0.22937840989717875,
            0.4674363121701427,
            0.4224566111187901,
            0.5496993930255816,
            0.14334414754112534,
            0.03637761086432324
          ],
          "logLikelihood": -3268.671155060774,
          "AIC": 6551.342310121548,
          "BIC": 6598.761418159989,
          "nParams": 7
        },
        "fusionOnlyLogNorm": {
          "fittedParams": [
            0.07559580169358183,
            0.2161374597545907,
            0.5755569743353747,
            0.6092990173524364,
            0.10720682916335175,
            0.014933359002304206
          ],
          "logLikelihood": -3272.740486067294,
          "AIC": 6557.480972134588,
          "BIC": 6598.125921881824,
          "nParams": 6
        },
        "switchingFree": {
          "fittedParams": [
            0.05180925176802283,
            0.19096205238985547,
            0.2378550920904984,
            0.07845320482812551,
            0.4733497928844611,
            0.07467983263805741,
            0.003726240448804697,
            0.4385768769779611
          ],
          "logLikelihood": -3270.0799838991106,
          "AIC": 6556.159967798221,
          "BIC": 6610.353234127869,
          "nParams": 8
        },
        "probabilityMatchingLogNorm": {
          "fittedParams": [
            0.033259264227385205,
            0.22888925349014505,
            0.34812565780804094,
            0.24288153742836388,
            0.4474834503301725,
            0.16264197598395538,
            0.05069656124669025
          ],
          "logLikelihood": -3281.8733257410595,
          "AIC": 6577.746651482119,
          "BIC": 6625.165759520561,
          "nParams": 7
        },
        "selection": {
          "fittedParams": [
            0.05084407877899371,
            0.11710775480238045,
            0.23351380839974387,
            0.609781349484592,
            0.27651935854731796,
            0.10837473466561279,
            0.015972142000198954
          ],
          "logLikelihood": -3297.1999282028596,
          "AIC": 6608.399856405719,
          "BIC": 6655.818964444161,
          "nParams": 7
        }
      },
      "best_model_aic": "lognorm",
      "best_model_bic": "fusionOnlyLogNorm"
    },
    {
      "iteration": 1,
      "model_fits": {
        "lognorm": {
          "fittedParams": [
            0.042533097928833426,
            0.21357756997426078,
            0.4020253930877354,
            0.4586748169777699,
            0.5480259486088519,
            0.11824242865447566,
            0.07864354685237672
          ],
          "logLikelihood": -3273.8272367105133,
          "AIC": 6561.6544734210265,
          "BIC": 6609.073581459468,
          "nParams": 7
        },
        "fusionOnlyLogNorm": {
          "fittedParams": [
            0.05128628541914984,
            0.25125242685300436,
            0.5460225098825467,
            0.49628483171627835,
            0.052779585132807456,
            0.0023593645144315903
          ],
          "logLikelihood": -3279.462408679708,
          "AIC": 6570.924817359416,
          "BIC": 6611.569767106652,
          "nParams": 6
        },
        "switchingFree": {
          "fittedParams": [
            0.03689266286815732,
            0.1911254295266313,
            0.34656245586988244,
            0.1479747929949516,
            0.3221376326661121,
            0.08010824207769815,
            0.00898095463453566,
            0.4584863716300501
          ],
          "logLikelihood": -3284.9451359544078,
          "AIC": 6585.8902719088155,
          "BIC": 6640.083538238463,
          "nParams": 8
        },
        "probabilityMatchingLogNorm": {
          "fittedParams": [
            0.14904450083451537,
            0.2239087654342921,
            0.385462796738703,
            0.06888526648992968,
            0.45676290556347865,
            0.10138652002215989,
            0.12580272539728227
          ],
          "logLikelihood": -3282.792516598712,
          "AIC": 6579.585033197424,
          "BIC": 6627.004141235866,
          "nParams": 7
        },
        "selection": {
          "fittedParams": [
            0.07159528760115651,
            0.10395116186387697,
            0.27424378583625325,
            0.6423173627515768,
            0.26814180825967066,
            0.08015329738938022,
            0.03504778880652371
          ],
          "logLikelihood": -3286.905387468316,
          "AIC": 6587.810774936632,
          "BIC": 6635.229882975073,
          "nParams": 7
        }
      },
      "best_model_aic": "lognorm",
      "best_model_bic": "lognorm"
    },
    {
      "iteration": 2,
      "model_fits": {
        "lognorm": {
          "fittedParams": [
            0.04428881813247546,
            0.23488397059400445,
            0.48240091567472587,
            0.5657692217517918,
            0.7593435282212264,
            0.144153282067347,
            0.007817643888128698
          ],
          "logLikelihood": -3321.7458256018344,
          "AIC": 6657.491651203669,
          "BIC": 6704.9107592421105,
          "nParams": 7
        },
        "fusionOnlyLogNorm": {
          "fittedParams": [
            0.08271989465882451,
            0.23429220839447956,
            0.5704495593906413,
            0.5317598563770536,
            0.06377234122428153,
            0.00992031983638781
          ],
          "logLikelihood": -3320.884980802225,
          "AIC": 6653.76996160445,
          "BIC": 6694.414911351686,
          "nParams": 6
        },
        "switchingFree": {
          "fittedParams": [
            0.08878246838000908,
            0.19697521048052744,
            0.5734467312221148,
            0.09702061768810206,
            0.25379415245338705,
            0.09260514417615792,
            0.0011862545519953581,
            0.5504893087572353
          ],
          "logLikelihood": -3323.991244962132,
          "AIC": 6663.982489924264,
          "BIC": 6718.1757562539115,
          "nParams": 8
        },
        "probabilityMatchingLogNorm": {
          "fittedParams": [
            0.05954077263126306,
            0.2458691800917406,
            0.5935612715592496,
            0.006730245602391261,
            0.5529560955401182,
            0.07528715096947582,
            0.0014973860419685604
          ],
          "logLikelihood": -3319.7908419937066,
          "AIC": 6653.581683987413,
          "BIC": 6701.000792025855,
          "nParams": 7
        },
        "selection": {
          "fittedParams": [
            0.07711495292576867,
            0.11002702273820364,
            2.0,
            0.47878788841182846,
            0.20248982565361456,
            0.11413247764597403,
            0.06079173843937716
          ],
          "logLikelihood": -3402.036191248158,
          "AIC": 6818.072382496316,
          "BIC": 6865.491490534758,
          "nParams": 7
        }
      },
      "best_model_aic": "probabilityMatchingLogNorm",
      "best_model_bic": "fusionOnlyLogNorm"
    },
    {
      "iteration": 3,
      "model_fits": {
        "lognorm": {
          "fittedParams": [
            0.04560819036427685,
            0.21640036364554133,
            0.19341822410506035,
            0.2470684411544941,
            0.6442744863592326,
            0.1617028116414553,
            0.08056342444707923
          ],
          "logLikelihood": -3319.0196066053777,
          "AIC": 6652.039213210755,
          "BIC": 6699.458321249197,
          "nParams": 7
        },