{
  "participantID": "as",
  "generating_model": "fusionOnlyLogNorm",
  "true_params": [
    0.04143515266452341,
    0.2585220129859007,
    0.5750576380989696,
    0.553115711350183,
    0.06537657904023253,
    0.061554029348167005
  ],
  "n_iterations": 5,
  "iterations": [
    {
      "iteration": 0,
      "model_fits": {
        "lognorm": {
          "fittedParams": [
            0.04094966099046873,
            0.23289890235998403,
            0.5845041466715111,
            0.7822108223471829,
            0.8414969369080818,
            0.059621797296228615,
            0.04971465974427306
          ],
          "logLikelihood": -3428.081486532194,
          "AIC": 6870.162973064388,
          "BIC": 6917.58208110283,
          "nParams": 7
        },
        "fusionOnlyLogNorm": {
          "fittedParams": [
            0.12475698784498222,
            0.2693234019047616,
            0.5494975770533198,
            0.5575249330550061,
            0.09950545760638521,
            0.09833923900814821
          ],
          "logLikelihood": -3427.949005785238,
          "AIC": 6867.898011570476,
          "BIC": 6908.542961317712,
          "nParams": 6
        },
        "switchingFree": {
          "fittedParams": [
            0.019404254901544446,
            0.22754843783238066,
            0.25282231341325445,
            0.09730500280132137,
            0.9060701825634123,
            0.06491510218183529,
            0.059823618123568394,
            0.5503783300928874
          ],
          "logLikelihood": -3447.2717330675196,
          "AIC": 6910.543466135039,
          "BIC": 6964.736732464687,
          "nParams": 8
        },
        "probabilityMatchingLogNorm": {
          "fittedParams": [
            0.13963896819186503,
            0.23739745779474147,
            0.4702326614327325,
            0.06751352860697728,
            0.6804987075179565,
            0.05946463468300982,
            0.09347589984256618
          ],
          "logLikelihood": -3426.932673732762,
          "AIC": 6867.865347465524,
          "BIC": 6915.284455503966,
          "nParams": 7
        },
        "selection": {
          "fittedParams": [
            0.007298910165437468,
            0.14105440760076082,
            0.3031449941647126,
            0.6329062969965037,
            0.3694957345788183,
            0.13538924478447167,
            0.009895055538580295
          ],
          "logLikelihood": -3453.7590009649075,
          "AIC": 6921.518001929815,
          "BIC": 6968.937109968257,
          "nParams": 7
        }
      },
      "best_model_aic": "probabilityMatchingLogNorm",
      "best_model_bic": "fusionOnlyLogNorm"
    },
    {
      "iteration": 1,
      "model_fits": {
        "lognorm": {
          "fittedParams": [
            0.01880522622156975,
            0.26115455414495514,
            0.3566059187334897,
            0.4240045803323721,
            0.8506420024340475,
            0.07116375546904405,
            0.05827031077240829
          ],
          "logLikelihood": -3284.64780622129,
          "AIC": 6583.29561244258,
          "BIC": 6630.714720481022,
          "nParams": 7
        },
        "fusionOnlyLogNorm": {
          "fittedParams": [
            0.044220595008564484,
            0.215776145136417,
            0.4350389350862509,
            0.49574599370051237,
            0.14320135406732992,
            0.08585062986507434
          ],
          "logLikelihood": -3296.5871371543535,
          "AIC": 6605.174274308707,
          "BIC": 6645.819224055943,
          "nParams": 6
        },
        "switchingFree": {
          "fittedParams": [
            0.007111899313581138,
            0.14894457570655986,
            0.339540697421653,
            0.3344399646493219,
            0.49253846858424355,
            0.042232266821124013,
            0.052613666983456576,
            0.517517458809725
          ],
          "logLikelihood": -3280.3984595485185,
          "AIC": 6576.796919097037,
          "BIC": 6630.990185426685,
          "nParams": 8
        },
        "probabilityMatchingLogNorm": {
          "fittedParams": [
            0.018128394825199935,
            0.24417120897632819,
            0.36827515155511414,
            0.2538135847869709,
            0.5218422864246611,
            0.022151221629413367,
            0.06585090736041309
          ],
          "logLikelihood": -3285.070675758324,
          "AIC": 6584.141351516648,
          "BIC": 6631.560459555089,
          "nParams": 7
        },
        "selection": {
          "fittedParams": [
            0.056758133995549714,
            0.13490359931169185,
            0.2295877851436455,
            0.9048418783863257,
            0.31616164793404866,
            0.03150191933295818,
            0.011847863869587996
          ],
          "logLikelihood": -3315.719473704483,
          "AIC": 6645.438947408966,
          "BIC": 6692.858055447407,
          "nParams": 7
        }
      },
      "best_model_aic": "switchingFree",
      "best_model_bic": "lognorm"
    },
    {
      "iteration": 2,
      "model_fits": {
        "lognorm": {
          "fittedParams": [
            0.06178106616918588,
            0.27349957652360984,
            0.42917530013976557,
            0.6599763989463363,
            1.0288021016279019,
            0.08554312932579974,
            0.021549510896523412
          ],
          "logLikelihood": -3375.1687151010806,
          "AIC": 6764.337430202161,
          "BIC": 6811.756538240603,
          "nParams": 7
        },
        "fusionOnlyLogNorm": {
          "fittedParams": [
            0.03332778272745104,
            0.2917983305741863,
            0.6218865634040539,
            0.61420540253545,
            0.04609404717984854,
            0.018083826079518563
          ],
          "logLikelihood": -3381.4549752219405,
          "AIC": 6774.909950443881,
          "BIC": 6815.554900191117,
          "nParams": 6
        },
        "switchingFree": {
          "fittedParams": [
            0.08060361553609965,
            0.21593787093503305,
            0.2805485537302552,
            0.18748516273977853,
            0.6342996311321405,
            0.11401679418201127,
            0.03429542616185762,
            0.5578342036399372
          ],
          "logLikelihood": -3386.0789946831255,
          "AIC": 6788.157989366251,
          "BIC": 6842.3512556958985,
          "nParams": 8
        },
        "probabilityMatchingLogNorm": {
          "fittedParams": [
            0.031506521040540234,
            0.2782475300252038,
            0.5671359239520561,
            0.018172363503082146,
            0.8015209634926306,
            0.0763569370963216,
            0.02750140768650126
          ],
          "logLikelihood": -3381.642149480821,
          "AIC": 6777.284298961642,
          "BIC": 6824.703407000084,
          "nParams": 7
        },
        "selection": {
          "fittedParams": [
            0.11781740157982364,
            0.11498484081117641,
            0.21512020876517185,
            0.548036922279934,
            0.3208372892490158,
            0.14664564675590164,
            0.042751724761119374
          ],
          "logLikelihood": -3396.6438666594363,
          "AIC": 6807.287733318873,
          "BIC": 6854.706841357314,
          "nParams": 7
        }
      },
      "best_model_aic": "lognorm",
      "best_model_bic": "lognorm"
    },
    {
      "iteration": 3,
      "model_fits": {
        "lognorm": {
          "fittedParams": [
            0.048951572158341755,
            0.261379531171463,
            0.49036840783359154,
            0.5622958861033253,
            0.5825349217512481,
            0.11289557337795827,
            0.07971521447044914
          ],
          "logLikelihood": -3376.5437582519,
          "AIC": 6767.0875165038,
          "BIC": 6814.506624542241,
          "nParams": 7
        },