{
  "participantID": "dt",
  "generating_model": "fusionOnlyLogNorm",
  "true_params": [
    0.3139882086277008,
    0.1959055724143981,
    0.459798023700714,
    0.4390603959560393,
    0.23401265754699707,
    0.2628021310567856
  ],
  "n_iterations": 5,
  "iterations": [
    {
      "iteration": 0,
      "model_fits": {
        "lognorm": {
          "fittedParams": [
            0.22223037538935808,
            0.2504249733121305,
            0.2629220898062976,
            0.5799747038554287,
            0.9075323646955921,
            0.15883454402382485,
            0.2262064447159492
          ],
          "logLikelihood": -3799.299765742442,
          "AIC": 7612.599531484884,
          "BIC": 7660.2455482284095,
          "nParams": 7
        },
        "fusionOnlyLogNorm": {
          "fittedParams": [
            0.18518234983126944,
            0.2952589370868301,
            0.5371821586937796,
            0.5548285898637201,
            0.08518126858428099,
            0.2274958058137001
          ],
          "logLikelihood": -3792.7898824884005,
          "AIC": 7597.579764976801,
          "BIC": 7638.419207899823,
          "nParams": 6
        },
        "switchingFree": {
          "fittedParams": [
            0.20876292574968977,
            0.12482324209370073,
            0.2659964950034863,
            0.3375683822899509,
            0.33853100016282955,
            0.23539800234363012,
            0.3101984774863091,
            0.5341679229316278
          ],
          "logLikelihood": -3796.6074209830463,
          "AIC": 7609.2148419660925,
          "BIC": 7663.667432530121,
          "nParams": 8
        },
        "probabilityMatchingLogNorm": {
          "fittedParams": [
            0.20670403003931767,
            0.24889662460035297,
            0.3821320747663879,
            0.20368923332145175,
            0.45747306219415,
            0.13162171960561025,
            0.22986495392278777
          ],
          "logLikelihood": -3787.837369252906,
          "AIC": 7589.674738505812,
          "BIC": 7637.320755249337,
          "nParams": 7
        },
        "selection": {
          "fittedParams": [
            0.18146236837898022,
            0.13185037233131872,
            0.2736344141719561,
            0.795217009141859,
            0.2280256470684392,
            0.1096953478643358,
            0.2539053977478116
          ],
          "logLikelihood": -3812.8852583790235,
          "AIC": 7639.770516758047,
          "BIC": 7687.416533501572,
          "nParams": 7
        }
      },
      "best_model_aic": "probabilityMatchingLogNorm",
      "best_model_bic": "probabilityMatchingLogNorm"
    },
    {
      "iteration": 1,
      "model_fits": {
        "lognorm": {
          "fittedParams": [
            0.27120681007802494,
            0.25648826904837924,
            0.5653662260532719,
            0.7573650018303495,
            0.5619425460456741,
            0.10501775105747556,
            0.18190922230870168
          ],
          "logLikelihood": -3854.609110202869,
          "AIC": 7723.218220405738,
          "BIC": 7770.864237149263,
          "nParams": 7
        },
        "fusionOnlyLogNorm": {
          "fittedParams": [
            0.26009449439557986,
            0.23258944511711088,
            0.549459450917281,
            0.4380270714865587,
            0.2206457655606139,
            0.25176442246732206
          ],
          "logLikelihood": -3848.18683175654,
          "AIC": 7708.37366351308,
          "BIC": 7749.213106436102,
          "nParams": 6
        },
        "switchingFree": {
          "fittedParams": [
            0.2543107204371201,
            0.2488126087106924,
            0.07692337242079941,
            0.09608538291214622,
            0.4515379718579498,
            0.18822827847251225,
            0.13650439300120717,
            0.341765806671227
          ],
          "logLikelihood": -3856.9289483567736,
          "AIC": 7729.857896713547,
          "BIC": 7784.310487277576,
          "nParams": 8
        },
        "probabilityMatchingLogNorm": {
          "fittedParams": [
            0.28834523186574645,
            0.23466297538867403,
            0.47045211892535255,
            0.13727973712615257,
            0.41530250978168876,
            0.16941237260090536,
            0.2202835844660713
          ],
          "logLikelihood": -3847.290213750954,
          "AIC": 7708.580427501908,
          "BIC": 7756.226444245433,
          "nParams": 7
        },
        "selection": {
          "fittedParams": [
            0.2508545000673578,
            0.10807047794999901,
            0.25986840290984303,
            0.522944670226572,
            0.2559593218454374,
            0.1846725775096212,
            0.1658492201852281
          ],
          "logLikelihood": -3861.1703490131717,
          "AIC": 7736.3406980263435,
          "BIC": 7783.986714769869,
          "nParams": 7
        }
      },
      "best_model_aic": "fusionOnlyLogNorm",
      "best_model_bic": "fusionOnlyLogNorm"
    },
    {
      "iteration": 2,
      "model_fits": {
        "lognorm": {
          "fittedParams": [
            0.19398252822866371,
            0.3212234896119338,
            0.36266568205268723,
            0.41800379384459185,
            0.5175854166283773,
            0.10480137512929286,
            0.11947421290156596
          ],
          "logLikelihood": -3829.1460986000125,
          "AIC": 7672.292197200025,
          "BIC": 7719.93821394355,
          "nParams": 7
        },
        "fusionOnlyLogNorm": {
          "fittedParams": [
            0.24348206868741903,
            0.22554307035835836,
            0.5308978450391653,
            0.41422679027533177,
            0.14550927097792893,
            0.22071888569223463
          ],
          "logLikelihood": -3816.0044413812134,
          "AIC": 7644.008882762427,
          "BIC": 7684.848325685449,
          "nParams": 6
        },
        "switchingFree": {
          "fittedParams": [
            0.27715007330510627,
            0.18137799151706246,
            0.2324819974237388,
            0.21315870242085896,
            0.363872702348136,
            0.16635103319833153,
            0.24569994232749118,
            0.3719974429481936
          ],
          "logLikelihood": -3812.657403626055,
          "AIC": 7641.31480725211,
          "BIC": 7695.767397816138,
          "nParams": 8
        },
        "probabilityMatchingLogNorm": {
          "fittedParams": [
            0.020930212818161487,
            0.31384016862405983,
            0.75657016131937,
            0.16477365449075226,
            0.5613184207349031,
            0.005315141779153464,
            0.04647918711913297
          ],
          "logLikelihood": -3842.5244907299675,
          "AIC": 7699.048981459935,
          "BIC": 7746.69499820346,
          "nParams": 7
        },
        "selection": {
          "fittedParams": [
            0.29076858610458395,
            0.105707048862918,
            0.282807375854696,
            0.8615845209111314,
            0.20195541724247376,
            0.18311139216533914,
            0.244374098556808
          ],
          "logLikelihood": -3834.9644344053613,
          "AIC": 7683.928868810723,
          "BIC": 7731.574885554248,
          "nParams": 7
        }
      },
      "best_model_aic": "switchingFree",
      "best_model_bic": "fusionOnlyLogNorm"
    },
    {
      "iteration": 3,
      "model_fits": {
        "lognorm": {
          "fittedParams": [
            0.1319331140763557,
            0.3335998272351174,
            0.6079944241895701,
            0.6828066387250509,
            0.999424848966896,
            0.07484785766894084,
            0.11078546812628143
          ],
          "logLikelihood": -3869.238371163194,
          "AIC": 7752.476742326388,
          "BIC": 7800.122759069914,
          "nParams": 7
        },