{
  "participantID": "dt",
  "generating_model": "lognorm",
  "true_params": [
    0.30035988267852,
    0.19791469219461832,
    0.3055316658343932,
    0.5653568119953958,
    0.5266942718132727,
    0.2301037388275785,
    0.21946004528819468
  ],
  "n_iterations": 5,
  "iterations": [
    {
      "iteration": 0,
      "model_fits": {
        "lognorm": {
          "fittedParams": [
            0.2970777445012784,
            0.1520092719108197,
            0.3846267302105971,
            0.7292375449868953,
            0.6683877475086285,
            0.17939376591581735,
            0.24802080621098183
          ],
          "logLikelihood": -3754.4873845362,
          "AIC": 7522.9747690724,
          "BIC": 7570.620785815925,
          "nParams": 7
        },
        "fusionOnlyLogNorm": {
          "fittedParams": [
            0.25366688216087063,
            0.18827461957856875,
            0.6293038396651406,
            0.5652016593125677,
            0.19286816761304929,
            0.22172185177182327
          ],
          "logLikelihood": -3758.5912563870615,
          "AIC": 7529.182512774123,
          "BIC": 7570.021955697145,
          "nParams": 6
        },
        "switchingFree": {
          "fittedParams": [
            0.30361536222909447,
            0.18420098257629303,
            0.13423436408739248,
            0.1205259765245846,
            0.4767602072212715,
            0.16143222439981839,
            0.2336754744862415,
            0.4691564365442391
          ],
          "logLikelihood": -3749.3131908113646,
          "AIC": 7514.626381622729,
          "BIC": 7569.078972186758,
          "nParams": 8
        },
        "probabilityMatchingLogNorm": {
          "fittedParams": [
            0.154848173871554,
            0.3058356434303546,
            0.09184180850694863,
            0.8994206911212033,
            0.45301740771969246,
            0.005743417629401294,
            0.08230114732483108
          ],
          "logLikelihood": -3816.504737471427,
          "AIC": 7647.009474942854,
          "BIC": 7694.655491686379,
          "nParams": 7
        },
        "selection": {
          "fittedParams": [
            0.2892876345726519,
            0.09807465329190114,
            0.25849361645631597,
            0.9525878709899822,
            0.45697447863714186,
            0.1105557281528005,
            0.13084978732949626
          ],
          "logLikelihood": -3778.900231782371,
          "AIC": 7571.800463564742,
          "BIC": 7619.446480308267,
          "nParams": 7
        }
      },
      "best_model_aic": "switchingFree",
      "best_model_bic": "switchingFree"
    },
    {
      "iteration": 1,
      "model_fits": {
        "lognorm": {
          "fittedParams": [
            0.24162069995759497,
            0.2049592453239845,
            0.34428694710683955,
            0.4957326779122372,
            0.41911922672993474,
            0.23491335663194163,
            0.22275736416175634
          ],
          "logLikelihood": -3793.7169987725415,
          "AIC": 7601.433997545083,
          "BIC": 7649.080014288608,
          "nParams": 7
        },
        "fusionOnlyLogNorm": {
          "fittedParams": [
            0.19272983093950838,
            0.24631215079164942,
            0.5828156133267395,
            0.5119968890259057,
            0.08994309314538632,
            0.10877628139543373
          ],
          "logLikelihood": -3800.352278684777,
          "AIC": 7612.704557369554,
          "BIC": 7653.544000292576,
          "nParams": 6
        },
        "switchingFree": {
          "fittedParams": [
            0.14248163463747304,
            0.12247469954597279,
            0.6497024956250818,
            0.3175812873231076,
            0.4364354140658275,
            0.010772631636392983,
            0.028910390682776774,
            0.3621773001955048
          ],
          "logLikelihood": -3807.1680701956875,
          "AIC": 7630.336140391375,
          "BIC": 7684.7887309554035,
          "nParams": 8
        },
        "probabilityMatchingLogNorm": {
          "fittedParams": [
            0.25164586504939007,
            0.23225554503759485,
            0.47376680638270535,
            0.22908507688459978,
            0.4352489193724676,
            0.15712435414168655,
            0.18145185649955942
          ],
          "logLikelihood": -3793.6065949583403,
          "AIC": 7601.213189916681,
          "BIC": 7648.859206660206,
          "nParams": 7
        },
        "selection": {
          "fittedParams": [
            0.22903985549820646,
            0.14335236348227423,
            0.232138696986972,
            0.597607093733693,
            0.2339828914267955,
            0.17209595370447062,
            0.1288502989785611
          ],
          "logLikelihood": -3812.059845045912,
          "AIC": 7638.119690091824,
          "BIC": 7685.765706835349,
          "nParams": 7
        }
      },
      "best_model_aic": "probabilityMatchingLogNorm",
      "best_model_bic": "probabilityMatchingLogNorm"
    },
    {
      "iteration": 2,
      "model_fits": {
        "lognorm": {
          "fittedParams": [
            0.30335854523429806,
            0.25444639772350897,
            0.38701869001080647,
            0.5428110805120057,
            0.42943053869020614,
            0.14333419158304078,
            0.130604195088113
          ],
          "logLikelihood": -3799.2999828312777,
          "AIC": 7612.599965662555,
          "BIC": 7660.245982406081,
          "nParams": 7
        },
        "fusionOnlyLogNorm": {
          "fittedParams": [
            0.21951623170464749,
            0.2568529840580691,
            0.7200241900014407,
            0.5842053428817882,
            0.07116782121111037,
            0.041841849587278546
          ],
          "logLikelihood": -3811.2394311722496,
          "AIC": 7634.478862344499,
          "BIC": 7675.318305267521,
          "nParams": 6
        },
        "switchingFree": {
          "fittedParams": [
            0.24660050956467694,
            0.2081282092863121,
            0.11251849471536218,
            0.22430051174561844,
            0.40127318668837686,
            0.2886825343579501,
            0.16127930733571288,
            0.4666133220492576
          ],
          "logLikelihood": -3796.54961944513,
          "AIC": 7609.09923889026,
          "BIC": 7663.551829454288,
          "nParams": 8
        },
        "probabilityMatchingLogNorm": {
          "fittedParams": [
            0.156817325342947,
            0.33343093595742646,
            0.5181311389142353,
            0.2388557595443509,
            0.5417100851634326,
            0.0476192174528126,
            0.06930726577790988
          ],
          "logLikelihood": -3806.3586439825194,
          "AIC": 7626.717287965039,
          "BIC": 7674.363304708564,
          "nParams": 7
        },
        "selection": {
          "fittedParams": [
            0.30082447560722547,
            0.12173377666171567,
            0.22220074711574653,
            0.9915241348932917,
            2.0,
            0.196083057056973,
            0.21159649355865268
          ],
          "logLikelihood": -3849.8116694040664,
          "AIC": 7713.623338808133,
          "BIC": 7761.269355551658,
          "nParams": 7
        }
      },
      "best_model_aic": "switchingFree",
      "best_model_bic": "lognorm"
    },
    {
      "iteration": 3,
      "model_fits": {
        "lognorm": {
          "fittedParams": [
            0.13372491484614873,
            0.27763714086297936,
            0.768688266449807,
            0.9723044083923275,
            0.5418245340942008,
            0.05543517809471657,
            0.15770436991572148
          ],
          "logLikelihood": -3823.5532486536667,
          "AIC": 7661.1064973073335,
          "BIC": 7708.752514050859,
          "nParams": 7
        },