{
  "participantID": "dt",
  "generating_model": "selection",
  "true_params": [
    0.2353286753914192,
    0.11204261481100286,
    0.27305168795384793,
    0.68279483680235,
    0.30963608404209264,
    0.21397656959150482,
    0.1651568613226886
  ],
  "n_iterations": 5,
  "iterations": [
    {
      "iteration": 0,
      "model_fits": {
        "lognorm": {
          "fittedParams": [
            0.19356887591962615,
            0.2477062177831462,
            0.5031473690756118,
            0.7166803772095361,
            1.318709275766124,
            0.1828154376333411,
            0.20884379055510452
          ],
          "logLikelihood": -3936.930435743294,
          "AIC": 7887.860871486588,
          "BIC": 7935.506888230113,
          "nParams": 7
        },
        "fusionOnlyLogNorm": {
          "fittedParams": [
            0.20526317887489753,
            0.32565318997447645,
            0.6307616235560778,
            0.9144599542973223,
            0.029308711615758806,
            0.19223796228121492
          ],
          "logLikelihood": -3941.5445637592147,
          "AIC": 7895.089127518429,
          "BIC": 7935.9285704414515,
          "nParams": 6
        },
        "switchingFree": {
          "fittedParams": [
            0.25031112499264485,
            0.06926263889387801,
            0.440988661657911,
            0.3640613922346262,
            0.29163225242942087,
            0.2457828042043461,
            0.26997331900087307,
            0.643587855437996
          ],
          "logLikelihood": -3931.861392447851,
          "AIC": 7879.722784895702,
          "BIC": 7934.17537545973,
          "nParams": 8
        },
        "probabilityMatchingLogNorm": {
          "fittedParams": [
            0.21878137875530962,
            0.30366025029061844,
            0.7140459156193244,
            0.034278903187882424,
            0.8664453615062865,
            0.05947421766286701,
            0.18002735287425473
          ],
          "logLikelihood": -3941.8862873869307,
          "AIC": 7897.772574773861,
          "BIC": 7945.418591517387,
          "nParams": 7
        },
        "selection": {
          "fittedParams": [
            0.19719082016312048,
            0.12651749594246095,
            0.29466532000558776,
            0.6365292929649465,
            0.2962038453896323,
            0.19883640664088012,
            0.17234061026483147
          ],
          "logLikelihood": -3918.8803257778886,
          "AIC": 7851.760651555777,
          "BIC": 7899.4066682993025,
          "nParams": 7
        }
      },
      "best_model_aic": "selection",
      "best_model_bic": "selection"
    },
    {
      "iteration": 1,
      "model_fits": {
        "lognorm": {
          "fittedParams": [
            0.17545881288085738,
            0.2916731416961071,
            0.4141724874900269,
            0.5723629836322917,
            0.908340512053811,
            0.1811195493058193,
            0.10139525424895085
          ],
          "logLikelihood": -3878.937169336252,
          "AIC": 7771.874338672504,
          "BIC": 7819.520355416029,
          "nParams": 7
        },
        "fusionOnlyLogNorm": {
          "fittedParams": [
            0.16632505975453019,
            0.2681591064471874,
            0.7508324017661523,
            1.3455382731761913,
            0.018249293015620546,
            0.13046250790514305
          ],
          "logLikelihood": -3882.85779136603,
          "AIC": 7777.71558273206,
          "BIC": 7818.555025655082,
          "nParams": 6
        },
        "switchingFree": {
          "fittedParams": [
            0.1271226713477069,
            0.23249612236366424,
            0.7636945420159157,
            0.0801517039258431,
            0.4169918408990955,
            0.14789117301063864,
            0.06984232558079809,
            0.3522759231571722
          ],
          "logLikelihood": -3888.071172504094,
          "AIC": 7792.142345008188,
          "BIC": 7846.594935572217,
          "nParams": 8
        },
        "probabilityMatchingLogNorm": {
          "fittedParams": [
            0.2147664993524973,
            0.2447171140893473,
            0.6104515096287945,
            0.13100179866639344,
            0.7145229096573606,
            0.19076533212589908,
            0.16093178129298605
          ],
          "logLikelihood": -3876.2867942778967,
          "AIC": 7766.573588555793,
          "BIC": 7814.219605299319,
          "nParams": 7
        },
        "selection": {
          "fittedParams": [
            0.21248646491444262,
            0.12191118830959094,
            0.31034776020742033,
            0.6208698506331702,
            0.7960843939608123,
            0.23330030597703222,
            0.1465815337830924
          ],
          "logLikelihood": -3873.1958772102416,
          "AIC": 7760.391754420483,
          "BIC": 7808.0377711640085,
          "nParams": 7
        }
      },
      "best_model_aic": "selection",
      "best_model_bic": "selection"
    },
    {
      "iteration": 2,
      "model_fits": {
        "lognorm": {
          "fittedParams": [
            0.21772356930971407,
            0.2732368114044418,
            0.605663235205228,
            0.7111065111245967,
            0.5780754440502055,
            0.15211395547054601,
            0.10114448200242063
          ],
          "logLikelihood": -3847.2723421190944,
          "AIC": 7708.544684238189,
          "BIC": 7756.190700981714,
          "nParams": 7
        },
        "fusionOnlyLogNorm": {
          "fittedParams": [
            0.1791677358432491,
            0.3252765744213911,
            0.8315627697681178,
            0.6508287572002475,
            0.04557896814161446,
            0.008647599355584096
          ],
          "logLikelihood": -3852.2554699248367,
          "AIC": 7716.510939849673,
          "BIC": 7757.350382772695,
          "nParams": 6
        },
        "switchingFree": {
          "fittedParams": [
            0.2620293897724714,
            0.13980226540367663,
            0.45135056747199415,
            0.17762298627315398,
            0.3579957624133332,
            0.1873914935121163,
            0.17842507128104906,
            0.5616430858164034
          ],
          "logLikelihood": -3852.4644046501985,
          "AIC": 7720.928809300397,
          "BIC": 7775.3813998644255,
          "nParams": 8
        },
        "probabilityMatchingLogNorm": {
          "fittedParams": [
            0.12346446132890307,
            0.25938474089521696,
            0.6224133567473414,
            0.29393720246174915,
            0.7429407995562989,
            0.040104267963495616,
            0.09195109859724675
          ],
          "logLikelihood": -3860.7564912721537,
          "AIC": 7735.512982544307,
          "BIC": 7783.158999287833,
          "nParams": 7
        },
        "selection": {
          "fittedParams": [
            0.1741604848689104,
            0.12011858770682249,
            2.0,
            0.3133094023088075,
            0.26348879700618505,
            0.19827093558278294,
            0.034514584208440315
          ],
          "logLikelihood": -3887.5442201452443,
          "AIC": 7789.0884402904885,
          "BIC": 7836.734457034014,
          "nParams": 7
        }
      },
      "best_model_aic": "lognorm",
      "best_model_bic": "lognorm"
    },
    {
      "iteration": 3,
      "model_fits": {
        "lognorm": {
          "fittedParams": [
            0.0819504129287081,
            0.32476333968625404,
            0.5021044336097794,
            0.5792499420079258,
            1.0863994928392042,
            0.031065408540084456,
            0.056628024536946014
          ],
          "logLikelihood": -3907.2707482255737,
          "AIC": 7828.541496451147,
          "BIC": 7876.187513194673,
          "nParams": 7
        },