{
  "participantID": "hh",
  "generating_model": "fusionOnlyLogNorm",
  "true_params": [
    0.0010100464889052085,
    0.1095398809027246,
    0.27718655390825,
    1.7419534032600785,
    0.0010317400773899865,
    0.04025839939281867
  ],
  "n_iterations": 5,
  "iterations": [
    {
      "iteration": 0,
      "model_fits": {
        "lognorm": {
          "fittedParams": [
            0.047477043746717705,
            0.11162054933361688,
            0.26345653339792235,
            0.9954584561378771,
            2.0,
            0.031104922781973295,
            0.05479520788289391
          ],
          "logLikelihood": -1782.8801979344776,
          "AIC": 3579.760395868955,
          "BIC": 3624.2299268148276,
          "nParams": 7
        },
        "fusionOnlyLogNorm": {
          "fittedParams": [
            0.04460570224170741,
            0.1006467525811175,
            0.26604576234339417,
            2.0,
            0.009679308726225903,
            0.05565204023833848
          ],
          "logLikelihood": -1781.7475724402825,
          "AIC": 3575.495144880565,
          "BIC": 3613.6118856913126,
          "nParams": 6
        },
        "switchingFree": {
          "fittedParams": [
            0.02257634168543604,
            0.06753608178578228,
            0.28061918293481597,
            0.127284622411049,
            2.0,
            0.0024641511695085096,
            0.03508040406378518,
            0.9925288580162085
          ],
          "logLikelihood": -1802.062528199868,
          "AIC": 3620.125056399736,
          "BIC": 3670.947377480733,
          "nParams": 8
        },
        "probabilityMatchingLogNorm": {
          "fittedParams": [
            0.1033156711264805,
            0.08901813496048783,
            0.1984602180799033,
            0.022248262677570515,
            0.4288839389450362,
            0.0642226794449848,
            0.08614127939097381
          ],
          "logLikelihood": -1793.146903345628,
          "AIC": 3600.293806691256,
          "BIC": 3644.7633376371286,
          "nParams": 7
        },
        "selection": {
          "fittedParams": [
            0.09097104544646334,
            0.0522060645021435,
            0.11614560354619936,
            0.9984555017597152,
            2.0,
            0.047795511156475325,
            0.0805832185000398
          ],
          "logLikelihood": -1813.0020420923565,
          "AIC": 3640.004084184713,
          "BIC": 3684.4736151305856,
          "nParams": 7
        }
      },
      "best_model_aic": "fusionOnlyLogNorm",
      "best_model_bic": "fusionOnlyLogNorm"
    },
    {
      "iteration": 1,
      "model_fits": {
        "lognorm": {
          "fittedParams": [
            0.035681383946048806,
            0.11141758420113876,
            0.26774962886174053,
            0.9262152935941259,
            2.0,
            0.011012013314586832,
            0.08503271639255779
          ],
          "logLikelihood": -1799.1761257339099,
          "AIC": 3612.3522514678198,
          "BIC": 3656.8217824136923,
          "nParams": 7
        },
        "fusionOnlyLogNorm": {
          "fittedParams": [
            0.09810020964820944,
            0.10862616525647695,
            0.28815053257077106,
            2.0,
            0.039518973802236235,
            0.06207739229905517
          ],
          "logLikelihood": -1811.1348388456913,
          "AIC": 3634.2696776913826,
          "BIC": 3672.3864185021303,
          "nParams": 6
        },
        "switchingFree": {
          "fittedParams": [
            0.031895603854194626,
            0.07683342182740804,
            0.24261631300258205,
            0.16310412435330396,
            0.6396322148877337,
            0.032730335120220805,
            0.004259479603688547,
            0.9523838610496531
          ],
          "logLikelihood": -1800.5102091121746,
          "AIC": 3617.020418224349,
          "BIC": 3667.842739305346,
          "nParams": 8
        },
        "probabilityMatchingLogNorm": {
          "fittedParams": [
            0.01590558395561597,
            0.11008985477532555,
            0.27466383745137524,
            0.006414241478813535,
            2.0,
            0.006163603806589297,
            0.07162848575367914
          ],
          "logLikelihood": -1796.1829390976127,
          "AIC": 3606.3658781952254,
          "BIC": 3650.835409141098,
          "nParams": 7
        },
        "selection": {
          "fittedParams": [
            0.02279823963466346,
            0.05552452372803305,
            0.1315618207880761,
            0.600952288147089,
            2.0,
            0.032420351065749066,
            0.04556096227016948
          ],
          "logLikelihood": -1816.6497313778893,
          "AIC": 3647.2994627557787,
          "BIC": 3691.768993701651,
          "nParams": 7
        }
      },
      "best_model_aic": "probabilityMatchingLogNorm",
      "best_model_bic": "probabilityMatchingLogNorm"
    },
    {
      "iteration": 2,
      "model_fits": {
        "lognorm": {
          "fittedParams": [
            0.008760003305526133,
            0.11162688796008396,
            0.23086570479194554,
            0.9384108339711035,
            1.2680539216261504,
            0.10284177371475778,
            0.011560695169140026
          ],
          "logLikelihood": -1751.06973907814,
          "AIC": 3516.13947815628,
          "BIC": 3560.6090091021524,
          "nParams": 7
        },
        "fusionOnlyLogNorm": {
          "fittedParams": [
            0.0243054491786431,
            0.12394525832530774,
            0.2612765278364561,
            2.0,
            0.04712818285444634,
            0.03183301376454753
          ],
          "logLikelihood": -1753.113927640448,
          "AIC": 3518.227855280896,
          "BIC": 3556.344596091644,
          "nParams": 6
        },
        "switchingFree": {
          "fittedParams": [
            0.014678246704114923,
            0.07758344729337477,
            0.23431776369300197,
            0.13278665259024133,
            0.5001269566315761,
            0.015192434096802845,
            0.02068609707446796,
            0.9744298558380946
          ],
          "logLikelihood": -1761.252758203614,
          "AIC": 3538.505516407228,
          "BIC": 3589.3278374882248,
          "nParams": 8
        },
        "probabilityMatchingLogNorm": {
          "fittedParams": [
            0.05110839585028732,
            0.10481952643974306,
            0.2557004935254442,
            0.005622698051944768,
            2.0,
            0.03720532596448702,
            0.001
          ],
          "logLikelihood": -1749.6255729864863,
          "AIC": 3513.2511459729726,
          "BIC": 3557.720676918845,
          "nParams": 7
        },
        "selection": {
          "fittedParams": [
            0.12006876656792131,
            0.04294989905385295,
            0.10691288294760967,
            0.9332600875752253,
            2.0,
            0.12450975077223764,
            0.04335523223734385
          ],
          "logLikelihood": -1779.422516740881,
          "AIC": 3572.845033481762,
          "BIC": 3617.3145644276347,
          "nParams": 7
        }
      },
      "best_model_aic": "probabilityMatchingLogNorm",
      "best_model_bic": "fusionOnlyLogNorm"
    },
    {
      "iteration": 3,
      "model_fits": {
        "lognorm": {
          "fittedParams": [
            0.034963953902169886,
            0.10152443635679811,
            0.23436099728528131,
            0.9624646081761729,
            1.3390343479516151,
            0.08591099685442039,
            0.042723631491957126
          ],
          "logLikelihood": -1739.3180687945264,
          "AIC": 3492.636137589053,
          "BIC": 3537.1056685349254,
          "nParams": 7
        },