{
  "participantID": "hh",
  "generating_model": "probabilityMatchingLogNorm",
  "true_params": [
    0.0010031791298650006,
    0.10980687145616852,
    0.273433337711552,
    1.8626444830971423e-10,
    1.5957572252525947,
    0.02447978952787816,
    0.06451993225216865
  ],
  "n_iterations": 5,
  "iterations": [
    {
      "iteration": 0,
      "model_fits": {
        "lognorm": {
          "fittedParams": [
            0.03639987474786248,
            0.10157775727918059,
            0.18002401749047825,
            0.8271125538938999,
            2.0,
            0.07729878715480129,
            0.059249551713474395
          ],
          "logLikelihood": -1789.0791155417614,
          "AIC": 3592.158231083523,
          "BIC": 3636.6277620293954,
          "nParams": 7
        },
        "fusionOnlyLogNorm": {
          "fittedParams": [
            0.020213204171276138,
            0.10591896435786091,
            0.2755648966276772,
            2.0,
            0.014911643580599258,
            0.06121832645467229
          ],
          "logLikelihood": -1773.4313064352418,
          "AIC": 3558.8626128704836,
          "BIC": 3596.9793536812313,
          "nParams": 6
        },
        "switchingFree": {
          "fittedParams": [
            0.004971076262130223,
            0.07408875197507629,
            0.23620063650205397,
            0.1339916758981298,
            1.1014156794210437,
            0.022231067046491422,
            0.03420715298709786,
            0.9652424932520465
          ],
          "logLikelihood": -1793.1517487798694,
          "AIC": 3602.303497559739,
          "BIC": 3653.125818640736,
          "nParams": 8
        },
        "probabilityMatchingLogNorm": {
          "fittedParams": [
            0.011744499683783355,
            0.0995660990166249,
            0.2345164970223283,
            0.01702553105080721,
            1.7117575656590007,
            0.01185442127622493,
            0.06075989187875586
          ],
          "logLikelihood": -1778.5073404677794,
          "AIC": 3571.0146809355588,
          "BIC": 3615.4842118814313,
          "nParams": 7
        },
        "selection": {
          "fittedParams": [
            0.020068682093156466,
            0.051862128114639326,
            0.13102482329681714,
            0.8168727953675861,
            2.0,
            0.056713449322719794,
            0.06332449720753912
          ],
          "logLikelihood": -1795.095071239309,
          "AIC": 3604.190142478618,
          "BIC": 3648.6596734244904,
          "nParams": 7
        }
      },
      "best_model_aic": "fusionOnlyLogNorm",
      "best_model_bic": "fusionOnlyLogNorm"
    },
    {
      "iteration": 1,
      "model_fits": {
        "lognorm": {
          "fittedParams": [
            0.018926143844662475,
            0.09359757119057774,
            0.22450752102167745,
            0.9989335883739444,
            0.5291208998289454,
            0.02151611244570876,
            0.09963952073125362
          ],
          "logLikelihood": -1752.890281694409,
          "AIC": 3519.780563388818,
          "BIC": 3564.2500943346904,
          "nParams": 7
        },
        "fusionOnlyLogNorm": {
          "fittedParams": [
            0.04754818904497714,
            0.08819859378919345,
            0.2205483754366746,
            1.4919101273707225,
            0.13634706373628455,
            0.1654905494039402
          ],
          "logLikelihood": -1754.3209397734386,
          "AIC": 3520.641879546877,
          "BIC": 3558.7586203576247,
          "nParams": 6
        },
        "switchingFree": {
          "fittedParams": [
            0.01958509446221231,
            0.08177708006139318,
            0.2262214843766336,
            0.14228501778773037,
            0.40918908760170636,
            0.040479844023908196,
            0.021646240728028537,
            0.9061086235634008
          ],
          "logLikelihood": -1768.5366222477173,
          "AIC": 3553.0732444954347,
          "BIC": 3603.8955655764316,
          "nParams": 8
        },
        "probabilityMatchingLogNorm": {
          "fittedParams": [
            0.003974619061443864,
            0.10139421513681784,
            0.21723320308168728,
            0.015261041378445849,
            2.0,
            0.03445387112896885,
            0.07643763942846117
          ],
          "logLikelihood": -1749.7751619532112,
          "AIC": 3513.5503239064224,
          "BIC": 3558.019854852295,
          "nParams": 7
        },
        "selection": {
          "fittedParams": [
            0.056438473597988884,
            0.05260689714917976,
            0.1240353006737319,
            0.9869002905125871,
            2.0,
            0.12895942491965884,
            0.07229623715470475
          ],
          "logLikelihood": -1775.2418696926213,
          "AIC": 3564.4837393852426,
          "BIC": 3608.953270331115,
          "nParams": 7
        }
      },
      "best_model_aic": "probabilityMatchingLogNorm",
      "best_model_bic": "probabilityMatchingLogNorm"
    },
    {
      "iteration": 2,
      "model_fits": {
        "lognorm": {
          "fittedParams": [
            0.001,
            0.10416074372482578,
            0.19776818876880858,
            0.8732467668491765,
            1.7077520193995601,
            0.09130106867043147,
            0.053275248939809755
          ],
          "logLikelihood": -1782.4812491738764,
          "AIC": 3578.962498347753,
          "BIC": 3623.4320292936254,
          "nParams": 7
        },
        "fusionOnlyLogNorm": {
          "fittedParams": [
            0.0027697382119336,
            0.1044829600490169,
            0.2846252495555689,
            2.0,
            0.027087664070306054,
            0.08400863598513458
          ],
          "logLikelihood": -1773.885676454958,
          "AIC": 3559.771352909916,
          "BIC": 3597.8880937206636,
          "nParams": 6
        },
        "switchingFree": {
          "fittedParams": [
            0.01894370016397496,
            0.07719617283402978,
            0.23911813287996084,
            0.15628694049766595,
            0.8470068835810116,
            0.02748896761440347,
            0.03544792788960403,
            0.9817079553386099
          ],
          "logLikelihood": -1793.4173130094691,
          "AIC": 3602.8346260189383,
          "BIC": 3653.656947099935,
          "nParams": 8
        },
        "probabilityMatchingLogNorm": {
          "fittedParams": [
            0.03456699376642416,
            0.09235827348445726,
            0.2352327155367967,
            0.016143155098477163,
            2.0,
            0.07143343565894682,
            0.11931352262173281
          ],
          "logLikelihood": -1777.8896990249627,
          "AIC": 3569.7793980499255,
          "BIC": 3614.248928995798,
          "nParams": 7
        },
        "selection": {
          "fittedParams": [
            0.07102443061458055,
            0.0485215564162404,
            0.12491791006094928,
            0.7345635368705792,
            2.0,
            0.06670325044504764,
            0.07534583635974544
          ],
          "logLikelihood": -1800.8001950692599,
          "AIC": 3615.6003901385197,
          "BIC": 3660.0699210843923,
          "nParams": 7
        }
      },
      "best_model_aic": "fusionOnlyLogNorm",
      "best_model_bic": "fusionOnlyLogNorm"
    },
    {
      "iteration": 3,
      "model_fits": {
        "lognorm": {
          "fittedParams": [
            0.01634148933542755,
            0.10561134012526086,
            0.18490039020217983,
            0.8421066943291151,
            1.9691028085134812,
            0.07277398903646767,
            0.11697453845439695
          ],
          "logLikelihood": -1828.7578127717838,
          "AIC": 3671.5156255435677,
          "BIC": 3715.98515648944,
          "nParams": 7
        },