{
  "participantID": "ip",
  "generating_model": "selection",
  "true_params": [
    0.25820865921918307,
    0.08748895739100859,
    0.4340822476640994,
    0.6560525532811881,
    0.35026400290022597,
    0.2718005255350843,
    0.051541730565205196
  ],
  "n_iterations": 5,
  "iterations": [
    {
      "iteration": 0,
      "model_fits": {
        "lognorm": {
          "fittedParams": [
            0.26266386994674396,
            0.1833190537827009,
            0.9301827655163817,
            0.5796579975798657,
            0.6115388087789637,
            0.27847295966325647,
            0.13349658063777137
          ],
          "logLikelihood": -3701.7339313434454,
          "AIC": 7417.467862686891,
          "BIC": 7464.89021823177,
          "nParams": 7
        },
        "fusionOnlyLogNorm": {
          "fittedParams": [
            0.19664683270410305,
            0.2049778718223645,
            0.8108228750491402,
            1.1444569117687635,
            0.3025846437427988,
            0.1058471943288326
          ],
          "logLikelihood": -3716.4131135333314,
          "AIC": 7444.826227066663,
          "BIC": 7485.473960390845,
          "nParams": 6
        },
        "switchingFree": {
          "fittedParams": [
            0.1646045285695954,
            0.13478698828313304,
            0.4845309324866832,
            0.16855129748931486,
            2.0,
            0.1857455254202359,
            0.1463508281826864,
            0.7426426666913226
          ],
          "logLikelihood": -3728.146639335064,
          "AIC": 7472.293278670128,
          "BIC": 7526.4902564357035,
          "nParams": 8
        },
        "probabilityMatchingLogNorm": {
          "fittedParams": [
            0.04000776660802119,
            0.37051486697717784,
            0.8915444455250041,
            0.19210488483357085,
            1.6866865416904628,
            0.17380276181354898,
            0.11974696482582847
          ],
          "logLikelihood": -3781.217235701615,
          "AIC": 7576.43447140323,
          "BIC": 7623.856826948109,
          "nParams": 7
        },
        "selection": {
          "fittedParams": [
            0.09558091914027597,
            0.13809250228675446,
            0.5102965506800746,
            0.558051395464869,
            0.3699534881440145,
            0.2312208346420547,
            0.07127272772784678
          ],
          "logLikelihood": -3720.4904163255146,
          "AIC": 7454.980832651029,
          "BIC": 7502.403188195908,
          "nParams": 7
        }
      },
      "best_model_aic": "lognorm",
      "best_model_bic": "lognorm"
    },
    {
      "iteration": 1,
      "model_fits": {
        "lognorm": {
          "fittedParams": [
            0.38124954888522655,
            0.1306097514850418,
            0.8476204617387538,
            0.6879308877445259,
            0.3967844835926911,
            0.391828310192765,
            0.157201826741883
          ],
          "logLikelihood": -3707.610349660556,
          "AIC": 7429.220699321112,
          "BIC": 7476.643054865991,
          "nParams": 7
        },
        "fusionOnlyLogNorm": {
          "fittedParams": [
            0.23604844441938158,
            0.17050543549433167,
            1.092847892919982,
            0.561599045884409,
            0.35819897331662715,
            0.0906652548980416
          ],
          "logLikelihood": -3711.6022762210214,
          "AIC": 7435.204552442043,
          "BIC": 7475.852285766225,
          "nParams": 6
        },
        "switchingFree": {
          "fittedParams": [
            0.3536099704832704,
            0.13250167481847913,
            0.10818031827702146,
            0.023172275767742185,
            0.5643833591646271,
            0.390082629185246,
            0.22075974832086015,
            0.24944107890524683
          ],
          "logLikelihood": -3708.690430748215,
          "AIC": 7433.38086149643,
          "BIC": 7487.577839262006,
          "nParams": 8
        },
        "probabilityMatchingLogNorm": {
          "fittedParams": [
            0.22497539594983032,
            0.15779328369064946,
            1.0434653809967864,
            0.0733208855185231,
            2.0,
            0.31722993706436886,
            0.11788327951012931
          ],
          "logLikelihood": -3740.874981168054,
          "AIC": 7495.749962336108,
          "BIC": 7543.172317880987,
          "nParams": 7
        },
        "selection": {
          "fittedParams": [
            0.2561005818343498,
            0.07255895247637956,
            0.5510783551057283,
            0.858487860499833,
            0.3039102652358876,
            0.32949518449173226,
            0.14735944422463793
          ],
          "logLikelihood": -3696.4021108790216,
          "AIC": 7406.804221758043,
          "BIC": 7454.226577302922,
          "nParams": 7
        }
      },
      "best_model_aic": "selection",
      "best_model_bic": "selection"
    },
    {
      "iteration": 2,
      "model_fits": {
        "lognorm": {
          "fittedParams": [
            0.3349249138242388,
            0.1538853405472735,
            0.5688829337543888,
            0.4021836757736682,
            1.0762179386500053,
            0.30248542000073675,
            0.09881791243978118
          ],
          "logLikelihood": -3682.0602066256624,
          "AIC": 7378.120413251325,
          "BIC": 7425.542768796204,
          "nParams": 7
        },
        "fusionOnlyLogNorm": {
          "fittedParams": [
            0.28379078340460345,
            0.15879305565295945,
            0.9734036801239037,
            0.7586345015215936,
            0.2778988990364476,
            0.15377025258585023
          ],
          "logLikelihood": -3685.374274235348,
          "AIC": 7382.748548470696,
          "BIC": 7423.396281794878,
          "nParams": 6
        },
        "switchingFree": {
          "fittedParams": [
            0.3008016049280138,
            0.09485358965770219,
            0.6505014218621314,
            0.1570013950895776,
            0.7003964737981245,
            0.18244397070025606,
            0.043000454901031396,
            0.2602050257504886
          ],
          "logLikelihood": -3694.042789325764,
          "AIC": 7404.085578651528,
          "BIC": 7458.2825564171035,
          "nParams": 8
        },
        "probabilityMatchingLogNorm": {
          "fittedParams": [
            0.25646469856115767,
            0.1462530727774991,
            0.5924508474361018,
            0.45974394327452633,
            0.8703148448830399,
            0.28092406651255214,
            0.13126440396625366
          ],
          "logLikelihood": -3696.4211347044265,
          "AIC": 7406.842269408853,
          "BIC": 7454.264624953732,
          "nParams": 7
        },
        "selection": {
          "fittedParams": [
            0.3246990305507693,
            0.07507516721317017,
            0.3347740538003085,
            0.8578466814621937,
            0.5856997049006273,
            0.2602101416515635,
            0.12196999815621001
          ],
          "logLikelihood": -3665.9229251490838,
          "AIC": 7345.8458502981675,
          "BIC": 7393.268205843046,
          "nParams": 7
        }
      },
      "best_model_aic": "selection",
      "best_model_bic": "selection"
    },
    {
      "iteration": 3,
      "model_fits": {
        "lognorm": {
          "fittedParams": [
            0.28843607915842207,
            0.17382791879716575,
            0.5780925664492291,
            0.6109057764810839,
            0.9137596132942831,
            0.24871788823354982,
            0.13723218444430335
          ],
          "logLikelihood": -3636.3139950476343,
          "AIC": 7286.627990095269,
          "BIC": 7334.0503456401475,
          "nParams": 7
        },