{
  "participantID": "ip",
  "generating_model": "probabilityMatchingLogNorm",
  "true_params": [
    0.2032555799741298,
    0.21163538554217654,
    0.852451734625697,
    0.09691554158926002,
    0.6955799605877324,
    0.21875588203929366,
    0.0010000002972781474
  ],
  "n_iterations": 5,
  "iterations": [
    {
      "iteration": 0,
      "model_fits": {
        "lognorm": {
          "fittedParams": [
            0.19980098440251523,
            0.20192562589405613,
            0.5729415910978222,
            0.5027622133022018,
            0.9237229231003468,
            0.25360863842522496,
            0.0022675811797663696
          ],
          "logLikelihood": -3579.7674005376944,
          "AIC": 7173.534801075389,
          "BIC": 7220.957156620268,
          "nParams": 7
        },
        "fusionOnlyLogNorm": {
          "fittedParams": [
            0.1407428501138036,
            0.22571548004503805,
            1.3900333501603535,
            0.5848808732527878,
            0.250569530456519,
            0.020620573351321777
          ],
          "logLikelihood": -3579.8936111724415,
          "AIC": 7171.787222344883,
          "BIC": 7212.434955669065,
          "nParams": 6
        },
        "switchingFree": {
          "fittedParams": [
            0.1969109104481964,
            0.19233323209721387,
            0.5220095692874563,
            0.02976120802440281,
            0.4619846795931577,
            0.20707655466404837,
            0.005664671991503955,
            0.29191636759920453
          ],
          "logLikelihood": -3575.829267894356,
          "AIC": 7167.658535788712,
          "BIC": 7221.855513554287,
          "nParams": 8
        },
        "probabilityMatchingLogNorm": {
          "fittedParams": [
            0.1571716599115624,
            0.20548046766571215,
            0.9925977066868681,
            0.08109910209598004,
            0.6778701731862168,
            0.13723539225655484,
            0.021639783074252395
          ],
          "logLikelihood": -3576.514566567863,
          "AIC": 7167.029133135726,
          "BIC": 7214.451488680605,
          "nParams": 7
        },
        "selection": {
          "fittedParams": [
            0.18980142318615134,
            0.0975960761988424,
            0.4727027568654206,
            0.530600816309423,
            0.30061968099882513,
            0.2486657292505923,
            0.011999265104648618
          ],
          "logLikelihood": -3586.2474522761554,
          "AIC": 7186.494904552311,
          "BIC": 7233.91726009719,
          "nParams": 7
        }
      },
      "best_model_aic": "probabilityMatchingLogNorm",
      "best_model_bic": "fusionOnlyLogNorm"
    },
    {
      "iteration": 1,
      "model_fits": {
        "lognorm": {
          "fittedParams": [
            0.22724000295318475,
            0.20914827609627026,
            1.166219068395629,
            0.631061925519991,
            0.6844711260001866,
            0.1577995161423525,
            0.01449312349651284
          ],
          "logLikelihood": -3576.495044304421,
          "AIC": 7166.990088608842,
          "BIC": 7214.412444153721,
          "nParams": 7
        },
        "fusionOnlyLogNorm": {
          "fittedParams": [
            0.15296670215633912,
            0.22018836586411156,
            1.0357730340865778,
            0.7576046130120245,
            0.16025289671869639,
            0.07210958250257542
          ],
          "logLikelihood": -3583.9218423670723,
          "AIC": 7179.8436847341445,
          "BIC": 7220.491418058326,
          "nParams": 6
        },
        "switchingFree": {
          "fittedParams": [
            0.14407191448369822,
            0.19051408113696644,
            0.7556439020540258,
            0.031229928759123865,
            0.5110709660330759,
            0.15748582351600873,
            0.007403860477183802,
            0.47393529555758634
          ],
          "logLikelihood": -3570.6936659705707,
          "AIC": 7157.387331941141,
          "BIC": 7211.584309706717,
          "nParams": 8
        },
        "probabilityMatchingLogNorm": {
          "fittedParams": [
            0.13782920615841493,
            0.21749634095772208,
            0.8091793808623878,
            0.0025488511115951684,
            0.6563110879145196,
            0.14331940209330565,
            0.020763890530786495
          ],
          "logLikelihood": -3583.752725021807,
          "AIC": 7181.505450043614,
          "BIC": 7228.927805588492,
          "nParams": 7
        },
        "selection": {
          "fittedParams": [
            0.20768193483810363,
            0.09573236456156389,
            0.4593420650038151,
            0.9237405383009312,
            0.34960818579122643,
            0.20321774170488627,
            0.0654643057707811
          ],
          "logLikelihood": -3600.1457418744485,
          "AIC": 7214.291483748897,
          "BIC": 7261.713839293776,
          "nParams": 7
        }
      },
      "best_model_aic": "switchingFree",
      "best_model_bic": "switchingFree"
    },
    {
      "iteration": 2,
      "model_fits": {
        "lognorm": {
          "fittedParams": [
            0.16368540156616226,
            0.24521128836735576,
            0.6234063428850393,
            0.7637584711015435,
            1.101533535419765,
            0.26521685710141035,
            0.02415736617801781
          ],
          "logLikelihood": -3653.674175472738,
          "AIC": 7321.348350945476,
          "BIC": 7368.770706490355,
          "nParams": 7
        },
        "fusionOnlyLogNorm": {
          "fittedParams": [
            0.10701812476934537,
            0.25473877578782966,
            0.9621807803139203,
            0.9864556154827184,
            0.16803032490448577,
            0.02255090830058041
          ],
          "logLikelihood": -3639.985474659377,
          "AIC": 7291.970949318754,
          "BIC": 7332.618682642936,
          "nParams": 6
        },
        "switchingFree": {
          "fittedParams": [
            0.1921771585058097,
            0.17076069579767816,
            0.47249059117967984,
            0.06851350072869773,
            0.8674259656858873,
            0.1725519045702847,
            0.12931979607873637,
            0.5223531812069232
          ],
          "logLikelihood": -3649.9854387296973,
          "AIC": 7315.970877459395,
          "BIC": 7370.1678552249705,
          "nParams": 8
        },
        "probabilityMatchingLogNorm": {
          "fittedParams": [
            0.17473307815746417,
            0.23009291978987162,
            0.7907888112336318,
            0.06671406148980255,
            0.6198642472120768,
            0.29730895070470176,
            0.03293430021968838
          ],
          "logLikelihood": -3645.4125492008434,
          "AIC": 7304.825098401687,
          "BIC": 7352.247453946566,
          "nParams": 7
        },
        "selection": {
          "fittedParams": [
            0.2085384903352473,
            0.10739677807019124,
            0.320818803913064,
            0.9793277786924731,
            0.3015163958720368,
            0.25875802453176033,
            0.09724629639342293
          ],
          "logLikelihood": -3679.6438072180404,
          "AIC": 7373.287614436081,
          "BIC": 7420.70996998096,
          "nParams": 7
        }
      },
      "best_model_aic": "fusionOnlyLogNorm",
      "best_model_bic": "fusionOnlyLogNorm"
    },
    {
      "iteration": 3,
      "model_fits": {
        "lognorm": {
          "fittedParams": [
            0.2272912657331226,
            0.21532560257329567,
            1.2942809120149608,
            0.745741055182164,
            0.6850914409921157,
            0.1992582071214462,
            0.014129133951891026
          ],
          "logLikelihood": -3641.1585812734616,
          "AIC": 7296.317162546923,
          "BIC": 7343.739518091802,