{
  "participantID": "ip",
  "generating_model": "switchingFree",
  "true_params": [
    0.11834809536103458,
    0.2522383957853629,
    0.18797887047528916,
    0.00043798435681302594,
    0.6324928441096848,
    0.19264845486810664,
    0.0026120116195247622,
    0.2518974311040437
  ],
  "n_iterations": 5,
  "iterations": [
    {
      "iteration": 0,
      "model_fits": {
        "lognorm": {
          "fittedParams": [
            0.056579629046345274,
            0.275821335628323,
            0.9760889148549646,
            0.6690540924677045,
            1.295018345686163,
            0.09322939353399262,
            0.08411835829601508
          ],
          "logLikelihood": -3652.41171888029,
          "AIC": 7318.82343776058,
          "BIC": 7366.245793305459,
          "nParams": 7
        },
        "fusionOnlyLogNorm": {
          "fittedParams": [
            0.1658126362208956,
            0.2220863249083426,
            0.974301764498176,
            0.6957919064389793,
            0.11540314421305059,
            0.061927718698648326
          ],
          "logLikelihood": -3652.7725763230405,
          "AIC": 7317.545152646081,
          "BIC": 7358.192885970263,
          "nParams": 6
        },
        "switchingFree": {
          "fittedParams": [
            0.11430923854681586,
            0.18584619322721788,
            0.5355469612390176,
            0.09315101509117243,
            1.0225122859798794,
            0.13558843696449516,
            0.036507244765027334,
            0.4705036048027665
          ],
          "logLikelihood": -3653.460115727958,
          "AIC": 7322.920231455916,
          "BIC": 7377.117209221492,
          "nParams": 8
        },
        "probabilityMatchingLogNorm": {
          "fittedParams": [
            0.08830815977605162,
            0.2800556289556905,
            0.6921497668998489,
            0.14497751064194303,
            1.0112666909963737,
            0.12522727575845147,
            0.07427910551962569
          ],
          "logLikelihood": -3662.1983026200924,
          "AIC": 7338.396605240185,
          "BIC": 7385.818960785064,
          "nParams": 7
        },
        "selection": {
          "fittedParams": [
            0.1712448974313701,
            0.1220371289997825,
            0.45776766960880355,
            0.5537878425778838,
            0.3807446935567131,
            0.17902690983243502,
            0.1050933487039539
          ],
          "logLikelihood": -3689.053709883953,
          "AIC": 7392.107419767906,
          "BIC": 7439.529775312785,
          "nParams": 7
        }
      },
      "best_model_aic": "fusionOnlyLogNorm",
      "best_model_bic": "fusionOnlyLogNorm"
    },
    {
      "iteration": 1,
      "model_fits": {
        "lognorm": {
          "fittedParams": [
            0.04902574424895093,
            0.26780798414799406,
            0.7858116832582562,
            0.28861069239665854,
            0.7512346470971014,
            0.2048293188206381,
            0.026220173127676823
          ],
          "logLikelihood": -3608.7045512288782,
          "AIC": 7231.4091024577565,
          "BIC": 7278.831458002635,
          "nParams": 7
        },
        "fusionOnlyLogNorm": {
          "fittedParams": [
            0.14485331652181507,
            0.22976306685424766,
            0.9432900608299247,
            0.6141426437916263,
            0.23609268038415984,
            0.03175185878233834
          ],
          "logLikelihood": -3589.718358282972,
          "AIC": 7191.436716565944,
          "BIC": 7232.084449890126,
          "nParams": 6
        },
        "switchingFree": {
          "fittedParams": [
            0.1806436005505364,
            0.21793902938580698,
            0.8949142063499357,
            0.02702143135488972,
            0.1973855059818796,
            0.140929219679933,
            0.1045557223833182,
            0.5974576191360507
          ],
          "logLikelihood": -3609.385471112659,
          "AIC": 7234.770942225318,
          "BIC": 7288.967919990894,
          "nParams": 8
        },
        "probabilityMatchingLogNorm": {
          "fittedParams": [
            0.13012712121831554,
            0.24633547350874094,
            0.8573255579838683,
            0.0015595533737161327,
            0.5930172317362918,
            0.16543742526605948,
            0.0644977629999543
          ],
          "logLikelihood": -3592.6748006535286,
          "AIC": 7199.349601307057,
          "BIC": 7246.771956851936,
          "nParams": 7
        },
        "selection": {
          "fittedParams": [
            0.18458996665481467,
            0.12258067102759534,
            0.4743975975972007,
            0.5384705931454224,
            0.29975404353091367,
            0.2547982761144564,
            0.036069592239883354
          ],
          "logLikelihood": -3626.826421917974,
          "AIC": 7267.652843835948,
          "BIC": 7315.075199380827,
          "nParams": 7
        }
      },
      "best_model_aic": "fusionOnlyLogNorm",
      "best_model_bic": "fusionOnlyLogNorm"
    },
    {
      "iteration": 2,
      "model_fits": {
        "lognorm": {
          "fittedParams": [
            0.09271950440982359,
            0.24229552266801568,
            2.0,
            0.9242573780422123,
            0.5176768753137742,
            0.14569979690856386,
            0.0702254111607625
          ],
          "logLikelihood": -3668.8639254511595,
          "AIC": 7351.727850902319,
          "BIC": 7399.150206447198,
          "nParams": 7
        },
        "fusionOnlyLogNorm": {
          "fittedParams": [
            0.10312656790875475,
            0.24952189257591711,
            1.2879029830995237,
            0.5913131975625493,
            0.28840842169474246,
            0.06392204946216949
          ],
          "logLikelihood": -3655.5644357268975,
          "AIC": 7323.128871453795,
          "BIC": 7363.776604777977,
          "nParams": 6
        },
        "switchingFree": {
          "fittedParams": [
            0.12303144732927823,
            0.26201896652098045,
            0.48917192860989916,
            0.009247820533934333,
            0.6372369338951168,
            0.22170127072147672,
            0.025266104948541382,
            0.4244046605156869
          ],
          "logLikelihood": -3642.73736919658,
          "AIC": 7301.47473839316,
          "BIC": 7355.671716158736,
          "nParams": 8
        },
        "probabilityMatchingLogNorm": {
          "fittedParams": [
            0.06723416960923131,
            0.23950110815238865,
            2.0,
            0.3578525208521354,
            0.5526886131521969,
            0.24839955128973548,
            0.026507406540474017
          ],
          "logLikelihood": -3662.1486374284145,
          "AIC": 7338.297274856829,
          "BIC": 7385.719630401708,
          "nParams": 7
        },
        "selection": {
          "fittedParams": [
            0.08469146124084123,
            0.15534305185089334,
            0.5573666027635461,
            0.7572717903545185,
            0.3904400918735054,
            0.23049757528690312,
            0.023716955499691446
          ],
          "logLikelihood": -3685.0544020633815,
          "AIC": 7384.108804126763,
          "BIC": 7431.531159671642,
          "nParams": 7
        }
      },
      "best_model_aic": "switchingFree",
      "best_model_bic": "switchingFree"
    },
    {
      "iteration": 3,
      "model_fits": {
        "lognorm": {
          "fittedParams": [
            0.10385948100408893,
            0.29364041763807164,
            1.8171924329209248,
            0.7387516922638859,
            0.49161000492970647,
            0.17095663434006445,
            0.01706689943879506
          ],
          "logLikelihood": -3700.619929385905,
          "AIC": 7415.23985877181,
          "BIC": 7462.662214316689,
          "nParams": 7
        },