{
  "participantID": "ln2",
  "generating_model": "lognorm",
  "true_params": [
    0.07084624898815445,
    0.1786744132693321,
    1.3243077591752068,
    0.7435898302842248,
    0.39729205353097163,
    0.0015418196092628345,
    0.08938274314332492
  ],
  "n_iterations": 5,
  "iterations": [
    {
      "iteration": 0,
      "model_fits": {
        "lognorm": {
          "fittedParams": [
            0.11615080180319923,
            0.18176755715305495,
            2.0,
            0.2535987135654343,
            0.3627681821920374,
            0.022358855097499276,
            0.19183142664737937
          ],
          "logLikelihood": -3273.940546541929,
          "AIC": 6561.881093083858,
          "BIC": 6608.756664758187,
          "nParams": 7
        },
        "fusionOnlyLogNorm": {
          "fittedParams": [
            0.06342934352128746,
            0.19171534439867532,
            2.0,
            0.39865558795613243,
            0.0049406737225874894,
            0.03408126266843316
          ],
          "logLikelihood": -3270.4374449728934,
          "AIC": 6552.874889945787,
          "BIC": 6593.053951380926,
          "nParams": 6
        },
        "switchingFree": {
          "fittedParams": [
            0.09749647406735026,
            0.17588220880544453,
            1.3679813360560558,
            0.014160008954268097,
            0.3161934836995777,
            0.008323550792432851,
            0.12747090418030574,
            0.09214522242293312
          ],
          "logLikelihood": -3265.973962018592,
          "AIC": 6547.947924037184,
          "BIC": 6601.520005950703,
          "nParams": 8
        },
        "probabilityMatchingLogNorm": {
          "fittedParams": [
            0.17624243075289825,
            0.15861385431180694,
            2.0,
            0.6561841422441572,
            0.3910087684956208,
            0.007321221648517522,
            0.10809841446691518
          ],
          "logLikelihood": -3272.6871001879954,
          "AIC": 6559.374200375991,
          "BIC": 6606.24977205032,
          "nParams": 7
        },
        "selection": {
          "fittedParams": [
            0.19235774464529046,
            0.08196488816864866,
            0.43204393936741814,
            0.3567728952638729,
            0.1746062294667668,
            0.0507039327563266,
            0.19339869874289795
          ],
          "logLikelihood": -3284.5954212718916,
          "AIC": 6583.190842543783,
          "BIC": 6630.066414218112,
          "nParams": 7
        }
      },
      "best_model_aic": "switchingFree",
      "best_model_bic": "fusionOnlyLogNorm"
    },
    {
      "iteration": 1,
      "model_fits": {
        "lognorm": {
          "fittedParams": [
            0.09046008002720844,
            0.1816968023075795,
            2.0,
            0.7400693363359043,
            0.3941097493718896,
            0.01821052076186492,
            0.042916889128577204
          ],
          "logLikelihood": -3225.4307518249957,
          "AIC": 6464.861503649991,
          "BIC": 6511.73707532432,
          "nParams": 7
        },
        "fusionOnlyLogNorm": {
          "fittedParams": [
            0.033901582663733894,
            0.17894524715772087,
            2.0,
            0.3653312447137524,
            0.06955712918183185,
            0.07845455275373416
          ],
          "logLikelihood": -3227.6815539009103,
          "AIC": 6467.363107801821,
          "BIC": 6507.54216923696,
          "nParams": 6
        },
        "switchingFree": {
          "fittedParams": [
            0.041922896357806244,
            0.1503231179340854,
            1.06271474413829,
            0.04297342547403468,
            0.36435918390794003,
            0.020912017369789062,
            0.08225773132942454,
            0.013849724842731777
          ],
          "logLikelihood": -3232.503856532093,
          "AIC": 6481.007713064186,
          "BIC": 6534.579794977705,
          "nParams": 8
        },
        "probabilityMatchingLogNorm": {
          "fittedParams": [
            0.0870380087138696,
            0.1642659345446203,
            2.0,
            0.026083533526372715,
            0.37753110406918,
            0.11808948447742643,
            0.1115508544836964
          ],
          "logLikelihood": -3235.3297565620087,
          "AIC": 6484.659513124017,
          "BIC": 6531.535084798346,
          "nParams": 7
        },
        "selection": {
          "fittedParams": [
            0.11429050320739818,
            0.09127907027739901,
            1.8703975140667572,
            0.43800659820837123,
            0.15372902885377185,
            0.054607171405801756,
            0.18689503572370275
          ],
          "logLikelihood": -3253.902967900377,
          "AIC": 6521.805935800754,
          "BIC": 6568.681507475083,
          "nParams": 7
        }
      },
      "best_model_aic": "lognorm",
      "best_model_bic": "fusionOnlyLogNorm"
    },
    {
      "iteration": 2,
      "model_fits": {
        "lognorm": {
          "fittedParams": [
            0.10440030921648416,
            0.1519199897467241,
            2.0,
            0.41952403001534405,
            0.3728850956408627,
            0.012409519992456049,
            0.13588079460824334
          ],
          "logLikelihood": -3178.195783136224,
          "AIC": 6370.391566272448,
          "BIC": 6417.2671379467765,
          "nParams": 7
        },
        "fusionOnlyLogNorm": {
          "fittedParams": [
            0.026291496884546548,
            0.17527875455047728,
            2.0,
            0.32269456511374156,
            0.008505372173139418,
            0.06704668676690842
          ],
          "logLikelihood": -3188.0074469857473,
          "AIC": 6388.0148939714945,
          "BIC": 6428.193955406634,
          "nParams": 6
        },
        "switchingFree": {
          "fittedParams": [
            0.06627598641505118,
            0.1635258297907106,
            0.4967182344546617,
            0.06199807485578526,
            0.46367247807382983,
            0.012049511764403286,
            0.027048045850762564,
            0.08212848395027246
          ],
          "logLikelihood": -3186.012464925971,
          "AIC": 6388.024929851942,
          "BIC": 6441.5970117654615,
          "nParams": 8
        },
        "probabilityMatchingLogNorm": {
          "fittedParams": [
            0.19285092589295083,
            0.13720791289028195,
            2.0,
            0.9639547340048169,
            0.3597790988526479,
            0.05904017210771368,
            0.11755661589722105
          ],
          "logLikelihood": -3186.4524020837375,
          "AIC": 6386.904804167475,
          "BIC": 6433.780375841804,
          "nParams": 7
        },
        "selection": {
          "fittedParams": [
            0.25275795082205904,
            2.0,
            0.2297116198400329,
            0.3545475454118106,
            0.14587627299063197,
            0.16215109579718667,
            0.2909940756054672
          ],
          "logLikelihood": -3600.1113479703786,
          "AIC": 7214.222695940757,
          "BIC": 7261.098267615086,
          "nParams": 7
        }
      },
      "best_model_aic": "lognorm",
      "best_model_bic": "lognorm"
    },
    {
      "iteration": 3,
      "model_fits": {
        "lognorm": {
          "fittedParams": [
            0.08598636439118192,
            0.18608022630220325,
            2.0,
            0.201295376686548,
            0.4129673683895406,
            0.013991525059981639,
            0.08310256028262933
          ],
          "logLikelihood": -3275.2969474412475,
          "AIC": 6564.593894882495,
          "BIC": 6611.469466556824,
          "nParams": 7
        },