{
  "participantID": "mh",
  "generating_model": "probabilityMatchingLogNorm",
  "true_params": [
    0.13568392013750688,
    0.4739496207176349,
    0.49312930020542856,
    4.945263435640612e-06,
    1.0334996172784772,
    0.0010002808581830447,
    0.32528526246076567
  ],
  "n_iterations": 5,
  "iterations": [
    {
      "iteration": 0,
      "model_fits": {
        "lognorm": {
          "fittedParams": [
            0.07547106636685932,
            0.7815935341110717,
            0.20240255375551922,
            0.4541684096928828,
            1.2915039198938452,
            0.04651941487647807,
            0.3204182473802392
          ],
          "logLikelihood": -3636.2272194145544,
          "AIC": 7286.454438829109,
          "BIC": 7333.90272032955,
          "nParams": 7
        },
        "fusionOnlyLogNorm": {
          "fittedParams": [
            0.19513264167305597,
            0.4770917708286957,
            0.36307388079683567,
            0.5899034988087124,
            0.2078417362055746,
            0.4
          ],
          "logLikelihood": -3646.6682150090073,
          "AIC": 7305.336430018015,
          "BIC": 7346.006385589822,
          "nParams": 6
        },
        "switchingFree": {
          "fittedParams": [
            0.08609780926233318,
            0.12286039806382264,
            0.5739308441535945,
            0.5604627669538338,
            0.26521932482451877,
            0.03040339531925928,
            0.2742339412307101,
            0.6308976070738826
          ],
          "logLikelihood": -3627.6982591997507,
          "AIC": 7271.3965183995015,
          "BIC": 7325.623125828577,
          "nParams": 8
        },
        "probabilityMatchingLogNorm": {
          "fittedParams": [
            0.15946554704162325,
            0.3997927537483331,
            0.3751190440538289,
            0.08215509651261774,
            0.7204626093353959,
            0.09037636739837251,
            0.37997272071010085
          ],
          "logLikelihood": -3628.401668641575,
          "AIC": 7270.80333728315,
          "BIC": 7318.251618783591,
          "nParams": 7
        },
        "selection": {
          "fittedParams": [
            0.10026308077224139,
            0.24744159904500101,
            0.2791723061680015,
            0.6520187776287185,
            0.7238068632150918,
            0.0010005751113515548,
            0.22626894529164315
          ],
          "logLikelihood": -3654.9784072006487,
          "AIC": 7323.956814401297,
          "BIC": 7371.405095901739,
          "nParams": 7
        }
      },
      "best_model_aic": "probabilityMatchingLogNorm",
      "best_model_bic": "probabilityMatchingLogNorm"
    },
    {
      "iteration": 1,
      "model_fits": {
        "lognorm": {
          "fittedParams": [
            0.10533726287230576,
            0.590296410210976,
            0.5526929428533416,
            0.9845982992611456,
            2.0,
            0.02428169628182525,
            0.3033030773262127
          ],
          "logLikelihood": -3671.3387925797438,
          "AIC": 7356.6775851594875,
          "BIC": 7404.125866659929,
          "nParams": 7
        },
        "fusionOnlyLogNorm": {
          "fittedParams": [
            0.1312953460978027,
            0.41164684005599983,
            0.509201837296238,
            2.0,
            0.007354030374766815,
            0.34925283263656
          ],
          "logLikelihood": -3671.5434656216376,
          "AIC": 7355.086931243275,
          "BIC": 7395.756886815082,
          "nParams": 6
        },
        "switchingFree": {
          "fittedParams": [
            0.1409379800624571,
            0.1465184114769696,
            0.4140814788956438,
            0.6183912246325723,
            0.6583181659707003,
            0.023148243755637614,
            0.3225653751725418,
            0.8839494220194093
          ],
          "logLikelihood": -3667.2218374650147,
          "AIC": 7350.443674930029,
          "BIC": 7404.670282359105,
          "nParams": 8
        },
        "probabilityMatchingLogNorm": {
          "fittedParams": [
            0.07157607805882871,
            0.4176114459215585,
            0.4109733869620374,
            0.08888095137243279,
            0.8950079753766983,
            0.04520122128581074,
            0.3262996021511423
          ],
          "logLikelihood": -3667.4691352355226,
          "AIC": 7348.938270471045,
          "BIC": 7396.386551971486,
          "nParams": 7
        },
        "selection": {
          "fittedParams": [
            0.15574854256460013,
            0.41506882653452093,
            0.240156196957333,
            0.6200929100420312,
            1.839203141798064,
            0.0164466535432079,
            0.17953653682748094
          ],
          "logLikelihood": -3699.1855303076827,
          "AIC": 7412.371060615365,
          "BIC": 7459.819342115807,
          "nParams": 7
        }
      },
      "best_model_aic": "probabilityMatchingLogNorm",
      "best_model_bic": "fusionOnlyLogNorm"
    },
    {
      "iteration": 2,
      "model_fits": {
        "lognorm": {
          "fittedParams": [
            0.07367003260541212,
            0.6417470401382517,
            0.3861191241010084,
            0.7531017444867782,
            1.357999313456014,
            0.026250722411088032,
            0.2762097138128985
          ],
          "logLikelihood": -3641.992147520567,
          "AIC": 7297.984295041134,
          "BIC": 7345.432576541575,
          "nParams": 7
        },
        "fusionOnlyLogNorm": {
          "fittedParams": [
            0.1368503317402837,
            0.4089017844972138,
            0.4563616157116782,
            2.0,
            0.006775758232887442,
            0.3775450470273768
          ],
          "logLikelihood": -3638.347697262394,
          "AIC": 7288.695394524788,
          "BIC": 7329.365350096595,
          "nParams": 6
        },
        "switchingFree": {
          "fittedParams": [
            0.05746721831619422,
            0.13578849021596665,
            0.5053395742862211,
            0.6102839969374029,
            1.01355407702594,
            0.016185652329476583,
            0.29037877270711276,
            0.9158690411127847
          ],
          "logLikelihood": -3642.9797995475114,
          "AIC": 7301.959599095023,
          "BIC": 7356.186206524098,
          "nParams": 8
        },
        "probabilityMatchingLogNorm": {
          "fittedParams": [
            0.07779173262229727,
            0.4738198510687468,
            0.06178424042420471,
            0.3540569867142481,
            0.9631953338182447,
            0.06497538288803913,
            0.2797429589390637
          ],
          "logLikelihood": -3647.6915924038453,
          "AIC": 7309.383184807691,
          "BIC": 7356.831466308132,
          "nParams": 7
        },
        "selection": {
          "fittedParams": [
            0.21775867176491698,
            0.22016896045048048,
            0.18391572122186947,
            0.8732050666277912,
            2.0,
            0.13613826409297555,
            0.39603403305403845
          ],
          "logLikelihood": -3654.206451720976,
          "AIC": 7322.412903441952,
          "BIC": 7369.861184942393,
          "nParams": 7
        }
      },
      "best_model_aic": "fusionOnlyLogNorm",
      "best_model_bic": "fusionOnlyLogNorm"
    },
    {
      "iteration": 3,
      "model_fits": {
        "lognorm": {
          "fittedParams": [
            0.16966721570869955,
            0.8690934584927409,
            0.18614396735409455,
            0.4995394704575396,
            1.2654236147428872,
            0.007068757750328099,
            0.29330299236519336
          ],
          "logLikelihood": -3704.233935858353,
          "AIC": 7422.467871716706,
          "BIC": 7469.916153217147,
          "nParams": 7
        },