{
  "participantID": "mh",
  "generating_model": "selection",
  "true_params": [
    0.39999154272389803,
    0.1399724307844471,
    0.1409618066288757,
    0.9274251473341736,
    0.7505675297677032,
    0.24766633434593638,
    0.39633779596310087
  ],
  "n_iterations": 5,
  "iterations": [
    {
      "iteration": 0,
      "model_fits": {
        "lognorm": {
          "fittedParams": [
            0.3334255174213676,
            0.2697229038767899,
            0.31141937240453854,
            0.9931579042076747,
            2.0,
            0.17835207066498804,
            0.34327652365142297
          ],
          "logLikelihood": -3701.1027183289175,
          "AIC": 7416.205436657835,
          "BIC": 7463.653718158276,
          "nParams": 7
        },
        "fusionOnlyLogNorm": {
          "fittedParams": [
            0.3447831925770319,
            0.30292185058565324,
            0.3384322509334959,
            2.0,
            0.1749615878709257,
            0.36414812096407423
          ],
          "logLikelihood": -3698.8466250566935,
          "AIC": 7409.693250113387,
          "BIC": 7450.363205685194,
          "nParams": 6
        },
        "switchingFree": {
          "fittedParams": [
            0.36268442180209925,
            0.0923112639693292,
            0.2906734849068887,
            0.5204233318890732,
            2.0,
            0.23928865379384887,
            0.37417135075561186,
            0.9641292080477105
          ],
          "logLikelihood": -3701.0773759966028,
          "AIC": 7418.1547519932055,
          "BIC": 7472.381359422281,
          "nParams": 8
        },
        "probabilityMatchingLogNorm": {
          "fittedParams": [
            0.24122475549751177,
            0.47719288379264846,
            0.17512820672541132,
            0.17983616663725155,
            1.4121112308550412,
            0.1385872006718462,
            0.22570390834854367
          ],
          "logLikelihood": -3737.404162511995,
          "AIC": 7488.80832502399,
          "BIC": 7536.256606524431,
          "nParams": 7
        },
        "selection": {
          "fittedParams": [
            0.28744233684914083,
            0.1976654283242816,
            0.1917298045292574,
            0.5445661945828838,
            2.0,
            0.11012070304794697,
            0.2496755114762583
          ],
          "logLikelihood": -3709.6263687603696,
          "AIC": 7433.252737520739,
          "BIC": 7480.70101902118,
          "nParams": 7
        }
      },
      "best_model_aic": "fusionOnlyLogNorm",
      "best_model_bic": "fusionOnlyLogNorm"
    },
    {
      "iteration": 1,
      "model_fits": {
        "lognorm": {
          "fittedParams": [
            0.29345409569172426,
            0.7945448159885974,
            0.003587967150398004,
            0.5156820261187426,
            1.1795559659313513,
            0.15119139412736513,
            0.356784656340883
          ],
          "logLikelihood": -3734.0015504373496,
          "AIC": 7482.003100874699,
          "BIC": 7529.45138237514,
          "nParams": 7
        },
        "fusionOnlyLogNorm": {
          "fittedParams": [
            0.39834627197981803,
            0.3049382005248264,
            0.26812894133764537,
            2.0,
            0.22229854626281814,
            0.4
          ],
          "logLikelihood": -3718.477753374583,
          "AIC": 7448.955506749166,
          "BIC": 7489.6254623209725,
          "nParams": 6
        },
        "switchingFree": {
          "fittedParams": [
            0.31854241783029896,
            0.31773280889884153,
            0.17989162151540813,
            0.45834683267185505,
            0.778433549591041,
            0.1635563716199368,
            0.3659216901754598,
            0.8469270865612037
          ],
          "logLikelihood": -3718.5201246931324,
          "AIC": 7453.040249386265,
          "BIC": 7507.26685681534,
          "nParams": 8
        },
        "probabilityMatchingLogNorm": {
          "fittedParams": [
            0.3020929152176484,
            0.43842882036944847,
            0.061737258184959426,
            0.33072069611426824,
            0.5200185204484775,
            0.1037028455131731,
            0.39681320308392276
          ],
          "logLikelihood": -3761.066078314555,
          "AIC": 7536.13215662911,
          "BIC": 7583.580438129551,
          "nParams": 7
        },
        "selection": {
          "fittedParams": [
            0.25641056790722555,
            0.21650929579569805,
            0.13712539980257546,
            0.5014218480880649,
            0.4251440826690567,
            0.04445638915950717,
            0.36924789623434706
          ],
          "logLikelihood": -3728.2977752156357,
          "AIC": 7470.5955504312715,
          "BIC": 7518.043831931713,
          "nParams": 7
        }
      },
      "best_model_aic": "fusionOnlyLogNorm",
      "best_model_bic": "fusionOnlyLogNorm"
    },
    {
      "iteration": 2,
      "model_fits": {
        "lognorm": {
          "fittedParams": [
            0.30380133811762294,
            0.40028738562229954,
            0.10142372401585989,
            0.5207747788765817,
            1.1784033312517044,
            0.21094714188309482,
            0.31277437274433684
          ],
          "logLikelihood": -3764.3397697104783,
          "AIC": 7542.679539420957,
          "BIC": 7590.127820921398,
          "nParams": 7
        },
        "fusionOnlyLogNorm": {
          "fittedParams": [
            0.3665872745038815,
            0.2465612838922382,
            0.33852180499606954,
            2.0,
            0.2071127969004739,
            0.36103970137699126
          ],
          "logLikelihood": -3751.7467602705897,
          "AIC": 7515.493520541179,
          "BIC": 7556.163476112986,
          "nParams": 6
        },
        "switchingFree": {
          "fittedParams": [
            0.33939293804576803,
            0.12680004281281648,
            0.35640966126202805,
            0.4089253083263793,
            0.9562280297507675,
            0.19147591036448644,
            0.4,
            0.974421797726731
          ],
          "logLikelihood": -3754.982731820626,
          "AIC": 7525.965463641252,
          "BIC": 7580.192071070328,
          "nParams": 8
        },
        "probabilityMatchingLogNorm": {
          "fittedParams": [
            0.3724879581969471,
            0.2266992200114927,
            0.1952685310530848,
            0.06778587396316343,
            1.3603153422696128,
            0.2963508983414472,
            0.4
          ],
          "logLikelihood": -3744.776399803318,
          "AIC": 7503.552799606636,
          "BIC": 7551.001081107077,
          "nParams": 7
        },
        "selection": {
          "fittedParams": [
            0.23839576712452237,
            0.2089058107191427,
            0.2433054291002821,
            0.8737801214327043,
            2.0,
            0.1274936532820254,
            0.24676996889804728
          ],
          "logLikelihood": -3762.11111133247,
          "AIC": 7538.22222266494,
          "BIC": 7585.670504165381,
          "nParams": 7
        }
      },
      "best_model_aic": "probabilityMatchingLogNorm",
      "best_model_bic": "probabilityMatchingLogNorm"
    },
    {
      "iteration": 3,
      "model_fits": {
        "lognorm": {
          "fittedParams": [
            0.4,
            0.34834436887591597,
            0.27498528883319057,
            0.9447622396860429,
            0.42241731540895217,
            0.18884276492825436,
            0.39287395774510464
          ],
          "logLikelihood": -3816.26214840166,
          "AIC": 7646.52429680332,
          "BIC": 7693.972578303761,
          "nParams": 7
        },