{
  "participantID": "mh",
  "generating_model": "fusionOnlyLogNorm",
  "true_params": [
    0.18030221210562342,
    0.4606785255395479,
    0.5137463174421645,
    0.7738936798825016,
    0.0010001612316002106,
    0.2448781874040906
  ],
  "n_iterations": 5,
  "iterations": [
    {
      "iteration": 0,
      "model_fits": {
        "lognorm": {
          "fittedParams": [
            0.0820299502210517,
            0.46270548071647805,
            0.4340619098346688,
            0.7254705194322673,
            1.3834184458852836,
            0.01771311370255144,
            0.18150083100004966
          ],
          "logLikelihood": -3591.5389808567948,
          "AIC": 7197.0779617135895,
          "BIC": 7244.526243214031,
          "nParams": 7
        },
        "fusionOnlyLogNorm": {
          "fittedParams": [
            0.11038185278853505,
            0.4377678392437406,
            0.5056407487150452,
            1.0062005491480506,
            0.001,
            0.2575615211601889
          ],
          "logLikelihood": -3587.493879051067,
          "AIC": 7186.987758102134,
          "BIC": 7227.657713673941,
          "nParams": 6
        },
        "switchingFree": {
          "fittedParams": [
            0.1720973894519857,
            0.2068906464931561,
            0.40049746334689773,
            0.40215781264464273,
            0.5759075334234518,
            0.08182508752710378,
            0.24204077928978776,
            0.7875088649341625
          ],
          "logLikelihood": -3593.2580941005663,
          "AIC": 7202.5161882011325,
          "BIC": 7256.742795630208,
          "nParams": 8
        },
        "probabilityMatchingLogNorm": {
          "fittedParams": [
            0.10811112609737215,
            0.45024605349311353,
            0.06711760804877151,
            0.5357994659890852,
            0.6124364131771628,
            0.0052477127183735905,
            0.2186278633905058
          ],
          "logLikelihood": -3597.3813366497698,
          "AIC": 7208.7626732995395,
          "BIC": 7256.210954799981,
          "nParams": 7
        },
        "selection": {
          "fittedParams": [
            0.15956556758175208,
            0.21067017400180277,
            0.20256174378252803,
            0.6371343356511018,
            0.865133091906405,
            0.04415631461170186,
            0.2596949452170657
          ],
          "logLikelihood": -3631.6637923862363,
          "AIC": 7277.327584772473,
          "BIC": 7324.775866272914,
          "nParams": 7
        }
      },
      "best_model_aic": "fusionOnlyLogNorm",
      "best_model_bic": "fusionOnlyLogNorm"
    },
    {
      "iteration": 1,
      "model_fits": {
        "lognorm": {
          "fittedParams": [
            0.1838677236185313,
            0.6214475187694066,
            0.49848993770806266,
            0.8719676926275015,
            1.1823896905651494,
            0.07386437710226862,
            0.23761057947904804
          ],
          "logLikelihood": -3706.9314188445087,
          "AIC": 7427.862837689017,
          "BIC": 7475.311119189459,
          "nParams": 7
        },
        "fusionOnlyLogNorm": {
          "fittedParams": [
            0.2014163314638367,
            0.4446580160794778,
            0.5463444138413567,
            1.0675739195927492,
            0.07502268563041217,
            0.250995076694323
          ],
          "logLikelihood": -3702.8856584120504,
          "AIC": 7417.771316824101,
          "BIC": 7458.441272395908,
          "nParams": 6
        },
        "switchingFree": {
          "fittedParams": [
            0.10336516858774886,
            0.3149538332682746,
            0.3994535713787147,
            0.5176081410518063,
            1.265290317169771,
            0.007284496512221799,
            0.21575219005128105,
            0.8793607228885822
          ],
          "logLikelihood": -3713.8623237622455,
          "AIC": 7443.724647524491,
          "BIC": 7497.951254953567,
          "nParams": 8
        },
        "probabilityMatchingLogNorm": {
          "fittedParams": [
            0.14187059579306677,
            0.4503708405172975,
            0.21019232949568528,
            0.26671180220117163,
            0.9885490282569482,
            0.017878865642849448,
            0.2027462565182777
          ],
          "logLikelihood": -3708.8183655556136,
          "AIC": 7431.636731111227,
          "BIC": 7479.085012611668,
          "nParams": 7
        },
        "selection": {
          "fittedParams": [
            0.21122587853433045,
            0.3173148342804835,
            0.23034506006366962,
            0.7117201618851227,
            0.4827442663178801,
            0.11190602374747406,
            0.23767053993497222
          ],
          "logLikelihood": -3730.0650229074904,
          "AIC": 7474.130045814981,
          "BIC": 7521.578327315422,
          "nParams": 7
        }
      },
      "best_model_aic": "fusionOnlyLogNorm",
      "best_model_bic": "fusionOnlyLogNorm"
    },
    {
      "iteration": 2,
      "model_fits": {
        "lognorm": {
          "fittedParams": [
            0.21636971973311678,
            0.4116811560432598,
            0.311954117828414,
            0.6434723172203671,
            2.0,
            0.02247739752180055,
            0.24257838644733962
          ],
          "logLikelihood": -3686.779697543739,
          "AIC": 7387.559395087478,
          "BIC": 7435.007676587919,
          "nParams": 7
        },
        "fusionOnlyLogNorm": {
          "fittedParams": [
            0.19085464177223363,
            0.38068930925720273,
            0.52546810503868,
            2.0,
            0.038161728042421066,
            0.18788884616760798
          ],
          "logLikelihood": -3690.965350675425,
          "AIC": 7393.93070135085,
          "BIC": 7434.6006569226565,
          "nParams": 6
        },
        "switchingFree": {
          "fittedParams": [
            0.17937982838042815,
            0.04448382349345588,
            0.5000022047507956,
            0.4957739559683596,
            0.3970438789522155,
            0.001,
            0.1874338915225268,
            0.6801787985072263
          ],
          "logLikelihood": -3685.021553068299,
          "AIC": 7386.043106136598,
          "BIC": 7440.269713565674,
          "nParams": 8
        },
        "probabilityMatchingLogNorm": {
          "fittedParams": [
            0.3083475811956349,
            0.25779625341000656,
            0.24153426666695657,
            0.14443342830309122,
            0.9904769351713429,
            0.16963296680827303,
            0.25153481440401526
          ],
          "logLikelihood": -3699.565599886194,
          "AIC": 7413.131199772388,
          "BIC": 7460.579481272829,
          "nParams": 7
        },
        "selection": {
          "fittedParams": [
            0.19652365606952865,
            0.2062513945940112,
            0.30604334406682704,
            0.8918588616095984,
            1.6012128382701147,
            0.07996574848314135,
            0.18426899003873407
          ],
          "logLikelihood": -3722.025978455397,
          "AIC": 7458.051956910794,
          "BIC": 7505.500238411235,
          "nParams": 7
        }
      },
      "best_model_aic": "switchingFree",
      "best_model_bic": "fusionOnlyLogNorm"
    },
    {
      "iteration": 3,
      "model_fits": {
        "lognorm": {
          "fittedParams": [
            0.20755387833742067,
            0.5378283758342947,
            0.23643040944001667,
            0.4981436321399865,
            1.4246192525872088,
            0.05926289554557547,
            0.20913044560559774
          ],
          "logLikelihood": -3738.6342098607843,
          "AIC": 7491.2684197215685,
          "BIC": 7538.71670122201,
          "nParams": 7
        },