{
  "participantID": "ml",
  "generating_model": "probabilityMatchingLogNorm",
  "true_params": [
    0.20221187833580845,
    0.4281406741585756,
    0.3667196758392881,
    0.2247191636659408,
    0.5556916779940273,
    0.0010343598390488984,
    0.11428209746665925
  ],
  "n_iterations": 5,
  "iterations": [
    {
      "iteration": 0,
      "model_fits": {
        "lognorm": {
          "fittedParams": [
            0.32093984597318437,
            0.37080893361798856,
            0.25379653136549185,
            0.687291220521164,
            0.5613233520193108,
            0.3109173925581757,
            0.3336157091197126
          ],
          "logLikelihood": -3823.1837598984152,
          "AIC": 7660.3675197968305,
          "BIC": 7707.848074291275,
          "nParams": 7
        },
        "fusionOnlyLogNorm": {
          "fittedParams": [
            0.2382680126668192,
            0.5487785949648869,
            0.519216863737622,
            0.7283457825424975,
            0.030081481620778488,
            0.177790900775588
          ],
          "logLikelihood": -3818.697794493117,
          "AIC": 7649.395588986234,
          "BIC": 7690.09320712433,
          "nParams": 6
        },
        "switchingFree": {
          "fittedParams": [
            0.16888873468617924,
            0.3364845041188697,
            0.33237709227117745,
            0.42591003456965804,
            0.6574161157178795,
            0.019252919820025697,
            0.18185775548340413,
            0.5930383759122125
          ],
          "logLikelihood": -3817.1905140161775,
          "AIC": 7650.381028032355,
          "BIC": 7704.644518883149,
          "nParams": 8
        },
        "probabilityMatchingLogNorm": {
          "fittedParams": [
            0.26005595666064124,
            0.4254293672775556,
            0.22227159332921595,
            0.33997408503082094,
            0.4741709127211448,
            0.013424944078755392,
            0.21626386831548094
          ],
          "logLikelihood": -3815.0873773025146,
          "AIC": 7644.174754605029,
          "BIC": 7691.655309099474,
          "nParams": 7
        },
        "selection": {
          "fittedParams": [
            0.21629817578706678,
            0.27296478256648016,
            0.19736677141638753,
            0.5087929636619749,
            0.3423233423879488,
            0.10790469423295715,
            0.07495060858789336
          ],
          "logLikelihood": -3826.4078412522026,
          "AIC": 7666.815682504405,
          "BIC": 7714.29623699885,
          "nParams": 7
        }
      },
      "best_model_aic": "probabilityMatchingLogNorm",
      "best_model_bic": "fusionOnlyLogNorm"
    },
    {
      "iteration": 1,
      "model_fits": {
        "lognorm": {
          "fittedParams": [
            0.23061367226076776,
            0.40969996790250895,
            0.5304435675308891,
            0.7937569751952847,
            0.5700921292803696,
            0.01789253816829835,
            0.0714224270568761
          ],
          "logLikelihood": -3743.662617601862,
          "AIC": 7501.325235203724,
          "BIC": 7548.805789698169,
          "nParams": 7
        },
        "fusionOnlyLogNorm": {
          "fittedParams": [
            0.3338589941720287,
            0.3982299757441397,
            0.5051446151892146,
            0.582114037611613,
            0.06514145239936331,
            0.07659899076317368
          ],
          "logLikelihood": -3751.8498385035837,
          "AIC": 7515.699677007167,
          "BIC": 7556.397295145263,
          "nParams": 6
        },
        "switchingFree": {
          "fittedParams": [
            0.2894352534404038,
            0.16492873020876944,
            0.4992451512112059,
            0.4612439696235432,
            0.29912802473607547,
            0.013297171074349808,
            0.05204599958575409,
            0.5896314735867416
          ],
          "logLikelihood": -3739.9008209841445,
          "AIC": 7495.801641968289,
          "BIC": 7550.065132819083,
          "nParams": 8
        },
        "probabilityMatchingLogNorm": {
          "fittedParams": [
            0.28437548120980666,
            0.3582456007732487,
            0.4712849266424356,
            0.09553652168222822,
            0.5541943674771833,
            0.006552261627023553,
            0.1812516130444022
          ],
          "logLikelihood": -3744.537883536203,
          "AIC": 7503.075767072406,
          "BIC": 7550.556321566851,
          "nParams": 7
        },
        "selection": {
          "fittedParams": [
            0.4,
            0.11837025910434322,
            0.16687247736625455,
            0.6885621752224661,
            0.192505089782226,
            0.31583710661582365,
            0.22584773700383534
          ],
          "logLikelihood": -3781.0204189322017,
          "AIC": 7576.040837864403,
          "BIC": 7623.521392358848,
          "nParams": 7
        }
      },
      "best_model_aic": "switchingFree",
      "best_model_bic": "lognorm"
    },
    {
      "iteration": 2,
      "model_fits": {
        "lognorm": {
          "fittedParams": [
            0.30493283260208887,
            0.6117094386064903,
            0.5391672230279342,
            0.9901685299140704,
            0.5186414958566798,
            0.14022210036553023,
            0.0601991626595773
          ],
          "logLikelihood": -3767.58970286811,
          "AIC": 7549.17940573622,
          "BIC": 7596.659960230665,
          "nParams": 7
        },
        "fusionOnlyLogNorm": {
          "fittedParams": [
            0.3121563879076599,
            0.4936842034866953,
            0.4460208388570443,
            0.393172706834029,
            0.06423728053420431,
            0.13024910283665966
          ],
          "logLikelihood": -3769.101233370161,
          "AIC": 7550.202466740322,
          "BIC": 7590.900084878418,
          "nParams": 6
        },
        "switchingFree": {
          "fittedParams": [
            0.22142491822930352,
            0.19633355420097154,
            0.5093782990117411,
            0.6479863513267695,
            0.178466885819255,
            0.006111852339519195,
            0.02195918391744206,
            0.5990294568250591
          ],
          "logLikelihood": -3752.1610944493195,
          "AIC": 7520.322188898639,
          "BIC": 7574.585679749433,
          "nParams": 8
        },
        "probabilityMatchingLogNorm": {
          "fittedParams": [
            0.2871073226130076,
            0.4109587149659424,
            0.1820851568878664,
            0.3497803752872479,
            0.4425256659375432,
            0.11130549606568918,
            0.08090994188695902
          ],
          "logLikelihood": -3766.108031810344,
          "AIC": 7546.216063620688,
          "BIC": 7593.696618115133,
          "nParams": 7
        },
        "selection": {
          "fittedParams": [
            0.25965500654355417,
            0.24408504663182337,
            0.24941020571105624,
            0.8539454023041286,
            0.2503691651012171,
            0.11185136564812867,
            0.012598755310783354
          ],
          "logLikelihood": -3778.442230823464,
          "AIC": 7570.884461646928,
          "BIC": 7618.3650161413725,
          "nParams": 7
        }
      },
      "best_model_aic": "switchingFree",
      "best_model_bic": "switchingFree"
    },
    {
      "iteration": 3,
      "model_fits": {
        "lognorm": {
          "fittedParams": [
            0.2820871635472949,
            0.3572480786961799,
            0.42334622210812645,
            0.7539907166481672,
            0.7292518448673582,
            0.06305399420287489,
            0.23152302297206678
          ],
          "logLikelihood": -3783.57375756759,
          "AIC": 7581.14751513518,
          "BIC": 7628.628069629624,
          "nParams": 7
        },