{
  "participantID": "ml",
  "generating_model": "lognorm",
  "true_params": [
    0.21438643143279304,
    0.45282259274393216,
    0.5017308785021144,
    0.789761092337249,
    1.0694440229838584,
    0.059006849287473684,
    0.08144664627566071
  ],
  "n_iterations": 5,
  "iterations": [
    {
      "iteration": 0,
      "model_fits": {
        "lognorm": {
          "fittedParams": [
            0.2972341949034521,
            0.36944112120213324,
            0.492641121751495,
            0.7653585296093119,
            1.5896901519358124,
            0.08455800093830923,
            0.0859356302358895
          ],
          "logLikelihood": -3813.2080298672918,
          "AIC": 7640.4160597345835,
          "BIC": 7687.896614229028,
          "nParams": 7
        },
        "fusionOnlyLogNorm": {
          "fittedParams": [
            0.2608628435520894,
            0.43804711816060143,
            0.6078469177712879,
            2.0,
            0.011460370533912672,
            0.06637154045619563
          ],
          "logLikelihood": -3821.1364937638023,
          "AIC": 7654.2729875276045,
          "BIC": 7694.9706056657005,
          "nParams": 6
        },
        "switchingFree": {
          "fittedParams": [
            0.27260014730458715,
            0.06410792379537614,
            0.5489306736322427,
            0.42436064235533033,
            0.4953282410936076,
            0.0914836457209501,
            0.0672806482511542,
            0.9295172076663034
          ],
          "logLikelihood": -3813.2913736903815,
          "AIC": 7642.582747380763,
          "BIC": 7696.846238231557,
          "nParams": 8
        },
        "probabilityMatchingLogNorm": {
          "fittedParams": [
            0.18774859133188282,
            0.3895029813974059,
            0.37734382880583356,
            0.1756538814966491,
            1.226119872424909,
            0.10810850070601277,
            0.08813762979306133
          ],
          "logLikelihood": -3820.486347902596,
          "AIC": 7654.972695805192,
          "BIC": 7702.453250299637,
          "nParams": 7
        },
        "selection": {
          "fittedParams": [
            0.25019102427208095,
            0.22912546848999713,
            0.2428959959730367,
            0.5465207619977027,
            2.0,
            0.1094284166971781,
            0.02658453926555385
          ],
          "logLikelihood": -3843.617267695958,
          "AIC": 7701.234535391916,
          "BIC": 7748.715089886361,
          "nParams": 7
        }
      },
      "best_model_aic": "lognorm",
      "best_model_bic": "lognorm"
    },
    {
      "iteration": 1,
      "model_fits": {
        "lognorm": {
          "fittedParams": [
            0.24641569899754145,
            0.5414381855864848,
            0.27694778412418636,
            0.4954797638075112,
            1.2473433656618937,
            0.061877973873062056,
            0.15450980506090467
          ],
          "logLikelihood": -3839.4348434255203,
          "AIC": 7692.869686851041,
          "BIC": 7740.350241345485,
          "nParams": 7
        },
        "fusionOnlyLogNorm": {
          "fittedParams": [
            0.17927006346013735,
            0.40504777575162126,
            0.5594704957158124,
            0.9364940530904114,
            0.04904037556395195,
            0.06512705767948558
          ],
          "logLikelihood": -3825.738418477761,
          "AIC": 7663.476836955522,
          "BIC": 7704.174455093618,
          "nParams": 6
        },
        "switchingFree": {
          "fittedParams": [
            0.07831821368541148,
            0.37750547450197397,
            0.413741139540955,
            0.2736346134213493,
            0.735153349225033,
            0.07752115332425606,
            0.031501411044778875,
            0.6106222533115648
          ],
          "logLikelihood": -3830.0732531899594,
          "AIC": 7676.146506379919,
          "BIC": 7730.409997230713,
          "nParams": 8
        },
        "probabilityMatchingLogNorm": {
          "fittedParams": [
            0.22057602926187272,
            0.40559838442058094,
            0.42766743684338304,
            0.14704104882299435,
            0.9262541110426842,
            0.08967136301869486,
            0.09380986909650242
          ],
          "logLikelihood": -3825.5604403493967,
          "AIC": 7665.120880698793,
          "BIC": 7712.601435193238,
          "nParams": 7
        },
        "selection": {
          "fittedParams": [
            0.22810169646651313,
            0.21745969281378635,
            0.24224048659672673,
            0.6877211448487464,
            0.9007297409280457,
            0.054917294196232265,
            0.13103219899782842
          ],
          "logLikelihood": -3862.701054339388,
          "AIC": 7739.402108678776,
          "BIC": 7786.882663173221,
          "nParams": 7
        }
      },
      "best_model_aic": "fusionOnlyLogNorm",
      "best_model_bic": "fusionOnlyLogNorm"
    },
    {
      "iteration": 2,
      "model_fits": {
        "lognorm": {
          "fittedParams": [
            0.24287344694470941,
            0.3587440279157561,
            0.4300723774778701,
            0.6995770230927488,
            1.4567321123976533,
            0.07726402346484161,
            0.17495202610558264
          ],
          "logLikelihood": -3804.779848727516,
          "AIC": 7623.559697455032,
          "BIC": 7671.040251949476,
          "nParams": 7
        },
        "fusionOnlyLogNorm": {
          "fittedParams": [
            0.2691129169655203,
            0.39020125461955607,
            0.47881099939316335,
            0.6557104368434461,
            0.06461515693897951,
            0.17818238986775742
          ],
          "logLikelihood": -3810.0908885152617,
          "AIC": 7632.181777030523,
          "BIC": 7672.879395168619,
          "nParams": 6
        },
        "switchingFree": {
          "fittedParams": [
            0.18127559388171613,
            0.27244680316855446,
            0.45200606709933105,
            0.3981519327367787,
            0.78665272874976,
            0.07631563103367181,
            0.05226027629504634,
            0.669501668567991
          ],
          "logLikelihood": -3807.193109841221,
          "AIC": 7630.386219682442,
          "BIC": 7684.649710533236,
          "nParams": 8
        },
        "probabilityMatchingLogNorm": {
          "fittedParams": [
            0.34908537501571846,
            0.29945638080196835,
            0.35737272904037354,
            0.10041422104605169,
            0.8603149390262068,
            0.10982187829172033,
            0.22650123272979783
          ],
          "logLikelihood": -3811.1804587812358,
          "AIC": 7636.3609175624715,
          "BIC": 7683.841472056916,
          "nParams": 7
        },
        "selection": {
          "fittedParams": [
            0.246292743921632,
            0.14966228852690575,
            0.23423913503857546,
            0.8659540409635206,
            1.1934753978104036,
            0.11204606593656849,
            0.1031438634605695
          ],
          "logLikelihood": -3837.115371912079,
          "AIC": 7688.230743824158,
          "BIC": 7735.7112983186025,
          "nParams": 7
        }
      },
      "best_model_aic": "lognorm",
      "best_model_bic": "lognorm"
    },
    {
      "iteration": 3,
      "model_fits": {
        "lognorm": {
          "fittedParams": [
            0.16324779255324412,
            0.4319041786580076,
            0.6334160376134844,
            0.9564576332754333,
            1.008987000372248,
            0.025939813962749483,
            0.09690528130100243
          ],
          "logLikelihood": -3771.2076867218257,
          "AIC": 7556.415373443651,
          "BIC": 7603.895927938096,
          "nParams": 7
        },