{
  "participantID": "mt",
  "generating_model": "switchingFree",
  "true_params": [
    0.037807366781214546,
    0.14188179661953804,
    0.10412509952956994,
    0.0942598187979456,
    0.3805087768823714,
    0.14866814393911892,
    0.2204094619702848,
    0.4939409861923195
  ],
  "n_iterations": 5,
  "iterations": [
    {
      "iteration": 0,
      "model_fits": {
        "lognorm": {
          "fittedParams": [
            0.08934057712082438,
            0.1544656261492652,
            0.37030477568456555,
            0.8484717347987678,
            0.39171285987765275,
            0.16327484256443622,
            0.35658472794841756
          ],
          "logLikelihood": -3406.239937690383,
          "AIC": 6826.479875380766,
          "BIC": 6873.902230925645,
          "nParams": 7
        },
        "fusionOnlyLogNorm": {
          "fittedParams": [
            0.07029198300366284,
            0.1653713728217357,
            0.4276298335417568,
            0.4729559692989612,
            0.19913450803681038,
            0.2914491136348882
          ],
          "logLikelihood": -3401.0094408496147,
          "AIC": 6814.0188816992295,
          "BIC": 6854.666615023411,
          "nParams": 6
        },
        "switchingFree": {
          "fittedParams": [
            0.033436551798570836,
            0.09567057501876046,
            0.38272561371776,
            0.23920932140225742,
            0.14915464859640856,
            0.1419894055385526,
            0.256821413306976,
            0.6718925367804853
          ],
          "logLikelihood": -3399.6492739669848,
          "AIC": 6815.2985479339695,
          "BIC": 6869.495525699545,
          "nParams": 8
        },
        "probabilityMatchingLogNorm": {
          "fittedParams": [
            0.006854023897377571,
            0.16131875281302224,
            2.0,
            0.5108470871243321,
            0.3140456540980014,
            0.17677552219208323,
            0.30847094777157774
          ],
          "logLikelihood": -3528.995669379828,
          "AIC": 7071.991338759656,
          "BIC": 7119.413694304535,
          "nParams": 7
        },
        "selection": {
          "fittedParams": [
            0.0524454545007413,
            0.08284805233366652,
            0.14232650772708758,
            0.5977536372047755,
            0.24636853572802866,
            0.18362298954736556,
            0.18134317956157275
          ],
          "logLikelihood": -3404.7620261569377,
          "AIC": 6823.5240523138755,
          "BIC": 6870.946407858754,
          "nParams": 7
        }
      },
      "best_model_aic": "fusionOnlyLogNorm",
      "best_model_bic": "fusionOnlyLogNorm"
    },
    {
      "iteration": 1,
      "model_fits": {
        "lognorm": {
          "fittedParams": [
            0.14253026410332922,
            0.12375584652228266,
            0.2708248606572319,
            0.6249121263473052,
            0.5869861668843639,
            0.18775780151340607,
            0.27833905523167274
          ],
          "logLikelihood": -3334.832626890603,
          "AIC": 6683.665253781206,
          "BIC": 6731.087609326085,
          "nParams": 7
        },
        "fusionOnlyLogNorm": {
          "fittedParams": [
            0.014556839593059704,
            0.1650555561763284,
            0.49114089031394237,
            0.5210115424084832,
            0.057402226047740125,
            0.2284678460825265
          ],
          "logLikelihood": -3337.581338941767,
          "AIC": 6687.162677883534,
          "BIC": 6727.810411207716,
          "nParams": 6
        },
        "switchingFree": {
          "fittedParams": [
            0.09832503972419646,
            0.07277195860116954,
            0.33036397338822904,
            0.1528060752636649,
            0.012717805331157989,
            0.17008076585720153,
            0.3029071124367276,
            0.6022690815123669
          ],
          "logLikelihood": -3341.608196788316,
          "AIC": 6699.216393576632,
          "BIC": 6753.413371342208,
          "nParams": 8
        },
        "probabilityMatchingLogNorm": {
          "fittedParams": [
            0.061243116537369434,
            0.14094314370392633,
            0.4474959709613452,
            0.015233615385783144,
            0.43823136675576085,
            0.08606690350685631,
            0.25761504834595256
          ],
          "logLikelihood": -3335.4272776525513,
          "AIC": 6684.854555305103,
          "BIC": 6732.2769108499815,
          "nParams": 7
        },
        "selection": {
          "fittedParams": [
            0.037961298597235495,
            0.08026965218425602,
            0.16736683789898452,
            0.6786410106707251,
            0.225572018322173,
            0.07551960973169378,
            0.28360834309206673
          ],
          "logLikelihood": -3324.646519588643,
          "AIC": 6663.293039177286,
          "BIC": 6710.715394722165,
          "nParams": 7
        }
      },
      "best_model_aic": "selection",
      "best_model_bic": "selection"
    },
    {
      "iteration": 2,
      "model_fits": {
        "lognorm": {
          "fittedParams": [
            0.07595054898359117,
            0.13565668288915003,
            0.2579396884541702,
            0.5492756566824424,
            0.6717169174374835,
            0.18528628359298124,
            0.29390659733591556
          ],
          "logLikelihood": -3348.46671708029,
          "AIC": 6710.93343416058,
          "BIC": 6758.355789705459,
          "nParams": 7
        },
        "fusionOnlyLogNorm": {
          "fittedParams": [
            0.013590550901254052,
            0.17137674044370854,
            0.47546100588022294,
            0.4956741355476983,
            0.05697957034364711,
            0.296436754109043
          ],
          "logLikelihood": -3344.3804902848506,
          "AIC": 6700.760980569701,
          "BIC": 6741.408713893883,
          "nParams": 6
        },
        "switchingFree": {
          "fittedParams": [
            0.046357744043227206,
            0.13390876275539854,
            0.21318862193072072,
            0.131602808077598,
            0.44951503568107165,
            0.128098097485595,
            0.23187761043713312,
            0.6053041067380865
          ],
          "logLikelihood": -3329.603314128779,
          "AIC": 6675.206628257558,
          "BIC": 6729.403606023134,
          "nParams": 8
        },
        "probabilityMatchingLogNorm": {
          "fittedParams": [
            0.019917207674554318,
            0.1885259129126206,
            0.3575174791147273,
            0.16662491593267076,
            0.6693757939741979,
            0.07061400839534203,
            0.22629754744961517
          ],
          "logLikelihood": -3356.3737737236943,
          "AIC": 6726.747547447389,
          "BIC": 6774.169902992267,
          "nParams": 7
        },
        "selection": {
          "fittedParams": [
            0.026840694904434886,
            0.08137844241396433,
            0.13198400556763323,
            0.4741973180516809,
            0.21374744361634407,
            0.1323279971077962,
            0.18883204727091285
          ],
          "logLikelihood": -3339.5827925801623,
          "AIC": 6693.165585160325,
          "BIC": 6740.587940705203,
          "nParams": 7
        }
      },
      "best_model_aic": "switchingFree",
      "best_model_bic": "switchingFree"
    },
    {
      "iteration": 3,
      "model_fits": {
        "lognorm": {
          "fittedParams": [
            0.04979603813327554,
            0.16541555183376677,
            0.3300664308841232,
            0.7330789799394619,
            0.3920480556680672,
            0.1604880451137803,
            0.23243129654624461
          ],
          "logLikelihood": -3308.313741422451,
          "AIC": 6630.627482844902,
          "BIC": 6678.049838389781,
          "nParams": 7
        },