{
  "participantID": "mt",
  "generating_model": "fusionOnlyLogNorm",
  "true_params": [
    0.03511450789570808,
    0.15256166017055506,
    0.4201665517687797,
    0.5296640231609344,
    0.11001675498485565,
    0.22958120327591897
  ],
  "n_iterations": 5,
  "iterations": [
    {
      "iteration": 0,
      "model_fits": {
        "lognorm": {
          "fittedParams": [
            0.08178180823185696,
            0.1586329999838501,
            0.37864349774781886,
            0.5877647421924496,
            0.7253877100211938,
            0.08731359238440885,
            0.26640791251098744
          ],
          "logLikelihood": -3350.219048712863,
          "AIC": 6714.438097425726,
          "BIC": 6761.8604529706045,
          "nParams": 7
        },
        "fusionOnlyLogNorm": {
          "fittedParams": [
            0.027967523148056145,
            0.15353100051706967,
            0.4660175403463097,
            0.5132268253248413,
            0.10509481654548845,
            0.19175354382791587
          ],
          "logLikelihood": -3340.039090901487,
          "AIC": 6692.078181802974,
          "BIC": 6732.7259151271555,
          "nParams": 6
        },
        "switchingFree": {
          "fittedParams": [
            0.04691205106166816,
            0.13393247259970117,
            0.20384180684225078,
            0.05628339081889279,
            0.3412546707370195,
            0.14067532970919092,
            0.25893151923074625,
            0.5380767134787783
          ],
          "logLikelihood": -3354.7912694049396,
          "AIC": 6725.582538809879,
          "BIC": 6779.779516575455,
          "nParams": 8
        },
        "probabilityMatchingLogNorm": {
          "fittedParams": [
            0.04915728387966109,
            0.13029974046631326,
            0.27709416956506927,
            0.12321334584498037,
            0.4616916983954951,
            0.18914481544341627,
            0.2882973622531567
          ],
          "logLikelihood": -3335.9218895499685,
          "AIC": 6685.843779099937,
          "BIC": 6733.266134644816,
          "nParams": 7
        },
        "selection": {
          "fittedParams": [
            0.1240428123613594,
            0.062063186780229956,
            0.19376302810084356,
            0.7999249063413219,
            2.0,
            0.10726945840478681,
            0.2700651270640077
          ],
          "logLikelihood": -3391.3685475210827,
          "AIC": 6796.7370950421655,
          "BIC": 6844.159450587044,
          "nParams": 7
        }
      },
      "best_model_aic": "probabilityMatchingLogNorm",
      "best_model_bic": "fusionOnlyLogNorm"
    },
    {
      "iteration": 1,
      "model_fits": {
        "lognorm": {
          "fittedParams": [
            0.10220496431945045,
            0.15325248505808298,
            0.2893268887173712,
            0.5976581686745197,
            1.051990434225022,
            0.08901326840184494,
            0.2124755534118751
          ],
          "logLikelihood": -3292.1329741587183,
          "AIC": 6598.265948317437,
          "BIC": 6645.6883038623155,
          "nParams": 7
        },
        "fusionOnlyLogNorm": {
          "fittedParams": [
            0.04955546274094166,
            0.16952628492155705,
            0.4618190731543572,
            0.7790649971510988,
            0.08768635827406283,
            0.23115956506063992
          ],
          "logLikelihood": -3284.588702735294,
          "AIC": 6581.177405470588,
          "BIC": 6621.82513879477,
          "nParams": 6
        },
        "switchingFree": {
          "fittedParams": [
            0.04210637986435539,
            0.11461200141020618,
            0.3635284349983382,
            0.10816036194612944,
            0.10387742138430733,
            0.09022877316900377,
            0.22013321891603535,
            0.7526439361367457
          ],
          "logLikelihood": -3296.7032210620346,
          "AIC": 6609.406442124069,
          "BIC": 6663.603419889645,
          "nParams": 8
        },
        "probabilityMatchingLogNorm": {
          "fittedParams": [
            0.05966419576513633,
            0.15634999777763847,
            0.324442319042028,
            0.04434956574256203,
            0.6365892873816188,
            0.1275592386296289,
            0.26668373009352814
          ],
          "logLikelihood": -3289.215361595687,
          "AIC": 6592.430723191374,
          "BIC": 6639.853078736253,
          "nParams": 7
        },
        "selection": {
          "fittedParams": [
            0.050407995876561126,
            0.08413157289518758,
            0.21082529817886186,
            0.8787892198346976,
            0.28100702465174965,
            0.11719408252606164,
            0.2277123582855084
          ],
          "logLikelihood": -3294.1343367753243,
          "AIC": 6602.268673550649,
          "BIC": 6649.6910290955275,
          "nParams": 7
        }
      },
      "best_model_aic": "fusionOnlyLogNorm",
      "best_model_bic": "fusionOnlyLogNorm"
    },
    {
      "iteration": 2,
      "model_fits": {
        "lognorm": {
          "fittedParams": [
            0.13063539370527916,
            0.1495293374537847,
            0.3275058246090981,
            0.8694774716231369,
            2.0,
            0.08452222248609563,
            0.19048942432893162
          ],
          "logLikelihood": -3362.3957433049463,
          "AIC": 6738.791486609893,
          "BIC": 6786.213842154772,
          "nParams": 7
        },
        "fusionOnlyLogNorm": {
          "fittedParams": [
            0.0585202715030291,
            0.16554306410644956,
            0.4822104429286138,
            0.6390636243041505,
            0.09005645305557855,
            0.1410665596382198
          ],
          "logLikelihood": -3343.2431168639664,
          "AIC": 6698.486233727933,
          "BIC": 6739.133967052115,
          "nParams": 6
        },
        "switchingFree": {
          "fittedParams": [
            0.01057267392118958,
            0.13286233894826346,
            0.3912202283565347,
            0.10807049530340074,
            0.4608149210036946,
            0.05059829459668477,
            0.1958913874146369,
            0.6916623628088662
          ],
          "logLikelihood": -3362.5018701115296,
          "AIC": 6741.003740223059,
          "BIC": 6795.200717988635,
          "nParams": 8
        },
        "probabilityMatchingLogNorm": {
          "fittedParams": [
            0.07456497623773345,
            0.15750240309991775,
            0.3576807006041109,
            0.05252871945178331,
            0.5448431234359097,
            0.11447238684587535,
            0.18702804602939818
          ],
          "logLikelihood": -3337.3597851831046,
          "AIC": 6688.719570366209,
          "BIC": 6736.141925911088,
          "nParams": 7
        },
        "selection": {
          "fittedParams": [
            0.06321209772043385,
            0.07382221153264794,
            0.22128106597937972,
            0.7011622022269381,
            0.43451718717043253,
            0.14728595429019958,
            0.198550359732266
          ],
          "logLikelihood": -3363.687506910639,
          "AIC": 6741.375013821278,
          "BIC": 6788.797369366157,
          "nParams": 7
        }
      },
      "best_model_aic": "probabilityMatchingLogNorm",
      "best_model_bic": "probabilityMatchingLogNorm"
    },
    {
      "iteration": 3,
      "model_fits": {
        "lognorm": {
          "fittedParams": [
            0.06475867337396762,
            0.16211141290595787,
            0.351149546969457,
            0.7120471601728317,
            1.4412092089409672,
            0.060676749390535835,
            0.2645184820111497
          ],
          "logLikelihood": -3355.2439721188402,
          "AIC": 6724.4879442376805,
          "BIC": 6771.910299782559,
          "nParams": 7
        },