{
  "participantID": "oy",
  "generating_model": "probabilityMatchingLogNorm",
  "true_params": [
    0.0924252336086487,
    0.2903499611410941,
    0.6389568606370408,
    0.23264728543726954,
    0.38591062084872574,
    0.11930105348242359,
    0.15419947530587233
  ],
  "n_iterations": 5,
  "iterations": [
    {
      "iteration": 0,
      "model_fits": {
        "lognorm": {
          "fittedParams": [
            0.07991944318605869,
            0.2378089925398226,
            0.6455193473994731,
            0.7773439990414752,
            0.45808787554013053,
            0.14706404734532147,
            0.18304992236848025
          ],
          "logLikelihood": -3453.6920719175578,
          "AIC": 6921.3841438351155,
          "BIC": 6968.85503204494,
          "nParams": 7
        },
        "fusionOnlyLogNorm": {
          "fittedParams": [
            0.12294044012878126,
            0.24395099605363568,
            0.7345703171224531,
            0.5045120180372983,
            0.14948182265877746,
            0.154656659395733
          ],
          "logLikelihood": -3448.241412123443,
          "AIC": 6908.482824246886,
          "BIC": 6949.172156998164,
          "nParams": 6
        },
        "switchingFree": {
          "fittedParams": [
            0.07643234644601843,
            0.1863957443088857,
            0.7057167311514901,
            0.17945827763759423,
            0.2161565956732811,
            0.14365736830353693,
            0.0648745085229738,
            0.37909902461653716
          ],
          "logLikelihood": -3436.6395682402626,
          "AIC": 6889.279136480525,
          "BIC": 6943.531580148897,
          "nParams": 8
        },
        "probabilityMatchingLogNorm": {
          "fittedParams": [
            0.08037073702326522,
            0.26048112952431246,
            0.9287495524616484,
            0.05968804564910621,
            0.42318540657514203,
            0.1827811376597715,
            0.15381931678292313
          ],
          "logLikelihood": -3449.7449362979883,
          "AIC": 6913.4898725959765,
          "BIC": 6960.960760805801,
          "nParams": 7
        },
        "selection": {
          "fittedParams": [
            0.10134825375992111,
            0.1349027364902538,
            0.511312900315577,
            0.7314359305078935,
            0.21138672563047434,
            0.16741292752939935,
            0.16144353504492373
          ],
          "logLikelihood": -3458.3051628636476,
          "AIC": 6930.610325727295,
          "BIC": 6978.08121393712,
          "nParams": 7
        }
      },
      "best_model_aic": "switchingFree",
      "best_model_bic": "switchingFree"
    },
    {
      "iteration": 1,
      "model_fits": {
        "lognorm": {
          "fittedParams": [
            0.07746126040579916,
            0.3461602004673594,
            0.6954666109921545,
            0.6341448101042196,
            0.40657429603501394,
            0.1466271375666813,
            0.17272223760355246
          ],
          "logLikelihood": -3551.7023067871487,
          "AIC": 7117.404613574297,
          "BIC": 7164.875501784122,
          "nParams": 7
        },
        "fusionOnlyLogNorm": {
          "fittedParams": [
            0.14741316215802805,
            0.2728198723000007,
            0.6836716002863312,
            0.31603093584431696,
            0.19259927585242817,
            0.24722224046244407
          ],
          "logLikelihood": -3562.979263742921,
          "AIC": 7137.958527485842,
          "BIC": 7178.64786023712,
          "nParams": 6
        },
        "switchingFree": {
          "fittedParams": [
            0.09502955018874182,
            0.25793834382985625,
            0.2800387958640005,
            0.22104543259952125,
            0.327975218256219,
            0.22757564474263442,
            0.19397782113029097,
            0.1796085193933057
          ],
          "logLikelihood": -3558.131980757597,
          "AIC": 7132.263961515194,
          "BIC": 7186.516405183565,
          "nParams": 8
        },
        "probabilityMatchingLogNorm": {
          "fittedParams": [
            0.11813435861954383,
            0.2633936551671359,
            0.5183353748026259,
            0.3232959285535652,
            0.33519084077835626,
            0.2398125054508655,
            0.1940670008258854
          ],
          "logLikelihood": -3556.4382373445173,
          "AIC": 7126.876474689035,
          "BIC": 7174.3473628988595,
          "nParams": 7
        },
        "selection": {
          "fittedParams": [
            0.09117434997855005,
            0.15002643207471855,
            0.3426207492449398,
            0.8113985162425301,
            0.18350411139567077,
            0.23901878690403747,
            0.17001209147104226
          ],
          "logLikelihood": -3582.599713733884,
          "AIC": 7179.199427467768,
          "BIC": 7226.670315677593,
          "nParams": 7
        }
      },
      "best_model_aic": "lognorm",
      "best_model_bic": "lognorm"
    },
    {
      "iteration": 2,
      "model_fits": {
        "lognorm": {
          "fittedParams": [
            0.06433803350804312,
            0.34005807247102704,
            1.1756181340231302,
            0.6467814501992653,
            0.4345118580222252,
            0.06543536949666913,
            0.16806139267319914
          ],
          "logLikelihood": -3513.4177849382286,
          "AIC": 7040.835569876457,
          "BIC": 7088.306458086282,
          "nParams": 7
        },
        "fusionOnlyLogNorm": {
          "fittedParams": [
            0.04406760579934266,
            0.26560384387253727,
            1.2856155088667878,
            0.4454507263027747,
            0.07432978934801773,
            0.14710240558031049
          ],
          "logLikelihood": -3519.4801314066203,
          "AIC": 7050.960262813241,
          "BIC": 7091.649595564519,
          "nParams": 6
        },
        "switchingFree": {
          "fittedParams": [
            0.1091979311216326,
            0.22822637264211454,
            1.2091754155457368,
            0.10056670963086282,
            0.2070635966601861,
            0.09189888623498108,
            0.18122110366421373,
            0.25449287651330793
          ],
          "logLikelihood": -3515.2461443776715,
          "AIC": 7046.492288755343,
          "BIC": 7100.744732423715,
          "nParams": 8
        },
        "probabilityMatchingLogNorm": {
          "fittedParams": [
            0.10155654557790074,
            0.2701922720518928,
            2.0,
            0.21988752529764627,
            0.37885728733677765,
            0.11479631256035278,
            0.18648036642268567
          ],
          "logLikelihood": -3517.9993553983873,
          "AIC": 7049.9987107967745,
          "BIC": 7097.469599006599,
          "nParams": 7
        },
        "selection": {
          "fittedParams": [
            0.1936485680933355,
            0.1383971567466098,
            0.42309781769861504,
            0.47735096058788823,
            0.15141552313994514,
            0.1971197211221338,
            0.24495267653630332
          ],
          "logLikelihood": -3539.195351168105,
          "AIC": 7092.39070233621,
          "BIC": 7139.861590546035,
          "nParams": 7
        }
      },
      "best_model_aic": "lognorm",
      "best_model_bic": "lognorm"
    },
    {
      "iteration": 3,
      "model_fits": {
        "lognorm": {
          "fittedParams": [
            0.11838331165065,
            0.28487789938612507,
            0.37229848446272756,
            0.33976020109236743,
            0.4293649712634271,
            0.11764262683801456,
            0.18597774824929358
          ],
          "logLikelihood": -3453.0023228452264,
          "AIC": 6920.004645690453,
          "BIC": 6967.475533900278,
          "nParams": 7
        },