{
  "participantID": "oy",
  "generating_model": "switchingFree",
  "true_params": [
    0.08825566885614142,
    0.24364900073271167,
    0.9270702285475356,
    0.10250598425593577,
    0.118832549593615,
    0.10079676557813727,
    0.12645313437826766,
    0.39331124763857583
  ],
  "n_iterations": 5,
  "iterations": [
    {
      "iteration": 0,
      "model_fits": {
        "lognorm": {
          "fittedParams": [
            0.12234388237462951,
            0.30251962380774705,
            0.5876310331543576,
            0.6592339944688624,
            0.509118304047471,
            0.15600652934212844,
            0.17868715117655776
          ],
          "logLikelihood": -3572.747545447824,
          "AIC": 7159.495090895648,
          "BIC": 7206.965979105473,
          "nParams": 7
        },
        "fusionOnlyLogNorm": {
          "fittedParams": [
            0.1745422578772013,
            0.31942543702906673,
            1.19118980240197,
            0.3104423085703948,
            0.08044132390290393,
            0.23710167193704598
          ],
          "logLikelihood": -3577.029006181106,
          "AIC": 7166.058012362212,
          "BIC": 7206.74734511349,
          "nParams": 6
        },
        "switchingFree": {
          "fittedParams": [
            0.12429529074852569,
            0.2987105951206116,
            0.8156192471617023,
            0.041294519176541714,
            0.24124563364979912,
            0.1394761576652464,
            0.21009028440144356,
            0.2780156544993599
          ],
          "logLikelihood": -3555.9597674786264,
          "AIC": 7127.919534957253,
          "BIC": 7182.171978625624,
          "nParams": 8
        },
        "probabilityMatchingLogNorm": {
          "fittedParams": [
            0.0864054086533959,
            0.3400770453611994,
            2.0,
            0.43641503952310745,
            0.3625400542811817,
            0.09215571852681528,
            0.07605462386118246
          ],
          "logLikelihood": -3575.488060044986,
          "AIC": 7164.976120089972,
          "BIC": 7212.447008299797,
          "nParams": 7
        },
        "selection": {
          "fittedParams": [
            0.20502852123844956,
            0.1268265284736326,
            1.3291940648738643,
            0.9154535334864351,
            0.16044812295128597,
            0.22868899819962807,
            0.25749257353538474
          ],
          "logLikelihood": -3595.7066886978832,
          "AIC": 7205.4133773957665,
          "BIC": 7252.884265605591,
          "nParams": 7
        }
      },
      "best_model_aic": "switchingFree",
      "best_model_bic": "switchingFree"
    },
    {
      "iteration": 1,
      "model_fits": {
        "lognorm": {
          "fittedParams": [
            0.13562627562285112,
            0.263725702874523,
            1.4371930576815275,
            0.8674487526965996,
            0.3824728379219082,
            0.18708522553744872,
            0.06663595878729264
          ],
          "logLikelihood": -3472.003213457576,
          "AIC": 6958.006426915152,
          "BIC": 7005.4773151249765,
          "nParams": 7
        },
        "fusionOnlyLogNorm": {
          "fittedParams": [
            0.1590345708069649,
            0.2715668221259726,
            1.7362772134139899,
            0.43095393743275323,
            0.07518083792026306,
            0.1317691122628407
          ],
          "logLikelihood": -3478.593961580066,
          "AIC": 6969.187923160132,
          "BIC": 7009.87725591141,
          "nParams": 6
        },
        "switchingFree": {
          "fittedParams": [
            0.1139042192197329,
            0.258134168837928,
            1.0437306449604589,
            0.0064567409864261655,
            0.2879514314958761,
            0.06608895435482567,
            0.1552269432921934,
            0.13402349715461492
          ],
          "logLikelihood": -3471.935960179866,
          "AIC": 6959.871920359732,
          "BIC": 7014.124364028104,
          "nParams": 8
        },
        "probabilityMatchingLogNorm": {
          "fittedParams": [
            0.14304836135863,
            0.2548672094125536,
            0.8292109256919441,
            0.1543136645607512,
            0.3639513463416606,
            0.1481411642554867,
            0.190674861629489
          ],
          "logLikelihood": -3468.222447839984,
          "AIC": 6950.444895679968,
          "BIC": 6997.915783889793,
          "nParams": 7
        },
        "selection": {
          "fittedParams": [
            0.14861696144976524,
            0.13001118676773277,
            0.591430430461688,
            0.774652069178452,
            0.21244396830278203,
            0.13808445571725483,
            0.1457200896711747
          ],
          "logLikelihood": -3489.714648806764,
          "AIC": 6993.429297613528,
          "BIC": 7040.900185823353,
          "nParams": 7
        }
      },
      "best_model_aic": "probabilityMatchingLogNorm",
      "best_model_bic": "probabilityMatchingLogNorm"
    },
    {
      "iteration": 2,
      "model_fits": {
        "lognorm": {
          "fittedParams": [
            0.0824939491918168,
            0.26533967895344823,
            0.8850001343797143,
            0.6038976184643112,
            0.4166597064475727,
            0.10339482049428923,
            0.11148394115671834
          ],
          "logLikelihood": -3417.020143741646,
          "AIC": 6848.040287483292,
          "BIC": 6895.5111756931165,
          "nParams": 7
        },
        "fusionOnlyLogNorm": {
          "fittedParams": [
            0.13438227830450486,
            0.23863439684897397,
            2.0,
            0.35258715123384765,
            0.1056129767773904,
            0.14112033124111012
          ],
          "logLikelihood": -3432.1437334251973,
          "AIC": 6876.287466850395,
          "BIC": 6916.976799601673,
          "nParams": 6
        },
        "switchingFree": {
          "fittedParams": [
            0.10246310451541618,
            0.22147448211064438,
            1.0035294936382737,
            0.09522204304361166,
            0.16366364214459794,
            0.08814467375318305,
            0.15860734704924076,
            0.3559194616740429
          ],
          "logLikelihood": -3413.8543349691286,
          "AIC": 6843.708669938257,
          "BIC": 6897.961113606629,
          "nParams": 8
        },
        "probabilityMatchingLogNorm": {
          "fittedParams": [
            0.09674391537231565,
            0.29298310209196937,
            1.361150901257161,
            0.029085132953354548,
            0.39411780867932894,
            0.10164156873110905,
            0.06378965300014221
          ],
          "logLikelihood": -3419.314643175816,
          "AIC": 6852.629286351632,
          "BIC": 6900.100174561457,
          "nParams": 7
        },
        "selection": {
          "fittedParams": [
            0.05006106772913152,
            0.15061791991713547,
            0.3710047971754794,
            0.871794172036872,
            0.23355727310067487,
            0.12302555041766844,
            0.051231918059822724
          ],
          "logLikelihood": -3443.338865437502,
          "AIC": 6900.677730875004,
          "BIC": 6948.148619084829,
          "nParams": 7
        }
      },
      "best_model_aic": "switchingFree",
      "best_model_bic": "lognorm"
    },
    {
      "iteration": 3,
      "model_fits": {
        "lognorm": {
          "fittedParams": [
            0.12397624098280981,
            0.24959873046053413,
            0.6238926360304388,
            0.43023096491668267,
            0.41085482340827406,
            0.10221027533176257,
            0.2447292043681829
          ],
          "logLikelihood": -3489.066667499706,
          "AIC": 6992.133334999412,
          "BIC": 7039.604223209237,
          "nParams": 7
        },