{
  "participantID": "qs",
  "generating_model": "fusionOnlyLogNorm",
  "true_params": [
    0.08800471094723362,
    0.22005511681822332,
    1.4587444702415804,
    0.5992431701433978,
    0.11525437683995342,
    0.2243353252062178
  ],
  "n_iterations": 5,
  "iterations": [
    {
      "iteration": 0,
      "model_fits": {
        "lognorm": {
          "fittedParams": [
            0.14075076111329293,
            0.22058808259671991,
            2.0,
            0.6349546613046337,
            0.5698215750875678,
            0.04205826494191918,
            0.1553098356054281
          ],
          "logLikelihood": -3798.4604212810837,
          "AIC": 7610.920842562167,
          "BIC": 7658.607620899035,
          "nParams": 7
        },
        "fusionOnlyLogNorm": {
          "fittedParams": [
            0.07616687709727146,
            0.23678237780547562,
            2.0,
            0.5515663243242771,
            0.06841046689163821,
            0.25040238031336803
          ],
          "logLikelihood": -3787.5650762351934,
          "AIC": 7587.130152470387,
          "BIC": 7628.004533901988,
          "nParams": 6
        },
        "switchingFree": {
          "fittedParams": [
            0.08847104956755944,
            0.15819048942079425,
            0.6622663247746786,
            0.17185990233254256,
            0.4877688043610015,
            0.09416194699090422,
            0.22921280954311812,
            0.22276818761425468
          ],
          "logLikelihood": -3791.046850454268,
          "AIC": 7598.093700908536,
          "BIC": 7652.592876150671,
          "nParams": 8
        },
        "probabilityMatchingLogNorm": {
          "fittedParams": [
            0.174027062794738,
            0.1522548808036263,
            2.0,
            0.6792921105582033,
            0.5218033425966311,
            0.17029741571182738,
            0.25738268869751746
          ],
          "logLikelihood": -3804.3410110838486,
          "AIC": 7622.682022167697,
          "BIC": 7670.368800504565,
          "nParams": 7
        },
        "selection": {
          "fittedParams": [
            0.17114176592401675,
            0.10933853407691765,
            2.0,
            0.79705197000821,
            0.2544463355709163,
            0.07986441141456932,
            0.23985408149822493
          ],
          "logLikelihood": -3815.4007874417857,
          "AIC": 7644.801574883571,
          "BIC": 7692.488353220439,
          "nParams": 7
        }
      },
      "best_model_aic": "fusionOnlyLogNorm",
      "best_model_bic": "fusionOnlyLogNorm"
    },
    {
      "iteration": 1,
      "model_fits": {
        "lognorm": {
          "fittedParams": [
            0.06703830101564885,
            0.20916160078282792,
            1.2195988718726376,
            0.8292775766123313,
            0.5771162148608788,
            0.12789366902062388,
            0.23003892836192638
          ],
          "logLikelihood": -3724.419448628088,
          "AIC": 7462.838897256176,
          "BIC": 7510.525675593044,
          "nParams": 7
        },
        "fusionOnlyLogNorm": {
          "fittedParams": [
            0.07535646603761999,
            0.20153693657506033,
            2.0,
            0.647428012695659,
            0.12802207182349176,
            0.16386588128945864
          ],
          "logLikelihood": -3725.4744357452596,
          "AIC": 7462.948871490519,
          "BIC": 7503.82325292212,
          "nParams": 6
        },
        "switchingFree": {
          "fittedParams": [
            0.08524185850369706,
            0.19369550276767378,
            0.49761604180190155,
            0.09802732482771281,
            0.6686931521875474,
            0.10860898208801703,
            0.188878288052804,
            0.07969661443064108
          ],
          "logLikelihood": -3729.159431233128,
          "AIC": 7474.318862466256,
          "BIC": 7528.818037708391,
          "nParams": 8
        },
        "probabilityMatchingLogNorm": {
          "fittedParams": [
            0.06724407691703946,
            0.2254839601660132,
            2.0,
            0.4872298589902466,
            0.619305538799107,
            0.050725367614977535,
            0.17165056487498923
          ],
          "logLikelihood": -3726.515609009267,
          "AIC": 7467.031218018534,
          "BIC": 7514.717996355402,
          "nParams": 7
        },
        "selection": {
          "fittedParams": [
            0.00721823640720505,
            0.1294905663630872,
            0.9171588199719938,
            0.8398978775123588,
            0.31568947493062005,
            0.16183648122177058,
            0.10035442648964021
          ],
          "logLikelihood": -3773.1562250533702,
          "AIC": 7560.3124501067405,
          "BIC": 7607.999228443608,
          "nParams": 7
        }
      },
      "best_model_aic": "lognorm",
      "best_model_bic": "fusionOnlyLogNorm"
    },
    {
      "iteration": 2,
      "model_fits": {
        "lognorm": {
          "fittedParams": [
            0.1822499408476617,
            0.18091719042900986,
            0.7498250954337743,
            0.2617402717796975,
            0.5209999834618275,
            0.13110052176363748,
            0.2842876599878982
          ],
          "logLikelihood": -3802.1385472472703,
          "AIC": 7618.2770944945405,
          "BIC": 7665.9638728314085,
          "nParams": 7
        },
        "fusionOnlyLogNorm": {
          "fittedParams": [
            0.1817316568385674,
            0.20145903916893396,
            2.0,
            0.4848554814385947,
            0.15567153546151782,
            0.1876221566760212
          ],
          "logLikelihood": -3790.396352840754,
          "AIC": 7592.792705681508,
          "BIC": 7633.667087113109,
          "nParams": 6
        },
        "switchingFree": {
          "fittedParams": [
            0.1309819409596537,
            0.17575383622338142,
            0.48751201274497513,
            0.1215487875412185,
            0.48456954218086745,
            0.13232763611803006,
            0.22589781140217652,
            0.18502921897149013
          ],
          "logLikelihood": -3796.878378445725,
          "AIC": 7609.75675689145,
          "BIC": 7664.255932133585,
          "nParams": 8
        },
        "probabilityMatchingLogNorm": {
          "fittedParams": [
            0.10931806359025714,
            0.27164878751208843,
            1.2448600938578294,
            0.44713338378563217,
            0.5536315104860003,
            0.049943572965625245,
            0.11329999227191778
          ],
          "logLikelihood": -3798.344846637155,
          "AIC": 7610.68969327431,
          "BIC": 7658.376471611178,
          "nParams": 7
        },
        "selection": {
          "fittedParams": [
            0.06407161784433259,
            0.11618582257473759,
            2.0,
            0.45344345782021817,
            0.2623299946040013,
            0.1605950829006319,
            0.14135249441908407
          ],
          "logLikelihood": -3808.768255520039,
          "AIC": 7631.536511040078,
          "BIC": 7679.223289376946,
          "nParams": 7
        }
      },
      "best_model_aic": "fusionOnlyLogNorm",
      "best_model_bic": "fusionOnlyLogNorm"
    },
    {
      "iteration": 3,
      "model_fits": {
        "lognorm": {
          "fittedParams": [
            0.034522918818904666,
            0.23883463999516485,
            1.3629769570238448,
            0.6300854464203888,
            0.5340460734420078,
            0.028717349504963435,
            0.21565551178268028
          ],
          "logLikelihood": -3743.3868246579855,
          "AIC": 7500.773649315971,
          "BIC": 7548.460427652839,
          "nParams": 7
        },