{
  "participantID": "qs",
  "generating_model": "selection",
  "true_params": [
    0.06928094386763406,
    0.11105190054489988,
    0.5115114678772212,
    0.9999999756459148,
    0.3024050008921999,
    0.14435107317122164,
    0.16588671096626204
  ],
  "n_iterations": 5,
  "iterations": [
    {
      "iteration": 0,
      "model_fits": {
        "lognorm": {
          "fittedParams": [
            0.15722198715817484,
            0.20013300653542423,
            0.9752303730871276,
            0.8602850180413559,
            0.5593805464123937,
            0.2617033181344906,
            0.23299645040750883
          ],
          "logLikelihood": -3745.770250712769,
          "AIC": 7505.540501425538,
          "BIC": 7553.227279762406,
          "nParams": 7
        },
        "fusionOnlyLogNorm": {
          "fittedParams": [
            0.23078665972329762,
            0.11257077007923551,
            1.0096134936194616,
            0.5234051343749365,
            0.2939925302590067,
            0.29574232411402984
          ],
          "logLikelihood": -3763.9781534499293,
          "AIC": 7539.956306899859,
          "BIC": 7580.83068833146,
          "nParams": 6
        },
        "switchingFree": {
          "fittedParams": [
            0.05540426770449236,
            0.22203010540877693,
            0.48718232640961034,
            0.0008175852366931842,
            2.0,
            0.13212582808094597,
            0.15980859956079985,
            0.6678112883425642
          ],
          "logLikelihood": -3784.7272000253074,
          "AIC": 7585.454400050615,
          "BIC": 7639.9535752927495,
          "nParams": 8
        },
        "probabilityMatchingLogNorm": {
          "fittedParams": [
            0.0630543311070736,
            0.19106282209924033,
            0.9856752816209667,
            0.2734928510025183,
            0.6404692308306638,
            0.1856008308820596,
            0.23877848726580067
          ],
          "logLikelihood": -3759.677444446697,
          "AIC": 7533.354888893394,
          "BIC": 7581.041667230262,
          "nParams": 7
        },
        "selection": {
          "fittedParams": [
            0.09287763496657912,
            0.10002844353364786,
            0.39580208298561925,
            0.4434024131094394,
            2.0,
            0.101803010283423,
            0.20903833029117586
          ],
          "logLikelihood": -3773.3628318169394,
          "AIC": 7560.725663633879,
          "BIC": 7608.412441970747,
          "nParams": 7
        }
      },
      "best_model_aic": "lognorm",
      "best_model_bic": "lognorm"
    },
    {
      "iteration": 1,
      "model_fits": {
        "lognorm": {
          "fittedParams": [
            0.27578429099569124,
            0.16528958651601955,
            0.5414425663058524,
            0.24759309196289267,
            0.44673230298757366,
            0.20154944507226924,
            0.2929707844311332
          ],
          "logLikelihood": -3803.2292832759117,
          "AIC": 7620.458566551823,
          "BIC": 7668.145344888691,
          "nParams": 7
        },
        "fusionOnlyLogNorm": {
          "fittedParams": [
            0.1760183837052885,
            0.21255912332362845,
            1.2203544805763022,
            0.520335467179275,
            0.13714297102294115,
            0.2174108426380208
          ],
          "logLikelihood": -3805.7201587568834,
          "AIC": 7623.440317513767,
          "BIC": 7664.314698945368,
          "nParams": 6
        },
        "switchingFree": {
          "fittedParams": [
            0.1583553053250577,
            0.21918391088972036,
            0.9009480429097756,
            0.041617828823480064,
            0.3390357127297708,
            0.06763780536005873,
            0.262783701639084,
            0.2794562678099603
          ],
          "logLikelihood": -3803.582418679023,
          "AIC": 7623.164837358046,
          "BIC": 7677.66401260018,
          "nParams": 8
        },
        "probabilityMatchingLogNorm": {
          "fittedParams": [
            0.14008008476482484,
            0.23092332839112187,
            0.5346856543623496,
            0.31271788595100375,
            0.6000470296933075,
            0.13179638937287783,
            0.21665416807839036
          ],
          "logLikelihood": -3800.1019445701236,
          "AIC": 7614.203889140247,
          "BIC": 7661.890667477115,
          "nParams": 7
        },
        "selection": {
          "fittedParams": [
            0.12455825048882468,
            0.1314953094833155,
            0.7093373980315303,
            0.9453506258889035,
            0.29969126660460166,
            0.10785563213298768,
            0.18949325149672575
          ],
          "logLikelihood": -3788.4085251294437,
          "AIC": 7590.817050258887,
          "BIC": 7638.503828595755,
          "nParams": 7
        }
      },
      "best_model_aic": "selection",
      "best_model_bic": "selection"
    },
    {
      "iteration": 2,
      "model_fits": {
        "lognorm": {
          "fittedParams": [
            0.11382678774233355,
            0.15615240807227884,
            0.662851682615216,
            0.5115010082004131,
            1.4903977518846212,
            0.18617712343170514,
            0.27483234687769664
          ],
          "logLikelihood": -3789.5130365846308,
          "AIC": 7593.0260731692615,
          "BIC": 7640.7128515061295,
          "nParams": 7
        },
        "fusionOnlyLogNorm": {
          "fittedParams": [
            0.07445165922122711,
            0.197961782346443,
            1.0706401579115945,
            1.3431982641299336,
            0.2097930652907975,
            0.2695887755842036
          ],
          "logLikelihood": -3797.644024641954,
          "AIC": 7607.288049283908,
          "BIC": 7648.162430715509,
          "nParams": 6
        },
        "switchingFree": {
          "fittedParams": [
            0.16617095440896446,
            0.15390554740814186,
            0.42696375179753066,
            0.03654860170375472,
            0.42585472761785126,
            0.23878238204803287,
            0.2927798026036143,
            0.25537859377811095
          ],
          "logLikelihood": -3776.739872159189,
          "AIC": 7569.479744318378,
          "BIC": 7623.978919560513,
          "nParams": 8
        },
        "probabilityMatchingLogNorm": {
          "fittedParams": [
            0.10324188902942426,
            0.2181778480129453,
            0.6480610782862901,
            0.11731126000911964,
            0.9905118874381149,
            0.13822855370149542,
            0.27235001202109577
          ],
          "logLikelihood": -3789.686643806159,
          "AIC": 7593.373287612318,
          "BIC": 7641.060065949186,
          "nParams": 7
        },
        "selection": {
          "fittedParams": [
            0.0641711455122424,
            0.11812275613747862,
            0.6756838256797294,
            0.38268118899135245,
            0.3577696026254685,
            0.08583845286833891,
            0.1704340333098541
          ],
          "logLikelihood": -3758.8560232203745,
          "AIC": 7531.712046440749,
          "BIC": 7579.398824777617,
          "nParams": 7
        }
      },
      "best_model_aic": "selection",
      "best_model_bic": "selection"
    },
    {
      "iteration": 3,
      "model_fits": {
        "lognorm": {
          "fittedParams": [
            0.13794434812895276,
            0.22446453315636816,
            1.1965319301733912,
            0.9531694507459652,
            0.47877290219256996,
            0.18645086822611992,
            0.18611009840404574
          ],
          "logLikelihood": -3783.555404582096,
          "AIC": 7581.110809164192,
          "BIC": 7628.79758750106,
          "nParams": 7
        },