{
  "participantID": "qs",
  "generating_model": "switchingFree",
  "true_params": [
    0.05529096791206908,
    0.19398051117327164,
    0.5124867409020608,
    0.10786245900621899,
    0.5852734019195858,
    0.08173677037129021,
    0.20154451981114865,
    0.27337203780766683
  ],
  "n_iterations": 5,
  "iterations": [
    {
      "iteration": 0,
      "model_fits": {
        "lognorm": {
          "fittedParams": [
            0.02782744335487528,
            0.2412242499877132,
            1.1105025577649186,
            0.19879399350038884,
            0.871071737118081,
            0.06972038326340876,
            0.1937944851651037
          ],
          "logLikelihood": -3733.3868805303714,
          "AIC": 7480.773761060743,
          "BIC": 7528.460539397611,
          "nParams": 7
        },
        "fusionOnlyLogNorm": {
          "fittedParams": [
            0.08584942607094631,
            0.21882045476184347,
            1.323160257625806,
            0.7088612317024985,
            0.08431665222567455,
            0.15259762086877016
          ],
          "logLikelihood": -3731.8858210011335,
          "AIC": 7475.771642002267,
          "BIC": 7516.646023433868,
          "nParams": 6
        },
        "switchingFree": {
          "fittedParams": [
            0.10711825034417494,
            0.18918091019046382,
            0.5069945405589563,
            0.128564304121149,
            0.7243870840956563,
            0.05553331398119141,
            0.2182858525317147,
            0.4520410079978915
          ],
          "logLikelihood": -3752.3110816070207,
          "AIC": 7520.622163214041,
          "BIC": 7575.121338456176,
          "nParams": 8
        },
        "probabilityMatchingLogNorm": {
          "fittedParams": [
            0.0915085700584018,
            0.2121240446811187,
            1.4585287660499842,
            0.057405149938437,
            0.9030202274943515,
            0.14968630289436208,
            0.14823041734676007
          ],
          "logLikelihood": -3740.785671879436,
          "AIC": 7495.571343758872,
          "BIC": 7543.25812209574,
          "nParams": 7
        },
        "selection": {
          "fittedParams": [
            0.016211939090976984,
            2.0,
            0.30900469463347113,
            0.37475898304524,
            0.5598052124127628,
            0.005629898381259571,
            0.28722666191326834
          ],
          "logLikelihood": -4093.3300506118812,
          "AIC": 8200.660101223762,
          "BIC": 8248.346879560631,
          "nParams": 7
        }
      },
      "best_model_aic": "fusionOnlyLogNorm",
      "best_model_bic": "fusionOnlyLogNorm"
    },
    {
      "iteration": 1,
      "model_fits": {
        "lognorm": {
          "fittedParams": [
            0.09554146255009602,
            0.21632768733656318,
            0.655595428316348,
            0.7713066439611739,
            0.7539637168368994,
            0.18466902646474487,
            0.2481644641336908
          ],
          "logLikelihood": -3788.4866763970485,
          "AIC": 7590.973352794097,
          "BIC": 7638.660131130965,
          "nParams": 7
        },
        "fusionOnlyLogNorm": {
          "fittedParams": [
            0.07605578782392436,
            0.26302192813352393,
            1.037547180173314,
            0.5931317384984562,
            0.1378016320085046,
            0.21354674528676587
          ],
          "logLikelihood": -3787.4094335853006,
          "AIC": 7586.818867170601,
          "BIC": 7627.693248602202,
          "nParams": 6
        },
        "switchingFree": {
          "fittedParams": [
            0.15312220053612774,
            0.18936618847341757,
            1.1459699939013113,
            0.04944341463629363,
            0.2036122947973677,
            0.16272647861490536,
            0.24949762015218518,
            0.4542101652741456
          ],
          "logLikelihood": -3793.6219293320655,
          "AIC": 7603.243858664131,
          "BIC": 7657.743033906266,
          "nParams": 8
        },
        "probabilityMatchingLogNorm": {
          "fittedParams": [
            0.14428912903110644,
            0.20134784783739498,
            0.38763359844982315,
            0.25901006466681287,
            0.6095391893057772,
            0.22490851445764018,
            0.2616908863640274
          ],
          "logLikelihood": -3789.6441321775874,
          "AIC": 7593.288264355175,
          "BIC": 7640.975042692043,
          "nParams": 7
        },
        "selection": {
          "fittedParams": [
            0.07036920618147627,
            0.14239988845796697,
            0.3535260215655318,
            0.7206465056935277,
            0.3295809774371449,
            0.09407699197094715,
            0.1523824402890761
          ],
          "logLikelihood": -3814.831568209121,
          "AIC": 7643.663136418242,
          "BIC": 7691.34991475511,
          "nParams": 7
        }
      },
      "best_model_aic": "fusionOnlyLogNorm",
      "best_model_bic": "fusionOnlyLogNorm"
    },
    {
      "iteration": 2,
      "model_fits": {
        "lognorm": {
          "fittedParams": [
            0.14717966270674102,
            0.16273954476982852,
            0.8848051843382952,
            0.7633522119535083,
            0.5995354709856339,
            0.22213176475779084,
            0.2469265384077592
          ],
          "logLikelihood": -3739.326677396849,
          "AIC": 7492.653354793698,
          "BIC": 7540.340133130566,
          "nParams": 7
        },
        "fusionOnlyLogNorm": {
          "fittedParams": [
            0.07017693127307868,
            0.23302161990961856,
            1.2401838395793474,
            0.6905701634184309,
            0.15129524218013074,
            0.20459676531567025
          ],
          "logLikelihood": -3722.6327937280935,
          "AIC": 7457.265587456187,
          "BIC": 7498.139968887788,
          "nParams": 6
        },
        "switchingFree": {
          "fittedParams": [
            0.059664236906241765,
            0.12824861240458552,
            0.6746336952648725,
            0.17905483429849398,
            0.5692469205741237,
            0.129355062498866,
            0.1591151480954507,
            0.19584293686945875
          ],
          "logLikelihood": -3733.522255057459,
          "AIC": 7483.044510114918,
          "BIC": 7537.543685357053,
          "nParams": 8
        },
        "probabilityMatchingLogNorm": {
          "fittedParams": [
            0.027869072319618438,
            0.24225642849157009,
            1.0574569376266023,
            0.09645326071590551,
            0.6544551389232656,
            0.13640266629744782,
            0.2295518988208605
          ],
          "logLikelihood": -3735.674404200376,
          "AIC": 7485.348808400752,
          "BIC": 7533.03558673762,
          "nParams": 7
        },
        "selection": {
          "fittedParams": [
            0.017732645244913414,
            0.1320135242838809,
            0.4367393665524782,
            0.8060695524484285,
            0.3317312603877218,
            0.10253436216602041,
            0.17613239067712497
          ],
          "logLikelihood": -3755.422398777862,
          "AIC": 7524.844797555724,
          "BIC": 7572.531575892592,
          "nParams": 7
        }
      },
      "best_model_aic": "fusionOnlyLogNorm",
      "best_model_bic": "fusionOnlyLogNorm"
    },
    {
      "iteration": 3,
      "model_fits": {
        "lognorm": {
          "fittedParams": [
            0.09828427661501585,
            0.2410603769019203,
            2.0,
            0.4765408141230589,
            0.5449705980215351,
            0.06849803119410562,
            0.14788537071503755
          ],
          "logLikelihood": -3743.3687117813483,
          "AIC": 7500.737423562697,
          "BIC": 7548.424201899565,
          "nParams": 7
        },