{
  "participantID": "qs",
  "generating_model": "lognorm",
  "true_params": [
    0.12467752779611727,
    0.21872533302410047,
    1.2220265032224789,
    0.654026997410676,
    0.6022964758239889,
    0.06451166544378002,
    0.24165844644540493
  ],
  "n_iterations": 5,
  "iterations": [
    {
      "iteration": 0,
      "model_fits": {
        "lognorm": {
          "fittedParams": [
            0.07363663641268772,
            0.20902399798394475,
            0.8459534133439609,
            0.6772172923136817,
            0.5620792869681004,
            0.08659702015120799,
            0.2762229800205853
          ],
          "logLikelihood": -3739.0480941169467,
          "AIC": 7492.096188233893,
          "BIC": 7539.782966570761,
          "nParams": 7
        },
        "fusionOnlyLogNorm": {
          "fittedParams": [
            0.04958916461771099,
            0.23322195094073173,
            1.5155901411776247,
            0.6635993804818574,
            0.07604343773334696,
            0.2456553232776921
          ],
          "logLikelihood": -3750.7923312208836,
          "AIC": 7513.584662441767,
          "BIC": 7554.4590438733685,
          "nParams": 6
        },
        "switchingFree": {
          "fittedParams": [
            0.1447059029496056,
            0.17411218453138586,
            0.6531579795206409,
            0.07129553932887742,
            0.5054699222985569,
            0.022930181516045506,
            0.2219554059694639,
            0.46653338206689365
          ],
          "logLikelihood": -3757.309541632079,
          "AIC": 7530.619083264158,
          "BIC": 7585.1182585062925,
          "nParams": 8
        },
        "probabilityMatchingLogNorm": {
          "fittedParams": [
            0.08204253072381436,
            0.20653512617670278,
            2.0,
            0.5688788088769805,
            0.4899898402724455,
            0.01513630186565263,
            0.24311981655283108
          ],
          "logLikelihood": -3747.931746257187,
          "AIC": 7509.863492514374,
          "BIC": 7557.550270851242,
          "nParams": 7
        },
        "selection": {
          "fittedParams": [
            0.09844330009307303,
            0.1027285868519113,
            0.4349932427666061,
            0.40113562612981574,
            2.0,
            0.14193834021580531,
            0.32134866054410766
          ],
          "logLikelihood": -3828.205858715481,
          "AIC": 7670.411717430962,
          "BIC": 7718.09849576783,
          "nParams": 7
        }
      },
      "best_model_aic": "lognorm",
      "best_model_bic": "lognorm"
    },
    {
      "iteration": 1,
      "model_fits": {
        "lognorm": {
          "fittedParams": [
            0.09168928973486123,
            0.2588613284256002,
            2.0,
            0.5646932726213751,
            0.6194104244578249,
            0.0343848420610085,
            0.17205058599982362
          ],
          "logLikelihood": -3827.0689793342585,
          "AIC": 7668.137958668517,
          "BIC": 7715.824737005385,
          "nParams": 7
        },
        "fusionOnlyLogNorm": {
          "fittedParams": [
            0.2656127989465165,
            0.18635115018157072,
            1.4439342143344316,
            0.4634389255773227,
            0.18504255387823657,
            0.2382585805391718
          ],
          "logLikelihood": -3815.64886109765,
          "AIC": 7643.2977221953,
          "BIC": 7684.172103626901,
          "nParams": 6
        },
        "switchingFree": {
          "fittedParams": [
            0.2493379603391599,
            0.15844142474256306,
            1.0219453021248515,
            0.07964611220856826,
            0.528732089875968,
            0.06107612810851645,
            0.18791908019361994,
            0.01423377942536469
          ],
          "logLikelihood": -3821.8673640020634,
          "AIC": 7659.734728004127,
          "BIC": 7714.233903246261,
          "nParams": 8
        },
        "probabilityMatchingLogNorm": {
          "fittedParams": [
            0.16695003972049643,
            0.2172618089961302,
            2.0,
            0.5489899219786469,
            0.5592280930342053,
            0.12831592323533872,
            0.2011585858330926
          ],
          "logLikelihood": -3815.4285287405705,
          "AIC": 7644.857057481141,
          "BIC": 7692.543835818009,
          "nParams": 7
        },
        "selection": {
          "fittedParams": [
            0.19351095467654436,
            0.10070894313106916,
            2.0,
            0.3332602302526257,
            0.25919787701917657,
            0.15783352980825707,
            0.25191423196859525
          ],
          "logLikelihood": -3829.4367133007954,
          "AIC": 7672.873426601591,
          "BIC": 7720.560204938459,
          "nParams": 7
        }
      },
      "best_model_aic": "fusionOnlyLogNorm",
      "best_model_bic": "fusionOnlyLogNorm"
    },
    {
      "iteration": 2,
      "model_fits": {
        "lognorm": {
          "fittedParams": [
            0.23356612229840684,
            0.22048918497903633,
            2.0,
            0.9323877080310138,
            0.5140758857947619,
            0.05402352657522226,
            0.240934485301969
          ],
          "logLikelihood": -3778.42318599957,
          "AIC": 7570.84637199914,
          "BIC": 7618.533150336008,
          "nParams": 7
        },
        "fusionOnlyLogNorm": {
          "fittedParams": [
            0.12711268086462044,
            0.18906658424469402,
            2.0,
            0.47976663118198615,
            0.05471488848828959,
            0.26992936611789503
          ],
          "logLikelihood": -3785.131449579266,
          "AIC": 7582.262899158532,
          "BIC": 7623.137280590133,
          "nParams": 6
        },
        "switchingFree": {
          "fittedParams": [
            0.17788129327714075,
            0.23117385499126963,
            0.30103779931018365,
            0.020077763433321245,
            0.45720240592446026,
            0.06074408014310759,
            0.30173101051905005,
            0.11496266384469211
          ],
          "logLikelihood": -3785.6367996375366,
          "AIC": 7587.273599275073,
          "BIC": 7641.772774517208,
          "nParams": 8
        },
        "probabilityMatchingLogNorm": {
          "fittedParams": [
            0.10475282773833777,
            0.23682902595675376,
            1.370825418719816,
            0.3870136600916153,
            0.4902672324388505,
            0.015893546365305426,
            0.278022832768625
          ],
          "logLikelihood": -3784.976020048878,
          "AIC": 7583.952040097756,
          "BIC": 7631.638818434624,
          "nParams": 7
        },
        "selection": {
          "fittedParams": [
            0.06761676644061718,
            0.13220509283123005,
            0.9002146500227702,
            0.7595914160910546,
            0.24302047623261847,
            0.02221253497216831,
            0.23898273669766834
          ],
          "logLikelihood": -3802.1682976387483,
          "AIC": 7618.336595277497,
          "BIC": 7666.023373614365,
          "nParams": 7
        }
      },
      "best_model_aic": "lognorm",
      "best_model_bic": "lognorm"
    },
    {
      "iteration": 3,
      "model_fits": {
        "lognorm": {
          "fittedParams": [
            0.11926159192305115,
            0.24347854111869893,
            2.0,
            0.3104294452937727,
            0.4687188108060243,
            0.0019511421162820841,
            0.2360007798204558
          ],
          "logLikelihood": -3845.958042579238,
          "AIC": 7705.916085158476,
          "BIC": 7753.602863495344,
          "nParams": 7
        },