{
  "participantID": "sx",
  "generating_model": "fusionOnlyLogNorm",
  "true_params": [
    0.0010010687986155842,
    0.33265441676415497,
    0.3397699835642706,
    1.9999872921200001,
    0.10963822279986925,
    0.14758744903795887
  ],
  "n_iterations": 5,
  "iterations": [
    {
      "iteration": 0,
      "model_fits": {
        "lognorm": {
          "fittedParams": [
            0.057719177285719896,
            0.31554808980011256,
            0.3315800292766146,
            0.9735593568113474,
            2.0,
            0.1755369377218154,
            0.13362578492757943
          ],
          "logLikelihood": -3281.9319265636364,
          "AIC": 6577.863853127273,
          "BIC": 6625.004647177719,
          "nParams": 7
        },
        "fusionOnlyLogNorm": {
          "fittedParams": [
            0.13355752641455976,
            0.24741563422186647,
            0.2638145022666826,
            2.0,
            0.19648015949798514,
            0.20311911592162585
          ],
          "logLikelihood": -3278.31186970491,
          "AIC": 6568.62373940982,
          "BIC": 6609.030134310202,
          "nParams": 6
        },
        "switchingFree": {
          "fittedParams": [
            0.02948905907365238,
            0.09200652896462863,
            0.3106894052608607,
            0.5627790866298417,
            1.0824343376026107,
            0.11334797776710524,
            0.10536144932090366,
            0.9619161119971845
          ],
          "logLikelihood": -3281.4178886310756,
          "AIC": 6578.835777262151,
          "BIC": 6632.710970462661,
          "nParams": 8
        },
        "probabilityMatchingLogNorm": {
          "fittedParams": [
            0.03126137968904967,
            0.3320842618118481,
            0.2725251147892175,
            0.09441135482062803,
            1.1603052821607214,
            0.17659702988632026,
            0.14795556440215651
          ],
          "logLikelihood": -3292.8934257883875,
          "AIC": 6599.786851576775,
          "BIC": 6646.927645627221,
          "nParams": 7
        },
        "selection": {
          "fittedParams": [
            0.09677495671301199,
            0.1387912016816504,
            0.15761369910951692,
            0.8190447499929638,
            2.0,
            0.19246454779597555,
            0.09017608050742129
          ],
          "logLikelihood": -3299.702409364002,
          "AIC": 6613.404818728004,
          "BIC": 6660.54561277845,
          "nParams": 7
        }
      },
      "best_model_aic": "fusionOnlyLogNorm",
      "best_model_bic": "fusionOnlyLogNorm"
    },
    {
      "iteration": 1,
      "model_fits": {
        "lognorm": {
          "fittedParams": [
            0.11365399181014606,
            0.2740166204245943,
            0.22926691532373752,
            0.92895328636479,
            2.0,
            0.15230575724720893,
            0.243734533691014
          ],
          "logLikelihood": -3276.326221919616,
          "AIC": 6566.652443839232,
          "BIC": 6613.793237889678,
          "nParams": 7
        },
        "fusionOnlyLogNorm": {
          "fittedParams": [
            0.013125665220887123,
            0.36782602050283286,
            0.3712676839119383,
            1.1320228169984787,
            0.023448110680870687,
            0.1475294378173893
          ],
          "logLikelihood": -3267.5097792488286,
          "AIC": 6547.019558497657,
          "BIC": 6587.425953398039,
          "nParams": 6
        },
        "switchingFree": {
          "fittedParams": [
            0.0278628452745594,
            0.17960314077589656,
            0.26840351593940426,
            0.4310209545565076,
            0.282769453649461,
            0.06872246021051584,
            0.19404187875320444,
            0.9701006928105724
          ],
          "logLikelihood": -3279.2273923183625,
          "AIC": 6574.454784636725,
          "BIC": 6628.329977837235,
          "nParams": 8
        },
        "probabilityMatchingLogNorm": {
          "fittedParams": [
            0.09693816800752723,
            0.31350624231340984,
            0.27781197693372883,
            0.011076710626855456,
            2.0,
            0.0564112076247511,
            0.25652651626543593
          ],
          "logLikelihood": -3281.4511779482264,
          "AIC": 6576.902355896453,
          "BIC": 6624.043149946899,
          "nParams": 7
        },
        "selection": {
          "fittedParams": [
            0.04752848725382455,
            0.16160657288937935,
            0.17192571502303555,
            0.9925909522658535,
            2.0,
            0.07258395709218919,
            0.1413822890575706
          ],
          "logLikelihood": -3271.197805662257,
          "AIC": 6556.395611324514,
          "BIC": 6603.53640537496,
          "nParams": 7
        }
      },
      "best_model_aic": "fusionOnlyLogNorm",
      "best_model_bic": "fusionOnlyLogNorm"
    },
    {
      "iteration": 2,
      "model_fits": {
        "lognorm": {
          "fittedParams": [
            0.002201999257846834,
            0.3199662081304939,
            0.21943893918510138,
            0.7884829491884108,
            1.4720918322267542,
            0.13934944112251504,
            0.16296703142665694
          ],
          "logLikelihood": -3173.718193504441,
          "AIC": 6361.436387008882,
          "BIC": 6408.577181059328,
          "nParams": 7
        },
        "fusionOnlyLogNorm": {
          "fittedParams": [
            0.011495797445366803,
            0.29749021559346245,
            0.3218144314994192,
            2.0,
            0.12436049633997243,
            0.1704912652875188
          ],
          "logLikelihood": -3162.943766457311,
          "AIC": 6337.887532914622,
          "BIC": 6378.293927815004,
          "nParams": 6
        },
        "switchingFree": {
          "fittedParams": [
            0.08215008959620695,
            0.023913420901165317,
            0.25119330615538765,
            0.6519357437597311,
            0.38757917969111144,
            0.23241865419094604,
            0.18011208025149783,
            0.952028700481417
          ],
          "logLikelihood": -3178.240650756536,
          "AIC": 6372.481301513072,
          "BIC": 6426.356494713582,
          "nParams": 8
        },
        "probabilityMatchingLogNorm": {
          "fittedParams": [
            0.05978403325216905,
            0.3107530756244499,
            0.2585124574565748,
            0.03884317174333688,
            1.0534898121492065,
            0.17099531818147798,
            0.10287016512845433
          ],
          "logLikelihood": -3175.675387986204,
          "AIC": 6365.350775972408,
          "BIC": 6412.491570022854,
          "nParams": 7
        },
        "selection": {
          "fittedParams": [
            0.09389009855082521,
            0.12304512405334721,
            0.12115551880687067,
            0.8950523749002234,
            0.7760825082881272,
            0.24293187655534013,
            0.15978334413251383
          ],
          "logLikelihood": -3194.8439122367386,
          "AIC": 6403.687824473477,
          "BIC": 6450.828618523923,
          "nParams": 7
        }
      },
      "best_model_aic": "fusionOnlyLogNorm",
      "best_model_bic": "fusionOnlyLogNorm"
    },
    {
      "iteration": 3,
      "model_fits": {
        "lognorm": {
          "fittedParams": [
            0.06494864327612201,
            0.3999585645939518,
            0.23090714688781275,
            0.8325648283131336,
            1.5476771682845636,
            0.21868453831821455,
            0.19918062260169267
          ],
          "logLikelihood": -3310.652824339693,
          "AIC": 6635.305648679386,
          "BIC": 6682.446442729832,
          "nParams": 7
        },