{
  "participantID": "sx",
  "generating_model": "lognorm",
  "true_params": [
    0.0010001342422045756,
    0.33921005301171236,
    0.33691544867392487,
    0.9999998213947973,
    1.0647684782979108,
    0.08869125069778204,
    0.1663210916604338
  ],
  "n_iterations": 5,
  "iterations": [
    {
      "iteration": 0,
      "model_fits": {
        "lognorm": {
          "fittedParams": [
            0.11507314508700071,
            0.33817459145118045,
            0.3030094500524925,
            0.947267579260521,
            0.8519419749327577,
            0.1205313039873295,
            0.20398140725953967
          ],
          "logLikelihood": -3288.2160649780053,
          "AIC": 6590.432129956011,
          "BIC": 6637.572924006457,
          "nParams": 7
        },
        "fusionOnlyLogNorm": {
          "fittedParams": [
            0.013991284342862193,
            0.3645404289283238,
            0.35893277380860644,
            2.0,
            0.11024849215383514,
            0.13690387274676435
          ],
          "logLikelihood": -3288.511153723714,
          "AIC": 6589.022307447428,
          "BIC": 6629.42870234781,
          "nParams": 6
        },
        "switchingFree": {
          "fittedParams": [
            0.001,
            0.08173932845164128,
            0.36387550607461094,
            0.6134838499960531,
            0.576947212665993,
            0.18702967810598478,
            0.13630740433857938,
            0.9660286812924708
          ],
          "logLikelihood": -3300.482397837985,
          "AIC": 6616.96479567597,
          "BIC": 6670.83998887648,
          "nParams": 8
        },
        "probabilityMatchingLogNorm": {
          "fittedParams": [
            0.020159376587244742,
            0.3233267770891007,
            0.2216355653328157,
            0.25280070320121883,
            0.5616728980853916,
            0.13416872148835343,
            0.14630268052612663
          ],
          "logLikelihood": -3325.880525494082,
          "AIC": 6665.761050988164,
          "BIC": 6712.90184503861,
          "nParams": 7
        },
        "selection": {
          "fittedParams": [
            0.15271754851373576,
            0.12045659606905754,
            0.14922424355977557,
            0.995817008347284,
            2.0,
            0.20108604828608231,
            0.14808909590116662
          ],
          "logLikelihood": -3310.297051529889,
          "AIC": 6634.594103059778,
          "BIC": 6681.734897110224,
          "nParams": 7
        }
      },
      "best_model_aic": "fusionOnlyLogNorm",
      "best_model_bic": "fusionOnlyLogNorm"
    },
    {
      "iteration": 1,
      "model_fits": {
        "lognorm": {
          "fittedParams": [
            0.013948033024690727,
            0.33422693445582674,
            0.2213689652496514,
            0.8388376227103547,
            2.0,
            0.09636035065823406,
            0.18392223750093883
          ],
          "logLikelihood": -3157.531421495466,
          "AIC": 6329.062842990932,
          "BIC": 6376.203637041378,
          "nParams": 7
        },
        "fusionOnlyLogNorm": {
          "fittedParams": [
            0.01168947616766438,
            0.31237790629894363,
            0.306003790351852,
            1.0413841378154274,
            0.11423198634968729,
            0.20653066711584805
          ],
          "logLikelihood": -3158.9650577617963,
          "AIC": 6329.930115523593,
          "BIC": 6370.336510423975,
          "nParams": 6
        },
        "switchingFree": {
          "fittedParams": [
            0.058824164132964735,
            1.5537853094344334,
            0.29780103626668397,
            0.9544677324195571,
            0.021376054690029067,
            0.05890891299208332,
            0.2120134743436427,
            0.931235418246944
          ],
          "logLikelihood": -3237.1694608675675,
          "AIC": 6490.338921735135,
          "BIC": 6544.214114935645,
          "nParams": 8
        },
        "probabilityMatchingLogNorm": {
          "fittedParams": [
            0.06373285868024209,
            0.2716045843912442,
            0.25890028248737823,
            0.03519457439637138,
            0.8488816140748429,
            0.1874109579003262,
            0.1595883853222521
          ],
          "logLikelihood": -3168.377085088758,
          "AIC": 6350.754170177516,
          "BIC": 6397.894964227962,
          "nParams": 7
        },
        "selection": {
          "fittedParams": [
            0.08077112629659824,
            0.12386278039902807,
            0.11552116555444228,
            0.9672108148980846,
            1.7191451349519546,
            0.2112107298097942,
            0.13982274712958875
          ],
          "logLikelihood": -3183.2842496055378,
          "AIC": 6380.5684992110755,
          "BIC": 6427.709293261521,
          "nParams": 7
        }
      },
      "best_model_aic": "lognorm",
      "best_model_bic": "fusionOnlyLogNorm"
    },
    {
      "iteration": 2,
      "model_fits": {
        "lognorm": {
          "fittedParams": [
            0.001,
            0.5061814251582208,
            0.18694478652106275,
            0.7297290084354284,
            1.2667126395759785,
            0.12925001654194554,
            0.1668165674140606
          ],
          "logLikelihood": -3253.1942360788908,
          "AIC": 6520.3884721577815,
          "BIC": 6567.529266208227,
          "nParams": 7
        },
        "fusionOnlyLogNorm": {
          "fittedParams": [
            0.011580039230159982,
            0.37358987876861305,
            0.38154502834312115,
            1.426447154256925,
            0.03687063111306203,
            0.18189268333465108
          ],
          "logLikelihood": -3249.7516476470123,
          "AIC": 6511.503295294025,
          "BIC": 6551.909690194407,
          "nParams": 6
        },
        "switchingFree": {
          "fittedParams": [
            0.008526397267269711,
            0.10348614508676898,
            0.3002885956682532,
            0.5268808406536377,
            2.0,
            0.060738103949642,
            0.20804084721301125,
            0.9660362163760194
          ],
          "logLikelihood": -3248.8085374719985,
          "AIC": 6513.617074943997,
          "BIC": 6567.492268144507,
          "nParams": 8
        },
        "probabilityMatchingLogNorm": {
          "fittedParams": [
            0.008555150924815099,
            0.35076532933922266,
            0.3295339093901454,
            0.00209908158353609,
            1.7257155433940736,
            0.09797661097224708,
            0.17414564295621365
          ],
          "logLikelihood": -3234.3072380683325,
          "AIC": 6482.614476136665,
          "BIC": 6529.755270187111,
          "nParams": 7
        },
        "selection": {
          "fittedParams": [
            0.07631159428697303,
            0.16678998779143409,
            0.152714179181075,
            0.934391588366929,
            2.0,
            0.17097084536802512,
            0.15880012155264311
          ],
          "logLikelihood": -3257.682892225502,
          "AIC": 6529.365784451004,
          "BIC": 6576.50657850145,
          "nParams": 7
        }
      },
      "best_model_aic": "probabilityMatchingLogNorm",
      "best_model_bic": "probabilityMatchingLogNorm"
    },
    {
      "iteration": 3,
      "model_fits": {
        "lognorm": {
          "fittedParams": [
            0.01163108715812066,
            0.3336929813320849,
            0.37593808581556565,
            0.9673553794139779,
            2.0,
            0.061633991662096474,
            0.1536466257621164
          ],
          "logLikelihood": -3285.368177164389,
          "AIC": 6584.736354328778,
          "BIC": 6631.877148379224,
          "nParams": 7
        },