{
  "participantID": "qs",
  "generating_model": "probabilityMatchingLogNorm",
  "true_params": [
    0.05396586642994666,
    0.22568136048859144,
    1.136606106521998,
    0.021583438539289845,
    0.6079408940042038,
    0.09352581046363571,
    0.20440068406442272
  ],
  "n_iterations": 5,
  "iterations": [
    {
      "iteration": 0,
      "model_fits": {
        "lognorm": {
          "fittedParams": [
            0.0788159179518624,
            0.2083713207474369,
            2.0,
            0.344291650015973,
            1.013014267132427,
            0.09526038061109006,
            0.12046272456570171
          ],
          "logLikelihood": -3744.1519975267174,
          "AIC": 7502.303995053435,
          "BIC": 7549.990773390303,
          "nParams": 7
        },
        "fusionOnlyLogNorm": {
          "fittedParams": [
            0.11879553952737262,
            0.2073876280835585,
            1.3383160225595605,
            0.6471418935844774,
            0.15149680980192048,
            0.14432829656371576
          ],
          "logLikelihood": -3739.3347997086485,
          "AIC": 7490.669599417297,
          "BIC": 7531.543980848898,
          "nParams": 6
        },
        "switchingFree": {
          "fittedParams": [
            0.04459895080970122,
            0.14516528377243937,
            0.8150432367347349,
            0.19384241526765758,
            0.9367333683884446,
            0.05148491141160381,
            0.11569513015299747,
            0.3542783683419004
          ],
          "logLikelihood": -3743.7109630535983,
          "AIC": 7503.421926107197,
          "BIC": 7557.921101349331,
          "nParams": 8
        },
        "probabilityMatchingLogNorm": {
          "fittedParams": [
            0.101351453338071,
            0.21668040863211382,
            0.9458521386801366,
            0.522703618170292,
            0.6921575670978458,
            0.09209991160189866,
            0.09934948716162272
          ],
          "logLikelihood": -3736.83069772148,
          "AIC": 7487.66139544296,
          "BIC": 7535.348173779828,
          "nParams": 7
        },
        "selection": {
          "fittedParams": [
            0.06411088021190106,
            0.11816475718831079,
            0.5431408250462948,
            0.6776932559115352,
            0.39511350742999274,
            0.1434916842237461,
            0.06543616372388919
          ],
          "logLikelihood": -3752.9107783715876,
          "AIC": 7519.821556743175,
          "BIC": 7567.508335080043,
          "nParams": 7
        }
      },
      "best_model_aic": "probabilityMatchingLogNorm",
      "best_model_bic": "fusionOnlyLogNorm"
    },
    {
      "iteration": 1,
      "model_fits": {
        "lognorm": {
          "fittedParams": [
            0.04795283078520429,
            0.2394935216534304,
            1.3381373326827575,
            0.5613027057746757,
            0.7844694823449725,
            0.03774421177259539,
            0.21781622261730207
          ],
          "logLikelihood": -3749.4022006099794,
          "AIC": 7512.804401219959,
          "BIC": 7560.491179556827,
          "nParams": 7
        },
        "fusionOnlyLogNorm": {
          "fittedParams": [
            0.049905432228900176,
            0.21891256104780002,
            2.0,
            0.5002681431424411,
            0.12037051225682431,
            0.25808004940266066
          ],
          "logLikelihood": -3748.6558089640384,
          "AIC": 7509.311617928077,
          "BIC": 7550.185999359678,
          "nParams": 6
        },
        "switchingFree": {
          "fittedParams": [
            0.11433857317013056,
            0.18257524218359422,
            0.6388194520527946,
            0.0664850306545911,
            0.43886161685164354,
            0.15833848437184397,
            0.2074723834120582,
            0.4337488636139984
          ],
          "logLikelihood": -3758.5565236661128,
          "AIC": 7533.1130473322255,
          "BIC": 7587.61222257436,
          "nParams": 8
        },
        "probabilityMatchingLogNorm": {
          "fittedParams": [
            0.06111550738112863,
            0.22218644538303822,
            1.1421961547919597,
            0.5021315988338011,
            0.5427871339225917,
            0.10438799511113214,
            0.20405053914124552
          ],
          "logLikelihood": -3742.530394507775,
          "AIC": 7499.06078901555,
          "BIC": 7546.747567352418,
          "nParams": 7
        },
        "selection": {
          "fittedParams": [
            0.001427784342320373,
            0.11917002894091436,
            0.2952703817439331,
            0.30750882344054425,
            0.31235622400555013,
            0.08702402791125066,
            0.1656236863776622
          ],
          "logLikelihood": -3772.1325667683445,
          "AIC": 7558.265133536689,
          "BIC": 7605.951911873557,
          "nParams": 7
        }
      },
      "best_model_aic": "probabilityMatchingLogNorm",
      "best_model_bic": "probabilityMatchingLogNorm"
    },
    {
      "iteration": 2,
      "model_fits": {
        "lognorm": {
          "fittedParams": [
            0.10107963559955993,
            0.20949069707768872,
            0.7882303005271063,
            0.905260381783015,
            0.6199570149094024,
            0.15425782498740465,
            0.1708954291372508
          ],
          "logLikelihood": -3704.4542799420205,
          "AIC": 7422.908559884041,
          "BIC": 7470.595338220909,
          "nParams": 7
        },
        "fusionOnlyLogNorm": {
          "fittedParams": [
            0.01720833472528821,
            0.23713739311803328,
            1.1593396422495854,
            0.5755716649199075,
            0.11159572433599785,
            0.19065426178898792
          ],
          "logLikelihood": -3706.598259994162,
          "AIC": 7425.196519988324,
          "BIC": 7466.070901419926,
          "nParams": 6
        },
        "switchingFree": {
          "fittedParams": [
            0.06758897953697388,
            0.23035436978121837,
            0.768134433231395,
            0.05023523483437809,
            0.4239548997021966,
            0.05962279509336362,
            0.16212250520128385,
            0.4227664982321936
          ],
          "logLikelihood": -3704.20222614824,
          "AIC": 7424.40445229648,
          "BIC": 7478.903627538614,
          "nParams": 8
        },
        "probabilityMatchingLogNorm": {
          "fittedParams": [
            0.056347540914242746,
            0.2017581015422516,
            0.6017048194339312,
            0.8362499352495016,
            0.5238374189013747,
            0.0919190454215754,
            0.23765457773247123
          ],
          "logLikelihood": -3709.799058209783,
          "AIC": 7433.598116419566,
          "BIC": 7481.284894756434,
          "nParams": 7
        },
        "selection": {
          "fittedParams": [
            0.0992786486490078,
            0.11656433317145781,
            0.35518957956744945,
            0.4773379210205516,
            2.0,
            0.156798272152397,
            0.13250342732063425
          ],
          "logLikelihood": -3784.2357167381015,
          "AIC": 7582.471433476203,
          "BIC": 7630.158211813071,
          "nParams": 7
        }
      },
      "best_model_aic": "lognorm",
      "best_model_bic": "fusionOnlyLogNorm"
    },
    {
      "iteration": 3,
      "model_fits": {
        "lognorm": {
          "fittedParams": [
            0.06248626631738549,
            0.24023131302897735,
            1.0709089650804915,
            0.359792485164796,
            0.7958066909708177,
            0.03736685513108365,
            0.2760865755847488
          ],
          "logLikelihood": -3805.9425750248556,
          "AIC": 7625.885150049711,
          "BIC": 7673.571928386579,
          "nParams": 7
        },