{
  "participantID": "sx",
  "generating_model": "probabilityMatchingLogNorm",
  "true_params": [
    0.013386030469147936,
    0.24978987224322502,
    0.00011001883027250692,
    0.7304281832533889,
    0.20158861331077982,
    0.19242296318990995,
    0.2558238157374785
  ],
  "n_iterations": 5,
  "iterations": [
    {
      "iteration": 0,
      "model_fits": {
        "lognorm": {
          "fittedParams": [
            0.007567542436870851,
            0.460621147131618,
            0.168684568968758,
            0.6432378185886699,
            0.6237486480698247,
            0.19105093147070581,
            0.23849078361987106
          ],
          "logLikelihood": -3226.280094532059,
          "AIC": 6466.560189064118,
          "BIC": 6513.700983114564,
          "nParams": 7
        },
        "fusionOnlyLogNorm": {
          "fittedParams": [
            0.05031804029517794,
            0.26086361290610827,
            0.2798352889518354,
            0.37513624844645965,
            0.1422736648750898,
            0.2963120498036781
          ],
          "logLikelihood": -3200.5856298785066,
          "AIC": 6413.171259757013,
          "BIC": 6453.577654657395,
          "nParams": 6
        },
        "switchingFree": {
          "fittedParams": [
            0.024283862931473922,
            0.14663784227226878,
            0.21350385054789853,
            0.5862318902818322,
            0.06409067464210333,
            0.16832426501291084,
            0.27667606435299574,
            0.675796594077897
          ],
          "logLikelihood": -3194.6709764690163,
          "AIC": 6405.341952938033,
          "BIC": 6459.217146138542,
          "nParams": 8
        },
        "probabilityMatchingLogNorm": {
          "fittedParams": [
            0.03344057338039236,
            0.2733798426232122,
            0.191107563230098,
            0.28154974478462724,
            0.24884698515774625,
            0.12375594368517435,
            0.2297051700981828
          ],
          "logLikelihood": -3187.3352509142146,
          "AIC": 6388.670501828429,
          "BIC": 6435.811295878875,
          "nParams": 7
        },
        "selection": {
          "fittedParams": [
            0.01413378382129451,
            0.14806195586563234,
            0.14903153092301247,
            0.7804528115262649,
            0.22378008052571607,
            0.19698423449791594,
            0.16094951164279775
          ],
          "logLikelihood": -3233.1260752540584,
          "AIC": 6480.252150508117,
          "BIC": 6527.392944558563,
          "nParams": 7
        }
      },
      "best_model_aic": "probabilityMatchingLogNorm",
      "best_model_bic": "probabilityMatchingLogNorm"
    },
    {
      "iteration": 1,
      "model_fits": {
        "lognorm": {
          "fittedParams": [
            0.046942855159427394,
            0.3451636220491218,
            0.2952163842298463,
            0.9958202294315742,
            0.4020322346477349,
            0.14764848958274263,
            0.21327481957282146
          ],
          "logLikelihood": -3235.4326752940574,
          "AIC": 6484.865350588115,
          "BIC": 6532.006144638561,
          "nParams": 7
        },
        "fusionOnlyLogNorm": {
          "fittedParams": [
            0.04886777144633771,
            0.31851862134163095,
            0.3001065049852975,
            0.3068652821604251,
            0.15860222995047138,
            0.3484328917117562
          ],
          "logLikelihood": -3235.4112043557166,
          "AIC": 6482.822408711433,
          "BIC": 6523.228803611815,
          "nParams": 6
        },
        "switchingFree": {
          "fittedParams": [
            0.015425014468818759,
            0.005027892507564901,
            0.2909002213247429,
            0.586235201742624,
            0.07127275092037286,
            0.19328049476648257,
            0.2005647320614695,
            0.621632320809028
          ],
          "logLikelihood": -3237.780925089661,
          "AIC": 6491.561850179322,
          "BIC": 6545.437043379832,
          "nParams": 8
        },
        "probabilityMatchingLogNorm": {
          "fittedParams": [
            0.03013672479371542,
            0.3140033312415386,
            0.1358564311742577,
            0.4133000873545364,
            0.25030091367461144,
            0.2545034165715572,
            0.2650312478075025
          ],
          "logLikelihood": -3203.7589082475943,
          "AIC": 6421.5178164951885,
          "BIC": 6468.6586105456345,
          "nParams": 7
        },
        "selection": {
          "fittedParams": [
            0.011080656943305525,
            0.15596623904269008,
            0.1547193142427605,
            0.8521046039698874,
            0.16879832753740656,
            0.17524855514713342,
            0.15891213223826545
          ],
          "logLikelihood": -3248.975483144657,
          "AIC": 6511.950966289314,
          "BIC": 6559.09176033976,
          "nParams": 7
        }
      },
      "best_model_aic": "probabilityMatchingLogNorm",
      "best_model_bic": "probabilityMatchingLogNorm"
    },
    {
      "iteration": 2,
      "model_fits": {
        "lognorm": {
          "fittedParams": [
            0.0033240439535473392,
            0.6943195792531479,
            0.2148916854470163,
            0.7244154059766237,
            0.4191392382711761,
            0.18790442175265853,
            0.17207390579554116
          ],
          "logLikelihood": -3230.4961297617656,
          "AIC": 6474.992259523531,
          "BIC": 6522.133053573977,
          "nParams": 7
        },
        "fusionOnlyLogNorm": {
          "fittedParams": [
            0.004513469860290214,
            0.33051730930543,
            0.3235385462847186,
            0.3253646037467306,
            0.17382731531049722,
            0.26370244926216824
          ],
          "logLikelihood": -3209.3453694326954,
          "AIC": 6430.690738865391,
          "BIC": 6471.097133765773,
          "nParams": 6
        },
        "switchingFree": {
          "fittedParams": [
            0.03932043984773363,
            0.19499233813433003,
            0.2401942335766754,
            0.5785685454529436,
            0.015680366444455848,
            0.18587684423843648,
            0.18716765745203445,
            0.5947677230390778
          ],
          "logLikelihood": -3206.9579914784817,
          "AIC": 6429.9159829569635,
          "BIC": 6483.791176157473,
          "nParams": 8
        },
        "probabilityMatchingLogNorm": {
          "fittedParams": [
            0.03838412614829876,
            0.41773241634553665,
            0.16666733370199827,
            0.3132193694099217,
            0.25480335835084944,
            0.16913796010327783,
            0.19380002267261773
          ],
          "logLikelihood": -3195.293403918688,
          "AIC": 6404.586807837376,
          "BIC": 6451.727601887822,
          "nParams": 7
        },
        "selection": {
          "fittedParams": [
            0.006949218254195866,
            0.17807448852289764,
            0.15812500498054033,
            0.8857304242042691,
            1.655290154986847,
            0.2161826809725599,
            0.11203869693783032
          ],
          "logLikelihood": -3298.7690970978047,
          "AIC": 6611.538194195609,
          "BIC": 6658.678988246055,
          "nParams": 7
        }
      },
      "best_model_aic": "probabilityMatchingLogNorm",
      "best_model_bic": "probabilityMatchingLogNorm"
    },
    {
      "iteration": 3,
      "model_fits": {
        "lognorm": {
          "fittedParams": [
            0.012032130660426757,
            0.9439123320235162,
            0.1684489946882136,
            0.6778857680726283,
            0.5066105919512337,
            0.20312881753662315,
            0.2962348457257213
          ],
          "logLikelihood": -3287.5489923538535,