{
  "participantID": "sx",
  "generating_model": "switchingFree",
  "true_params": [
    0.00100676619969306,
    0.05494942788865409,
    0.3265732268878071,
    0.5909009285271167,
    0.009080413008145882,
    0.11910683874487878,
    0.11785325075797737,
    0.9412440426647664
  ],
  "n_iterations": 5,
  "iterations": [
    {
      "iteration": 0,
      "model_fits": {
        "lognorm": {
          "fittedParams": [
            0.1032173888489516,
            1.392850901599631,
            0.12531634249980644,
            0.7008623141004848,
            1.305364536019205,
            0.15878063277557208,
            0.18296451319552504
          ],
          "logLikelihood": -3308.626761787715,
          "AIC": 6631.25352357543,
          "BIC": 6678.394317625876,
          "nParams": 7
        },
        "fusionOnlyLogNorm": {
          "fittedParams": [
            0.0164235844653196,
            0.35679365920087835,
            0.3532667281688091,
            2.0,
            0.034480146331287695,
            0.22448144938424724
          ],
          "logLikelihood": -3259.5337104327377,
          "AIC": 6531.0674208654755,
          "BIC": 6571.473815765858,
          "nParams": 6
        },
        "switchingFree": {
          "fittedParams": [
            0.03832810104268694,
            0.004843330945023885,
            0.33398396756478094,
            0.6228128196155238,
            0.12937137744713706,
            0.012366505575697573,
            0.15686508691259066,
            0.905403799389686
          ],
          "logLikelihood": -3242.414804496878,
          "AIC": 6500.829608993756,
          "BIC": 6554.7048021942655,
          "nParams": 8
        },
        "probabilityMatchingLogNorm": {
          "fittedParams": [
            0.1646208966987222,
            0.4532877688795278,
            0.10663305578356516,
            0.22040842239106934,
            0.35088914954610373,
            0.2580208627687703,
            0.22289572121285986
          ],
          "logLikelihood": -3313.2291875164588,
          "AIC": 6640.4583750329175,
          "BIC": 6687.599169083363,
          "nParams": 7
        },
        "selection": {
          "fittedParams": [
            0.005271830675869255,
            0.20125236951369777,
            0.18046082990287177,
            0.8746037276578053,
            2.0,
            0.0217286236612792,
            0.014705959628695808
          ],
          "logLikelihood": -3276.270427242115,
          "AIC": 6566.54085448423,
          "BIC": 6613.681648534676,
          "nParams": 7
        }
      },
      "best_model_aic": "switchingFree",
      "best_model_bic": "switchingFree"
    },
    {
      "iteration": 1,
      "model_fits": {
        "lognorm": {
          "fittedParams": [
            0.023576022179921975,
            0.8440719855125307,
            0.11505319004839677,
            0.6509271463368248,
            1.3029872811732925,
            0.09595643656145357,
            0.12830508436306848
          ],
          "logLikelihood": -3228.0873845088677,
          "AIC": 6470.174769017735,
          "BIC": 6517.315563068181,
          "nParams": 7
        },
        "fusionOnlyLogNorm": {
          "fittedParams": [
            0.0690649424791454,
            0.2641215829290533,
            0.285788628743312,
            1.2134846226212048,
            0.17508439857772717,
            0.20063627346880655
          ],
          "logLikelihood": -3182.3888063450167,
          "AIC": 6376.7776126900335,
          "BIC": 6417.184007590416,
          "nParams": 6
        },
        "switchingFree": {
          "fittedParams": [
            0.001,
            0.09563314567552866,
            0.3237635260651581,
            0.5426211844366545,
            0.37388786440314603,
            0.08464804406555035,
            0.005783973027382802,
            0.8208725966364501
          ],
          "logLikelihood": -3187.822957628273,
          "AIC": 6391.645915256546,
          "BIC": 6445.521108457056,
          "nParams": 8
        },
        "probabilityMatchingLogNorm": {
          "fittedParams": [
            0.0074002663312677484,
            0.34717472782591585,
            0.31455658099183986,
            0.0302205171125105,
            2.0,
            0.07540636357630326,
            0.10739175703024528
          ],
          "logLikelihood": -3189.8416157232964,
          "AIC": 6393.683231446593,
          "BIC": 6440.824025497039,
          "nParams": 7
        },
        "selection": {
          "fittedParams": [
            0.04886925803751483,
            0.16394286824365523,
            0.14626580506948617,
            0.8908361173971404,
            2.0,
            0.17951578154791684,
            0.11586371053394512
          ],
          "logLikelihood": -3208.1496194152423,
          "AIC": 6430.299238830485,
          "BIC": 6477.440032880931,
          "nParams": 7
        }
      },
      "best_model_aic": "fusionOnlyLogNorm",
      "best_model_bic": "fusionOnlyLogNorm"
    },
    {
      "iteration": 2,
      "model_fits": {
        "lognorm": {
          "fittedParams": [
            0.012621888312013664,
            0.32739241411974845,
            0.33797497134796106,
            0.9517004468801049,
            1.7073615830599551,
            0.05049820639140013,
            0.15826072843073255
          ],
          "logLikelihood": -3264.3848910716865,
          "AIC": 6542.769782143373,
          "BIC": 6589.910576193819,
          "nParams": 7
        },
        "fusionOnlyLogNorm": {
          "fittedParams": [
            0.04035771930287746,
            0.38881072215095436,
            0.3403097632166842,
            1.4361403572000326,
            0.07718917630941455,
            0.13926322233856614
          ],
          "logLikelihood": -3260.291184933386,
          "AIC": 6532.582369866772,
          "BIC": 6572.988764767154,
          "nParams": 6
        },
        "switchingFree": {
          "fittedParams": [
            0.0504039846454529,
            0.15533852143063376,
            0.29413327600203676,
            0.5081940750069913,
            0.507418380248671,
            0.10690152381684723,
            0.12028781210156021,
            0.947518938530688
          ],
          "logLikelihood": -3258.127714595071,
          "AIC": 6532.255429190142,
          "BIC": 6586.130622390652,
          "nParams": 8
        },
        "probabilityMatchingLogNorm": {
          "fittedParams": [
            0.038668985871945075,
            0.24979932265578736,
            0.3079030290540577,
            0.010057691880411775,
            1.156397306026538,
            0.16355747292976267,
            0.19454953187349816
          ],
          "logLikelihood": -3262.6932096324017,
          "AIC": 6539.386419264803,
          "BIC": 6586.527213315249,
          "nParams": 7
        },
        "selection": {
          "fittedParams": [
            0.10464039220407395,
            0.1585462423303059,
            0.14734191996426715,
            0.8116530384551658,
            2.0,
            0.11603625658285437,
            0.09724831776085448
          ],
          "logLikelihood": -3271.707321583801,
          "AIC": 6557.414643167602,
          "BIC": 6604.555437218048,
          "nParams": 7
        }
      },
      "best_model_aic": "switchingFree",
      "best_model_bic": "fusionOnlyLogNorm"
    },
    {
      "iteration": 3,
      "model_fits": {
        "lognorm": {
          "fittedParams": [
            0.0345186122298735,
            0.3483155359911797,
            0.21939420833164358,
            0.7838334259555405,
            1.6000637639791155,
            0.2057050829394704,
            0.1207898486003145
          ],
          "logLikelihood": -3210.5390197831366,
          "AIC": 6435.078039566273,
          "BIC": 6482.218833616719,
          "nParams": 7
        },