{
  "participantID": "sx",
  "generating_model": "selection",
  "true_params": [
    0.023234512085853337,
    0.17895699405860788,
    0.16849186529085647,
    0.9982713844042175,
    1.886813371595753,
    0.10118783924313758,
    0.0010684399134806288
  ],
  "n_iterations": 5,
  "iterations": [
    {
      "iteration": 0,
      "model_fits": {
        "lognorm": {
          "fittedParams": [
            0.05158590779337137,
            0.668219679641051,
            0.24676538849734797,
            0.7989288396613176,
            1.6352169501940608,
            0.006357848186418519,
            0.06867127387236854
          ],
          "logLikelihood": -3201.4809212063965,
          "AIC": 6416.961842412793,
          "BIC": 6464.102636463239,
          "nParams": 7
        },
        "fusionOnlyLogNorm": {
          "fittedParams": [
            0.023626844796344512,
            0.45721145353714043,
            0.33004531385431085,
            2.0,
            0.11073134335361642,
            0.05131596495087011
          ],
          "logLikelihood": -3190.5113192021927,
          "AIC": 6393.022638404385,
          "BIC": 6433.4290333047675,
          "nParams": 6
        },
        "switchingFree": {
          "fittedParams": [
            0.0214734949440826,
            0.047291621851845114,
            0.3565968278492424,
            0.6840652683689895,
            2.0,
            0.061766568311644496,
            0.08040865958473829,
            0.9761644196692897
          ],
          "logLikelihood": -3196.4000199800307,
          "AIC": 6408.800039960061,
          "BIC": 6462.675233160571,
          "nParams": 8
        },
        "probabilityMatchingLogNorm": {
          "fittedParams": [
            0.030529942054077722,
            0.398182570002888,
            0.059676683473665275,
            0.35860519593527684,
            0.3655092840694905,
            0.058106232046573655,
            0.1385031742277167
          ],
          "logLikelihood": -3233.7531228272055,
          "AIC": 6481.506245654411,
          "BIC": 6528.647039704857,
          "nParams": 7
        },
        "selection": {
          "fittedParams": [
            0.006654952431010207,
            0.18555046348041096,
            0.15105970105229147,
            0.8898352250710617,
            1.1606773303939422,
            0.07955315110965225,
            0.10370051448425581
          ],
          "logLikelihood": -3187.9432073104267,
          "AIC": 6389.886414620853,
          "BIC": 6437.027208671299,
          "nParams": 7
        }
      },
      "best_model_aic": "selection",
      "best_model_bic": "fusionOnlyLogNorm"
    },
    {
      "iteration": 1,
      "model_fits": {
        "lognorm": {
          "fittedParams": [
            0.213055190120213,
            0.24837185624226557,
            0.26882102557677773,
            0.984512503800551,
            2.0,
            0.20841992928529074,
            0.18584142273729332
          ],
          "logLikelihood": -3281.491075730897,
          "AIC": 6576.982151461794,
          "BIC": 6624.12294551224,
          "nParams": 7
        },
        "fusionOnlyLogNorm": {
          "fittedParams": [
            0.07173837484143936,
            0.3334554495966116,
            0.3361977527293242,
            2.0,
            0.16725283345358877,
            0.12965544801125714
          ],
          "logLikelihood": -3268.2548142477353,
          "AIC": 6548.509628495471,
          "BIC": 6588.916023395853,
          "nParams": 6
        },
        "switchingFree": {
          "fittedParams": [
            0.08563999936776431,
            2.0,
            0.37281922325941863,
            0.99415696824714,
            0.5597857872760956,
            0.14864188160691846,
            0.03625940769266684,
            0.9518119219454549
          ],
          "logLikelihood": -3326.776007734639,
          "AIC": 6669.552015469278,
          "BIC": 6723.427208669787,
          "nParams": 8
        },
        "probabilityMatchingLogNorm": {
          "fittedParams": [
            0.1394522512758085,
            0.2854976372110235,
            0.03277956114829915,
            0.436884004758902,
            0.3732445881578202,
            0.15998774836702617,
            0.11980535619058175
          ],
          "logLikelihood": -3344.011764412901,
          "AIC": 6702.023528825802,
          "BIC": 6749.164322876248,
          "nParams": 7
        },
        "selection": {
          "fittedParams": [
            0.08281815153428125,
            0.18923031465138473,
            0.16678038835094816,
            0.8282368484673631,
            1.4668649057771366,
            0.18772603879857264,
            0.016402932036259612
          ],
          "logLikelihood": -3242.668409874181,
          "AIC": 6499.336819748362,
          "BIC": 6546.477613798808,
          "nParams": 7
        }
      },
      "best_model_aic": "selection",
      "best_model_bic": "selection"
    },
    {
      "iteration": 2,
      "model_fits": {
        "lognorm": {
          "fittedParams": [
            0.10175743908789964,
            0.330988374127004,
            0.31506324195252383,
            0.9621284466984724,
            2.0,
            0.18129711548340954,
            0.03910814917199792
          ],
          "logLikelihood": -3249.373412565227,
          "AIC": 6512.746825130454,
          "BIC": 6559.8876191809,
          "nParams": 7
        },
        "fusionOnlyLogNorm": {
          "fittedParams": [
            0.13487091009061666,
            0.29921155731608123,
            0.3417509501182089,
            2.0,
            0.1034778813322601,
            0.07080829085687512
          ],
          "logLikelihood": -3255.787040692953,
          "AIC": 6523.574081385906,
          "BIC": 6563.980476286288,
          "nParams": 6
        },
        "switchingFree": {
          "fittedParams": [
            0.0026741317015476496,
            0.05864920250151929,
            0.38601632087991833,
            0.5553733732817193,
            0.11024463410775476,
            0.12205961986821359,
            0.01411354312863999,
            0.9041805888798886
          ],
          "logLikelihood": -3253.9597349000433,
          "AIC": 6523.9194698000865,
          "BIC": 6577.794663000596,
          "nParams": 8
        },
        "probabilityMatchingLogNorm": {
          "fittedParams": [
            0.06369255709631368,
            0.2497514376049978,
            0.26503605704467725,
            0.03640245950523245,
            1.0299267117148811,
            0.20264414537132117,
            0.11139970185199816
          ],
          "logLikelihood": -3268.4346868933662,
          "AIC": 6550.8693737867325,
          "BIC": 6598.010167837178,
          "nParams": 7
        },
        "selection": {
          "fittedParams": [
            0.026141038284997364,
            0.184106475166704,
            0.16756327085064832,
            0.9997311372296205,
            1.5126336304017611,
            0.0727501418455582,
            0.050766816925099906
          ],
          "logLikelihood": -3229.597263023447,
          "AIC": 6473.194526046894,
          "BIC": 6520.33532009734,
          "nParams": 7
        }
      },
      "best_model_aic": "selection",
      "best_model_bic": "selection"
    },
    {
      "iteration": 3,
      "model_fits": {
        "lognorm": {
          "fittedParams": [
            0.04033730759037056,
            2.0,
            0.14839202311044705,
            0.790732012853711,
            2.0,
            0.028276577345306433,
            0.03573185767627439
          ],
          "logLikelihood": -3251.178778733355,
          "AIC": 6516.35755746671,
          "BIC": 6563.498351517156,
          "nParams": 7
        },