{
  "sigma_a": 0.1,
  "sigma_v": 0.1,
  "conflict_max": 0.25,
  "p_c_fixed": 0.5,
  "lambda_fixed": 0.05,
  "n_conflict_steps": 9,
  "n_trials_per_cell": 10,
  "n_iter_per_model": 8,
  "models": [
    "lognorm",
    "fusionOnlyLogNorm",
    "switchingFree"
  ],
  "per_model": {
    "lognorm": {
      "n_completed": 8,
      "n_same_model_fit": 8,
      "param_recovery_pinned": {
        "lambda": {
          "mean_gen": 0.05,
          "mean_rec": 0.04967373032160928,
          "std_rec": 0.012576732058596645,
          "rmse": 0.01258096344390086,
          "bias": -0.00032626967839071916
        },
        "sigma_a": {
          "mean_gen": 0.1,
          "mean_rec": 0.10411110746776675,
          "std_rec": 0.009406466815317871,
          "rmse": 0.010265613598767676,
          "bias": 0.004111107467766745
        },
        "sigma_v": {
          "mean_gen": 0.1,
          "mean_rec": 0.09470636412712229,
          "std_rec": 0.024114417760386177,
          "rmse": 0.024688615284722756,
          "bias": -0.005293635872877719
        },
        "p_c": {
          "mean_gen": 0.5,
          "mean_rec": 0.40343598855907026,
          "std_rec": 0.08755152035548901,
          "rmse": 0.13034522247524694,
          "bias": -0.09656401144092974
        }
      }
    },
    "fusionOnlyLogNorm": {
      "n_completed": 8,
      "n_same_model_fit": 8,
      "param_recovery_pinned": {
        "lambda": {
          "mean_gen": 0.05,
          "mean_rec": 0.05569147852658155,
          "std_rec": 0.008019434158169646,
          "rmse": 0.009833832011772266,
          "bias": 0.005691478526581549
        },
        "sigma_a": {
          "mean_gen": 0.1,
          "mean_rec": 0.11157389502129901,
          "std_rec": 0.015775958367085344,
          "rmse": 0.01956619299618758,
          "bias": 0.011573895021299005
        },
        "sigma_v": {
          "mean_gen": 0.1,
          "mean_rec": 0.11100777251028443,
          "std_rec": 0.017754850630779407,
          "rmse": 0.020890327344478384,
          "bias": 0.011007772510284425
        }
      }
    },
    "switchingFree": {
      "n_completed": 8,
      "n_same_model_fit": 8,
      "param_recovery_pinned": {
        "lambda": {
          "mean_gen": 0.05,
          "mean_rec": 0.05965304786343273,
          "std_rec": 0.023700227312363528,
          "rmse": 0.025590664464046755,
          "bias": 0.009653047863432728
        },
        "sigma_a": {
          "mean_gen": 0.1,
          "mean_rec": 0.05568118633874593,
          "std_rec": 0.033146483445828635,
          "rmse": 0.055342990605546004,
          "bias": -0.04431881366125408
        },
        "sigma_v": {
          "mean_gen": 0.1,
          "mean_rec": 0.12530699468766765,
          "std_rec": 0.030984427914828718,
          "rmse": 0.04000598396903713,
          "bias": 0.025306994687667658
        },
        "p_sw": {
          "mean_gen": 0.5,
          "mean_rec": 0.5184248228306503,
          "std_rec": 0.02242518369395741,
          "rmse": 0.029023489797896162,
          "bias": 0.018424822830650216
        }
      }
    }
  },
  "confusion_aic": {
    "lognorm": {
      "lognorm": 8,
      "fusionOnlyLogNorm": 0,
      "switchingFree": 0
    },
    "fusionOnlyLogNorm": {
      "lognorm": 6,
      "fusionOnlyLogNorm": 2,
      "switchingFree": 0
    },
    "switchingFree": {
      "lognorm": 1,
      "fusionOnlyLogNorm": 0,
      "switchingFree": 7
    }
  },
  "confusion_bic": {
    "lognorm": {
      "lognorm": 8,
      "fusionOnlyLogNorm": 0,
      "switchingFree": 0
    },
    "fusionOnlyLogNorm": {
      "lognorm": 3,
      "fusionOnlyLogNorm": 5,
      "switchingFree": 0
    },
    "switchingFree": {
      "lognorm": 1,
      "fusionOnlyLogNorm": 0,
      "switchingFree": 7
    }
  },
  "mean_diag_recovery_aic": 0.7083333333333334
}