lambda,mu,sigma
0.0631732120104792,0.6,0.15728624395709986
,0.1761237467743283,0.02236891971964995
