{
  "participantID": "ip",
  "modelType": "lognorm",
  "true_params": [
    0.133238647881051,
    0.25088028517441396,
    0.8141370474081865,
    0.17120126035676242,
    0.8065720918262647,
    0.08863059094109119,
    0.010652222908665713
  ],
  "recovered_params_mean": [
    0.1484216802780398,
    0.2463559889857349,
    1.6857106124884578,
    0.5350269123648826,
    0.8188715158607107,
    0.09397112864659851,
    0.05080053608642196
  ],
  "recovered_params_std": [
    0.053760308555958355,
    0.0271587026036419,
    0.43372211984215847,
    0.27942286483612727,
    0.19035129346841723,
    0.04961910267090071,
    0.041477837474279695
  ],
  "recovered_params_median": [
    0.1649720953774459,
    0.24881352872245655,
    2.0,
    0.5362293867992174,
    0.7681812814704452,
    0.08806946409782293,
    0.037250407292780396
  ],
  "n_successful": 50,
  "n_attempted": 50,
  "all_recovered_params": [
    [
      0.19475107310765014,
      0.21021649404312925,
      1.5745985011344923,
      0.8693481655777762,
      0.7490335778902795,
      0.17063122828432578,
      0.0984155169749836
    ],
    [
      0.12773607449716212,
      0.2112627896753103,
      1.8563558269684333,
      0.5532511635443847,
      0.8056871390843582,
      0.13210746201693557,
      0.10074449131417296
    ],
    [
      0.16562934837063523,
      0.20869581551400113,
      2.0,
      0.5187386986654726,
      0.6484638325066763,
      0.15749666193066197,
      0.12408451956929199
    ],
    [
      0.15119632738190872,
      0.21141989852931234,
      0.9537914020013212,
      0.3994292387173985,
      1.2037819096399691,
      0.12481385208135885,
      0.06066790886266424
    ],
    [
      0.20592892704781832,
      0.2657314829438719,
      1.0826442888510306,
      0.8376982286895447,
      1.1411242207353114,
      0.020896583674416838,
      0.001
    ],
    [
      0.18911072767748918,
      0.2488708360101187,
      0.4971341744877123,
      0.01760523506511658,
      0.8453518887372897,
      0.036886760371492716,
      0.004267878180895068
    ],
    [
      0.031874231413363194,
      0.266064982216882,
      2.0,
      0.00045821075983080994,
      0.6295382814528222,
      0.01220406207101617,
      0.0037562583568710797
    ],
    [
      0.25183528483430534,
      0.24875622143479437,
      2.0,
      0.5192076100540499,
      0.711898661147734,
      0.13011181280071552,
      0.004239903478367152
    ],
    [
      0.15146762921170073,
      0.23972756679471854,
      1.3818496303746586,
      0.6486458589835576,
      0.6947508836858209,
      0.16806578222164328,
      0.04954717173992067
    ],
    [
      0.1358920172594379,
      0.26441055214716885,
      1.6826026814665151,
      0.38979840387645176,
      0.7704473288399611,
      0.08612517685087713,
      0.10203224508657238
    ],
    [
      0.1835696326091214,
      0.2198443435813379,
      1.389793228620181,
      0.22431243026031716,
      0.6261728542318141,
      0.17809925219254094,
      0.08673546581520096
    ],
    [
      0.18178683525562592,
      0.19924298927551337,
      2.0,
      0.926827972785128,
      0.9622829412065663,
      0.15745632940604082,
      0.05126766154007692
    ],
    [
      0.06267894828554392,
      0.25415827877616665,
      2.0,
      0.9573175489719857,
      0.6560934136559934,
      0.05205833202380318,
      0.07324021077952561
    ],
    [
      0.19057735076880375,
      0.22030732439452194,
      2.0,
      0.19099881041620415,
      0.7766610886359913,
      0.1391413925086017,
      0.03513783506363082
    ],
    [
      0.13432170531251436,
      0.30490017099447914,
      1.3702222907547963,
      0.978677540300132,
      0.977261247186249,
      0.0409714805938477,
      0.028101689673999578
    ],
    [
      0.1686772412008429,
      0.2551753070571325,
      1.5145310311455997,
      0.4960016786900824,
      0.6513272211759606,
      0.10915005763601793,
      0.012354468715156441
    ],
    [
      0.1389115049217427,
      0.25020386223367586,
      1.4932484871775178,
      0.6219996585597825,
      0.5803171189573916,
      0.12280986163032388,
      0.09634809627978116
    ],
    [
      0.16431484238425653,
      0.20898182030290907,
      2.0,
      0.37320801889568284,
      0.7695545434226464,
      0.2224789990803383,
      0.03899615063033013
    ],
    [
      0.18219042471509256,
      0.2266606843916371,
      2.0,
      0.5920861829360313,
      0.6356471368956593,
      0.08758755449433017,
      0.007468462286613499
    ],
    [
      0.18456945031464467,
      0.21095258575573028,
      2.0,
      0.5153348481822622,
      0.6506123372921753,
      0.07748186229166588,
      0.14897104064454705
    ],
    [
      0.17782997965878894,
      0.2009437093574821,
      2.0,
      0.8571230524286464,
      0.9067164899170582,
      0.1444338106674818,
      0.1423641531502
    ],
    [
      0.10386257765798795,
      0.27294884914148687,
      2.0,
      0.5611634668996767,
      0.9187127188665273,
      0.1274232441262279,
      0.04341831899893356
    ],
    [
      0.09411187153235437,
      0.2757805802105765,
      0.5420475842615176,
      0.2074463477325366,
      1.4962105040508729,
      0.04135036046457201,
      0.06267865014262378
    ],
    [
      0.036045120807563974,
      0.2871392244002208,
      2.0,
      0.07672401648028657,
      0.9777569337745057,
      0.023578883276080907,
      0.006475954394021769
    ],
    [
      0.13125900559737858,
      0.24010067219516684,
      2.0,
      0.153278670034375,
      0.6835880294416786,
      0.08668232808376311,
      0.02173498548693282
    ],
    [
      0.10035669995736596,
      0.2794361257645943,
      1.4272823235329994,
      0.8698475667268266,
      0.7668080195182441,
      0.015239580161759622,
      0.02398025257293635
    ],
    [
      0.18494027221347534,
      0.21577315862380847,
      0.9692506033760364,
      0.6205378328271777,
      1.1704900848099338,
      0.144412042676884,
      0.05671232536569466
    ],
    [
      0.1727418238405989,
      0.2541970113366975,
      2.0,
      0.38511902844093604,
      0.6698314828815687,
      0.10627629767403944,
      0.09140180334841441
    ],
    [
      0.1881221343701269,
      0.24848528347095175,
      2.0,
      0.15088340597142486,
      0.763101138421998,
      0.06947512465836317,
      0.08889889029208622
    ],
    [
      0.09872486590586943,
      0.2653916112354408,
      1.770724803992284,
      0.46120623462099786,
      1.1031800252646347,
      0.099007729468787,
      0.006979853778666263
    ],
    [
      0.06340932005595555,
      0.2679672404636147,
      2.0,
      0.4601488733194798,
      0.6743084628222149,
      0.046369978771230905,
      0.026958141284382127
    ],
    [
      0.0847255619302292,
      0.1964473436809305,
      2.0,
      0.7971619596854238,
      0.7449859353725212,
      0.13393756422652908,
      0.034021871595042746
    ],
    [
      0.1841503006041431,
      0.25480309306570653,
      2.0,
      0.7364674500079975,
      0.8638373297263614,
      0.097322184270636,
      0.017836711706270998
    ],
    [
      0.17639580327351775,
      0.27136895935016214,
      2.0,
      0.04029473721321142,
      0.639072023279305,
      0.05121122690354761,
      0.035504663955230664
    ],
    [
      0.03267860010545421,
      0.30905791918848996,
      1.4043773008417633,
      0.23779830215961248,
      0.9876507794282707,
      0.009130549525601168,
      0.12247985459638787
    ],
    [
      0.09881795844794047,
      0.2665369764632339,
      1.6451166147017304,
      0.9966345171220226,
      1.1816223517993256,
      0.1406892138649486,
      0.035085658161043025
    ],
    [
      0.14855145421846686,
      0.24138492957766228,
      2.0,
      0.9530906025770584,
      0.6385187138289256,
      0.14008077706581365,
      0.03223415139770957
    ],
    [
      0.21781132220741228,
      0.22558855059924293,
      2.0,
