{
  "sigma_a": 0.3,
  "sigma_v": 0.3,
  "conflict_max": 0.45,
  "p_c_fixed": 0.5,
  "lambda_fixed": 0.05,
  "n_conflict_steps": 9,
  "n_trials_per_cell": 20,
  "n_iter_per_model": 15,
  "models": [
    "lognorm",
    "fusionOnlyLogNorm",
    "switchingFree"
  ],
  "per_model": {
    "lognorm": {
      "n_completed": 15,
      "n_same_model_fit": 15,
      "param_recovery_pinned": {
        "lambda": {
          "mean_gen": 0.05000000000000002,
          "mean_rec": 0.059382466038683315,
          "std_rec": 0.006638538688654483,
          "rmse": 0.011493514035655412,
          "bias": 0.009382466038683306
        },
        "sigma_a": {
          "mean_gen": 0.29999999999999993,
          "mean_rec": 0.30107497148479884,
          "std_rec": 0.011994329416822186,
          "rmse": 0.012042404321910838,
          "bias": 0.0010749714847989255
        },
        "sigma_v": {
          "mean_gen": 0.29999999999999993,
          "mean_rec": 0.2956153100603553,
          "std_rec": 0.050588799484468865,
          "rmse": 0.05077846137041392,
          "bias": -0.004384689939644696
        },
        "p_c": {
          "mean_gen": 0.5,
          "mean_rec": 0.5090177141373016,
          "std_rec": 0.10441271672018793,
          "rmse": 0.104801405435005,
          "bias": 0.009017714137301592
        }
      }
    },
    "fusionOnlyLogNorm": {
      "n_completed": 15,
      "n_same_model_fit": 15,
      "param_recovery_pinned": {
        "lambda": {
          "mean_gen": 0.05000000000000002,
          "mean_rec": 0.04953223397471109,
          "std_rec": 0.006168204713329995,
          "rmse": 0.00618591581255039,
          "bias": -0.00046776602528890985
        },
        "sigma_a": {
          "mean_gen": 0.29999999999999993,
          "mean_rec": 0.3078581951516075,
          "std_rec": 0.010648130611375905,
          "rmse": 0.013233817157482113,
          "bias": 0.00785819515160748
        },
        "sigma_v": {
          "mean_gen": 0.29999999999999993,
          "mean_rec": 0.30562269173296763,
          "std_rec": 0.012276665662203898,
          "rmse": 0.0135030064098896,
          "bias": 0.005622691732967703
        }
      }
    },
    "switchingFree": {
      "n_completed": 15,
      "n_same_model_fit": 15,
      "param_recovery_pinned": {
        "lambda": {
          "mean_gen": 0.05000000000000002,
          "mean_rec": 0.06136440669172429,
          "std_rec": 0.011047531906797303,
          "rmse": 0.015849217667967472,
          "bias": 0.01136440669172429
        },
        "sigma_a": {
          "mean_gen": 0.29999999999999993,
          "mean_rec": 0.24352736318903337,
          "std_rec": 0.08805508797519233,
          "rmse": 0.1046081126237454,
          "bias": -0.05647263681096663
        },
        "sigma_v": {
          "mean_gen": 0.29999999999999993,
          "mean_rec": 0.33068971104182265,
          "std_rec": 0.05965547930398484,
          "rmse": 0.06708676899969722,
          "bias": 0.030689711041822672
        },
        "p_sw": {
          "mean_gen": 0.5,
          "mean_rec": 0.5172864730679841,
          "std_rec": 0.025473394575182762,
          "rmse": 0.030784996058357623,
          "bias": 0.017286473067984216
        }
      }
    }
  },
  "confusion_aic": {
    "lognorm": {
      "lognorm": 15,
      "fusionOnlyLogNorm": 0,
      "switchingFree": 0
    },
    "fusionOnlyLogNorm": {
      "lognorm": 2,
      "fusionOnlyLogNorm": 13,
      "switchingFree": 0
    },
    "switchingFree": {
      "lognorm": 0,
      "fusionOnlyLogNorm": 0,
      "switchingFree": 15
    }
  },
  "confusion_bic": {
    "lognorm": {
      "lognorm": 15,
      "fusionOnlyLogNorm": 0,
      "switchingFree": 0
    },
    "fusionOnlyLogNorm": {
      "lognorm": 1,
      "fusionOnlyLogNorm": 14,
      "switchingFree": 0
    },
    "switchingFree": {
      "lognorm": 0,
      "fusionOnlyLogNorm": 0,
      "switchingFree": 15
    }
  },
  "mean_diag_recovery_aic": 0.9555555555555556
}