{
  "participantID": "mh",
  "modelType": "lognorm",
  "true_params": [
    0.1442013179702395,
    0.4227332351213126,
    0.4618850363433537,
    0.7915267801369138,
    1.4316897560385744,
    0.015108951292503062,
    0.23153721899659768
  ],
  "recovered_params_mean": [
    0.1631177394704224,
    0.46789443085888593,
    0.39809116387170773,
    0.7331309634877221,
    1.6094659215670688,
    0.06512274129807681,
    0.223852247505779
  ],
  "recovered_params_std": [
    0.05914580547313339,
    0.121591696620277,
    0.10352790732606815,
    0.1398821847177084,
    0.3619709759137771,
    0.04780058090483897,
    0.05215305332906347
  ],
  "recovered_params_median": [
    0.15701789382936598,
    0.43460838533063806,
    0.4089366891831753,
    0.746974571066959,
    1.6908404962063317,
    0.050933876324166356,
    0.22934500320258555
  ],
  "n_successful": 50,
  "n_attempted": 50,
  "all_recovered_params": [
    [
      0.09736833185532018,
      0.40783724784372,
      0.6235477613039765,
      0.9579864110725028,
      2.0,
      0.01816312039033889,
      0.1063434612497013
    ],
    [
      0.20982407387065188,
      0.42881028189512005,
      0.39498319910734486,
      0.7706296205044546,
      1.8408524504654071,
      0.044375534251650806,
      0.20499140918370112
    ],
    [
      0.09046228221135728,
      0.45274592293257343,
      0.395346565255047,
      0.6372124824957329,
      1.4261099591119644,
      0.020368289289055194,
      0.22622013615297312
    ],
    [
      0.09361648972316161,
      0.7344896261332866,
      0.06781949593025505,
      0.385982386478218,
      1.0594889669581045,
      0.2024010604035814,
      0.1980340628583252
    ],
    [
      0.12210762140039029,
      0.3853423610073004,
      0.5004248080788742,
      0.9441244479851953,
      2.0,
      0.09883716908248122,
      0.28607365786532346
    ],
    [
      0.18978928672334477,
      0.6367166996178093,
      0.35610964788937505,
      0.7024349626485875,
      1.6936928236778022,
      0.01807829592335307,
      0.2573680432301309
    ],
    [
      0.29865198168179424,
      0.33290692343792627,
      0.42855871548106717,
      0.8644612943103864,
      2.0,
      0.009984131324056844,
      0.2890021742084242
    ],
    [
      0.1566854115493294,
      0.4322781372058921,
      0.36916181115800684,
      0.6882765932563791,
      2.0,
      0.01901626197113092,
      0.20697191963735134
    ],
    [
      0.2115994666292106,
      0.4395224905118559,
      0.4316945778474622,
      0.826921965883509,
      2.0,
      0.09880461921704035,
      0.2842061967436736
    ],
    [
      0.20260300261475997,
      0.4291364637259666,
      0.25920006342084795,
      0.625424829990597,
      1.5872370565875171,
      0.06543123533443844,
      0.22079608110210133
    ],
    [
      0.11830283812576314,
      0.445202975467524,
      0.4218556005677734,
      0.686073425151583,
      1.5958681479374195,
      0.019698437473451562,
      0.26159968492295743
    ],
    [
      0.18276562251957834,
      0.436938633455384,
      0.45585270985317117,
      0.9631458757388952,
      1.9682944418597352,
      0.1270781916826619,
      0.2995107657982623
    ],
    [
      0.15596537963197923,
      0.43078969512514687,
      0.430094798906106,
      0.8704122778609734,
      2.0,
      0.031647858535938024,
      0.2781114204857875
    ],
    [
      0.2833143675926768,
      0.3127185687275923,
      0.4997466447778521,
      0.84419216266314,
      1.7863281801765467,
      0.11960642732447525,
      0.2080782812834043
    ],
    [
      0.13049268072323764,
      0.47394784394763784,
      0.3749603018303619,
      0.7138894050681256,
      1.8066368261415842,
      0.15944716913337395,
      0.2243598047963246
    ],
    [
      0.06881138742754968,
      0.46696451003345113,
      0.4330440774753501,
      0.7513604906519786,
      2.0,
      0.11015639730061086,
      0.15566756867001863
    ],
    [
      0.12484658684793698,
      0.49647152520850896,
      0.44166390835539493,
      0.6728518271246408,
      1.6787520516644623,
      0.01074948988085243,
      0.18297766634378196
    ],
    [
      0.1531102327542241,
      0.3946087180928736,
      0.44567911694156315,
      0.8305605934757745,
      2.0,
      0.045422288718967946,
      0.2167012371797312
    ],
    [
      0.05530650181189638,
      0.48431834224620574,
      0.5638851260987376,
      0.763826779379418,
      0.9904099365970375,
      0.06319036430774891,
      0.2282458400294883
    ],
    [
      0.18349620955362778,
      0.39739425234438447,
      0.3323394809327458,
      0.6874527164217868,
      1.6581351256356316,
      0.14462933016189958,
      0.2593008817646062
    ],
    [
      0.1471432241930019,
      0.4127513785145323,
      0.4134462940434187,
      0.7820471232103308,
      2.0,
      0.11886993957537988,
      0.2626177231853943
    ],
    [
      0.14101283351490976,
      0.6082550006810895,
      0.3822550697144547,
      0.6924367429858872,
      1.420833601606807,
      0.027215271541985823,
      0.25639760956526536
    ],
    [
      0.10597248658365273,
      0.4679720588535001,
      0.42389617562051213,
      0.6496321035193694,
      1.4430803249927275,
      0.04773331560447539,
      0.23471506283341315
    ],
    [
      0.08307457947812,
      0.4603126976989998,
      0.5708175709986785,
      0.79526936130603,
      2.0,
      0.021292767361447258,
      0.16102646688255146
    ],
    [
      0.16321937095439787,
      0.34924889827545647,
      0.4801557067544173,
      0.7247434900516736,
      1.3502212321803135,
      0.001,
      0.23622077424755752
    ],
    [
      0.2317586659632719,
      0.5798418787557478,
      0.20260633078504414,
      0.5324343851868711,
      1.1174463726531123,
      0.1027431463860746,
      0.29224901300916495
    ],
    [
      0.1566322852858914,
      0.7479487223600605,
      0.26925966073464475,
      0.6131903204384849,
      1.8619932630498284,
      0.10592242707419813,
      0.17185290121444488
    ],
    [
      0.09814332702473,
      0.5012654944126229,
      0.44243601838421653,
      0.7371265521679939,
      1.7408836915428532,
      0.07993226547201751,
      0.17688177996875987
    ],
    [
      0.17752113098734632,
      0.375796254019721,
      0.3798463958441613,
      0.8652472024787475,
      1.2161918790521766,
      0.06116882587966681,
      0.25063573079130536
    ],
    [
      0.14681590067466213,
      0.4003801978641089,
      0.5138975316892049,
      0.8987520056805639,
      2.0,
      0.0014965080185311286,
      0.25147517892884497
    ],
    [
      0.2119333938283401,
      0.42875332011200706,
      0.47895397602749806,
      0.8214282624515293,
      1.1351527091266898,
      0.030304661499437172,
      0.17916657592075452
    ],
    [
      0.23230269471928214,
      0.3520600154299013,
      0.3862154511435711,
      0.8121491195170872,
      1.687988168734861,
      0.020142510195832596,
      0.28072905472494053
    ],
    [
      0.22402773232465525,
      0.36571224291397847,
      0.3497558599917205,
      0.775023273655292,
      1.7444641415447053,
      0.16441317594134117,
      0.31159567468866
    ],
    [
      0.22673735886637789,
      0.6445862816374077,
      0.19335677395885786,
      0.5310537262094013,
      1.2612377998099968,
      0.11971593165991866,
      0.23737604422168954
    ],
    [
      0.27659721503680074,
      0.40240686732634057,
      0.38966818018066496,
      0.7021842485075714,
      1.3351840626293352,
      0.0801464542982898,
      0.25189971571289127
    ],
    [
      0.17183363427627502,
      0.9182360480014747,
      0.29686406694840284,
      0.680396733642761,
      2.0,
      0.05160715692399275,
      0.20610429110338563
    ],
    [
      0.24250064091841855,
      0.3607729744602648,
      0.3657081555522687,
      0.8587124384561737,
      1.7353028134185968,
      0.04631542441554904,
