{
    "participantID": "mh",
    "dataName": "mh_all",
    "n_params": 42,
    "n_conditions": 470,
    "n_trials": 2164,
    "parameters": [
        0.0,
        -0.48402010521137984,
        0.7829552410223599,
        0.0,
        -0.155316259884976,
        0.6788116471160082,
        0.25,
        -0.17061071272336206,
        0.28467157481132294,
        0.25,
        0.10467840342422335,
        0.5503761104422901,
        0.0,
        0.34733071753359335,
        0.7993853589677404,
        0.0,
        0.24844293499704456,
        0.5734940439573356,
        0.0,
        0.2332996525576687,
        0.5899834144269249,
        0.23616281005316395,
        0.032754108859390355,
        0.8526212371095699,
        0.0,
        -0.14995043292549295,
        0.616070512901934,
        0.0,
        0.041757682785593726,
        0.4621677397961013,
        0.25,
        0.11293667416807823,
        0.5332678079502989,
        0.0,
        0.06827532606217916,
        0.6997075019236237,
        0.0,
        0.17653934436530538,
        0.283604036463768,
        0.0,
        0.29639347834366003,
        0.7046550318306218
    ],
    "log_likelihood": -1170.1261745466993,
    "AIC": 2424.2523490933986,
    "BIC": 2598.667122270971,
    "success": true,
    "message": "CONVERGENCE: RELATIVE REDUCTION OF F <= FACTR*EPSMCH",
    "uniqueSensory": [
        1.2,
        0.1
    ],
    "uniqueStandard": [
        0.5
    ],
    "uniqueConflict": [
        -0.25,
        -0.17,
        -0.08,
        0.0,
        0.08,
        0.17,
        0.25
    ],
    "nStart": 1
}