{
    "participantID": "mh",
    "dataName": "mh_all.csv",
    "n_params": 42,
    "n_conditions": 495,
    "n_trials": 2164,
    "parameters": [
        0.22715853390867422,
        -0.3873667839029906,
        0.24517056199010306,
        0.25,
        -0.14008773251251527,
        0.3645406390504437,
        0.25,
        -0.15170348903150588,
        0.2705743013754984,
        0.25,
        0.2057517673468881,
        0.61770299729374,
        0.0,
        0.4836639643664497,
        0.8157991699956786,
        0.0,
        0.31812743204759947,
        0.6537078348620433,
        0.0,
        0.3647402461124286,
        0.6758997162046497,
        0.0,
        0.16431408538068665,
        1.1486648549713439,
        0.22051218814662424,
        -0.11217755490453757,
        0.39397704158712277,
        0.0,
        0.07733115359646073,
        0.5362108939086538,
        0.22761627499823436,
        0.2148928480792946,
        0.6287554237563184,
        0.0,
        0.1880614997264166,
        0.6821246427325858,
        0.0,
        0.22626761886271704,
        0.3230381262317751,
        0.0,
        0.42133980161504764,
        0.7645526195561319
    ],
    "log_likelihood": -1183.5986072769947,
    "AIC": 2451.1972145539894,
    "BIC": 2627.7886405818745,
    "success": true,
    "message": "CONVERGENCE: REL_REDUCTION_OF_F_<=_FACTR*EPSMCH",
    "uniqueSensory": [
        1.2,
        0.1
    ],
    "uniqueStandard": [
        0.5
    ],
    "uniqueConflict": [
        -0.25,
        -0.17,
        -0.08,
        0.0,
        0.08,
        0.17,
        0.25
    ],
    "nStart": 1
}