{
    "participantID": "mh",
    "dataName": "mh_all.csv",
    "n_params": 42,
    "n_conditions": 495,
    "n_trials": 2164,
    "parameters": [
        0.0,
        -0.48400682755220575,
        0.7829335705475575,
        0.0,
        -0.15532327930833686,
        0.6788359461691185,
        0.25,
        -0.17059713986999867,
        0.2846491268152699,
        0.25,
        0.10467570074238473,
        0.5504132708174985,
        0.0,
        0.34734182605375735,
        0.7994039219462206,
        0.0,
        0.24846207390924013,
        0.5735609204669436,
        0.0,
        0.23330974730776133,
        0.5900150126969766,
        0.23568462128547674,
        0.032770286526443884,
        0.8535775264900766,
        0.0,
        -0.14995766225952908,
        0.6160892924275351,
        0.0,
        0.04176985259509467,
        0.4621860000387607,
        0.25,
        0.11292357818336135,
        0.5332844473894418,
        0.0,
        0.06826765550022985,
        0.699688053358606,
        0.0,
        0.17654760411094167,
        0.28360353696360807,
        0.0,
        0.2963996432021593,
        0.7046723227906689
    ],
    "log_likelihood": -1170.1261716509616,
    "AIC": 2424.2523433019232,
    "BIC": 2600.8437693298083,
    "success": true,
    "message": "CONVERGENCE: REL_REDUCTION_OF_F_<=_FACTR*EPSMCH",
    "uniqueSensory": [
        1.2,
        0.1
    ],
    "uniqueStandard": [
        0.5
    ],
    "uniqueConflict": [
        -0.25,
        -0.17,
        -0.08,
        0.0,
        0.08,
        0.17,
        0.25
    ],
    "nStart": 1
}