{
    "participantID": "mh",
    "dataName": "mh_all",
    "n_params": 42,
    "n_conditions": 495,
    "n_trials": 2164,
    "parameters": [
        0.22739272380339753,
        -0.1949780965989209,
        0.12268990726028675,
        0.25,
        -0.06770107530874772,
        0.18752403256509265,
        0.25,
        -0.07548360814536101,
        0.13314819747580653,
        0.25,
        0.10303695293547081,
        0.31060367002348793,
        0.0,
        0.24118084422344677,
        0.40756654555468874,
        0.0,
        0.15950512967536856,
        0.3286732140905309,
        0.0,
        0.1822931654698274,
        0.33738058217448447,
        0.0,
        0.08195592892818998,
        0.5716268508723419,
        0.23418405759964475,
        -0.060292603644630585,
        0.1850376318573901,
        0.0,
        0.03879174939044548,
        0.2652013302907116,
        0.2245846935148517,
        0.10704414663076581,
        0.31550266197580173,
        0.0,
        0.09363870085586776,
        0.3411489065341833,
        0.0,
        0.11291901855162208,
        0.16086058249790464,
        0.0,
        0.2104950811840304,
        0.381934107257083
    ],
    "log_likelihood": -1183.2781306445584,
    "AIC": 2450.5562612891167,
    "BIC": 2627.147687317002,
    "success": true,
    "message": "CONVERGENCE: REL_REDUCTION_OF_F_<=_FACTR*EPSMCH",
    "uniqueSensory": [
        1.2,
        0.1
    ],
    "uniqueStandard": [
        0.5
    ],
    "uniqueConflict": [
        -0.25,
        -0.17,
        -0.08,
        0.0,
        0.08,
        0.17,
        0.25
    ],
    "nStart": 1
}