{
    "participantID": "oy",
    "modelType": "fusionOnlyLogNorm_LapseFree_sharedPrior",
    "fittedParams": [
        0.08823187200046777,
        0.2354256856116395,
        1.4103788810758096,
        0.505135790260239,
        0.13948480248048514,
        0.1768415486528441
    ],
    "AIC": 2335.6676441196987,
    "BIC": 2349.2073344524356,
    "logLikelihood": -1164.8338220598494,
    "n_conditions": 674
}