{
    "participantID": "oy",
    "modelType": "fusionOnlyLogNorm_LapseFree_sharedPrior",
    "fittedParams": [
        0.07545786665705964,
        0.2882718995166942,
        0.8613874001335352,
        0.4142847344744951,
        0.10376447265418247,
        0.15489460076494144
    ],
    "AIC": 2325.546403724577,
    "BIC": 2352.6257843900507,
    "logLikelihood": -1156.7732018622885,
    "n_conditions": 674
}