{
    "participantID": "oy",
    "modelType": "fusionOnly_LapseFree_sharedPrior",
    "fittedParams": [
        0.1246867664905265,
        0.1401528810700401,
        0.4679621168822049,
        0.19788972140103567,
        0.10763541451757774,
        0.1700125887651928
    ],
    "AIC": 2340.4800720774238,
    "BIC": 2367.5594527428975,
    "logLikelihood": -1164.2400360387119,
    "n_conditions": 674
}