{
    "participantID": "oy",
    "modelType": "fusionOnly_LapseFree_sharedPrior",
    "fittedParams": [
        0.03183149340786928,
        0.19899250841840202,
        0.4994041966281484,
        0.2486417252592669,
        4.497357886802665,
        4.6822788873689305
    ],
    "AIC": 2349.704795189553,
    "BIC": 2376.7841758550267,
    "logLikelihood": -1168.8523975947764,
    "n_conditions": 674
}