{
    "participantID": "oy",
    "modelType": "fusionOnlyLogNorm_LapseFree_sharedPrior",
    "fittedParams": [
        0.17796683468532673,
        0.1664710987614825,
        0.9972884708510001,
        0.3571849427130406,
        0.24091663399752533,
        0.27788515849334594
    ],
    "AIC": 2348.9498936056048,
    "BIC": 2362.4895839383416,
    "logLikelihood": -1171.4749468028024,
    "n_conditions": 674
}