{
    "participantID": "oy",
    "modelType": "gaussian_LapseFree_sharedPrior",
    "fittedParams": [
        0.09200187560475545,
        0.14420611153625604,
        0.3394114750242053,
        0.4422229606579835,
        0.199362994186335,
        0.13694441214043498,
        0.1735099850328982,
        -3.2779184801514507,
        2.0225806699637916
    ],
    "AIC": 2342.70784931821,
    "BIC": 2383.3269203164205,
    "logLikelihood": -1162.353924659105,
    "n_conditions": 674
}