{
    "participantID": "oy",
    "modelType": "gaussian_LapseFree_sharedPrior",
    "fittedParams": [
        0.11952632549707068,
        0.13948400172189757,
        0.1858966563155826,
        0.41787356293099975,
        0.21613813107338853,
        0.14180642365285878,
        0.14212855833152485
    ],
    "AIC": 2344.9017211852,
    "BIC": 2376.4943319615863,
    "logLikelihood": -1165.4508605926,
    "n_conditions": 674
}