{
    "participantID": "oy",
    "modelType": "gaussian_LapseFree_sharedPrior",
    "fittedParams": [
        0.12308930158615113,
        0.14295337796211238,
        0.4383295226097107,
        0.9987698292434216,
        0.1986233520507813,
        0.12557230293750762,
        0.15894559174776077
    ],
    "AIC": 2340.1833636791202,
    "BIC": 2371.7759744555065,
    "logLikelihood": -1163.0916818395601,
    "n_conditions": 674
}