{
    "participantID": "oy",
    "modelType": "gaussian",
    "fittedParams": [
        0.11826980993835606,
        0.1411823154473677,
        0.4407009368705621,
        0.999416813085787,
        0.19561381327686833,
        0.4407009368705621
    ],
    "AIC": 2340.532814171758,
    "BIC": 2367.612194837232,
    "logLikelihood": -1164.266407085879,
    "n_conditions": 674
}