{
    "participantID": "oy",
    "modelType": "gaussian_LapseFree_sharedPrior",
    "fittedParams": [
        0.07315037360228732,
        0.14465915531728363,
        0.40141040370326203,
        0.3201325563801237,
        0.23782585376266807,
        0.08358590586528042,
        0.1768229342830486,
        0.2719483476409644,
        7.233294995035094
    ],
    "AIC": 2347.0457223326107,
    "BIC": 2387.6647933308213,
    "logLikelihood": -1164.5228611663053,
    "n_conditions": 674
}