{
    "participantID": "oy",
    "modelType": "gaussian_LapseFree_sharedPrior",
    "fittedParams": [
        0.10054628703640717,
        0.11892339141330148,
        0.42530941775575615,
        0.9958734100920087,
        0.19497214954329978,
        0.14675256573204454,
        0.22177133455987846
    ],
    "AIC": 2348.3128349549834,
    "BIC": 2379.9054457313696,
    "logLikelihood": -1167.1564174774917,
    "n_conditions": 674
}