{
    "participantID": "oy",
    "modelType": "gaussian",
    "fittedParams": [
        0.12308930158615113,
        0.14295337796211238,
        0.4383295226097107,
        0.9987698292434216,
        0.1986233520507813,
        0.12557230293750762,
        0.15894559174776077
    ],
    "AIC": 2337.978295953388,
    "BIC": 2369.5709067297744,
    "logLikelihood": -1161.989147976694,
    "n_conditions": 674
}