{
    "participantID": "oy",
    "modelType": "lognorm_LapseFree_sharedPrior",
    "fittedParams": [
        0.06488260106261551,
        0.3226386177427414,
        0.6626426087531545,
        0.3801252314879022,
        0.4178279240176792,
        0.098449683284629,
        0.14155878607259892,
        0.3999954525408003,
        5.347163540848816
    ],
    "AIC": 2330.4233250931084,
    "BIC": 2371.042396091319,
    "logLikelihood": -1156.2116625465542,
    "n_conditions": 674
}