{
    "participantID": "oy",
    "modelType": "lognorm",
    "fittedParams": [
        0.07830382548272612,
        0.31202759752981357,
        0.9563332863431422,
        0.9989963234107011,
        0.41160187020897865,
        0.9563332863431422
    ],
    "AIC": 2324.8369288971153,
    "BIC": 2351.916309562589,
    "logLikelihood": -1156.4184644485576,
    "n_conditions": 674
}