{
    "participantID": "oy",
    "modelType": "lognorm_LapseFree_sharedPrior",
    "fittedParams": [
        0.09889077958541947,
        0.2354256856116395,
        1.4103788810758096,
        0.9999943774825226,
        0.505135790260239,
        0.14064667462733338,
        0.1623380323991937
    ],
    "AIC": 2337.095021462517,
    "BIC": 2355.147941906166,
    "logLikelihood": -1164.5475107312584,
    "n_conditions": 674
}