{
    "participantID": "oy",
    "modelType": "lognorm_LapseFree_sharedPrior",
    "fittedParams": [
        0.08739775099081246,
        0.31709712627811126,
        0.952066115020286,
        0.7006874965487413,
        0.42302884737516067,
        0.06495598831155222,
        0.12687155379126197,
        0.16817490732723514,
        3.943945280872618
    ],
    "AIC": 2339.000194914302,
    "BIC": 2379.6192659125127,
    "logLikelihood": -1160.500097457151,
    "n_conditions": 674
}