{
    "participantID": "oy",
    "modelType": "lognorm_LapseFree_sharedPrior",
    "fittedParams": [
        0.10565658353210074,
        0.29205198144372124,
        1.949195827411156,
        0.6075361930737155,
        0.44323252768617416,
        0.0373965496337316,
        0.17237405122384117,
        1.6122549879402177,
        5.260952637098027
    ],
    "AIC": 2343.8278263286415,
    "BIC": 2384.446897326852,
    "logLikelihood": -1162.9139131643208,
    "n_conditions": 674
}