{
    "participantID": "oy",
    "modelType": "logLinearMismatch",
    "fittedParams": [
        0.10060624757379628,
        0.27864982843770125,
        0.8897585590980452,
        0.9615727436767517,
        0.38115527432237284,
        0.11058047751967023,
        0.15981668159720358
    ],
    "AIC": 2328.7658788476087,
    "BIC": 2360.358489623995,
    "logLikelihood": -1157.3829394238044,
    "n_conditions": 674
}