{
    "participantID": "oy",
    "modelType": "logLinearMismatch_LapseFree_sharedPrior",
    "fittedParams": [
        0.09064178466796874,
        0.2732614135742187,
        1.150705108642578,
        0.9159590270996094,
        0.36172851562499997,
        0.09730224609375003,
        0.12979003906250003,
        0.6097259521484375,
        4.491563262939453
    ],
    "AIC": 2329.5981571498605,
    "BIC": 2370.217228148071,
    "logLikelihood": -1155.7990785749303,
    "n_conditions": 674
}