{
    "participantID": "oy",
    "modelType": "lognorm_LapseFree_sharedPrior",
    "fittedParams": [
        0.0758903982362838,
        0.3059982923325869,
        0.7441751246042422,
        0.5572978624551332,
        0.43433646649000235,
        0.08580756099670941,
        0.13144268535984704,
        0.2946629840585985,
        2.54775109680026
    ],
    "AIC": 2330.8103570363824,
    "BIC": 2371.429428034593,
    "logLikelihood": -1156.4051785181912,
    "n_conditions": 674
}