{
    "participantID": "oy",
    "modelType": "lognorm_LapseFree_contextualPrior",
    "fittedParams": [
        0.06645033529949723,
        0.29770669594756327,
        0.6878079406844335,
        0.2323010273277759,
        0.4286261611094233,
        0.09696571306368569,
        0.13903631538492628,
        0.547417781263357,
        0.27537603372475133,
        7.244495622724293
    ],
    "AIC": 2336.2277463789974,
    "BIC": 2381.3600474881205,
    "logLikelihood": -1158.1138731894987,
    "n_conditions": 674
}