{
    "participantID": "oy",
    "modelType": "lognorm_LapseFree_sharedPrior",
    "fittedParams": [
        0.09947568623708214,
        0.3112272433959088,
        0.7466524414440633,
        0.6675990740788109,
        0.4254342682186931,
        0.08496419712359243,
        0.10191106399588207
    ],
    "AIC": 2327.3963111250937,
    "BIC": 2358.98892190148,
    "logLikelihood": -1156.6981555625468,
    "n_conditions": 674
}