{
    "participantID": "oy",
    "modelType": "lognorm_LapseFix_sharedPrior",
    "fittedParams": [
        0.09635643451175246,
        0.2990557558566118,
        0.9179494640687802,
        0.9880073839951365,
        0.41324029635807336
    ],
    "AIC": 2322.497786175237,
    "BIC": 2345.063936729798,
    "logLikelihood": -1156.2488930876184,
    "n_conditions": 674
}