{
    "participantID": "oy",
    "modelType": "logLinearMismatch",
    "fittedParams": [
        0.10690830506267959,
        0.28533110584481614,
        0.9344880535954143,
        0.7645536869964039,
        0.37947927249595526,
        0.9344880535954143
    ],
    "AIC": 2325.0385779294447,
    "BIC": 2352.1179585949185,
    "logLikelihood": -1156.5192889647224,
    "n_conditions": 674
}