{
    "participantID": "oy",
    "modelType": "lognorm",
    "fittedParams": [
        0.07729716078353022,
        0.2842735608532394,
        0.9455091825498267,
        0.9999462485879687,
        0.40781913387738317,
        0.11699240564868205,
        0.15360234693796998
    ],
    "AIC": 2327.5212110005305,
    "BIC": 2359.1138217769167,
    "logLikelihood": -1156.7606055002652,
    "n_conditions": 674
}