{
    "participantID": "oy",
    "modelType": "logLinearMismatch_LapseFree_sharedPrior",
    "fittedParams": [
        0.12857681239178365,
        0.28805440765720325,
        0.832955197457195,
        0.5177828082364143,
        0.3617575034735471,
        0.06391677161254418,
        0.16853669053775985
    ],
    "AIC": 2334.394029844149,
    "BIC": 2365.986640620535,
    "logLikelihood": -1160.1970149220745,
    "n_conditions": 674
}