{
    "participantID": "oy",
    "modelType": "lognorm_LapseFree_sharedPrior",
    "fittedParams": [
        0.05930445345584302,
        0.3090909587219357,
        0.8119180104136465,
        0.5992308611842804,
        0.45150707036256793,
        0.0589934810250998,
        0.1415018353611231,
        0.8497282793745399,
        1.2988461595494307
    ],
    "AIC": 2324.8403281621117,
    "BIC": 2365.4593991603224,
    "logLikelihood": -1153.4201640810559,
    "n_conditions": 674
}