{
    "participantID": "oy",
    "modelType": "lognorm_LapseFree_sharedPrior",
    "fittedParams": [
        0.11272167348195367,
        0.2950141531512407,
        0.5061621920922909,
        0.5324872102393726,
        0.4361803003132789,
        0.10600388014259222,
        0.15022068501954267
    ],
    "AIC": 2331.5397250111196,
    "BIC": 2363.132335787506,
    "logLikelihood": -1158.7698625055598,
    "n_conditions": 674
}