{
    "participantID": "oy",
    "modelType": "lognorm_LapseFree_sharedPrior",
    "fittedParams": [
        0.07729716078353022,
        0.2842735608532394,
        0.9455091825498267,
        0.9999462485879687,
        0.40781913387738317,
        0.11699240564868205,
        0.15360234693796998
    ],
    "AIC": 2328.94268622279,
    "BIC": 2360.5352969991764,
    "logLikelihood": -1157.471343111395,
    "n_conditions": 674
}