{
    "participantID": "oy",
    "modelType": "logLinearMismatch_LapseFree_sharedPrior",
    "fittedParams": [
        0.0741711743932884,
        0.2987255932223389,
        1.2188052326693912,
        0.8993896221273168,
        0.4149984706521179,
        0.059945360233745096,
        0.17839308916991892
    ],
    "AIC": 2335.904327367603,
    "BIC": 2367.496938143989,
    "logLikelihood": -1160.9521636838015,
    "n_conditions": 674
}