{
    "participantID": "oy",
    "modelType": "lognorm_LapseFree_sharedPrior",
    "fittedParams": [
        0.07190434376714255,
        0.29360154385827086,
        0.8444215349432356,
        0.5492736146858078,
        0.4221200500399126,
        0.07825336476008524,
        0.1273282107049774
    ],
    "AIC": 2338.892453685292,
    "BIC": 2370.485064461678,
    "logLikelihood": -1162.446226842646,
    "n_conditions": 674
}