{
    "participantID": "oy",
    "modelType": "lognorm_contextualPrior",
    "fittedParams": [
        0.05700738281011582,
        0.3267322582006454,
        0.7769720858335494,
        0.3377638489723206,
        0.46958892822265624,
        0.0391292780637741,
        0.08359510600566863,
        0.6692269567370415
    ],
    "AIC": 2333.5906408605865,
    "BIC": 2369.696481747885,
    "logLikelihood": -1158.7953204302933,
    "n_conditions": 674
}