{
    "participantID": "oy",
    "modelType": "lognorm_LapseFree_contextualPrior",
    "fittedParams": [
        0.07072660806179046,
        0.3319981322437524,
        0.8178697166591882,
        0.7320111423730851,
        0.4283569110184908,
        0.08086547492146491,
        0.10726805863529444,
        0.9999371975660325,
        0.0016504430770874212,
        9.985341496341631
    ],
    "AIC": 2339.6446636980686,
    "BIC": 2384.7769648071917,
    "logLikelihood": -1159.8223318490343,
    "n_conditions": 674
}