{
    "participantID": "oy",
    "modelType": "lognorm_LapseFree_sharedPrior",
    "fittedParams": [
        0.13946627411822837,
        0.3305591582777005,
        1.074653161459727,
        0.9720161669386287,
        0.4129613248058466,
        0.053903223327151015,
        0.1439481606872105
    ],
    "AIC": 2335.3541139485574,
    "BIC": 2366.9467247249436,
    "logLikelihood": -1160.6770569742787,
    "n_conditions": 674
}