{
    "participantID": "oy",
    "modelType": "lognorm_LapseFree_sharedPrior",
    "fittedParams": [
        0.12418097276582771,
        0.26184579876928626,
        0.9252224097421157,
        0.9594690299521831,
        0.3984699979559274,
        0.1386398612176073,
        0.17646613781318748
    ],
    "AIC": 2332.701474300717,
    "BIC": 2364.2940850771033,
    "logLikelihood": -1159.3507371503586,
    "n_conditions": 674
}