{
    "participantID": "oy",
    "modelType": "lognorm_LapseFree_contextualPrior",
    "fittedParams": [
        0.0658982407619442,
        0.3029356920553368,
        0.7589878949051193,
        0.03782915578377494,
        0.433985645132052,
        0.07017853543924504,
        0.1416446023727349,
        0.9364052948211923,
        0.6897043065284606,
        6.228027534212764
    ],
    "AIC": 2329.2257469775636,
    "BIC": 2374.3580480866867,
    "logLikelihood": -1154.6128734887818,
    "n_conditions": 674
}