{
    "participantID": "oy",
    "modelType": "lognorm_LapseFree_sharedPrior",
    "fittedParams": [
        0.09110931530594826,
        0.28843159051612016,
        0.7022300876304506,
        0.444198134791106,
        0.4156688480079174,
        0.09395441140979531,
        0.13131812907755377,
        0.26475250422954555,
        3.8961471725627783
    ],
    "AIC": 2329.6190071566652,
    "BIC": 2370.238078154876,
    "logLikelihood": -1155.8095035783326,
    "n_conditions": 674
}