{
    "participantID": "oy",
    "modelType": "lognorm",
    "fittedParams": [
        0.0826010044643772,
        0.3172121545310074,
        0.9294658954376063,
        0.9614792519223818,
        0.4482282026158646,
        0.9294658954376063
    ],
    "AIC": 2328.2845277398505,
    "BIC": 2355.3639084053243,
    "logLikelihood": -1158.1422638699253,
    "n_conditions": 674
}