{
    "participantID": "oy",
    "modelType": "lognorm_LapseFree_contextualPrior",
    "fittedParams": [
        0.08018575164015793,
        0.2874007381091955,
        0.7725047266383889,
        0.17143969907583118,
        0.4164706354965733,
        0.07745594623606138,
        0.1337604434315626,
        0.9965566688731606
    ],
    "AIC": 2328.8497450882423,
    "BIC": 2364.955585975541,
    "logLikelihood": -1156.4248725441212,
    "n_conditions": 674
}