{
    "participantID": "oy",
    "modelType": "logLinearMismatch_LapseFree_sharedPrior",
    "fittedParams": [
        0.11749544109144922,
        0.2538181114784304,
        1.0168516557404272,
        0.34366174253293796,
        0.355958758670184,
        0.0753326684949166,
        0.11149010870921533,
        0.45689661402460663,
        5.879788130457199
    ],
    "AIC": 2342.185559889121,
    "BIC": 2382.8046308873318,
    "logLikelihood": -1162.0927799445606,
    "n_conditions": 674
}