{
    "participantID": "oy",
    "modelType": "probabilityMatchingLogNorm_LapseFree_sharedPrior",
    "fittedParams": [
        0.11304700765474109,
        0.283066316671606,
        1.3447355548019053,
        0.9996814118743715,
        0.3514616527412513,
        0.11716160238644761,
        0.1359843131554498
    ],
    "AIC": 2339.643456186221,
    "BIC": 2371.2360669626073,
    "logLikelihood": -1162.8217280931106,
    "n_conditions": 674
}