{
    "participantID": "oy",
    "modelType": "probabilityMatching_LapseFree_sharedPrior",
    "fittedParams": [
        0.11897990703582764,
        0.13148714542388917,
        0.37293144702911374,
        0.25060583562850947,
        0.1882090377807617,
        0.13345601081848146,
        0.1794847869873047,
        0.8929077625274658,
        5.019562797546387
    ],
    "AIC": 2343.306305903637,
    "BIC": 2383.925376901848,
    "logLikelihood": -1162.6531529518186,
    "n_conditions": 674
}