{
    "participantID": "oy",
    "modelType": "probabilityMatchingLogNorm_LapseFree_sharedPrior",
    "fittedParams": [
        0.07435436785302559,
        0.3036066791830063,
        0.5102839883088012,
        0.2608223317838836,
        0.3958433650317054,
        0.12709372203217426,
        0.11942100467230396,
        0.41569262443546656,
        10.390952689729787
    ],
    "AIC": 2332.739576311695,
    "BIC": 2373.358647309906,
    "logLikelihood": -1157.3697881558476,
    "n_conditions": 674
}