{
    "participantID": "oy",
    "modelType": "probabilityMatchingLogNorm_LapseFree_contextualPrior",
    "fittedParams": [
        0.07727049827575687,
        0.29329165935516355,
        0.6634796094894408,
        0.07619764025211334,
        0.4279981231689453,
        0.06613201141357425,
        0.13905673027038576,
        0.8087426963329315,
        0.1546215772628784,
        3.692147704440355
    ],
    "AIC": 2332.1599001480686,
    "BIC": 2377.2922012571917,
    "logLikelihood": -1156.0799500740343,
    "n_conditions": 674
}