{
    "participantID": "oy",
    "modelType": "probabilityMatchingLogNorm_LapseFree_sharedPrior",
    "fittedParams": [
        0.08074989557830063,
        0.2881550979135188,
        0.5790288362325631,
        0.32291784234623716,
        0.4022853535633001,
        0.10629059233412214,
        0.11834622013048254
    ],
    "AIC": 2324.826310193015,
    "BIC": 2356.4189209694014,
    "logLikelihood": -1155.4131550965076,
    "n_conditions": 674
}