{
    "participantID": "oy",
    "modelType": "probabilityMatchingLogNorm_LapseFree_sharedPrior",
    "fittedParams": [
        0.07854273478090763,
        0.29268027992248524,
        0.7827460651199518,
        0.11467674076557155,
        0.415501687770784,
        0.11707005998492241,
        0.13825869205594063
    ],
    "AIC": 2327.1597278112663,
    "BIC": 2358.7523385876525,
    "logLikelihood": -1156.5798639056331,
    "n_conditions": 674
}