{
    "participantID": "oy",
    "modelType": "probabilityMatchingLogNorm_LapseFree_sharedPrior",
    "fittedParams": [
        0.06440838069790916,
        0.30365395839180565,
        0.8412658944702707,
        0.7363023642654298,
        0.401078832906278,
        0.10268797296525153,
        0.14847223409233268,
        0.3269869264855515,
        7.0388884047763165
    ],
    "AIC": 2338.3989322009643,
    "BIC": 2379.018003199175,
    "logLikelihood": -1160.1994661004821,
    "n_conditions": 674
}