{
    "participantID": "oy",
    "modelType": "probabilityMatching_LapseFree_sharedPrior",
    "fittedParams": [
        0.001000247558392564,
        0.17595754748221704,
        0.654847517968181,
        5.5882125161499374e-05,
        0.22181472453668016,
        0.04065858637497294,
        0.14017372409184464
    ],
    "AIC": 2348.572556469422,
    "BIC": 2380.1651672458083,
    "logLikelihood": -1167.286278234711,
    "n_conditions": 674
}