{
    "participantID": "oy",
    "modelType": "probabilityMatchingLogNorm_LapseFree_sharedPrior",
    "fittedParams": [
        0.0867279525578022,
        0.2354256856116395,
        1.4103788810758096,
        0.00023925155401222087,
        0.505135790260239,
        0.11352796982973815,
        0.16953896121531725
    ],
    "AIC": 2336.2686899438,
    "BIC": 2354.3216103874493,
    "logLikelihood": -1164.1343449719,
    "n_conditions": 674
}