{
    "participantID": "oy",
    "modelType": "probabilityMatching_LapseFree_sharedPrior",
    "fittedParams": [
        0.19585639046513037,
        0.14905465569824347,
        0.4462397179643057,
        0.20424777741490963,
        0.18269238478906383,
        0.16639887995089755,
        0.21615966034668843,
        1.6567022528812942,
        11.785593704964095
    ],
    "AIC": 2350.1244168700887,
    "BIC": 2390.7434878682993,
    "logLikelihood": -1166.0622084350443,
    "n_conditions": 674
}