{
    "participantID": "oy",
    "modelType": "probabilityMatchingLogNorm_LapseFree_sharedPrior",
    "fittedParams": [
        0.0924252336086487,
        0.2903499611410941,
        0.6389568606370408,
        0.23264728543726954,
        0.38591062084872574,
        0.11930105348242359,
        0.15419947530587233
    ],
    "AIC": 2325.1674897795565,
    "BIC": 2356.7601005559427,
    "logLikelihood": -1155.5837448897782,
    "n_conditions": 674
}