{
    "participantID": "oy",
    "modelType": "selection_LapseFree_sharedPrior",
    "fittedParams": [
        0.001001217651367181,
        0.1664710987614825,
        0.9972884708510001,
        0.9999969482421875,
        0.3571849427130406,
        0.012774688720703115,
        0.08055707855224609
    ],
    "AIC": 2368.60490797204,
    "BIC": 2386.6578284156894,
    "logLikelihood": -1180.30245398602,
    "n_conditions": 674
}