{
    "participantID": "oy",
    "modelType": "switchingWithConflict_LapseFree_sharedPrior",
    "fittedParams": [
        0.09197788478962611,
        0.09122970444732348,
        0.3686333705671131,
        0.8859302230877802,
        0.1089458168938291,
        0.11478421163740568,
        0.04628240762269123,
        3.814034704151563,
        0.16127675399184227,
        5.230065100540916
    ],
    "AIC": 2352.713329931402,
    "BIC": 2397.845631040525,
    "logLikelihood": -1166.356664965701,
    "n_conditions": 674
}