{
    "participantID": "oy",
    "modelType": "switching_LapseFree_sharedPrior",
    "fittedParams": [
        0.07903663309151719,
        0.24402786228851614,
        0.7254182864130092,
        0.620612924832247,
        0.35233612836571904,
        0.08763030652597983,
        0.1287069783526142
    ],
    "AIC": 2328.8708254366165,
    "BIC": 2360.4634362130028,
    "logLikelihood": -1157.4354127183083,
    "n_conditions": 674
}