{
    "participantID": "oy",
    "modelType": "switchingFree_LapseFree_sharedPrior",
    "fittedParams": [
        0.0944761205931494,
        0.20923600886484267,
        0.7451911923158264,
        0.16295834418906058,
        0.12454014397451724,
        0.09009870644378563,
        0.12144178233702044,
        0.46842313101453703
    ],
    "AIC": 2326.807734015393,
    "BIC": 2362.913574902692,
    "logLikelihood": -1155.4038670076966,
    "n_conditions": 674
}