{
    "participantID": "oy",
    "modelType": "switching_LapseFree_sharedPrior",
    "fittedParams": [
        0.12967711153823486,
        0.11260286112925239,
        0.3692693467151411,
        0.35765960469721414,
        0.15593236818598286,
        0.11426694160186246,
        0.09641114062957228,
        1.3828814081635181,
        9.73317046201334
    ],
    "AIC": 2349.9796063434733,
    "BIC": 2390.598677341684,
    "logLikelihood": -1165.9898031717366,
    "n_conditions": 674
}