{
    "participantID": "oy",
    "modelType": "switchingFree_LapseFree_sharedPrior",
    "fittedParams": [
        0.09110014741110262,
        0.12721212456714415,
        0.29119332047309865,
        0.08758853899815894,
        0.1184640143937541,
        0.060640775810903116,
        0.12884950054670574,
        0.3830211974844605
    ],
    "AIC": 2340.4756702790096,
    "BIC": 2376.5815111663082,
    "logLikelihood": -1162.2378351395048,
    "n_conditions": 674
}