{
    "participantID": "oy",
    "modelType": "selection_LapseFree_sharedPrior",
    "fittedParams": [
        0.0010032035960902963,
        0.2354256856116395,
        1.4103788810758096,
        0.48446327077544993,
        0.505135790260239,
        0.0010000599526450715,
        0.0010000170522704022
    ],
    "AIC": 2422.257724367325,
    "BIC": 2440.3106448109743,
    "logLikelihood": -1207.1288621836625,
    "n_conditions": 674
}