{
    "participantID": "oy",
    "modelType": "selection_LapseFree_sharedPrior",
    "fittedParams": [
        0.12488248915821314,
        0.13293092783510674,
        0.35442944906070817,
        0.790721483528614,
        0.1947074183763562,
        0.13404627233743668,
        0.1751228654280305
    ],
    "AIC": 2347.8747637330803,
    "BIC": 2379.4673745094665,
    "logLikelihood": -1166.9373818665401,
    "n_conditions": 674
}