{
    "participantID": "oy",
    "modelType": "selection_LapseFree_sharedPrior",
    "fittedParams": [
        0.0689342468646646,
        0.14499988529336405,
        0.3810076919326093,
        0.998636261059437,
        0.20227908716420662,
        0.13369398293296691,
        0.17758846217544633,
        0.2265516548184678,
        5.682647161779108
    ],
    "AIC": 2355.422216654233,
    "BIC": 2396.0412876524438,
    "logLikelihood": -1168.7111083271166,
    "n_conditions": 674
}