{
    "participantID": "oy",
    "modelType": "switchingFree_LapseFree_sharedPrior",
    "fittedParams": [
        0.09490484687798222,
        0.2266706938247982,
        0.8330304380168034,
        0.13107905685103127,
        0.07417388159109484,
        0.09814542088215442,
        0.1606853079348572,
        0.42396337606779183
    ],
    "AIC": 2327.635748646804,
    "BIC": 2363.741589534103,
    "logLikelihood": -1155.817874323402,
    "n_conditions": 674
}