{
    "participantID": "oy",
    "modelType": "selection_LapseFree_sharedPrior",
    "fittedParams": [
        0.0010119964053435793,
        0.1512619327965754,
        0.29200691718203076,
        0.4751015334924887,
        0.28513877905446205,
        0.15585443298203064,
        0.17348013425109676
    ],
    "AIC": 2360.0252710068207,
    "BIC": 2391.617881783207,
    "logLikelihood": -1173.0126355034104,
    "n_conditions": 674
}