{
    "participantID": "oy",
    "modelType": "switchingFree_LapseFree_sharedPrior",
    "fittedParams": [
        0.031391842985526164,
        0.2019082226123431,
        1.38437757973385,
        0.16272462892784456,
        0.08675309189542979,
        0.08323654791536236,
        0.08975070630318005,
        0.3549285667324511
    ],
    "AIC": 2327.552602316596,
    "BIC": 2363.658443203895,
    "logLikelihood": -1155.776301158298,
    "n_conditions": 674
}