{
    "participantID": "oy",
    "modelType": "selection_LapseFree_sharedPrior",
    "fittedParams": [
        0.10885280031796027,
        0.13222709181607187,
        0.55474231040446,
        0.7591010815538645,
        0.20500164847163566,
        0.08744172928321028,
        0.1281296302815117
    ],
    "AIC": 2343.617317292521,
    "BIC": 2375.209928068907,
    "logLikelihood": -1164.8086586462605,
    "n_conditions": 674
}