{
    "participantID": "oy",
    "modelType": "selection_LapseFree_sharedPrior",
    "fittedParams": [
        0.1900491940004792,
        0.1271449662785542,
        0.4014800515912822,
        0.9970064577232733,
        0.16669197226701726,
        0.128830625939309,
        0.18981990853475464
    ],
    "AIC": 2347.588473407961,
    "BIC": 2379.181084184347,
    "logLikelihood": -1166.7942367039805,
    "n_conditions": 674
}