{
    "participantID": "oy",
    "modelType": "selection_LapseFree_sharedPrior",
    "fittedParams": [
        0.0010001192457042563,
        0.2354256856116395,
        1.4103788810758096,
        0.6693767059594393,
        0.505135790260239,
        0.0011168946055695184,
        0.0010001523550599578
    ],
    "AIC": 2427.302894640779,
    "BIC": 2445.3558150844283,
    "logLikelihood": -1209.6514473203895,
    "n_conditions": 674
}