{
    "participantID": "oy",
    "modelType": "selection_LapseFree_sharedPrior",
    "fittedParams": [
        0.09994646291222717,
        0.1683130619767854,
        0.3926677576719058,
        0.6925102349602877,
        0.2142802699298084,
        0.14084998649758054,
        0.15412031101350093,
        -1.2793365668922727,
        3.0392080213269153
    ],
    "AIC": 2350.751911025709,
    "BIC": 2391.3709820239196,
    "logLikelihood": -1166.3759555128545,
    "n_conditions": 674
}