{
    "participantID": "oy",
    "modelType": "switchingFree_LapseFree_sharedPrior",
    "fittedParams": [
        0.050128370550438534,
        0.2354256856116395,
        1.4103788810758096,
        0.09721167112856716,
        0.505135790260239,
        0.06276470793587083,
        0.10386289513919039,
        7.214706317343333e-05
    ],
    "AIC": 2341.6060620453604,
    "BIC": 2364.1722125999217,
    "logLikelihood": -1165.8030310226802,
    "n_conditions": 674
}