{
    "participantID": "oy",
    "modelType": "selection_LapseFix_sharedPrior",
    "fittedParams": [
        0.13301686824401843,
        0.13654129512595936,
        0.4254448522931802,
        0.994985235389322,
        0.20122183188457032
    ],
    "AIC": 2339.0206693911127,
    "BIC": 2361.586819945674,
    "logLikelihood": -1164.5103346955564,
    "n_conditions": 674
}