{
    "participantID": "HH",
    "dataName": "HH_all.csv",
    "n_params": 42,
    "n_conditions": 331,
    "n_trials": 1946,
    "parameters": [
        0.049657455825655464,
        -0.44825564675883095,
        0.24184932136439358,
        0.12045577318334197,
        -0.20907170444135076,
        0.08873810039737681,
        0.0,
        -0.0868777067792556,
        0.24838130252775847,
        0.0,
        0.027458661400456177,
        0.31150246454603203,
        0.21211890426666033,
        0.10497787351528201,
        0.251348546665222,
        0.0,
        0.264911345034609,
        0.4201581657298677,
        0.0,
        0.21219111047414768,
        0.32949206709624657,
        0.0,
        -0.04478589280845273,
        0.17304430433850101,
        0.0,
        -0.02484671708105174,
        0.13403277307125439,
        0.0,
        -0.0362142519396743,
        0.24047872134415532,
        0.0,
        0.0170594686606331,
        0.17169045562605337,
        0.0,
        0.04013089575815455,
        0.17201389879467366,
        0.0,
        0.03668999872493154,
        0.17444797833995135,
        0.0,
        0.03492756578161482,
        0.1116423700175505
    ],
    "log_likelihood": -850.2969667522361,
    "AIC": 1784.5939335044723,
    "BIC": 1944.282905270309,
    "success": true,
    "message": "CONVERGENCE: REL_REDUCTION_OF_F_<=_FACTR*EPSMCH",
    "uniqueSensory": [
        1.2,
        0.1
    ],
    "uniqueStandard": [
        0.5
    ],
    "uniqueConflict": [
        -0.25,
        -0.17,
        -0.08,
        0.0,
        0.08,
        0.17,
        0.25
    ],
    "nStart": 1
}