{
    "participantID": "HH",
    "dataName": "HH_all.csv",
    "n_params": 42,
    "n_conditions": 331,
    "n_trials": 1946,
    "parameters": [
        0.07679350273058551,
        -0.5580507281830048,
        0.29214812303580484,
        0.11997402959907154,
        -0.23557465612215472,
        0.10904981329853636,
        0.0,
        -0.09997914117802453,
        0.2476141882544367,
        0.0,
        0.014175224947471638,
        0.31328287686500916,
        0.1387146413123784,
        0.1230527142534263,
        0.3452337720511464,
        0.0,
        0.23081600819464915,
        0.3948040382756921,
        0.0,
        0.1832003757830836,
        0.30483367784007653,
        0.0,
        -0.060941548870816466,
        0.1835246089745505,
        0.0,
        -0.033680872614291125,
        0.13589603059684457,
        0.0,
        -0.04539975852682702,
        0.23337046773261283,
        0.0,
        0.0070122440584334984,
        0.16849861129276109,
        0.0,
        0.029188783326466867,
        0.1798049222543608,
        0.0,
        0.026470969771067925,
        0.17507509379404126,
        0.0,
        0.026200010309932204,
        0.10950803761994829
    ],
    "log_likelihood": -848.9143393505365,
    "AIC": 1781.828678701073,
    "BIC": 1941.5176504669096,
    "success": true,
    "message": "CONVERGENCE: REL_REDUCTION_OF_F_<=_FACTR*EPSMCH",
    "uniqueSensory": [
        1.2,
        0.1
    ],
    "uniqueStandard": [
        0.5
    ],
    "uniqueConflict": [
        -0.25,
        -0.17,
        -0.08,
        0.0,
        0.08,
        0.17,
        0.25
    ],
    "nStart": 1
}