{
    "participantID": "HH",
    "dataName": "HH_all",
    "n_params": 42,
    "n_conditions": 331,
    "n_trials": 1946,
    "parameters": [
        0.04961717708897283,
        -0.22426922825270998,
        0.12096123208351346,
        0.12053880092318421,
        -0.10483715592382063,
        0.04500103104456815,
        0.0,
        -0.043161431390775655,
        0.12418377791025043,
        0.0,
        0.013711352413587216,
        0.15421763429849128,
        0.2112403372349736,
        0.05203694236127477,
        0.12528914331541804,
        0.0,
        0.13181465635669723,
        0.20804027759139487,
        0.0,
        0.10630074567829541,
        0.1645766389712062,
        0.0,
        -0.022321582238353295,
        0.08730506902470889,
        0.0,
        -0.012123785561883694,
        0.06628134891790957,
        0.0,
        -0.018647403971652963,
        0.12335453011480428,
        0.0,
        0.008227559663240418,
        0.08514462908329046,
        0.0,
        0.01992119390992609,
        0.0858387174469229,
        0.0,
        0.018682146380008747,
        0.08823168790478439,
        0.0,
        0.017057369087486614,
        0.05613759206897177
    ],
    "log_likelihood": -850.0351386298661,
    "AIC": 1784.0702772597322,
    "BIC": 1943.7592490255688,
    "success": true,
    "message": "CONVERGENCE: REL_REDUCTION_OF_F_<=_FACTR*EPSMCH",
    "uniqueSensory": [
        1.2,
        0.1
    ],
    "uniqueStandard": [
        0.5
    ],
    "uniqueConflict": [
        -0.25,
        -0.17,
        -0.08,
        0.0,
        0.08,
        0.17,
        0.25
    ],
    "nStart": 1
}