{
    "participantID": "all",
    "modelType": "switchingFree_LapseFree_sharedPrior",
    "fittedParams": [
        0.07877072856695778,
        0.20550838247691477,
        0.35073070287917163,
        0.2053101044128851,
        1.2689479784199549,
        0.06536044895938459,
        0.14258511676675933,
        0.7659112194880585
    ],
    "AIC": 25366.274738945882,
    "BIC": 25399.2888403328,
    "logLikelihood": -12678.137369472941,
    "n_conditions": 5447
}