{
    "participantID": "all",
    "modelType": "lognorm_LapseFree_sharedPrior",
    "fittedParams": [
        0.180827074547112,
        0.20550838247691477,
        0.35073070287917163,
        0.6776709780097008,
        1.2689479784199549,
        0.15604971829503775,
        0.24366822145581246
    ],
    "AIC": 25378.192160476414,
    "BIC": 25404.60344158595,
    "logLikelihood": -12685.096080238207,
    "n_conditions": 5447
}