{
    "participantID": "all",
    "modelType": "logLinearMismatch_LapseFree_sharedPrior",
    "fittedParams": [
        0.18747301554006385,
        0.20550838247691477,
        0.35073070287917163,
        0.7969936065784913,
        1.2689479784199549,
        0.12403983508265048,
        0.21577320943365336
    ],
    "AIC": 25396.82406619984,
    "BIC": 25423.235347309375,
    "logLikelihood": -12694.41203309992,
    "n_conditions": 5447
}