{
    "participantID": "as",
    "modelType": "fusionOnly_LapseFree_sharedPrior",
    "fittedParams": [
        0.017103633326041742,
        0.13014258150506064,
        0.3044542664436448,
        0.3083793742093258,
        0.999882287561195,
        1.3006682239548537
    ],
    "AIC": 2254.4316229117294,
    "BIC": 2278.715855986007,
    "logLikelihood": -1121.2158114558647,
    "n_conditions": 423
}