{
    "participantID": "as",
    "modelType": "gaussian_LapseFree_sharedPrior",
    "fittedParams": [
        0.029056878819392284,
        0.12912551634060943,
        0.30562130772090307,
        0.843436009276674,
        0.314655478009372,
        0.052863732524710966,
        0.00029081770873748414,
        0.9047445255335334,
        5.4809277464040855
    ],
    "AIC": 2260.9310074855593,
    "BIC": 2297.3573570969756,
    "logLikelihood": -1121.4655037427797,
    "n_conditions": 423
}