{
    "participantID": "as",
    "modelType": "logLinearMismatch_LapseFree_sharedPrior",
    "fittedParams": [
        0.032304084300994865,
        0.24513882696628564,
        0.551189951300621,
        0.58673186647892,
        0.6167562484741211,
        0.0647921991348267,
        0.044399716854095495,
        0.7591260194778442,
        4.384942083954811
    ],
    "AIC": 2260.594633971869,
    "BIC": 2297.020983583285,
    "logLikelihood": -1121.2973169859345,
    "n_conditions": 423
}