{
    "participantID": "as",
    "modelType": "lognorm_LapseFree_contextualPrior",
    "fittedParams": [
        0.07850187301635746,
        0.23075649738311765,
        0.5116275906562804,
        0.7309669905185698,
        0.5610699081420898,
        0.0918760681152344,
        0.05372664451599124,
        0.9085148042440414,
        0.07022669315338131,
        2.0259602451648715
    ],
    "AIC": 2263.6699574859763,
    "BIC": 2304.143679276439,
    "logLikelihood": -1121.8349787429881,
    "n_conditions": 423
}