{
    "participantID": "as",
    "modelType": "logLinearMismatch",
    "fittedParams": [
        0.0688697147369385,
        0.22956260263919825,
        0.5578622633218765,
        0.9302110098004341,
        0.6164821720123291,
        0.5578622633218765
    ],
    "AIC": 2255.0676945745804,
    "BIC": 2279.3519276488582,
    "logLikelihood": -1121.5338472872902,
    "n_conditions": 423
}