{
    "participantID": "as",
    "modelType": "probabilityMatching_LapseFree_sharedPrior",
    "fittedParams": [
        0.0,
        0.13158784031867976,
        0.32224714085459705,
        0.9162719209909439,
        0.3205905890464783,
        0.04853229284286503,
        3.8085579872171316e-05,
        0.9668804541230203,
        6.511522239297628
    ],
    "AIC": 2261.55563175206,
    "BIC": 2297.9819813634763,
    "logLikelihood": -1121.77781587603,
    "n_conditions": 423
}