{
    "participantID": "as",
    "modelType": "probabilityMatchingLogNorm_LapseFree_contextualPrior",
    "fittedParams": [
        0.0251503631133983,
        0.2418469275049983,
        0.4730484283572536,
        0.45852190319116126,
        0.6512072694682501,
        0.07659030460889883,
        0.023274647668004078,
        0.7801088431680191,
        0.014490100011948892,
        3.688940390946751
    ],
    "AIC": 2262.443429740754,
    "BIC": 2302.9171515312164,
    "logLikelihood": -1121.221714870377,
    "n_conditions": 423
}