{
  "sigma_key": "a",
  "sigma_label": "a [0.01\u20130.20]",
  "sigma_a_range": [
    0.01,
    0.2
  ],
  "sigma_v_range": [
    0.01,
    0.2
  ],
  "conflict_max": 0.45,
  "lambda_range": [
    0.001,
    0.4
  ],
  "pc_range": [
    0.001,
    0.999
  ],
  "n_iter": 3,
  "nSimul": 100,
  "nStarts": 1,
  "models": [
    "lognorm",
    "fusionOnlyLogNorm",
    "switchingFree"
  ],
  "per_model": {
    "lognorm": {
      "n_completed": 3,
      "n_correct_aic": 1,
      "param_recovery": {
        "lambda": {
          "correlation": 0.9835652180051735,
          "rmse": 0.014406212048392247,
          "bias": -0.011359615566150297,
          "gen_values": [
            0.08908006501771021,
            0.20705544825392969,
            0.1325944671764557
          ],
          "rec_values": [
            0.08611817910311297,
            0.19955027290920843,
            0.10898268173732331
          ]
        },
        "sigma_a": {
          "correlation": 0.9842916851377581,
          "rmse": 0.023868613824427454,
          "bias": -0.008494736047833846,
          "gen_values": [
            0.16057416042013165,
            0.031065654644957964,
            0.17174932735826995
          ],
          "rec_values": [
            0.14411645529432915,
            0.00011817115060508421,
            0.19367030783492378
          ]
        },
        "sigma_v": {
          "correlation": -0.2893160960623523,
          "rmse": 1.134024174994496,
          "bias": 0.8005515109964687,
          "gen_values": [
            0.1987016017364859,
            0.14220983417819652,
            0.1527028129200381
          ],
          "rec_values": [
            0.8325933212292937,
            1.9991588372381774,
            0.06351662335665575
          ]
        },
        "p_c": {
          "correlation": -0.9286374207776239,
          "rmse": 0.3071389010277145,
          "bias": -0.040208391566594504,
          "gen_values": [
            0.3814171954834794,
            0.47356354893173414,
            0.5213445309383878
          ],
          "rec_values": [
            0.7715920592409624,
            0.23057621719199228,
            0.2535318242208632
          ]
        }
      }
    },
    "fusionOnlyLogNorm": {
      "n_completed": 3,
      "n_correct_aic": 3,
      "param_recovery": {
        "lambda": {
          "correlation": 0.9956806305505446,
          "rmse": 0.009915115796492265,
          "bias": -0.0077285464767636244,
          "gen_values": [
            0.20055247428978337,
            0.1459639041708265,
            0.04709839693264937
          ],
          "rec_values": [
            0.19521811254533922,
            0.12971914341867258,
            0.04549187999895657
          ]
        },
        "sigma_a": {
          "correlation": 0.7754830876096352,
          "rmse": 0.05975824910708179,
          "bias": 0.04254866121674208,
          "gen_values": [
            0.19153571252002174,
            0.0878807765500266,
            0.05841727717786943
          ],
          "rec_values": [
            0.21328287180699446,
            0.18895983433194607,
            0.06323704375920347
          ]
        },
        "sigma_v": {
          "correlation": 0.913723986805215,
          "rmse": 0.04149786875512269,
          "bias": 0.03263508511319921,
          "gen_values": [
            0.1731416795706288,
            0.05399073083528635,
            0.041797022674195355
          ],
          "rec_values": [
            0.20027760157981256,
            0.12040531693599976,
            0.0461517699038958
          ]
        }
      }
    },
    "switchingFree": {
      "n_completed": 3,
      "n_correct_aic": 2,
      "param_recovery": {
        "lambda": {
          "correlation": 0.9945616543159848,
          "rmse": 0.01538996261316182,
          "bias": 0.007852680375505183,
          "gen_values": [
            0.14178469133208943,
            0.35182438000000876,
            0.110598510969632
          ],
          "rec_values": [
            0.13095200865305268,
            0.3699801823600653,
            0.12683343241512776
          ]
        },
        "sigma_a": {
          "correlation": -0.6265453049920582,
          "rmse": 0.2975261937542921,
          "bias": 0.12122488388772411,
          "gen_values": [
            0.17578129856451494,
            0.12872686326051339,
            0.10177607543496639
          ],
          "rec_values": [
            0.1484606313836797,
            0.017320287312931337,
            0.604177970226556
          ]
        },
        "sigma_v": {
          "correlation": -0.9992285075862585,
          "rmse": 0.32650464977227156,
          "bias": 0.17158374308931856,
          "gen_values": [
            0.031946887062429076,
            0.18660496538371046,
            0.1789588908123482
          ],
          "rec_values": [
            0.5963352698292217,
            0.15680196976685956,
            0.1591247329303621
          ]
        },
        "p_sw": {
          "correlation": 0.9999701072981176,
          "rmse": 0.05547376038357356,
          "bias": 0.05218293986444996,
          "gen_values": [
            0.04475373733098144,
            0.5638649173949098,
            0.9718387883264523
          ],
          "rec_values": [
            0.1188570874296132,
            0.6181658794177786,
            0.9999832957983017
          ]
        }
      }
    }
  },
  "confusion_aic": {
    "lognorm": {
      "lognorm": 1,
      "fusionOnlyLogNorm": 2,
      "switchingFree": 0
    },
    "fusionOnlyLogNorm": {
      "lognorm": 0,
      "fusionOnlyLogNorm": 3,
      "switchingFree": 0
    },
    "switchingFree": {
      "lognorm": 0,
      "fusionOnlyLogNorm": 1,
      "switchingFree": 2
    }
  },
  "confusion_bic": {
    "lognorm": {
      "lognorm": 1,
      "fusionOnlyLogNorm": 2,
      "switchingFree": 0
    },
    "fusionOnlyLogNorm": {
      "lognorm": 0,
      "fusionOnlyLogNorm": 3,
      "switchingFree": 0
    },
    "switchingFree": {
      "lognorm": 0,
      "fusionOnlyLogNorm": 2,
      "switchingFree": 1
    }
  },
  "mean_diag_recovery_aic": 0.6666666666666666
}