{
    "participantID": "mh",
    "modelType": "fusionOnly_LapseFree_sharedPrior",
    "fittedParams": [
        0.3595065426164213,
        0.16095699139923297,
        0.15254674283367356,
        2.7192385902184997,
        -0.8418419556048653,
        9.9789454813392
    ],
    "AIC": 2484.289394428783,
    "BIC": 2509.5288499891326,
    "logLikelihood": -1236.1446972143915,
    "n_conditions": 496
}