{
    "participantID": "mh",
    "modelType": "fusionOnly_LapseFree_sharedPrior",
    "fittedParams": [
        0.3087890301989537,
        0.1920567802430887,
        0.20449086237179281,
        0.3480769691235618,
        0.13194216743752477,
        0.26355472354911325
    ],
    "AIC": 2485.5735031586883,
    "BIC": 2511.015158229713,
    "logLikelihood": -1236.7867515793441,
    "n_conditions": 513
}