{
    "participantID": "mh",
    "modelType": "fusionOnlyLogNorm_LapseFree_sharedPrior",
    "fittedParams": [
        0.16476406405689614,
        0.45487634515631237,
        0.5277059549079919,
        0.6539667332457245,
        0.001000000000004525,
        0.263559605176244
    ],
    "AIC": 2427.2611275615504,
    "BIC": 2452.7027826325752,
    "logLikelihood": -1207.6305637807752,
    "n_conditions": 513
}