{
    "participantID": "mh",
    "modelType": "fusionOnlyLogNorm_LapseFree_sharedPrior",
    "fittedParams": [
        0.18030221210562342,
        0.4606785255395479,
        0.5137463174421645,
        0.7738936798825016,
        0.0010001612316002106,
        0.2448781874040906
    ],
    "AIC": 2431.166736516639,
    "BIC": 2456.608391587664,
    "logLikelihood": -1209.5833682583195,
    "n_conditions": 513
}