{
    "participantID": "mh",
    "modelType": "fusionOnlyLogNorm_LapseFree_sharedPrior",
    "fittedParams": [
        0.25165725074874334,
        0.3622747892507995,
        0.37798497511961543,
        1.124372187225434,
        0.02097511015436774,
        0.35297967718472345
    ],
    "AIC": 2432.599272214007,
    "BIC": 2445.3200997495196,
    "logLikelihood": -1213.2996361070036,
    "n_conditions": 513
}