{
    "participantID": "mh",
    "modelType": "gaussian_LapseFree_sharedPrior",
    "fittedParams": [
        0.16734330207109452,
        0.6629435163736342,
        0.1,
        0.4320895644426346,
        0.7798538589477539,
        0.010921611785888713,
        0.18332962274551393,
        0.43333704471588136,
        2.6218396121263505
    ],
    "AIC": 2470.6857025928593,
    "BIC": 2508.5448859333837,
    "logLikelihood": -1226.3428512964297,
    "n_conditions": 496
}