{
    "participantID": "mh",
    "modelType": "gaussian_LapseFree_sharedPrior",
    "fittedParams": [
        0.299748090089691,
        0.19020370073296933,
        0.1719326172929747,
        0.9942947024836031,
        0.3641923466525303,
        0.14205464873650525,
        0.3999999999997097
    ],
    "AIC": 2484.841369962353,
    "BIC": 2514.5233008785485,
    "logLikelihood": -1235.4206849811765,
    "n_conditions": 513
}