{
    "participantID": "mh",
    "modelType": "gaussian_LapseFree_sharedPrior",
    "fittedParams": [
        0.09216203794130677,
        0.190552917191421,
        1.0831300620665658,
        0.5486510670201583,
        0.25453754743590423,
        0.06775168100366874,
        0.26184385742530775
    ],
    "AIC": 2579.7211768659886,
    "BIC": 2609.403107782184,
    "logLikelihood": -1282.8605884329943,
    "n_conditions": 513
}