{
    "participantID": "mh",
    "modelType": "gaussian_LapseFree_sharedPrior",
    "fittedParams": [
        0.21919981505186847,
        0.4104793348913188,
        0.05574421574310033,
        0.28735504983105414,
        0.48141150344080574,
        0.05715513119699922,
        0.2664694339668829,
        0.3740140643349824,
        2.1213705223509303
    ],
    "AIC": 2460.0084038305768,
    "BIC": 2498.1708864371135,
    "logLikelihood": -1221.0042019152884,
    "n_conditions": 513
}