{
    "participantID": "mh",
    "modelType": "gaussian_LapseFree_sharedPrior",
    "fittedParams": [
        0.3156618482382124,
        0.2122299770903418,
        0.16541769594815187,
        0.5242483052049355,
        0.7412586900683942,
        0.10866416883760023,
        0.32596635852681266,
        0.3553821830752005,
        5.800655393917827
    ],
    "AIC": 2485.255421436962,
    "BIC": 2523.1146047774864,
    "logLikelihood": -1233.627710718481,
    "n_conditions": 496
}