{
    "participantID": "mh",
    "modelType": "gaussian_LapseFree_contextualPrior",
    "fittedParams": [
        0.23969052263400953,
        0.3232905583720275,
        0.10000011188007185,
        0.4632624681348636,
        1.056258490551263,
        0.013756323623238129,
        0.2488343884469032,
        0.7120626418455911
    ],
    "AIC": 2478.5901695196453,
    "BIC": 2512.242776933445,
    "logLikelihood": -1231.2950847598227,
    "n_conditions": 496
}