{
    "participantID": "mh",
    "modelType": "gaussian",
    "fittedParams": [
        0.19618973168348364,
        0.295094694304189,
        0.2352748060838985,
        0.8560984158999584,
        0.5603303542009963,
        0.00018002967209440612,
        0.2499439440913534
    ],
    "AIC": 2478.8820835696015,
    "BIC": 2508.328115056676,
    "logLikelihood": -1232.4410417848007,
    "n_conditions": 496
}