{
    "participantID": "mh",
    "modelType": "logLinearMismatch",
    "fittedParams": [
        0.11556437250226738,
        0.5394769269879907,
        0.521998123563826,
        0.6794772948484868,
        0.7273145107924939,
        0.521998123563826
    ],
    "AIC": 2441.4444783456584,
    "BIC": 2466.683933906008,
    "logLikelihood": -1214.7222391728292,
    "n_conditions": 496
}