{
    "participantID": "mh",
    "modelType": "lognorm_LapseFree_sharedPrior",
    "fittedParams": [
        0.18463516235351562,
        0.48277618408203127,
        0.4382550048828125,
        0.7970141021728516,
        0.82729248046875,
        4.920959472655417e-05,
        0.25
    ],
    "AIC": 2424.469291408493,
    "BIC": 2453.9153228955674,
    "logLikelihood": -1205.2346457042465,
    "n_conditions": 496
}