{
    "participantID": "mh",
    "modelType": "lognorm_LapseFree_contextualPrior",
    "fittedParams": [
        0.16836307836583542,
        0.6635935196831655,
        0.3396545173381059,
        0.42723630417626735,
        0.7939022486489625,
        0.0010000000000181253,
        0.2005476182624847,
        0.6299799577921931,
        0.2560696432046098,
        9.811442416574591
    ],
    "AIC": 2428.6245108935314,
    "BIC": 2470.6902701607805,
    "logLikelihood": -1204.3122554467657,
    "n_conditions": 496
}