{
    "participantID": "mh",
    "modelType": "logLinearMismatch_LapseFree_sharedPrior",
    "fittedParams": [
        0.13688564651771254,
        0.48770104465955455,
        0.4656703852023743,
        0.9883312556896396,
        1.3729715353205416,
        0.002046372728313731,
        0.31067282537535784
    ],
    "AIC": 2435.2252281389656,
    "BIC": 2464.907159055161,
    "logLikelihood": -1210.6126140694828,
    "n_conditions": 513
}