{
    "participantID": "mh",
    "modelType": "lognorm_LapseFree_sharedPrior",
    "fittedParams": [
        0.10405715545193743,
        0.8010245882012531,
        0.30249362282738723,
        0.5637436466549604,
        1.0710163139842916,
        0.0009994197243941294,
        0.18520904859688017,
        0.22703848589881087,
        7.778392364232568
    ],
    "AIC": 2429.8693061155673,
    "BIC": 2467.7284894560917,
    "logLikelihood": -1205.9346530577836,
    "n_conditions": 496
}