{
    "participantID": "mh",
    "modelType": "logLinearMismatch",
    "fittedParams": [
        0.1679772521587438,
        0.4841534126654733,
        0.4692945398576558,
        0.9602992045640306,
        0.8472761832084507,
        5.51058285054723e-05,
        0.23464036119694356
    ],
    "AIC": 2427.151856980085,
    "BIC": 2456.5978884671595,
    "logLikelihood": -1206.5759284900425,
    "n_conditions": 496
}