{
    "participantID": "mh",
    "modelType": "lognorm_LapseFree_contextualPrior",
    "fittedParams": [
        0.10243175593384658,
        0.7581444770438246,
        0.33268504532548826,
        0.42885113999363966,
        0.8669824344356312,
        0.0014505843974824406,
        0.25092666752989756,
        0.46906898163142613,
        0.34249803536571566,
        9.999999999896332
    ],
    "AIC": 2432.071672377759,
    "BIC": 2474.1374316450083,
    "logLikelihood": -1206.0358361888796,
    "n_conditions": 496
}