{
    "participantID": "mh",
    "modelType": "lognorm_LapseFree_contextualPrior",
    "fittedParams": [
        0.16463719606399535,
        0.5204978156089782,
        0.44239670991897573,
        0.5613318871974945,
        0.7486612319946289,
        0.0,
        0.2282811164855957,
        0.96943064661026
    ],
    "AIC": 2425.382808676991,
    "BIC": 2459.0354160907905,
    "logLikelihood": -1204.6914043384954,
    "n_conditions": 496
}