{
    "participantID": "mh",
    "modelType": "lognorm_LapseFree_sharedPrior",
    "fittedParams": [
        0.10874981433153152,
        0.8913005632162093,
        0.30885331511497494,
        0.4306174766302109,
        0.8461362361907959,
        0.0002352833747864269,
        0.19037214994430543,
        0.363287341594696,
        9.975768461227418
    ],
    "AIC": 2431.8490295661522,
    "BIC": 2469.7082129066766,
    "logLikelihood": -1206.9245147830761,
    "n_conditions": 496
}