{
    "participantID": "mh",
    "modelType": "lognorm_LapseFree_sharedPrior",
    "fittedParams": [
        0.16025921458005907,
        0.5108869165182113,
        0.4340157610177994,
        0.752547413110733,
        0.837862395644188,
        0.0012052408456802166,
        0.25081031036376955,
        0.23132443189620971,
        1.1788349747657785
    ],
    "AIC": 2435.201328898198,
    "BIC": 2473.3638115047347,
    "logLikelihood": -1208.600664449099,
    "n_conditions": 513
}