{
    "participantID": "mh",
    "modelType": "lognorm_LapseFree_sharedPrior",
    "fittedParams": [
        0.1470807383078484,
        0.6423862570316511,
        0.4627793309956101,
        0.9616061145623256,
        1.2748691425940923,
        0.016567829586097038,
        0.2518543872668961
    ],
    "AIC": 2436.6719892736746,
    "BIC": 2466.35392018987,
    "logLikelihood": -1211.3359946368373,
    "n_conditions": 513
}