{
    "participantID": "mh",
    "modelType": "lognorm_LapseFree_sharedPrior",
    "fittedParams": [
        0.1732969627186656,
        0.4750415975922345,
        0.46277745024662453,
        0.97292651347816,
        0.7746199905665963,
        0.0010995031639933484,
        0.3010523499049247
    ],
    "AIC": 2428.3561997756124,
    "BIC": 2458.038130691808,
    "logLikelihood": -1207.1780998878062,
    "n_conditions": 513
}