{
    "participantID": "mh",
    "modelType": "lognorm_LapseFree_sharedPrior",
    "fittedParams": [
        0.15757153508284444,
        0.782793083985401,
        0.29798917310310113,
        0.46889854155845684,
        0.9546005737658589,
        0.0010027831217696292,
        0.20961067751504023,
        0.3491271210647574,
        5.448335640382183
    ],
    "AIC": 2428.818337784956,
    "BIC": 2466.6775211254803,
    "logLikelihood": -1205.409168892478,
    "n_conditions": 496
}