{
    "participantID": "mh",
    "modelType": "lognorm",
    "fittedParams": [
        0.18463516235351562,
        0.48277618408203127,
        0.4382550048828125,
        0.7970141021728516,
        0.82729248046875,
        4.920959472655417e-05,
        0.25
    ],
    "AIC": 2428.01972130817,
    "BIC": 2457.4657527952445,
    "logLikelihood": -1207.009860654085,
    "n_conditions": 496
}