{
    "participantID": "mh",
    "modelType": "lognorm_LapseFree_sharedPrior",
    "fittedParams": [
        0.19392979130995228,
        0.4745555834784625,
        0.48002983658306986,
        0.9127499705471565,
        0.8173347777971018,
        0.002218694005324484,
        0.2332293848993548
    ],
    "AIC": 2434.5029377449046,
    "BIC": 2464.1848686611,
    "logLikelihood": -1210.2514688724523,
    "n_conditions": 513
}