{
    "participantID": "mh",
    "modelType": "lognorm_LapseFree_sharedPrior",
    "fittedParams": [
        0.14496534712523196,
        0.5569992191962754,
        0.5127471365289014,
        0.9555556767026929,
        0.6984344435709994,
        0.0010013676941386385,
        0.26451056627685093
    ],
    "AIC": 2432.406303147415,
    "BIC": 2462.088234063611,
    "logLikelihood": -1209.2031515737076,
    "n_conditions": 513
}