{
    "participantID": "mh",
    "modelType": "lognorm_LapseFree_sharedPrior",
    "fittedParams": [
        0.20325918125253084,
        0.8814582963023699,
        0.2405459663131191,
        0.3800487278423727,
        0.8750655507761247,
        0.0014519690198609436,
        0.22707536423930735,
        0.3826136247802414,
        6.552209249377844
    ],
    "AIC": 2428.918126876658,
    "BIC": 2466.7773102171823,
    "logLikelihood": -1205.459063438329,
    "n_conditions": 496
}