{
    "participantID": "mh",
    "modelType": "logLinearMismatch_LapseFree_sharedPrior",
    "fittedParams": [
        0.13985887655031293,
        0.6303024578812212,
        0.5454769598155181,
        0.10714417329536963,
        0.6961351927494288,
        0.037883466066133874,
        0.21176788996375398,
        2.767941449830978,
        7.273547828701114
    ],
    "AIC": 2440.9588727025184,
    "BIC": 2478.818056043043,
    "logLikelihood": -1211.4794363512592,
    "n_conditions": 496
}