{
    "participantID": "mh",
    "modelType": "lognorm_LapseFree_sharedPrior",
    "fittedParams": [
        0.14299713874439401,
        0.6026936424255228,
        0.4029220470140286,
        0.9364286849547904,
        1.2086203398377813,
        0.03497339024939715,
        0.29407352083149196,
        0.06152459601099211,
        7.293920420978466
    ],
    "AIC": 2441.617131252877,
    "BIC": 2479.476314593401,
    "logLikelihood": -1211.8085656264384,
    "n_conditions": 496
}