{
    "participantID": "mh",
    "modelType": "lognorm_LapseFree_sharedPrior",
    "fittedParams": [
        0.18754247898742687,
        0.4313464036316469,
        0.43078435102895063,
        0.8185135698477097,
        1.068247709928588,
        0.009106422443100365,
        0.27583479346780115
    ],
    "AIC": 2434.1530687651,
    "BIC": 2463.834999681296,
    "logLikelihood": -1210.07653438255,
    "n_conditions": 513
}