{
    "participantID": "mh",
    "modelType": "lognorm_LapseFree_sharedPrior",
    "fittedParams": [
        0.2515033491896524,
        0.3622747892507995,
        0.37798497511961543,
        0.8625939294171986,
        1.124372187225434,
        0.047693786929201454,
        0.3251557574770326
    ],
    "AIC": 2428.8371586830285,
    "BIC": 2445.7982620637117,
    "logLikelihood": -1210.4185793415143,
    "n_conditions": 513
}