{
    "participantID": "mh",
    "modelType": "logLinearMismatch_LapseFree_contextualPrior",
    "fittedParams": [
        0.1280237752944231,
        0.5584981090133078,
        0.4617022805544547,
        0.10119457374834456,
        0.9451248225197196,
        0.001627977832686145,
        0.19680421582888813,
        0.9951891854759305
    ],
    "AIC": 2429.608610235547,
    "BIC": 2463.2612176493467,
    "logLikelihood": -1206.8043051177735,
    "n_conditions": 496
}