{
    "participantID": "mh",
    "modelType": "lognorm_LapseFree_sharedPrior",
    "fittedParams": [
        0.1442013179702395,
        0.4227332351213126,
        0.4618850363433537,
        0.7915267801369138,
        1.4316897560385744,
        0.015108951292503062,
        0.23153721899659768
    ],
    "AIC": 2435.8540877508826,
    "BIC": 2465.536018667078,
    "logLikelihood": -1210.9270438754413,
    "n_conditions": 513
}