{
    "participantID": "mh",
    "modelType": "probabilityMatchingLogNorm_LapseFree_sharedPrior",
    "fittedParams": [
        0.1396682590723038,
        0.5160439300537109,
        0.42014937877655023,
        0.7796258014108989,
        0.7740017824770157,
        0.001064531704066285,
        0.18687687845230103,
        0.03312637329101564,
        2.390069295243169
    ],
    "AIC": 2439.25284849292,
    "BIC": 2477.1120318334442,
    "logLikelihood": -1210.62642424646,
    "n_conditions": 496
}