{
    "participantID": "mh",
    "modelType": "probabilityMatchingLogNorm_LapseFree_sharedPrior",
    "fittedParams": [
        0.12938492819666864,
        0.5229016823531127,
        0.3390975203015841,
        0.5885883456137497,
        0.7528663979098201,
        1.0412866249726038e-05,
        0.1823664538189769,
        0.1684874403523281,
        9.088714919735212
    ],
    "AIC": 2433.4447871421,
    "BIC": 2471.303970482624,
    "logLikelihood": -1207.72239357105,
    "n_conditions": 496
}