{
    "participantID": "mh",
    "modelType": "probabilityMatchingLogNorm_LapseFree_sharedPrior",
    "fittedParams": [
        0.13568392013750688,
        0.4739496207176349,
        0.49312930020542856,
        4.945263435640612e-06,
        1.0334996172784772,
        0.0010002808581830447,
        0.32528526246076567
    ],
    "AIC": 2439.5985042495863,
    "BIC": 2469.280435165782,
    "logLikelihood": -1212.7992521247932,
    "n_conditions": 513
}