{
    "participantID": "mh",
    "modelType": "probabilityMatchingLogNorm_LapseFree_sharedPrior",
    "fittedParams": [
        0.15297826347351073,
        0.5134486598968504,
        0.2925200706481932,
        0.18850898742675776,
        0.6634526034164427,
        0.001000304412841796,
        0.2785581497192383
    ],
    "AIC": 2429.2547045209435,
    "BIC": 2458.936635437139,
    "logLikelihood": -1207.6273522604718,
    "n_conditions": 513
}