{
    "participantID": "mh",
    "modelType": "probabilityMatchingLogNorm_LapseFree_sharedPrior",
    "fittedParams": [
        0.18715184957349412,
        0.4490876619627625,
        0.48501660512983114,
        0.018557722776313235,
        0.7344920969087742,
        0.001000063352764119,
        0.2687129563894327
    ],
    "AIC": 2433.358198194311,
    "BIC": 2463.0401291105068,
    "logLikelihood": -1209.6790990971556,
    "n_conditions": 513
}