{
    "participantID": "mh",
    "modelType": "probabilityMatching_LapseFree_sharedPrior",
    "fittedParams": [
        0.2165557949570939,
        0.26405094289220865,
        0.1543036397360265,
        0.22353309961911288,
        0.36457119464874266,
        0.028389596939086964,
        0.3219002963230014,
        0.5201387480832637,
        4.307377517987042
    ],
    "AIC": 2473.793463000103,
    "BIC": 2511.6526463406276,
    "logLikelihood": -1227.8967315000516,
    "n_conditions": 496
}