{
    "participantID": "mh",
    "modelType": "probabilityMatchingLogNorm_LapseFree_sharedPrior",
    "fittedParams": [
        0.13964734367095585,
        0.4716383173165556,
        0.33590307665886854,
        0.183465979533233,
        0.6630054421861385,
        0.0077615566716537085,
        0.31443828082048353,
        0.18068913357382244,
        1.2579262240799989
    ],
    "AIC": 2435.472165041407,
    "BIC": 2473.634647647944,
    "logLikelihood": -1208.7360825207036,
    "n_conditions": 513
}