{
    "participantID": "mh",
    "modelType": "probabilityMatching_LapseFree_sharedPrior",
    "fittedParams": [
        0.40780864081231993,
        0.2117485536577578,
        0.15013802058008568,
        0.4240022650897258,
        0.20194852792465764,
        0.11124616834556342,
        0.46230662799507555,
        0.7427075818013322,
        6.102150187298552
    ],
    "AIC": 2497.545748391323,
    "BIC": 2535.4049317318472,
    "logLikelihood": -1239.7728741956614,
    "n_conditions": 496
}