{
    "participantID": "mh",
    "modelType": "probabilityMatchingLogNorm_LapseFree_sharedPrior",
    "fittedParams": [
        0.27003712874653285,
        0.3622747892507995,
        0.37798497511961543,
        0.00010962807573372535,
        1.124372187225434,
        0.0561921331596095,
        0.350533618054539
    ],
    "AIC": 2431.988128296689,
    "BIC": 2448.949231677372,
    "logLikelihood": -1211.9940641483445,
    "n_conditions": 513
}