{
    "participantID": "mh",
    "modelType": "probabilityMatching_LapseFree_sharedPrior",
    "fittedParams": [
        0.10960871093729511,
        0.8408546679214294,
        0.16315418336528342,
        0.230225421115756,
        0.8290367279638258,
        0.19128066222034396,
        0.12107966639408842
    ],
    "AIC": 2510.3251605100477,
    "BIC": 2540.0070914262433,
    "logLikelihood": -1248.1625802550238,
    "n_conditions": 513
}