{
    "participantID": "mh",
    "modelType": "probabilityMatchingLogNorm_LapseFree_sharedPrior",
    "fittedParams": [
        0.059404110680630395,
        0.6277486102129565,
        0.2391276601777682,
        0.31861601841083026,
        0.664364565936977,
        0.0010055911236977189,
        0.13025296863675323
    ],
    "AIC": 2436.4832727421654,
    "BIC": 2466.165203658361,
    "logLikelihood": -1211.2416363710827,
    "n_conditions": 513
}