{
    "participantID": "mh",
    "modelType": "selection_LapseFree_sharedPrior",
    "fittedParams": [
        0.39999154272389803,
        0.1399724307844471,
        0.1409618066288757,
        0.9274251473341736,
        0.7505675297677032,
        0.24766633434593638,
        0.39633779596310087
    ],
    "AIC": 2481.862931684876,
    "BIC": 2511.5448626010716,
    "logLikelihood": -1233.931465842438,
    "n_conditions": 513
}