{
    "participantID": "mh",
    "modelType": "switching_LapseFree_sharedPrior",
    "fittedParams": [
        0.10425196706821403,
        0.3909739337265171,
        0.3929315816822285,
        0.17581038495962953,
        0.6432973220999216,
        0.001000000000004525,
        0.21155825968119138
    ],
    "AIC": 2434.722312769715,
    "BIC": 2464.4042436859104,
    "logLikelihood": -1210.3611563848574,
    "n_conditions": 513
}