{
    "participantID": "mh",
    "modelType": "switchingFree_LapseFree_sharedPrior",
    "fittedParams": [
        0.1652031397648272,
        0.0003355209743199916,
        0.48355743856084854,
        0.5905123792894301,
        0.00046728907058202207,
        0.001001129676771212,
        0.23280918564576716,
        0.8010783309960972
    ],
    "AIC": 2428.287443800805,
    "BIC": 2462.2096505621707,
    "logLikelihood": -1206.1437219004024,
    "n_conditions": 513
}