{
    "participantID": "mh",
    "modelType": "switchingFree_LapseFree_sharedPrior",
    "fittedParams": [
        0.19622400630526246,
        0.00012326401971263223,
        0.5031577552895619,
        0.5622522719204426,
        0.0002729219898209845,
        0.0013615696229040408,
        0.23722901852950457,
        0.7621030263602734
    ],
    "AIC": 2425.9695918443003,
    "BIC": 2459.8917986056663,
    "logLikelihood": -1204.9847959221502,
    "n_conditions": 513
}