{
    "participantID": "mh",
    "modelType": "selection_LapseFree_sharedPrior",
    "fittedParams": [
        0.19150598955713213,
        0.31394985757768146,
        0.1907032885961234,
        0.4981878649443388,
        0.8084774338826537,
        0.015484580013528454,
        0.25899885334558786,
        0.0023020499944687023,
        3.159476174887001
    ],
    "AIC": 2484.355723560084,
    "BIC": 2522.214906900608,
    "logLikelihood": -1233.177861780042,
    "n_conditions": 496
}