{
    "participantID": "mh",
    "modelType": "selection_LapseFree_sharedPrior",
    "fittedParams": [
        0.23595924321427122,
        0.31853971540795856,
        0.22064620389935738,
        0.7609345618146177,
        0.4943176435610836,
        0.03762145944987094,
        0.2119675202035643
    ],
    "AIC": 2484.78546901119,
    "BIC": 2514.4673999273855,
    "logLikelihood": -1235.392734505595,
    "n_conditions": 513
}