{
    "participantID": "mh",
    "modelType": "switchingFree_LapseFree_sharedPrior",
    "fittedParams": [
        0.13133561554094259,
        0.3622747892507995,
        0.37798497511961543,
        0.3881361370199105,
        1.124372187225434,
        0.0010000000000002784,
        0.21749026113352446,
        0.8788356932440888
    ],
    "AIC": 2427.9028691577482,
    "BIC": 2449.104248383602,
    "logLikelihood": -1208.9514345788741,
    "n_conditions": 513
}