{
    "participantID": "mh",
    "modelType": "switchingFree_LapseFree_sharedPrior",
    "fittedParams": [
        0.20919639144095842,
        0.0021725353794770875,
        0.24884349302480385,
        0.5771431336889062,
        0.028758061257505428,
        0.03385397578469074,
        0.2648547354967205,
        0.7153684333398114
    ],
    "AIC": 2469.6161448163807,
    "BIC": 2503.2687522301803,
    "logLikelihood": -1226.8080724081904,
    "n_conditions": 496
}