{
    "participantID": "mh",
    "modelType": "selection_LapseFree_sharedPrior",
    "fittedParams": [
        0.2635169144964537,
        0.21573280025064434,
        0.1932639005248814,
        0.6813845531727566,
        0.46191185287151837,
        0.0989705536943995,
        0.2754636709695482
    ],
    "AIC": 2483.3575653232647,
    "BIC": 2513.0394962394603,
    "logLikelihood": -1234.6787826616323,
    "n_conditions": 513
}