{
    "participantID": "mh",
    "modelType": "switchingWithConflict_LapseFree_sharedPrior",
    "fittedParams": [
        0.1403411260534078,
        1.9973568953014909,
        0.25436202464625235,
        0.4700649525970221,
        1.79634565025568,
        0.002165146840736265,
        0.24449484144747258,
        4.876890899464487,
        0.3902983142435551,
        3.369207851092741
    ],
    "AIC": 2524.2260024600064,
    "BIC": 2566.2917617272556,
    "logLikelihood": -1252.1130012300032,
    "n_conditions": 496
}