{
    "participantID": "mh",
    "modelType": "switching_LapseFree_sharedPrior",
    "fittedParams": [
        0.18821713807110632,
        0.17582974792583345,
        0.2189449919944927,
        0.9635748476130138,
        2.796825946517438,
        0.02869572074056464,
        0.30237350379741645,
        4.68240154959487,
        9.544201999194927
    ],
    "AIC": 2501.097561514512,
    "BIC": 2538.9567448550365,
    "logLikelihood": -1241.548780757256,
    "n_conditions": 496
}