{
    "participantID": "mh",
    "modelType": "switchingFree_LapseFree_sharedPrior",
    "fittedParams": [
        0.10775202551794148,
        0.011254985248851922,
        0.5561104543499481,
        0.5511473628437837,
        0.21443517245372024,
        0.006136558852724624,
        0.1703910913890487,
        0.7240162270061772
    ],
    "AIC": 2438.3608360591197,
    "BIC": 2472.2830428204857,
    "logLikelihood": -1211.1804180295599,
    "n_conditions": 513
}