{
    "participantID": "mh",
    "modelType": "selection_LapseFix_sharedPrior",
    "fittedParams": [
        0.26212709092838,
        0.2379250808858393,
        0.17686671763002648,
        0.7187127803361364,
        0.4390543656064221
    ],
    "AIC": 2479.974937294189,
    "BIC": 2501.176316520043,
    "logLikelihood": -1234.9874686470946,
    "n_conditions": 513
}