{
    "participantID": "mh",
    "modelType": "selection_LapseFree_sharedPrior",
    "fittedParams": [
        0.28487435071111256,
        0.25432981938568383,
        0.20755079793850365,
        0.8050121766738283,
        0.4542841698626642,
        0.0668882710670588,
        0.3551036388188175,
        2.7286954917572745,
        12.802847480801148
    ],
    "AIC": 2475.655299845649,
    "BIC": 2513.817782452186,
    "logLikelihood": -1228.8276499228245,
    "n_conditions": 513
}