{
    "participantID": "mh",
    "modelType": "selection_LapseFree_sharedPrior",
    "fittedParams": [
        0.0010194824218749954,
        0.3622747892507995,
        0.37798497511961543,
        0.53193359375,
        1.124372187225434,
        0.0010194824218749954,
        0.06086948242187498
    ],
    "AIC": 2503.8054654127604,
    "BIC": 2520.7665687934436,
    "logLikelihood": -1247.9027327063802,
    "n_conditions": 513
}