{
    "participantID": "mh",
    "modelType": "selection_LapseFree_sharedPrior",
    "fittedParams": [
        0.0012039566040038807,
        0.3622747892507995,
        0.37798497511961543,
        0.8447326660156251,
        1.124372187225434,
        0.0010322677612304432,
        0.11024463653564454
    ],
    "AIC": 2502.9635198653773,
    "BIC": 2519.9246232460605,
    "logLikelihood": -1247.4817599326886,
    "n_conditions": 513
}