{
    "participantID": "mh",
    "modelType": "selection_LapseFree_sharedPrior",
    "fittedParams": [
        0.17894606878492178,
        1.6243670290354668,
        0.23578451585228055,
        0.7200731014261692,
        0.9498824009477812,
        0.0010091535663957762,
        0.21811714990293737
    ],
    "AIC": 2507.6295084091853,
    "BIC": 2537.311439325381,
    "logLikelihood": -1246.8147542045926,
    "n_conditions": 513
}