{
    "participantID": "dt",
    "modelType": "fusionOnlyLogNorm_LapseFree_sharedPrior",
    "fittedParams": [
        0.3139882086277008,
        0.1959055724143981,
        0.459798023700714,
        0.4390603959560393,
        0.23401265754699707,
        0.2628021310567856
    ],
    "AIC": 2551.904750106484,
    "BIC": 2576.5868431854774,
    "logLikelihood": -1269.952375053242,
    "n_conditions": 452
}