{
    "participantID": "dt",
    "modelType": "fusionOnlyLogNorm_LapseFree_sharedPrior",
    "fittedParams": [
        0.11357310063516096,
        0.33367513379194225,
        0.7271954744365885,
        2.222825957592445,
        0.002385934017409136,
        0.13886145473906097
    ],
    "AIC": 2581.337065966424,
    "BIC": 2593.6781125059206,
    "logLikelihood": -1287.668532983212,
    "n_conditions": 452
}