{
    "participantID": "dt",
    "modelType": "fusionOnlyLogNorm_LapseFree_sharedPrior",
    "fittedParams": [
        0.22572536224477419,
        0.22570544860114727,
        0.5679340552899822,
        0.6369552804810252,
        0.14717262043873888,
        0.17551157518402333
    ],
    "AIC": 2553.6228133363616,
    "BIC": 2578.304906415355,
    "logLikelihood": -1270.8114066681808,
    "n_conditions": 452
}