{
    "participantID": "dt",
    "modelType": "fusionOnly_LapseFree_sharedPrior",
    "fittedParams": [
        0.08709026788935413,
        0.13657072150354782,
        0.25744546465913903,
        0.36066105462207526,
        1.9538584120322293,
        5.941406802431765
    ],
    "AIC": 2565.3410830661896,
    "BIC": 2589.9025016864603,
    "logLikelihood": -1276.6705415330948,
    "n_conditions": 443
}