{
    "participantID": "dt",
    "modelType": "fusionOnly_LapseFree_sharedPrior",
    "fittedParams": [
        0.24275192809069995,
        0.11456670085270881,
        0.2660056201745755,
        0.269907853166107,
        0.1907454735925654,
        0.15325051986617036
    ],
    "AIC": 2549.498132291076,
    "BIC": 2574.18022537007,
    "logLikelihood": -1268.749066145538,
    "n_conditions": 452
}