{
    "participantID": "dt",
    "modelType": "fusionOnly_LapseFree_sharedPrior",
    "fittedParams": [
        0.2442288124933839,
        0.1020077187940478,
        0.23645020753145213,
        0.250791237950325,
        0.6184704922139644,
        9.999480864331126
    ],
    "AIC": 2548.9453334247783,
    "BIC": 2573.506752045049,
    "logLikelihood": -1268.4726667123891,
    "n_conditions": 443
}