{
    "participantID": "dt",
    "modelType": "gaussian",
    "fittedParams": [
        0.24353455135149032,
        0.10966669006875229,
        0.2571552248473017,
        0.9999939025877999,
        0.28387744362087686,
        0.16227475693926863,
        0.15927864507666528
    ],
    "AIC": 2549.4868147889283,
    "BIC": 2578.141803179244,
    "logLikelihood": -1267.7434073944642,
    "n_conditions": 443
}