{
    "participantID": "dt",
    "modelType": "gaussian_LapseFree_sharedPrior",
    "fittedParams": [
        0.27252821795454474,
        0.09702193980348928,
        0.22228358036714568,
        0.9786897473286673,
        0.27082492411600656,
        0.21898752877189234,
        0.201986998807675
    ],
    "AIC": 2551.632746209999,
    "BIC": 2580.4285214688243,
    "logLikelihood": -1268.8163731049995,
    "n_conditions": 452
}