{
    "participantID": "dt",
    "modelType": "gaussian_LapseFree_sharedPrior",
    "fittedParams": [
        0.24353455135149032,
        0.10966669006875229,
        0.2571552248473017,
        0.9999939025877999,
        0.28387744362087686,
        0.16227475693926863,
        0.15927864507666528
    ],
    "AIC": 2546.956973965508,
    "BIC": 2575.611962355824,
    "logLikelihood": -1266.478486982754,
    "n_conditions": 443
}