{
    "participantID": "dt",
    "modelType": "gaussian_LapseFree_contextualPrior",
    "fittedParams": [
        0.24999992795294473,
        0.11273567083143687,
        0.23035922405994363,
        0.4927567206601538,
        0.27793379252121664,
        0.18062484251919386,
        0.16964464624256265,
        0.988419439819579
    ],
    "AIC": 2550.685233874025,
    "BIC": 2583.433792034386,
    "logLikelihood": -1267.3426169370125,
    "n_conditions": 443
}