{
    "participantID": "dt",
    "modelType": "gaussian_LapseFree_sharedPrior",
    "fittedParams": [
        0.26135350485831477,
        0.09164440167261717,
        0.24967048997527613,
        0.998812054199661,
        0.25265260426120545,
        0.14476941011687322,
        0.20105608863772573
    ],
    "AIC": 2553.0026022831835,
    "BIC": 2581.798377542009,
    "logLikelihood": -1269.5013011415917,
    "n_conditions": 452
}