{
    "participantID": "dt",
    "modelType": "gaussian_LapseFree_sharedPrior",
    "fittedParams": [
        0.24353455135149032,
        0.10966669006875229,
        0.2571552248473017,
        0.9999939025877999,
        0.28387744362087686,
        0.16227475693926863,
        0.15927864507666528
    ],
    "AIC": 2552.4779295193916,
    "BIC": 2581.1329179097074,
    "logLikelihood": -1269.2389647596958,
    "n_conditions": 443
}