{
    "participantID": "dt",
    "modelType": "gaussian_LapseFree_sharedPrior",
    "fittedParams": [
        0.20841573768207655,
        0.13705512944817302,
        0.29559033986341193,
        0.9742025501969374,
        0.505523628848278,
        0.08956949952394659,
        0.07954729616026807,
        -0.022579708798789067,
        11.551287815277991
    ],
    "AIC": 2566.2803984848247,
    "BIC": 2603.122526415231,
    "logLikelihood": -1274.1401992424123,
    "n_conditions": 443
}