{
    "participantID": "dt",
    "modelType": "gaussian_LapseFree_sharedPrior",
    "fittedParams": [
        0.24353455135149032,
        0.10966669006875229,
        0.2571552248473017,
        0.9999939025877999,
        0.28387744362087686,
        0.16227475693926863,
        0.15927864507666528
    ],
    "AIC": 2549.1866605868804,
    "BIC": 2577.841648977196,
    "logLikelihood": -1267.5933302934402,
    "n_conditions": 443
}