{
    "participantID": "dt",
    "modelType": "gaussian_LapseFree_sharedPrior",
    "fittedParams": [
        0.20860074078232824,
        0.12849491372187666,
        0.2549479497403545,
        0.9777014249740889,
        0.2617720114832187,
        0.11852950568737325,
        0.10723459780466824,
        -0.6904208742588556,
        3.9749360891389225
    ],
    "AIC": 2557.7675459193856,
    "BIC": 2594.7906855378756,
    "logLikelihood": -1269.8837729596928,
    "n_conditions": 452
}