{
    "participantID": "dt",
    "modelType": "lognorm_LapseFree_sharedPrior",
    "fittedParams": [
        0.22686943021168418,
        0.23203807767893292,
        0.5213315829807379,
        0.5547553696060548,
        0.586556171556731,
        0.1576040981647202,
        0.17360800607021704,
        0.9645673573912519,
        3.8899935354716035
    ],
    "AIC": 2566.1243589196483,
    "BIC": 2602.9664868500545,
    "logLikelihood": -1274.0621794598242,
    "n_conditions": 443
}