{
    "participantID": "dt",
    "modelType": "lognorm_LapseFree_sharedPrior",
    "fittedParams": [
        0.27528706140859727,
        0.20040147823414955,
        0.3216995828125505,
        0.5244267333768221,
        0.5474633302867078,
        0.19619577890732326,
        0.22246536564921154
    ],
    "AIC": 2551.875119803603,
    "BIC": 2580.6708950624284,
    "logLikelihood": -1268.9375599018015,
    "n_conditions": 452
}