{
    "participantID": "dt",
    "modelType": "lognorm_LapseFree_contextualPrior",
    "fittedParams": [
        0.3078656132519245,
        0.20853880368173117,
        0.35962691646069284,
        0.3708804407775402,
        0.5623398917913437,
        0.19163490250706675,
        0.21220652356743813,
        0.679698082563281,
        0.0027033638209104094,
        5.873527490134984
    ],
    "AIC": 2556.2965017385036,
    "BIC": 2597.232199438955,
    "logLikelihood": -1268.1482508692518,
    "n_conditions": 443
}