{
    "participantID": "dt",
    "modelType": "lognorm",
    "fittedParams": [
        0.25,
        0.2190196151956184,
        0.45821184569964546,
        0.7864084729578862,
        0.5354077423621948,
        0.19208389659814173,
        0.2285743604493476
    ],
    "AIC": 2554.679740834803,
    "BIC": 2583.3347292251187,
    "logLikelihood": -1270.3398704174015,
    "n_conditions": 443
}