{
    "participantID": "dt",
    "modelType": "lognorm_LapseFree_sharedPrior",
    "fittedParams": [
        0.25,
        0.21481552124023434,
        0.4142173767089843,
        0.6609103103637696,
        0.55578125,
        0.1951618194580078,
        0.21702919006347657
    ],
    "AIC": 2551.7834414319273,
    "BIC": 2580.438429822243,
    "logLikelihood": -1268.8917207159636,
    "n_conditions": 443
}