{
    "participantID": "dt",
    "modelType": "lognorm_LapseFree_sharedPrior",
    "fittedParams": [
        0.078082350471249,
        0.33367513379194225,
        0.7271954744365885,
        0.8302024743817029,
        2.222825957592445,
        0.0010000844447533852,
        0.057128545855185925
    ],
    "AIC": 2577.462872377038,
    "BIC": 2593.917601096367,
    "logLikelihood": -1284.731436188519,
    "n_conditions": 452
}