{
    "participantID": "dt",
    "modelType": "logLinearMismatch_LapseFree_sharedPrior",
    "fittedParams": [
        0.25,
        0.20464249134063717,
        0.48008120059967035,
        0.9494651231765747,
        0.48945968627929687,
        0.19367509841918945,
        0.22233460426330567,
        0.7294222831726074,
        8.872517085075378
    ],
    "AIC": 2554.666424117489,
    "BIC": 2591.508552047895,
    "logLikelihood": -1268.3332120587445,
    "n_conditions": 443
}