{
    "participantID": "dt",
    "modelType": "logLinearMismatch_LapseFree_sharedPrior",
    "fittedParams": [
        0.2955874561563857,
        0.2261132866425911,
        0.5375680586826653,
        0.5196040793698402,
        0.5621202723971244,
        0.11426635744616244,
        0.18520044792533502,
        2.150836557982357,
        11.447536592537427
    ],
    "AIC": 2559.2422486602486,
    "BIC": 2596.0843765906548,
    "logLikelihood": -1270.6211243301243,
    "n_conditions": 443
}