{
    "participantID": "dt",
    "modelType": "lognorm_LapseFree_sharedPrior",
    "fittedParams": [
        0.2901660089195659,
        0.21258583902130335,
        0.39792943646610635,
        0.7321287596219919,
        0.5024081386689568,
        0.19971375441030287,
        0.1970921352054472,
        0.08354251182212467,
        1.098825920862419
    ],
    "AIC": 2555.036339477574,
    "BIC": 2591.87846740798,
    "logLikelihood": -1268.518169738787,
    "n_conditions": 443
}