{
    "participantID": "dt",
    "modelType": "lognorm",
    "fittedParams": [
        0.28499318829979303,
        0.18189789777709164,
        0.3259944095520518,
        0.564433042962071,
        0.4569774981755472,
        0.3259944095520518
    ],
    "AIC": 2550.279580590011,
    "BIC": 2574.8409992102816,
    "logLikelihood": -1269.1397902950055,
    "n_conditions": 443
}