{
    "participantID": "dt",
    "modelType": "lognorm_LapseFree_sharedPrior",
    "fittedParams": [
        0.25,
        0.21481552124023434,
        0.4142173767089843,
        0.6609103103637696,
        0.55578125,
        0.1951618194580078,
        0.21702919006347657
    ],
    "AIC": 2552.0456194685667,
    "BIC": 2580.7006078588824,
    "logLikelihood": -1269.0228097342833,
    "n_conditions": 443
}