{
    "participantID": "dt",
    "modelType": "logLinearMismatch_LapseFree_contextualPrior",
    "fittedParams": [
        0.24964634208782288,
        0.20589090115719882,
        0.461652763952465,
        0.5823188994387369,
        0.49106363521094865,
        0.2102948994834975,
        0.21331588360333242,
        0.4321262568479165
    ],
    "AIC": 2551.047821499688,
    "BIC": 2583.796379660049,
    "logLikelihood": -1267.523910749844,
    "n_conditions": 443
}