{
    "participantID": "dt",
    "modelType": "lognorm_LapseFree_sharedPrior",
    "fittedParams": [
        0.23553674618555318,
        0.22214715235182012,
        0.36053038595708675,
        0.596017894189918,
        0.6736598847350459,
        0.22743057477493545,
        0.19265916470201902
    ],
    "AIC": 2553.705203367859,
    "BIC": 2582.5009786266846,
    "logLikelihood": -1269.8526016839296,
    "n_conditions": 452
}