{
    "participantID": "dt",
    "modelType": "logLinearMismatch_LapseFree_sharedPrior",
    "fittedParams": [
        0.30325576499307205,
        0.19795011796498602,
        0.3020611140091444,
        0.7179963400032459,
        0.49905139041940194,
        0.2412656173486033,
        0.28783140465370866
    ],
    "AIC": 2555.130000596365,
    "BIC": 2583.9257758551903,
    "logLikelihood": -1270.5650002981824,
    "n_conditions": 452
}