{
    "participantID": "dt",
    "modelType": "lognorm_LapseFree_sharedPrior",
    "fittedParams": [
        0.29736976064466875,
        0.21079023971286592,
        0.3983064741977699,
        0.6227928481530398,
        0.53018836146889,
        0.19653768994316925,
        0.20475313059769107
    ],
    "AIC": 2562.3063393665675,
    "BIC": 2591.102114625393,
    "logLikelihood": -1274.1531696832837,
    "n_conditions": 452
}