{
    "participantID": "dt",
    "modelType": "lognorm",
    "fittedParams": [
        0.1584337233332917,
        0.2790213861782103,
        0.6506923848669975,
        0.9634367406768725,
        0.5794953839853406,
        0.11450287305051461,
        0.09609558479278349,
        0.9941893054099288
    ],
    "AIC": 2559.1959145667893,
    "BIC": 2591.9444727271502,
    "logLikelihood": -1271.5979572833946,
    "n_conditions": 443
}