{
    "participantID": "dt",
    "modelType": "lognorm_LapseFree_sharedPrior",
    "fittedParams": [
        0.30035988267852,
        0.19791469219461832,
        0.3055316658343932,
        0.5653568119953958,
        0.5266942718132727,
        0.2301037388275785,
        0.21946004528819468
    ],
    "AIC": 2553.335170363813,
    "BIC": 2582.1309456226386,
    "logLikelihood": -1269.6675851819066,
    "n_conditions": 452
}