{
    "participantID": "dt",
    "modelType": "lognorm_LapseFree_sharedPrior",
    "fittedParams": [
        0.28805400390625,
        0.2061443847656249,
        0.4258599609374999,
        0.9945312500000001,
        0.4158548535156251,
        0.18752470703125002,
        0.26046689453125005
    ],
    "AIC": 2556.1163115244226,
    "BIC": 2584.912086783248,
    "logLikelihood": -1271.0581557622113,
    "n_conditions": 452
}