{
    "participantID": "dt",
    "modelType": "logLinearMismatch_LapseFree_sharedPrior",
    "fittedParams": [
        0.2361704001792623,
        0.1995478092518305,
        0.45719134330293937,
        0.8136639332873795,
        0.5793064374478504,
        0.2493292464175737,
        0.16655832810268226
    ],
    "AIC": 2557.334474656343,
    "BIC": 2586.1302499151684,
    "logLikelihood": -1271.6672373281715,
    "n_conditions": 452
}