{
    "participantID": "dt",
    "modelType": "lognorm_LapseFree_sharedPrior",
    "fittedParams": [
        0.2377961764796253,
        0.2600223694837671,
        0.6431140814730054,
        0.9999913696628226,
        0.5405767901231743,
        0.07470769095892399,
        0.1020535217866801
    ],
    "AIC": 2560.563731750704,
    "BIC": 2589.3595070095294,
    "logLikelihood": -1273.281865875352,
    "n_conditions": 452
}