{
    "participantID": "dt",
    "modelType": "lognorm_LapseFree_sharedPrior",
    "fittedParams": [
        0.24662993859792248,
        0.23528324894502278,
        0.36548394122551636,
        0.5556616818646914,
        0.6443322107623165,
        0.2502646218846027,
        0.2181781485300433,
        4.761186077765345,
        12.127903845508673
    ],
    "AIC": 2550.0592413378845,
    "BIC": 2586.9013692682906,
    "logLikelihood": -1266.0296206689422,
    "n_conditions": 443
}