{
    "participantID": "dt",
    "modelType": "lognorm_LapseFree_contextualPrior",
    "fittedParams": [
        0.22359782521125454,
        0.23757272285511133,
        0.44810524104264904,
        0.6832237161829078,
        0.5715684437984601,
        0.13772037537346477,
        0.16932424381557212,
        0.6898008415440389
    ],
    "AIC": 2556.453774131786,
    "BIC": 2589.202332292147,
    "logLikelihood": -1270.226887065893,
    "n_conditions": 443
}