{
    "participantID": "dt",
    "modelType": "lognorm_LapseFree_sharedPrior",
    "fittedParams": [
        0.293540972397849,
        0.19991426232270892,
        0.4964881096687167,
        0.9958426468074322,
        0.46713655242696406,
        0.20588416973901913,
        0.22634260930530728,
        0.28376800067722796,
        8.204487587185575
    ],
    "AIC": 2554.9572719636117,
    "BIC": 2591.9804115821016,
    "logLikelihood": -1268.4786359818058,
    "n_conditions": 452
}