{
    "participantID": "dt",
    "modelType": "logLinearMismatch",
    "fittedParams": [
        0.249945111409761,
        0.22287116821855302,
        0.49278871141374114,
        0.7245345564025455,
        0.4870891749858856,
        0.16149753422942012,
        0.20837980976793916
    ],
    "AIC": 2552.01621695523,
    "BIC": 2580.671205345546,
    "logLikelihood": -1269.008108477615,
    "n_conditions": 443
}