{
    "participantID": "dt",
    "modelType": "lognorm_LapseFree_sharedPrior",
    "fittedParams": [
        0.27791825838734563,
        0.2448790779321243,
        0.39977275351277175,
        0.7864533208965199,
        0.5059696511691826,
        0.24282715999524446,
        0.17474875858411432
    ],
    "AIC": 2556.525921774084,
    "BIC": 2585.3216970329095,
    "logLikelihood": -1271.262960887042,
    "n_conditions": 452
}