{
    "participantID": "dt",
    "modelType": "lognorm_LapseFree_sharedPrior",
    "fittedParams": [
        0.32011330019785095,
        0.20105330672115085,
        0.43786458418704566,
        0.7559958876110613,
        0.48954072434920826,
        0.2102808770232834,
        0.2234479964577593,
        0.3387180096283555,
        1.0946992411655776
    ],
    "AIC": 2559.479432225778,
    "BIC": 2596.321560156184,
    "logLikelihood": -1270.739716112889,
    "n_conditions": 443
}