{
    "participantID": "dt",
    "modelType": "lognormal",
    "fittedParams": [
        0.24650979995727543,
        0.21340130805969237,
        0.45868017196655264,
        0.7644279122352601,
        0.48832473754882816,
        0.45868017196655264
    ],
    "AIC": 2555.536707522527,
    "BIC": 2580.098126142798,
    "logLikelihood": -1271.7683537612636,
    "n_conditions": 443
}