{
    "participantID": "dt",
    "modelType": "lognorm_LapseFree_contextualPrior",
    "fittedParams": [
        0.22735848812453605,
        0.23686370387470668,
        0.5035620975719728,
        0.7719520129243791,
        0.5810745725504066,
        0.1840364185335635,
        0.19341930018907974,
        0.9992010310562691,
        0.31769981055050667,
        8.723690699917709
    ],
    "AIC": 2566.166914808224,
    "BIC": 2607.1026125086755,
    "logLikelihood": -1273.083457404112,
    "n_conditions": 443
}