{
    "participantID": "dt",
    "modelType": "lognorm_LapseFree_contextualPrior",
    "fittedParams": [
        0.2733200088679348,
        0.20325842814299333,
        0.5243260469858572,
        0.5290205589453592,
        0.4668377064839905,
        0.20992082546929833,
        0.203720881839096,
        0.9993315841189315,
        0.34458026455108437,
        9.881169114105273
    ],
    "AIC": 2560.1586341696284,
    "BIC": 2601.0943318700797,
    "logLikelihood": -1270.0793170848142,
    "n_conditions": 443
}