{
    "participantID": "dt",
    "modelType": "probabilityMatching_LapseFree_contextualPrior",
    "fittedParams": [
        0.26252530664205553,
        0.10951724480837577,
        0.25419831544160837,
        0.20138762821853157,
        0.2826156443357468,
        0.17239966392517092,
        0.14923493146896363,
        0.9110995412718504,
        0.4839613910764456,
        6.03879350962165
    ],
    "AIC": 2552.6428112357817,
    "BIC": 2593.578508936233,
    "logLikelihood": -1266.3214056178908,
    "n_conditions": 443
}