{
    "participantID": "dt",
    "modelType": "probabilityMatching_LapseFree_sharedPrior",
    "fittedParams": [
        0.30546890706604385,
        0.0851770862744273,
        0.14587583332023094,
        0.43638410488106627,
        0.2413260585563644,
        0.25544760305409814,
        0.2799153965596709,
        1.4710582170164617,
        5.003390240000393
    ],
    "AIC": 2551.7814909160466,
    "BIC": 2588.6236188464527,
    "logLikelihood": -1266.8907454580233,
    "n_conditions": 443
}