{
    "participantID": "dt",
    "modelType": "probabilityMatching_LapseFree_sharedPrior",
    "fittedParams": [
        0.14166461317588275,
        0.16722337483729366,
        0.29137843248943707,
        0.0424506482914182,
        0.672318494337692,
        0.0010000117974741929,
        0.051721993552330175
    ],
    "AIC": 2575.142331511218,
    "BIC": 2603.9381067700433,
    "logLikelihood": -1280.571165755609,
    "n_conditions": 452
}