{
    "participantID": "dt",
    "modelType": "probabilityMatchingLogNorm_LapseFree_sharedPrior",
    "fittedParams": [
        0.08486665115356445,
        0.33367513379194225,
        0.7271954744365885,
        7.629394530583866e-07,
        2.222825957592445,
        0.001000304412841796,
        0.0725388442993164
    ],
    "AIC": 2580.5871221023476,
    "BIC": 2597.0418508216767,
    "logLikelihood": -1286.2935610511738,
    "n_conditions": 452
}