{
    "participantID": "dt",
    "modelType": "probabilityMatchingLogNorm_LapseFree_sharedPrior",
    "fittedParams": [
        0.24747506976127626,
        0.22765049457550046,
        0.5241857743263244,
        0.9479578520536422,
        0.5084474563598633,
        0.17054856300354004,
        0.18257782936096192,
        0.8980566263198853,
        6.401456074714661
    ],
    "AIC": 2557.9810742044397,
    "BIC": 2594.823202134846,
    "logLikelihood": -1269.9905371022198,
    "n_conditions": 443
}