{
    "participantID": "dt",
    "modelType": "probabilityMatchingLogNorm_LapseFree_sharedPrior",
    "fittedParams": [
        0.27870351015231937,
        0.21701238726806016,
        0.5155209937040717,
        0.9953703790986823,
        0.4822745261749748,
        0.2049549644185679,
        0.19804568606018896,
        0.39817317140362096,
        9.13381498037332
    ],
    "AIC": 2555.987603878567,
    "BIC": 2592.829731808973,
    "logLikelihood": -1268.9938019392835,
    "n_conditions": 443
}