{
    "participantID": "dt",
    "modelType": "probabilityMatchingLogNorm_LapseFree_sharedPrior",
    "fittedParams": [
        0.2399770224157311,
        0.2788656264566619,
        0.5635808330681391,
        0.13648244109644447,
        0.6021126662089993,
        0.08832168650505064,
        0.07483395154205472
    ],
    "AIC": 2559.9304002536032,
    "BIC": 2588.7261755124287,
    "logLikelihood": -1272.9652001268016,
    "n_conditions": 452
}