{
    "participantID": "dt",
    "modelType": "probabilityMatchingLogNorm_LapseFree_sharedPrior",
    "fittedParams": [
        0.2742817060695466,
        0.20314656669305858,
        0.278030045393816,
        0.09319838810087593,
        0.3896355459094094,
        0.1960470086905867,
        0.24034039554350276,
        0.4397035878112223,
        12.162334914083228
    ],
    "AIC": 2557.867384535319,
    "BIC": 2594.890524153809,
    "logLikelihood": -1269.9336922676596,
    "n_conditions": 452
}