{
    "participantID": "dt",
    "modelType": "probabilityMatchingLogNorm_LapseFree_sharedPrior",
    "fittedParams": [
        0.32994507376998666,
        0.17756542833834876,
        0.42623486136764277,
        0.015086995065212161,
        0.3958525671771167,
        0.2726266619294882,
        0.2619490200132132
    ],
    "AIC": 2555.615170294687,
    "BIC": 2584.410945553512,
    "logLikelihood": -1270.8075851473434,
    "n_conditions": 452
}