{
    "participantID": "dt",
    "modelType": "probabilityMatchingLogNorm_LapseFree_sharedPrior",
    "fittedParams": [
        0.31798201104945356,
        0.18851426363232393,
        0.45840183004415336,
        0.1564511949473853,
        0.48547137125890283,
        0.21278232942922085,
        0.22397074883439527
    ],
    "AIC": 2556.5280345483875,
    "BIC": 2585.323809807213,
    "logLikelihood": -1271.2640172741937,
    "n_conditions": 452
}