{
    "participantID": "dt",
    "modelType": "probabilityMatchingLogNorm_LapseFree_sharedPrior",
    "fittedParams": [
        0.2774637653380633,
        0.21858225680798282,
        0.5456068631646036,
        0.0006038710474967068,
        0.530223304015696,
        0.19146067945957185,
        0.21562489057630302
    ],
    "AIC": 2559.6870541151156,
    "BIC": 2588.482829373941,
    "logLikelihood": -1272.8435270575578,
    "n_conditions": 452
}