{
    "participantID": "dt",
    "modelType": "switchingFree_LapseFree_sharedPrior",
    "fittedParams": [
        0.291337895488739,
        0.15196847431182847,
        0.45287582199096665,
        0.1318595886230468,
        0.2153152213668822,
        0.19045483283996584,
        0.19561862592697143,
        0.5523564338684082
    ],
    "AIC": 2547.627738086665,
    "BIC": 2580.5371955253227,
    "logLikelihood": -1265.8138690433325,
    "n_conditions": 452
}