{
    "participantID": "dt",
    "modelType": "switching_LapseFree_sharedPrior",
    "fittedParams": [
        0.26412753442546416,
        0.07699700145852849,
        0.18199309427313748,
        0.6071496077673662,
        0.22185709032596873,
        0.12600885903223355,
        0.15091711544477016,
        3.2460964360575377,
        8.88644806178392
    ],
    "AIC": 2561.5336293141277,
    "BIC": 2598.375757244534,
    "logLikelihood": -1271.7668146570638,
    "n_conditions": 443
}