{
    "participantID": "dt",
    "modelType": "switchingFree_LapseFree_sharedPrior",
    "fittedParams": [
        0.20944117301728213,
        0.15302547763716295,
        0.5593901234041618,
        0.21496249982294346,
        0.16198370475196455,
        0.11966342497545417,
        0.15524589294771052,
        0.5311924134320174
    ],
    "AIC": 2552.9030111130137,
    "BIC": 2585.8124685516714,
    "logLikelihood": -1268.4515055565068,
    "n_conditions": 452
}