{
    "participantID": "dt",
    "modelType": "selection_LapseFree_sharedPrior",
    "fittedParams": [
        0.2917195150375366,
        0.10505793690681453,
        0.23589596390724177,
        0.9999999523162842,
        0.2603534710407258,
        0.23135881493091584,
        0.19205459842681885,
        0.3226557445526123,
        8.85476924174776
    ],
    "AIC": 2555.5178543750276,
    "BIC": 2592.3599823054337,
    "logLikelihood": -1268.7589271875138,
    "n_conditions": 443
}