{
    "participantID": "dt",
    "modelType": "selection_LapseFree_sharedPrior",
    "fittedParams": [
        0.0010000000185798608,
        0.33367513379194225,
        0.7271954744365885,
        0.5322881038300693,
        2.222825957592445,
        0.0010023001433582812,
        0.0010008947794092615
    ],
    "AIC": 2689.2672320482625,
    "BIC": 2705.7219607675916,
    "logLikelihood": -1340.6336160241312,
    "n_conditions": 452
}