{
    "participantID": "dt",
    "modelType": "selection_LapseFree_sharedPrior",
    "fittedParams": [
        0.189619650035569,
        0.13181455323171243,
        0.27429324125696375,
        0.7711706749176475,
        4.960108382389667,
        0.10828409939369356,
        0.13457820483222602,
        -1.9866467379241035,
        76.26642290351117
    ],
    "AIC": 2570.6307319013213,
    "BIC": 2607.653871519811,
    "logLikelihood": -1276.3153659506606,
    "n_conditions": 452
}