{
    "participantID": "dt",
    "modelType": "switchingWithConflict_LapseFree_sharedPrior",
    "fittedParams": [
        0.1775107183007349,
        0.076483123243961,
        0.22097279996058206,
        0.8218982291931752,
        0.13082511990767687,
        0.0019501623455085715,
        0.17233179263565107,
        2.7349107889481816,
        0.2192176173324697,
        5.657016262558148
    ],
    "AIC": 2572.9348697544574,
    "BIC": 2613.8705674549087,
    "logLikelihood": -1276.4674348772287,
    "n_conditions": 443
}