{
    "participantID": "dt",
    "modelType": "switchingFree_LapseFree_sharedPrior",
    "fittedParams": [
        0.0010000000000181253,
        0.33367513379194225,
        0.7271954744365885,
        0.09164061989881694,
        2.222825957592445,
        0.0010000000000181253,
        0.001001261473895676,
        0.9999999792717973
    ],
    "AIC": 2593.9944939649736,
    "BIC": 2614.562904864135,
    "logLikelihood": -1291.9972469824868,
    "n_conditions": 452
}