{
    "participantID": "dt",
    "modelType": "switching_LapseFree_sharedPrior",
    "fittedParams": [
        0.2865987056978047,
        0.15627132708102454,
        0.32268559954494225,
        0.503978631272912,
        0.30951034241404374,
        0.1730515628628433,
        0.19933834365084768
    ],
    "AIC": 2551.984919781355,
    "BIC": 2580.7806950401805,
    "logLikelihood": -1268.9924598906775,
    "n_conditions": 452
}