{
    "participantID": "dt",
    "modelType": "selection_LapseFree_sharedPrior",
    "fittedParams": [
        0.11507147615542636,
        0.13323016525589848,
        0.2746747751946653,
        0.3642970295622945,
        1.258394011910213,
        0.1201776871677488,
        0.12173700036806986
    ],
    "AIC": 2568.761690416227,
    "BIC": 2597.5574656750523,
    "logLikelihood": -1277.3808452081134,
    "n_conditions": 452
}