{
    "participantID": "dt",
    "modelType": "switchingFree_LapseFree_sharedPrior",
    "fittedParams": [
        0.2382283170013222,
        0.07877340671265733,
        0.2946956336784305,
        0.13302897272189823,
        0.04406529292567602,
        0.15991656582449532,
        0.13170291458073938,
        0.5918633977598425
    ],
    "AIC": 2551.109945928425,
    "BIC": 2583.858504088786,
    "logLikelihood": -1267.5549729642125,
    "n_conditions": 443
}