{
    "participantID": "dt",
    "modelType": "switchingFree_LapseFree_sharedPrior",
    "fittedParams": [
        0.2245796434330696,
        0.15554769398232793,
        0.5268154885233094,
        0.18482668267679397,
        0.19842962796299202,
        0.15568647069713917,
        0.16980612471043716,
        0.5923656207218301
    ],
    "AIC": 2554.435050754976,
    "BIC": 2587.344508193634,
    "logLikelihood": -1269.217525377488,
    "n_conditions": 452
}