{
    "participantID": "dt",
    "modelType": "selection_LapseFree_sharedPrior",
    "fittedParams": [
        0.0010000000743195236,
        0.23594394981761085,
        0.5142048512222803,
        0.9999999998137356,
        1.571775308011099,
        0.0010000000743195236,
        0.0010000000743195236
    ],
    "AIC": 2610.9156381622042,
    "BIC": 2627.3703668815333,
    "logLikelihood": -1301.4578190811021,
    "n_conditions": 452
}