{
    "participantID": "dt",
    "modelType": "switchingFree_LapseFree_sharedPrior",
    "fittedParams": [
        0.2921783010678832,
        0.1563212731827841,
        0.22939965229993908,
        0.13926146773155773,
        0.38350390513682264,
        0.22889352218061687,
        0.2046263682521647,
        0.48839284700807184
    ],
    "AIC": 2553.6929717147855,
    "BIC": 2586.602429153443,
    "logLikelihood": -1268.8464858573927,
    "n_conditions": 452
}