{
    "participantID": "dt",
    "modelType": "selection_LapseFree_sharedPrior",
    "fittedParams": [
        0.2603924643094186,
        0.1107497681595081,
        0.25882605289915095,
        0.8915744512574748,
        0.2578387309776129,
        0.152880439485237,
        0.16303824283401483
    ],
    "AIC": 2552.1438208703894,
    "BIC": 2580.939596129215,
    "logLikelihood": -1269.0719104351947,
    "n_conditions": 452
}