{
    "participantID": "dt",
    "modelType": "selection_LapseFree_sharedPrior",
    "fittedParams": [
        0.24018832365456366,
        0.10886527175216651,
        0.315939168367959,
        0.7383674261909433,
        0.2892414741334879,
        0.1787441068450875,
        0.16733118016993764
    ],
    "AIC": 2556.6605768986833,
    "BIC": 2585.4563521575087,
    "logLikelihood": -1271.3302884493417,
    "n_conditions": 452
}