{
    "participantID": "dt",
    "modelType": "switching_LapseFree_sharedPrior",
    "fittedParams": [
        0.20237864283689125,
        0.08826746433966037,
        0.20745539450763317,
        9.476425474885808e-07,
        0.5373966124869185,
        0.13772138252379665,
        0.20844486959739444,
        0.1579054604715202,
        7.671086103787774
    ],
    "AIC": 2573.9957280721037,
    "BIC": 2610.83785600251,
    "logLikelihood": -1277.9978640360519,
    "n_conditions": 443
}