{
    "participantID": "dt",
    "modelType": "selection_LapseFree_sharedPrior",
    "fittedParams": [
        0.001000019025802601,
        0.33367513379194225,
        0.7271954744365885,
        0.4608903884887695,
        2.222825957592445,
        0.001000019025802601,
        0.001000019025802601
    ],
    "AIC": 2689.5534596088123,
    "BIC": 2706.0081883281414,
    "logLikelihood": -1340.7767298044062,
    "n_conditions": 452
}