{
    "participantID": "dt",
    "modelType": "switchingFree_LapseFix_sharedPrior",
    "fittedParams": [
        0.25101558660748813,
        0.13974719447864414,
        0.36506794073350735,
        0.16202674176913656,
        0.23856801588593302,
        0.5123018350238226
    ],
    "AIC": 2549.640081958903,
    "BIC": 2574.3221750378966,
    "logLikelihood": -1268.8200409794515,
    "n_conditions": 452
}