{
    "participantID": "ml",
    "modelType": "fusionOnly_LapseFree_sharedPrior",
    "fittedParams": [
        0.0005144305796420667,
        0.22594006528248423,
        0.32398471450462235,
        0.34097684151958674,
        0.20358068190689665,
        4.234102438057889
    ],
    "AIC": 2504.8841473732277,
    "BIC": 2531.275716980439,
    "logLikelihood": -1246.4420736866139,
    "n_conditions": 601
}