{
    "participantID": "ml",
    "modelType": "fusionOnly_LapseFree_sharedPrior",
    "fittedParams": [
        0.03636615705366438,
        0.24362278711525878,
        0.30720960062455577,
        0.3226960066199122,
        2.376570671221045,
        8.315922905528844
    ],
    "AIC": 2511.0407934119835,
    "BIC": 2537.432363019195,
    "logLikelihood": -1249.5203967059917,
    "n_conditions": 601
}