{
    "participantID": "ml",
    "modelType": "fusionOnlyLogNorm_LapseFree_sharedPrior",
    "fittedParams": [
        0.25500998212020953,
        0.38989797430639106,
        0.5254118053534402,
        1.8773481385043427,
        0.005568928065575647,
        0.16318765881761235
    ],
    "AIC": 2513.123221221903,
    "BIC": 2526.3090060162494,
    "logLikelihood": -1253.5616106109514,
    "n_conditions": 599
}