{
    "participantID": "ml",
    "modelType": "fusionOnly_LapseFree_sharedPrior",
    "fittedParams": [
        0.21034613020447634,
        0.19202986655023113,
        0.2731558364479394,
        0.3251168553268421,
        0.0010000000000181253,
        0.09771560716820783
    ],
    "AIC": 2499.639654124065,
    "BIC": 2526.011223712758,
    "logLikelihood": -1243.8198270620326,
    "n_conditions": 599
}