{
    "participantID": "ml",
    "modelType": "fusionOnlyLogNorm_LapseFree_sharedPrior",
    "fittedParams": [
        0.18721096917259275,
        0.43300871345076297,
        0.5497693937111762,
        0.7654087386977335,
        0.0010155073239147827,
        0.1078676349024201
    ],
    "AIC": 2510.3551443371084,
    "BIC": 2536.726713925801,
    "logLikelihood": -1249.1775721685542,
    "n_conditions": 599
}