{
    "participantID": "ml",
    "modelType": "gaussian_LapseFree_sharedPrior",
    "fittedParams": [
        0.2397116773492381,
        0.22202299365168882,
        0.26780241546660716,
        0.9204724252819452,
        0.4813454296151624,
        0.07554093579959435,
        0.03259793483108246
    ],
    "AIC": 2520.5702465878876,
    "BIC": 2551.337077774696,
    "logLikelihood": -1253.2851232939438,
    "n_conditions": 599
}