{
    "participantID": "ml",
    "modelType": "gaussian_LapseFree_sharedPrior",
    "fittedParams": [
        0.1621008550573177,
        0.22359780723601508,
        0.31400077352357303,
        0.284106438182362,
        0.2794786050380311,
        0.03047279680604234,
        0.048738539551411324,
        0.5402408245892725,
        5.069653189849993
    ],
    "AIC": 2512.0286313406064,
    "BIC": 2551.615985751423,
    "logLikelihood": -1247.0143156703032,
    "n_conditions": 601
}