{
    "participantID": "ml",
    "modelType": "gaussian_LapseFree_sharedPrior",
    "fittedParams": [
        0.13237776275627297,
        0.22312401819180713,
        0.21312387097174157,
        0.7914340366876291,
        0.5963009728829893,
        0.042616813237928534,
        0.01082412451779076,
        1.8881727537316066,
        1.9160014994324663
    ],
    "AIC": 2497.0811226565856,
    "BIC": 2536.638477039625,
    "logLikelihood": -1239.5405613282928,
    "n_conditions": 599
}