{
    "participantID": "ml",
    "modelType": "gaussian",
    "fittedParams": [
        0.08637082803693835,
        0.22707391503783414,
        0.2767933413152085,
        0.7951061036947891,
        0.362781822568063,
        0.00021922969178475582,
        0.0008164288396002861
    ],
    "AIC": 2503.121144900565,
    "BIC": 2533.9113094423114,
    "logLikelihood": -1244.5605724502825,
    "n_conditions": 601
}