{
    "participantID": "ml",
    "modelType": "gaussian_LapseFree_sharedPrior",
    "fittedParams": [
        0.09365153687992242,
        0.24798907230985745,
        0.2628085433251406,
        0.886109624361832,
        0.39868828904946196,
        0.0017647386683342925,
        0.0024847518224590803
    ],
    "AIC": 2504.593663277945,
    "BIC": 2535.360494464753,
    "logLikelihood": -1245.2968316389724,
    "n_conditions": 599
}