{
    "participantID": "ml",
    "modelType": "lognorm_LapseFree_sharedPrior",
    "fittedParams": [
        0.2553255114614964,
        0.41096693540811524,
        0.4967796358877419,
        0.9999999880790711,
        0.7390929473632575,
        0.001704218679666497,
        0.15626723494529726
    ],
    "AIC": 2510.477008717638,
    "BIC": 2541.2438399044463,
    "logLikelihood": -1248.238504358819,
    "n_conditions": 599
}