{
    "participantID": "ml",
    "modelType": "logLinearMismatch_LapseFree_sharedPrior",
    "fittedParams": [
        0.20092935069749418,
        0.37290550088757285,
        0.49724356381319124,
        0.8233140325024095,
        0.8200322927328881,
        0.07625747393163271,
        0.05370140934387949,
        3.690376551375495,
        9.160551147341314
    ],
    "AIC": 2547.7961725777554,
    "BIC": 2587.383526988572,
    "logLikelihood": -1264.8980862888777,
    "n_conditions": 601
}