{
    "participantID": "ml",
    "modelType": "logLinearMismatch_LapseFree_sharedPrior",
    "fittedParams": [
        0.2544510623251655,
        0.38989797430639106,
        0.5254118053534402,
        0.982180548412335,
        1.8773481385043427,
        0.04668368571634741,
        0.03814240066713976
    ],
    "AIC": 2536.2972533627194,
    "BIC": 2553.878299755181,
    "logLikelihood": -1264.1486266813597,
    "n_conditions": 599
}