{
    "participantID": "ml",
    "modelType": "lognorm_LapseFree_sharedPrior",
    "fittedParams": [
        0.2703867451409889,
        0.45416422742064466,
        0.44587436424966487,
        0.8778419562313502,
        0.9450067119242355,
        0.0010000000002902965,
        0.1807662568568092
    ],
    "AIC": 2523.5675520595096,
    "BIC": 2554.334383246318,
    "logLikelihood": -1254.7837760297548,
    "n_conditions": 599
}