{
    "participantID": "ml",
    "modelType": "lognorm_LapseFree_sharedPrior",
    "fittedParams": [
        0.18905795135894488,
        0.3987883733592327,
        0.5377780081170327,
        0.9083167745457189,
        1.0080542556802738,
        0.02129350499666214,
        0.09567854263175804,
        2.914658297401385,
        6.619663718992038
    ],
    "AIC": 2518.1673155092217,
    "BIC": 2557.7546699200384,
    "logLikelihood": -1250.0836577546108,
    "n_conditions": 601
}