{
    "participantID": "ml",
    "modelType": "lognorm_LapseFree_sharedPrior",
    "fittedParams": [
        0.23830515330722055,
        0.4225811909222976,
        0.4968497306163828,
        0.9117999802704199,
        0.9035676379588538,
        0.0346515542267517,
        0.20576352538150047
    ],
    "AIC": 2516.283751516193,
    "BIC": 2547.0505827030015,
    "logLikelihood": -1251.1418757580966,
    "n_conditions": 599
}