{
    "participantID": "ml",
    "modelType": "lognorm",
    "fittedParams": [
        0.25,
        0.38309549808502197,
        0.5121628046035767,
        0.999999976181984,
        0.7672549057006837,
        0.008141446113586415,
        0.1300576448440552
    ],
    "AIC": 2512.9688122418793,
    "BIC": 2543.7589767836257,
    "logLikelihood": -1249.4844061209396,
    "n_conditions": 601
}