{
    "participantID": "ml",
    "modelType": "lognorm_LapseFree_contextualPrior",
    "fittedParams": [
        0.19795835522555572,
        0.45354872319650885,
        0.38864445642677303,
        0.18084968373150329,
        0.7687476749543566,
        0.005156825758326156,
        0.12787302769817907,
        0.7475523897795938,
        0.39999796339718163,
        1.1239191792159033
    ],
    "AIC": 2510.8578637545197,
    "BIC": 2554.8438130998716,
    "logLikelihood": -1245.4289318772599,
    "n_conditions": 601
}