{
    "participantID": "ml",
    "modelType": "logLinearMismatch",
    "fittedParams": [
        0.2495213642716408,
        0.42345258831977844,
        0.49574900269508365,
        0.9999950339436532,
        0.7916921997070313,
        1.387894153594138e-05,
        0.10803391486406326
    ],
    "AIC": 2532.7884021531663,
    "BIC": 2563.5785666949128,
    "logLikelihood": -1259.3942010765832,
    "n_conditions": 601
}