{
    "participantID": "ml",
    "modelType": "lognorm_LapseFree_contextualPrior",
    "fittedParams": [
        0.16707445071535187,
        0.41329949991777537,
        0.47991444394923743,
        0.31292102159932256,
        0.8056101358076557,
        0.003840530628710981,
        0.08500863789431751,
        0.9999999998137356,
        0.38888241320848466,
        3.223262535312227
    ],
    "AIC": 2507.853053495556,
    "BIC": 2551.839002840908,
    "logLikelihood": -1243.926526747778,
    "n_conditions": 601
}