{
    "participantID": "ml",
    "modelType": "lognorm_LapseFree_sharedPrior",
    "fittedParams": [
        0.22152957104733215,
        0.4050393591972533,
        0.515356250302866,
        0.8236531853675843,
        0.6659519813081716,
        0.0030374352523358517,
        0.12883423239761033,
        0.39673824374563993,
        7.640614978037775
    ],
    "AIC": 2520.729823312693,
    "BIC": 2560.3171777235098,
    "logLikelihood": -1251.3649116563465,
    "n_conditions": 601
}