{
    "participantID": "ml",
    "modelType": "lognorm_LapseFree_sharedPrior",
    "fittedParams": [
        0.25018548398017887,
        0.39182178408622725,
        0.4836806323814391,
        0.9999999523162842,
        0.8089568119883537,
        0.0012499895334243671,
        0.18277986211776734
    ],
    "AIC": 2509.4100856466735,
    "BIC": 2540.1769168334818,
    "logLikelihood": -1247.7050428233367,
    "n_conditions": 599
}