{
    "participantID": "ml",
    "modelType": "lognorm_LapseFree_sharedPrior",
    "fittedParams": [
        0.2124820464304788,
        0.45167160621713665,
        0.5209815011890829,
        0.9994766876899974,
        1.0471254043317664,
        0.001592903276162766,
        0.06625531612931779
    ],
    "AIC": 2513.578918702931,
    "BIC": 2544.345749889739,
    "logLikelihood": -1249.7894593514654,
    "n_conditions": 599
}