{
    "participantID": "ml",
    "modelType": "logLinearMismatch_LapseFree_sharedPrior",
    "fittedParams": [
        0.21925232024672142,
        0.46439226235409925,
        0.5157651278366869,
        0.9499997056159768,
        0.9729688617460124,
        1.162443385513412e-05,
        0.09008104867100886,
        0.9999984617527389,
        9.998851331500262
    ],
    "AIC": 2534.757923216158,
    "BIC": 2574.3452776269746,
    "logLikelihood": -1258.378961608079,
    "n_conditions": 601
}