{
    "participantID": "ml",
    "modelType": "lognorm_LapseFree_sharedPrior",
    "fittedParams": [
        0.2638036848867778,
        0.41250619819154954,
        0.5134071080805733,
        0.9993200749158859,
        0.7202299532946199,
        0.0031693979684263296,
        0.17596111756130123,
        0.3999997590575367,
        9.717348884702579
    ],
    "AIC": 2526.5741794621813,
    "BIC": 2566.161533872998,
    "logLikelihood": -1254.2870897310906,
    "n_conditions": 601
}