{
    "participantID": "ml",
    "modelType": "lognorm_LapseFree_sharedPrior",
    "fittedParams": [
        0.2235673947028816,
        0.38989797430639106,
        0.5254118053534402,
        0.964953849464655,
        1.8773481385043427,
        0.0010000002972781474,
        0.12293536562845112
    ],
    "AIC": 2510.445640872238,
    "BIC": 2528.0266872647,
    "logLikelihood": -1251.222820436119,
    "n_conditions": 599
}