{
    "participantID": "ml",
    "modelType": "lognorm_LapseFree_sharedPrior",
    "fittedParams": [
        0.2051339297536826,
        0.43809824842714074,
        0.5007853114047247,
        0.7651175590333879,
        0.7608263191785408,
        0.002077828448593194,
        0.11522498649439003,
        0.3951571017858805,
        3.662594795116638
    ],
    "AIC": 2510.309441853896,
    "BIC": 2549.866796236935,
    "logLikelihood": -1246.154720926948,
    "n_conditions": 599
}