{
    "participantID": "ml",
    "modelType": "lognorm_LapseFree_sharedPrior",
    "fittedParams": [
        0.25,
        0.40288433931745193,
        0.4847981019271787,
        0.6412158015674531,
        0.6667299375872153,
        5.997321300688085e-08,
        0.1672553849934366,
        0.8487731119967805,
        6.909877484610641
    ],
    "AIC": 2524.411289916078,
    "BIC": 2563.998644326895,
    "logLikelihood": -1253.205644958039,
    "n_conditions": 601
}