{
    "participantID": "ml",
    "modelType": "logLinearMismatch_LapseFree_sharedPrior",
    "fittedParams": [
        0.17495107736161977,
        0.4456743269091913,
        0.4825896483669194,
        0.9861806634366006,
        0.7407950530045799,
        0.02757774519148095,
        0.23946594342724592
    ],
    "AIC": 2535.3433322618193,
    "BIC": 2566.1101634486276,
    "logLikelihood": -1260.6716661309097,
    "n_conditions": 599
}