{
    "participantID": "ml",
    "modelType": "lognorm_LapseFree_contextualPrior",
    "fittedParams": [
        0.21787116397172213,
        0.5036105497181415,
        0.30384154152125115,
        0.17551211164519193,
        1.2935303336381914,
        6.692484021186829e-06,
        0.11019826848059892,
        0.7269358403593302
    ],
    "AIC": 2507.436969878892,
    "BIC": 2542.6257293551735,
    "logLikelihood": -1245.718484939446,
    "n_conditions": 601
}