{
    "participantID": "ml",
    "modelType": "probabilityMatchingLogNorm_LapseFree_sharedPrior",
    "fittedParams": [
        0.20221187833580845,
        0.4281406741585756,
        0.3667196758392881,
        0.2247191636659408,
        0.5556916779940273,
        0.0010343598390488984,
        0.11428209746665925
    ],
    "AIC": 2515.5417232606555,
    "BIC": 2546.308554447464,
    "logLikelihood": -1250.7708616303278,
    "n_conditions": 599
}