{
    "participantID": "ml",
    "modelType": "probabilityMatching_LapseFree_contextualPrior",
    "fittedParams": [
        0.0985301907360554,
        0.20850164634641255,
        0.2190058073494583,
        0.022796439645509203,
        0.3121767219528556,
        0.001348228603601509,
        0.0031410198379308307,
        0.35117173870056867,
        0.33755648834630847,
        9.021285292408944
    ],
    "AIC": 2490.040936706173,
    "BIC": 2534.026886051525,
    "logLikelihood": -1235.0204683530865,
    "n_conditions": 601
}