{
    "participantID": "ml",
    "modelType": "probabilityMatchingLogNorm_LapseFree_sharedPrior",
    "fittedParams": [
        0.25155550722616404,
        0.38989797430639106,
        0.5254118053534402,
        2.7755575615628914e-15,
        1.8773481385043427,
        0.0010000000000011111,
        0.14896580084908892
    ],
    "AIC": 2512.440764899209,
    "BIC": 2530.021811291671,
    "logLikelihood": -1252.2203824496046,
    "n_conditions": 599
}