{
    "participantID": "ml",
    "modelType": "probabilityMatchingLogNorm_LapseFree_sharedPrior",
    "fittedParams": [
        0.23869244117151897,
        0.4094204035271535,
        0.5242330880466723,
        2.293809347908571e-06,
        0.8158940139979116,
        0.0010019867183314046,
        0.13159682880801465
    ],
    "AIC": 2508.217757190113,
    "BIC": 2538.9845883769212,
    "logLikelihood": -1247.1088785950565,
    "n_conditions": 599
}