{
    "participantID": "ml",
    "modelType": "probabilityMatchingLogNorm_LapseFree_sharedPrior",
    "fittedParams": [
        0.14743212861217694,
        0.4286620055269585,
        0.02143906067123382,
        0.5027736095410962,
        0.44114058629808706,
        0.01312702254216903,
        0.10374305608545609,
        0.583799987996756,
        9.651108029355298
    ],
    "AIC": 2478.871243935251,
    "BIC": 2518.4285983182904,
    "logLikelihood": -1230.4356219676256,
    "n_conditions": 599
}