{
    "participantID": "ml",
    "modelType": "probabilityMatching_LapseFree_sharedPrior",
    "fittedParams": [
        0.15270516413003207,
        0.20390065168251825,
        0.4358963957214542,
        0.024929996717764802,
        0.28415233351488833,
        0.001028705374054334,
        0.19160823052427986
    ],
    "AIC": 2523.9332621442413,
    "BIC": 2554.7000933310496,
    "logLikelihood": -1254.9666310721207,
    "n_conditions": 599
}