{
    "participantID": "ml",
    "modelType": "probabilityMatchingLogNorm_LapseFree_sharedPrior",
    "fittedParams": [
        0.20826677856174486,
        0.3791954185290689,
        0.4611638268178673,
        0.0132830969966935,
        0.7503454253535442,
        0.0010124339311557429,
        0.19335767462294193
    ],
    "AIC": 2512.2343569887735,
    "BIC": 2543.001188175582,
    "logLikelihood": -1249.1171784943867,
    "n_conditions": 599
}