{
    "participantID": "ml",
    "modelType": "probabilityMatching_LapseFree_sharedPrior",
    "fittedParams": [
        0.2532715646284456,
        0.21029872721477036,
        0.28448219000668573,
        0.9870733946934727,
        0.3081876956725828,
        0.013348625330072141,
        0.09962402293828052,
        -0.13711522084760047,
        4.906973269107463
    ],
    "AIC": 2507.8037558050128,
    "BIC": 2547.3911102158295,
    "logLikelihood": -1244.9018779025064,
    "n_conditions": 601
}