{
    "participantID": "ml",
    "modelType": "probabilityMatchingLogNorm_LapseFree_sharedPrior",
    "fittedParams": [
        0.39999999524354934,
        0.27569950160294737,
        0.37152225048088394,
        1.1920928855158053e-08,
        1.3274855993843624,
        0.11635134126543999,
        0.29476908959150316
    ],
    "AIC": 2520.3540436172407,
    "BIC": 2537.9350900097024,
    "logLikelihood": -1256.1770218086203,
    "n_conditions": 599
}