{
    "participantID": "ml",
    "modelType": "probabilityMatchingLogNorm_LapseFree_sharedPrior",
    "fittedParams": [
        0.22124114707112313,
        0.39391526520252224,
        0.5092234758660197,
        0.9495998591348529,
        0.7466790401935578,
        0.0004923041164875408,
        0.11834836870431903,
        0.2882539626210928,
        4.419435114488006
    ],
    "AIC": 2517.8147116538607,
    "BIC": 2557.4020660646775,
    "logLikelihood": -1249.9073558269304,
    "n_conditions": 601
}