{
    "participantID": "ml",
    "modelType": "probabilityMatchingLogNorm_LapseFree_sharedPrior",
    "fittedParams": [
        0.18153163628578187,
        0.501836634478569,
        0.00010009536266319952,
        0.588643217086792,
        0.34166798468112936,
        0.001000019025802601,
        0.18199827263355256
    ],
    "AIC": 2514.641725701669,
    "BIC": 2545.4085568884775,
    "logLikelihood": -1250.3208628508346,
    "n_conditions": 599
}