{
    "participantID": "ml",
    "modelType": "probabilityMatchingLogNorm_LapseFree_sharedPrior",
    "fittedParams": [
        0.153090655801259,
        0.4947935754823265,
        0.5650676555675453,
        0.9999773779301905,
        0.8070437401373056,
        0.0010036209572164556,
        0.07882502551006619,
        0.22466389992972838,
        9.99980512649179
    ],
    "AIC": 2527.224118340299,
    "BIC": 2566.8114727511156,
    "logLikelihood": -1254.6120591701495,
    "n_conditions": 601
}