{
    "participantID": "ml",
    "modelType": "probabilityMatchingLogNorm_LapseFix_sharedPrior",
    "fittedParams": [
        0.21636386642456057,
        0.3650668352794646,
        0.00011411367416369611,
        0.7206689834594727,
        0.28117954273223866
    ],
    "AIC": 2506.474812593626,
    "BIC": 2528.4511205842036,
    "logLikelihood": -1248.237406296813,
    "n_conditions": 599
}