{
    "participantID": "ml",
    "modelType": "selection_LapseFree_sharedPrior",
    "fittedParams": [
        0.1639814604434936,
        0.21672079513364606,
        0.2582987318718067,
        0.12447342028200563,
        0.2534581976921202,
        0.001261381583630327,
        0.11953107818850231,
        0.2577653266667437,
        10.53610169513772
    ],
    "AIC": 2502.755903378742,
    "BIC": 2542.313257761781,
    "logLikelihood": -1242.377951689371,
    "n_conditions": 599
}