{
    "participantID": "ml",
    "modelType": "switchingWithConflict_LapseFree_sharedPrior",
    "fittedParams": [
        0.2523305064697925,
        0.08966476580739247,
        0.23109892847016444,
        0.6092610285675619,
        1.4502490317978662,
        0.02614289966654032,
        0.04432252619838692,
        4.841572390939691,
        0.24765880602877588,
        1.4330978790707523
    ],
    "AIC": 2530.269856940817,
    "BIC": 2574.255806286169,
    "logLikelihood": -1255.1349284704086,
    "n_conditions": 601
}