{
    "participantID": "ml",
    "modelType": "selection_LapseFree_sharedPrior",
    "fittedParams": [
        0.15677375259285692,
        0.22331152724177616,
        0.2146086663544533,
        0.4406524993148196,
        0.6347891012207505,
        0.0010030513510703998,
        0.0024972762804210957
    ],
    "AIC": 2499.6299500773334,
    "BIC": 2530.3967812641417,
    "logLikelihood": -1242.8149750386667,
    "n_conditions": 599
}