{
    "participantID": "ml",
    "modelType": "switchingFree_LapseFree_sharedPrior",
    "fittedParams": [
        0.15703418252504875,
        0.17260152171406187,
        0.22077458549834894,
        0.21431604100487456,
        0.10881383202133371,
        0.0012117813298315391,
        0.003821627240240215,
        0.6864406704447552
    ],
    "AIC": 2492.1599173243535,
    "BIC": 2527.348676800635,
    "logLikelihood": -1238.0799586621768,
    "n_conditions": 601
}