{
    "participantID": "ml",
    "modelType": "selection_LapseFree_sharedPrior",
    "fittedParams": [
        0.17939091413476316,
        0.21651972380092854,
        0.21423781638308456,
        0.6866140761981527,
        0.36767212768726376,
        0.1275157080600951,
        0.07523493624798247
    ],
    "AIC": 2495.5476973218074,
    "BIC": 2526.3145285086157,
    "logLikelihood": -1240.7738486609037,
    "n_conditions": 599
}