{
    "participantID": "ml",
    "modelType": "switchingFree_LapseFree_sharedPrior",
    "fittedParams": [
        0.20669042401152143,
        0.36136438667750703,
        0.31279271182517754,
        0.2118000792907196,
        0.46962617587048117,
        0.0010153411804932344,
        0.08600847110705165,
        0.724619061455735
    ],
    "AIC": 2514.377873442922,
    "BIC": 2549.5399662278455,
    "logLikelihood": -1249.188936721461,
    "n_conditions": 599
}