{
    "participantID": "ml",
    "modelType": "selection_LapseFree_sharedPrior",
    "fittedParams": [
        0.14251200240052314,
        0.197604209293604,
        0.30644706060185845,
        0.6533628915494774,
        0.38635579901831085,
        0.0010000000002902965,
        0.0061361823476232535,
        0.3062964309603558,
        8.894071152056059
    ],
    "AIC": 2512.620677782657,
    "BIC": 2552.2080321934736,
    "logLikelihood": -1247.3103388913285,
    "n_conditions": 601
}