{
    "participantID": "ml",
    "modelType": "selection_LapseFree_sharedPrior",
    "fittedParams": [
        0.0010000002972781474,
        0.38989797430639106,
        0.5254118053534402,
        0.5799164075404406,
        1.8773481385043427,
        0.0010502770211547607,
        0.0010031159210950047
    ],
    "AIC": 2596.5283607773495,
    "BIC": 2614.109407169811,
    "logLikelihood": -1294.2641803886747,
    "n_conditions": 599
}