{
    "participantID": "ml",
    "modelType": "switchingFree_LapseFree_sharedPrior",
    "fittedParams": [
        0.23380354406511483,
        0.3373092961193991,
        0.43075691930444804,
        0.2290462922910343,
        0.24157892004739245,
        0.005749745446006177,
        0.11003133129846393,
        0.8131874974427302
    ],
    "AIC": 2504.7537883085206,
    "BIC": 2539.915881093444,
    "logLikelihood": -1244.3768941542603,
    "n_conditions": 599
}