{
    "participantID": "ml",
    "modelType": "selection_LapseFree_sharedPrior",
    "fittedParams": [
        0.21624712256005046,
        0.1862247908069098,
        0.24770226400216666,
        0.574670730672301,
        0.4624808484140581,
        0.0010000000000181253,
        0.0010021783673693774
    ],
    "AIC": 2504.8368591241124,
    "BIC": 2535.6036903109207,
    "logLikelihood": -1245.4184295620562,
    "n_conditions": 599
}