{
    "participantID": "ml",
    "modelType": "switching_LapseFree_sharedPrior",
    "fittedParams": [
        0.21938425658243163,
        0.28613448102714834,
        0.4051823574426445,
        0.62475134180836,
        1.9738899028551669,
        0.009161821063508241,
        0.12898705049470785
    ],
    "AIC": 2510.8610172412536,
    "BIC": 2541.627848428062,
    "logLikelihood": -1248.4305086206268,
    "n_conditions": 599
}