{
    "participantID": "ml",
    "modelType": "selection_LapseFree_sharedPrior",
    "fittedParams": [
        0.001001217651367181,
        0.38989797430639106,
        0.5254118053534402,
        0.9664016723632813,
        1.8773481385043427,
        0.001001217651367181,
        0.001001217651367181
    ],
    "AIC": 2587.9261216345094,
    "BIC": 2605.507168026971,
    "logLikelihood": -1289.9630608172547,
    "n_conditions": 599
}