{
    "participantID": "ml",
    "modelType": "switchingFree_LapseFix_sharedPrior",
    "fittedParams": [
        0.10171914446216543,
        0.3769784059983863,
        0.4195125540871638,
        0.23673795431386674,
        0.2874375824276846,
        0.7107619874877855
    ],
    "AIC": 2508.709194050416,
    "BIC": 2535.0807636391087,
    "logLikelihood": -1248.354597025208,
    "n_conditions": 599
}