{
    "participantID": "ml",
    "modelType": "switchingFree_LapseFree_sharedPrior",
    "fittedParams": [
        0.15685941305160522,
        0.38989797430639106,
        0.5254118053534402,
        0.2405698776245117,
        1.8773481385043427,
        0.0010000761032104288,
        0.0010000761032104288,
        0.9999998092651368
    ],
    "AIC": 2505.5205301263277,
    "BIC": 2527.496838116905,
    "logLikelihood": -1247.7602650631638,
    "n_conditions": 599
}