{
    "participantID": "ml",
    "modelType": "switchingFree_LapseFree_sharedPrior",
    "fittedParams": [
        0.23880504841266412,
        0.33115898657862275,
        0.40520105666125084,
        0.22533121074214485,
        0.14354797240128261,
        0.012812182175963738,
        0.09863058159253146,
        0.6822241069137112
    ],
    "AIC": 2505.4170785498195,
    "BIC": 2540.579171334743,
    "logLikelihood": -1244.7085392749098,
    "n_conditions": 599
}