{
    "participantID": "ml",
    "modelType": "selection_LapseFree_sharedPrior",
    "fittedParams": [
        0.11148979853292112,
        0.21017612013497944,
        0.24385294965595528,
        0.39507631583073816,
        1.9999142115802022,
        0.00100895015823807,
        0.0010000000002902965
    ],
    "AIC": 2495.9061623885127,
    "BIC": 2526.672993575321,
    "logLikelihood": -1240.9530811942564,
    "n_conditions": 599
}