{
    "participantID": "ml",
    "modelType": "switchingFree_LapseFree_sharedPrior",
    "fittedParams": [
        0.21298870761392039,
        0.3440697454353755,
        0.4339024663208888,
        0.259283910865037,
        0.15489817507542247,
        0.0010155874236989493,
        0.12818774577222936,
        0.7590118707760389
    ],
    "AIC": 2500.286640755364,
    "BIC": 2535.4487335402873,
    "logLikelihood": -1242.143320377682,
    "n_conditions": 599
}