{
    "participantID": "ml",
    "modelType": "switching_LapseFree_sharedPrior",
    "fittedParams": [
        0.3158817386757668,
        0.12744951101162053,
        0.20749221948822918,
        0.37816851796111295,
        4.536547135306025,
        0.0731040282792107,
        0.10876562590590289,
        0.23183621814613883,
        10.769832267042
    ],
    "AIC": 2516.3051480340073,
    "BIC": 2555.892502444824,
    "logLikelihood": -1249.1525740170036,
    "n_conditions": 601
}