{
  "participantID": "sx",
  "modelType": "lognorm",
  "true_params": [
    0.0010001342422045756,
    0.33921005301171236,
    0.33691544867392487,
    0.9999998213947973,
    1.0647684782979108,
    0.08869125069778204,
    0.1663210916604338
  ],
  "recovered_params_mean": [
    0.04729458677247113,
    0.524282186613129,
    0.23820252059127994,
    0.8349237846673765,
    1.6127199164284207,
    0.10217697570810333,
    0.15686080279387143
  ],
  "recovered_params_std": [
    0.03467672452224288,
    0.32140371840927656,
    0.0768256945099905,
    0.12831772073345088,
    0.42095349072250693,
    0.0502547510834179,
    0.048246480769494476
  ],
  "recovered_params_median": [
    0.047445354221058736,
    0.38895811468770297,
    0.2564480032317807,
    0.8763214223270293,
    1.7948856026008533,
    0.09811128350929094,
    0.16180173613112936
  ],
  "n_successful": 50,
  "n_attempted": 50,
  "all_recovered_params": [
    [
      0.08216244015866997,
      0.29711333562452485,
      0.2817626115147342,
      0.9889099068516739,
      2.0,
      0.13084193049401646,
      0.19745691681695623
    ],
    [
      0.04941158137145284,
      0.35890266226212925,
      0.28032670978319074,
      0.9394627125275353,
      2.0,
      0.07144460286642548,
      0.11604853336268436
    ],
    [
      0.03382876651070503,
      0.3788297089809906,
      0.31336882883270223,
      0.9202109930883344,
      2.0,
      0.06960178173192759,
      0.1847453363823703
    ],
    [
      0.09561190550817383,
      0.2945856465986579,
      0.24458434635454418,
      0.8814266041390378,
      2.0,
      0.15883071364510457,
      0.18471924957048494
    ],
    [
      0.02299131999698527,
      0.8014198277458726,
      0.1593726025313481,
      0.6615193561919461,
      1.0494660672202638,
      0.066800393961882,
      0.15116763341907088
    ],
    [
      0.00532153118612444,
      0.4103700748816121,
      0.3431657932097228,
      0.969993565954707,
      2.0,
      0.13807055596747253,
      0.10834472426479337
    ],
    [
      0.05528565252554457,
      0.7431085742165771,
      0.20058174566300976,
      0.7333252436090835,
      1.312679306670559,
      0.08864143067526237,
      0.11756983563723457
    ],
    [
      0.013867323130005105,
      0.3947806592695849,
      0.3041994606012854,
      0.9788928800668195,
      1.0943396426156702,
      0.10985703273693313,
      0.29257401306950737
    ],
    [
      0.07299914978023128,
      0.2956342434623759,
      0.29534264212706524,
      0.9529409257504294,
      2.0,
      0.2636755969303404,
      0.11579285597119386
    ],
    [
      0.05084334832832481,
      0.39645770875027797,
      0.35008840060445,
      0.9631231728307991,
      0.9698276758003403,
      0.0756975402823692,
      0.16127796052958676
    ],
    [
      0.021106166151691103,
      0.45134704292482697,
      0.23518189116981358,
      0.7500884757488363,
      1.639108010643326,
      0.07024347891178397,
      0.11512281639897806
    ],
    [
      0.009736542106516349,
      0.3858807473921547,
      0.27518693169369834,
      0.9487782454587016,
      2.0,
      0.13810677708719143,
      0.21458497809641047
    ],
    [
      0.016788516024332983,
      0.39989595761583235,
      0.24859886976828374,
      0.8236387638622095,
      1.8946266101103841,
      0.14263527352290378,
      0.1260599728229803
    ],
    [
      0.017644229123556742,
      1.237072024749136,
      0.18298011499814393,
      0.7376865185671526,
      1.549018231991892,
      0.06657001759083944,
      0.18357590237431085
    ],
    [
      0.0055336418972689585,
      0.3786795825990025,
      0.2631956999742171,
      0.8752238495752038,
      2.0,
      0.10240710360534135,
      0.16668725698074738
    ],
    [
      0.04373757083637588,
      0.36775532589172794,
      0.3151138631518731,
      0.9513515621555235,
      2.0,
      0.09050360705153045,
      0.12062580333620192
    ],
    [
      0.009459084049030172,
      0.3920354819832512,
      0.28432644137503904,
      0.8283424851851424,
      1.3148347806976317,
      0.1290696619808113,
      0.22728465462521208
    ],
    [
      0.09446281862421149,
      0.2766046283321283,
      0.2825875068064779,
      0.9628475614202159,
      2.0,
      0.13562800787194257,
      0.2232614223425724
    ],
    [
      0.08244467590847956,
      0.4013954096044975,
      0.22507868873203057,
      0.7149439300386052,
      1.0337579757118123,
      0.07611332029559023,
      0.09754333172402682
    ],
    [
      0.10079617125084682,
      0.4028836309220601,
      0.30190193830301587,
      0.9269471501957058,
      2.0,
      0.10092482578335131,
      0.2021865309271871
    ],
    [
      0.004233425320585148,
      0.728632122493022,
      0.17944246056786708,
      0.6664897517388709,
      1.1508969699460625,
      0.03980179623514439,
      0.1729035581987287
    ],
    [
      0.06806227095124769,
      0.3467479678409978,
      0.2920037490443731,
      0.9848178267078495,
      2.0,
      0.14774672354605728,
      0.1922911740296812
    ],
    [
      0.10864088711795045,
      2.0,
      0.08200872520339107,
      0.7739136789817336,
      1.7386633109458192,
      0.13834461584131127,
      0.19990676604713561
    ],
    [
      0.06575061851228113,
      0.4018334242267093,
      0.2528152409311825,
      0.7627371417434052,
      1.403482740185989,
      0.127330683315215,
      0.08315668865507612
    ],
    [
      0.05517793531895606,
      0.8314402144627253,
      0.0888959540516582,
      0.6231105619700186,
      1.3384105696192095,
      0.02493315629522344,
      0.09473553609069198
    ],
    [
      0.058387571133291585,
      0.3691720302630206,
      0.2617360443366329,
      0.842894981829792,
      2.0,
      0.1031102319246302,
      0.12026928410144626
    ],
    [
      0.02009199839151799,
      0.9070076720013036,
      0.19404767342315948,
      0.7281113584763247,
      1.377726954438156,
      0.09529774123523055,
      0.19515912915875425
    ],
    [
      0.05366081318319005,
      0.35545489104686423,
      0.22637078295801505,
      0.8226934427558862,
      2.0,
      0.1331435732688387,
      0.051349522141409504
    ],
    [
      0.008905318580496058,
      0.3240285396878356,
      0.33482756324294105,
      0.8995027704057723,
      2.0,
      0.06110583116899645,
      0.09731389552094417
    ],
    [
      0.05389667686123873,
      0.4882763533996636,
      0.20541727633164877,
      0.7032364350205562,
      1.3970843662413184,
      0.05078637573675918,
      0.14615241841367524
    ],
    [
      0.057627996645038274,
      0.2538823758155062,
      0.2208980632058957,
      0.8519129017439481,
      2.0,
      0.1459449105439564,
      0.25068046900726376
    ],
    [
      0.019336602706776167,
      0.9070435012189126,
      0.02776313206764676,
      0.5890209784830474,
      1.1842186368632621,
      0.08169332507566235,
      0.07701935504921073
    ],
    [
      0.0293050075449135,
      0.32146409363567685,
      0.2316146749708773,
      0.7678315053397065,
      1.8511078942558874,
      0.16463380706016906,
      0.09614223542792186
    ],
    [
      0.02325239869601544,
      0.372095337166366,
      0.32211982700463593,
      0.9841022823279729,
      2.0,
      0.1198200986968849,
      0.182825375979217
    ],
    [
      0.015709408633886653,
      0.3399567332824615,
      0.29872401644516566,
      0.9954315627839229,
      0.9931887408204644,
      0.09276390896387296,
      0.12595955076923773
    ],
    [
      0.019710455475679577,
      0.3095932158738678,
      0.2670198434524288,
      0.9008786158676673,
      2.0,
      0.12389708710980847,
      0.14957629174998885
    ],
    [
      0.019069071963100287,
      0.9931809927299785,
      0.09552077662832241,
      0.5720932977625618,
      1.3905396462433364,
      0.00793219931294949,
      0.1712531561845106
    ],
    [
      0.056299463078447534,
