{
    "participantID": "dt",
    "dataName": "dt_all.csv",
    "n_params": 42,
    "n_conditions": 348,
    "n_trials": 2226,
    "parameters": [
        0.11997320753814497,
        -0.06073457550532493,
        0.3287044913144033,
        0.11179189934897475,
        -0.0754410336394169,
        0.41628260625159486,
        0.0,
        -0.018369001762284273,
        0.3867033724184191,
        0.25,
        -0.022468187837317168,
        0.26203705104107217,
        0.13467907173828694,
        0.003545291881320691,
        0.3124268620355473,
        0.25,
        0.06474353767504615,
        0.2011470103219476,
        0.25,
        0.00986670305590255,
        0.22439021441353635,
        0.08859059731863042,
        -0.125291534065702,
        0.46005653864745244,
        0.25,
        -0.20755784726119414,
        0.6214596940777666,
        0.0,
        -0.034936295180184936,
        0.5505488431104331,
        0.25,
        0.11366291506390613,
        0.5206607741597702,
        0.25,
        0.13151348373661806,
        0.4730438742505392,
        0.25,
        0.27391221386919196,
        0.437022816642628,
        0.25,
        0.4608009105354196,
        0.5480768563925945
    ],
    "log_likelihood": -1255.2689665752264,
    "AIC": 2594.537933150453,
    "BIC": 2756.3304373009805,
    "success": true,
    "message": "CONVERGENCE: REL_REDUCTION_OF_F_<=_FACTR*EPSMCH",
    "uniqueSensory": [
        0.1,
        1.2
    ],
    "uniqueStandard": [
        0.5
    ],
    "uniqueConflict": [
        -0.25,
        -0.17,
        -0.08,
        0.0,
        0.08,
        0.17,
        0.25
    ],
    "nStart": 1
}