{
    "participantID": "dt",
    "dataName": "dt_all",
    "n_params": 42,
    "n_conditions": 360,
    "n_trials": 2226,
    "parameters": [
        0.19550010203157261,
        -0.08832756599415803,
        0.3040274846723518,
        0.05206803680329062,
        -0.12652933225568613,
        0.48578648043762407,
        0.0,
        -0.06420934015701231,
        0.3864798818530531,
        0.25,
        -0.04900394472765633,
        0.2716554916647802,
        0.12017770842901462,
        -0.026740727997583424,
        0.3475453646309047,
        0.25,
        0.03797411189427144,
        0.18910122605834376,
        0.25,
        -0.010227460723226575,
        0.21770747200691248,
        0.0,
        -0.19215649305871202,
        0.5932654955421071,
        0.25,
        -0.2753466328676916,
        0.6690498759482619,
        0.0,
        -0.08324056656589082,
        0.5493201837228494,
        0.25,
        0.07201705182313867,
        0.4944121752008308,
        0.1735826071723561,
        0.09314164902067283,
        0.5214999675371639,
        0.25,
        0.22296961245561575,
        0.3968238654707059,
        0.25,
        0.35646393865095505,
        0.4058367891357144
    ],
    "log_likelihood": -1254.8704993412516,
    "AIC": 2593.7409986825032,
    "BIC": 2756.95736800341,
    "success": true,
    "message": "CONVERGENCE: RELATIVE REDUCTION OF F <= FACTR*EPSMCH",
    "uniqueSensory": [
        0.1,
        1.2
    ],
    "uniqueStandard": [
        0.5
    ],
    "uniqueConflict": [
        -0.25,
        -0.17,
        -0.08,
        0.0,
        0.08,
        0.17,
        0.25
    ],
    "nStart": 1
}