{
    "participantID": "dt",
    "dataName": "dt_all",
    "n_params": 42,
    "n_conditions": 348,
    "n_trials": 2226,
    "parameters": [
        0.12933228481646725,
        -0.029246009931831154,
        0.162420263240256,
        0.09540057691157272,
        -0.036891009080746884,
        0.2136449475848358,
        0.0,
        -0.010193650471389818,
        0.19292636182500977,
        0.25,
        -0.012230390282191193,
        0.1305568370342944,
        0.13670100713562963,
        0.0025810074770723115,
        0.15538929138331492,
        0.25,
        0.030319897533728764,
        0.10109892453471092,
        0.25,
        0.004640007762091862,
        0.11060520519227211,
        0.07370513856379034,
        -0.06211205593645567,
        0.2364792062463944,
        0.2431598968302996,
        -0.10253406468414371,
        0.3104770374738545,
        0.0,
        -0.019303144388960282,
        0.2759958410022605,
        0.25,
        0.057064707376990834,
        0.2634271744821837,
        0.1961676115785401,
        0.06873710751368767,
        0.26036650885549023,
        0.25,
        0.13586750935612654,
        0.22138213802378143,
        0.25,
        0.22715897270577212,
        0.26697486556101413
    ],
    "log_likelihood": -1254.9850024164232,
    "AIC": 2593.9700048328464,
    "BIC": 2755.762508983374,
    "success": true,
    "message": "CONVERGENCE: REL_REDUCTION_OF_F_<=_FACTR*EPSMCH",
    "uniqueSensory": [
        0.1,
        1.2
    ],
    "uniqueStandard": [
        0.5
    ],
    "uniqueConflict": [
        -0.25,
        -0.17,
        -0.08,
        0.0,
        0.08,
        0.17,
        0.25
    ],
    "nStart": 1
}