{
    "participantID": "dt",
    "dataName": "dt_all.csv",
    "n_params": 42,
    "n_conditions": 348,
    "n_trials": 2226,
    "parameters": [
        0.1953621658894662,
        -0.08832771665594553,
        0.30416738508988983,
        0.05164178020917169,
        -0.12655447002710796,
        0.48614221251934875,
        0.0,
        -0.06423097697966959,
        0.38648123071934926,
        0.25,
        -0.04901482035203665,
        0.27165718142624207,
        0.12011597456452942,
        -0.02672130847827942,
        0.3475832206387245,
        0.25,
        0.03805474676859658,
        0.18911319906734084,
        0.25,
        -0.010230077749699532,
        0.21770156529801357,
        0.0,
        -0.19214457432172785,
        0.5931980617817502,
        0.25,
        -0.2754584339576293,
        0.6690589010627518,
        0.0,
        -0.08325520637764867,
        0.5494057773615518,
        0.25,
        0.07201409369124899,
        0.4943486266342864,
        0.17279627562563504,
        0.09317602667729366,
        0.5222514793791307,
        0.25,
        0.22295443800181045,
        0.39666834589075867,
        0.25,
        0.3564154293490958,
        0.40573123317356097
    ],
    "log_likelihood": -1254.8705002223026,
    "AIC": 2593.741000444605,
    "BIC": 2755.533504595133,
    "success": true,
    "message": "CONVERGENCE: REL_REDUCTION_OF_F_<=_FACTR*EPSMCH",
    "uniqueSensory": [
        0.1,
        1.2
    ],
    "uniqueStandard": [
        0.5
    ],
    "uniqueConflict": [
        -0.25,
        -0.17,
        -0.08,
        0.0,
        0.08,
        0.17,
        0.25
    ],
    "nStart": 1
}