{
    "participantID": "dt",
    "modelType": "lognorm_LapseFree_sharedPrior",
    "fittedParams": [
        0.2089223570331301,
        0.23594394981761085,
        0.5142048512222803,
        0.7692580445868114,
        1.571775308011099,
        0.148904454770615,
        0.18794465301039703
    ],
    "AIC": 2565.3941251182923,
    "BIC": 2581.8488538376214,
    "logLikelihood": -1278.6970625591462,
    "n_conditions": 452
}