{
    "participantID": "dt",
    "modelType": "probabilityMatchingLogNorm_LapseFree_sharedPrior",
    "fittedParams": [
        0.21875964892525226,
        0.23594394981761085,
        0.5142048512222803,
        1.8626444830971423e-10,
        1.571775308011099,
        0.15204142243666574,
        0.22169251311179253
    ],
    "AIC": 2566.6982699006076,
    "BIC": 2583.1529986199366,
    "logLikelihood": -1279.3491349503038,
    "n_conditions": 452
}