{
    "participantID": "qs",
    "modelType": "fusionOnly_LapseFree_sharedPrior",
    "fittedParams": [
        0.13622562400996685,
        0.11041058868169784,
        0.5681170414388179,
        0.298639805316925,
        0.41759146600961683,
        4.890524100512266
    ],
    "AIC": 2528.824395110535,
    "BIC": 2553.9539798490305,
    "logLikelihood": -1258.4121975552675,
    "n_conditions": 487
}