{
    "participantID": "qs",
    "modelType": "gaussian_LapseFree_contextualPrior",
    "fittedParams": [
        0.09581598624417893,
        0.10000009387247699,
        0.2705713765084874,
        0.6142678204472409,
        0.28697597445221623,
        0.18178955008443154,
        0.25,
        0.33889868249596544
    ],
    "AIC": 2525.619713656928,
    "BIC": 2559.125826641589,
    "logLikelihood": -1254.809856828464,
    "n_conditions": 487
}