{
    "participantID": "qs",
    "modelType": "lognorm",
    "fittedParams": [
        0.1225134486705065,
        0.22741734381765122,
        0.8666666565276682,
        0.5789703369029798,
        0.6284224842488766,
        0.8666666565276682
    ],
    "AIC": 2501.2478327674253,
    "BIC": 2526.3774175059207,
    "logLikelihood": -1244.6239163837126,
    "n_conditions": 487
}