{
    "participantID": "qs",
    "modelType": "logLinearMismatch",
    "fittedParams": [
        0.11296020560665057,
        0.22378930631501132,
        1.0453159680165116,
        0.8841349876889029,
        0.6271045709494502,
        1.0453159680165116
    ],
    "AIC": 2504.1770388497157,
    "BIC": 2529.306623588211,
    "logLikelihood": -1246.0885194248579,
    "n_conditions": 487
}