{
    "participantID": "sx",
    "modelType": "selection_LapseFree_sharedPrior",
    "fittedParams": [
        0.023234512085853337,
        0.17895699405860788,
        0.16849186529085647,
        0.9982713844042175,
        1.886813371595753,
        0.10118783924313758,
        0.0010684399134806288
    ],
    "AIC": 2151.861970848792,
    "BIC": 2182.0058978574284,
    "logLikelihood": -1068.930985424396,
    "n_conditions": 548
}