{
    "participantID": "sx",
    "modelType": "fusionOnlyLogNorm_LapseFree_sharedPrior",
    "fittedParams": [
        0.0010010687986155842,
        0.33265441676415497,
        0.3397699835642706,
        1.9999872921200001,
        0.10963822279986925,
        0.14758744903795887
    ],
    "AIC": 2153.654938070811,
    "BIC": 2179.492589792499,
    "logLikelihood": -1070.8274690354056,
    "n_conditions": 548
}