{
  "participantID": "ip",
  "best_params": [
    0.133238647881051,
    0.25088028517441396,
    0.8141370474081865,
    0.17120126035676242,
    0.8065720918262647,
    0.08863059094109119,
    0.010652222908665713
  ],
  "boot_mean": [
    0.13323881108011135,
    0.25088076766291084,
    0.8141374715998756,
    0.17120159687190545,
    0.8065719661198564,
    0.08863082878773995,
    0.010652375011131835
  ],
  "boot_std": [
    5.827307528118698e-07,
    5.437438146181406e-07,
    5.826244809720585e-07,
    7.428618894225676e-07,
    7.329982873844088e-07,
    5.812298686980452e-07,
    1.0586128183116838e-06
  ],
  "ci_low": [
    0.1332377904884743,
    0.25088024263021114,
    0.8141368803714665,
    0.17120065851248606,
    0.8065703425037405,
    0.08863001132077442,
    0.010650110308347362
  ],
  "ci_high": [
    0.13323986668487323,
    0.25088175259148043,
    0.8141386666997649,
    0.17120335219765823,
    0.8065733437622526,
    0.08863188331251079,
    0.01065377396498049
  ],
  "n_successful": 20,
  "boot_samples": [
    [
      0.13323929664964956,
      0.25088086745161553,
      0.8141381839585052,
      0.171200592951297,
      0.8065735507449489,
      0.08863191386368474,
      0.010652363706074903
    ],
    [
      0.13323865256897455,
      0.2508802872275056,
      0.8141370454022875,
      0.17120126554886175,
      0.8065720887208486,
      0.0886305919992644,
      0.010652222735667363
    ],
    [
      0.13323864337103355,
      0.2508802818661542,
      0.8141370417512785,
      0.1712012568148358,
      0.8065720868153818,
      0.0886305900760695,
      0.010652218926602399
    ],
    [
      0.13323864070153824,
      0.2508802788754475,
      0.8141370430022755,
      0.17120126018001175,
      0.8065720894910746,
      0.08863058219434443,
      0.010652213569081123
    ],
    [
      0.13323920555147023,
      0.25088113224491415,
      0.8141377449214313,
      0.17120151262310732,
      0.8065726351890596,
      0.0886318495454238,
      0.010653062367785529
    ],
    [
      0.13323867961754288,
      0.25088031343518097,
      0.8141370381346877,
      0.17120131224460314,
      0.8065721496992192,
      0.0886305567236619,
      0.010652202213806812
    ],
    [
      0.133238647881051,
      0.25088028517441396,
      0.8141370474081865,
      0.17120126035676242,
      0.8065720918262647,
      0.08863059094109119,
      0.010652222908665713
    ],
    [
      0.13323965140202015,
      0.25088171833704803,
      0.8141383156142431,
      0.1712024866073579,
      0.80657178103247,
      0.08863168725542578,
      0.01065262431754881
    ],
    [
      0.13323865239714008,
      0.25088029416365193,
      0.8141370569224997,
      0.17120126496109966,
      0.806572097438899,
      0.08863060539869469,
      0.010652235008327406
    ],
    [
      0.13323743788240905,
      0.250881063837613,
      0.8141374125670116,
      0.17120133673389387,
      0.8065717156154883,
      0.0886311675157082,
      0.0106483807224409
    ],
    [
      0.13323864853963108,
      0.25088028785892696,
      0.8141370544994689,
      0.1712012575381539,
      0.8065720980477029,
      0.08863059284676073,
      0.010652219760171711
    ],
    [
      0.1332394767657818,
      0.2508813507268299,
      0.8141372854836338,
      0.17120217985057354,
      0.8065731149919042,
      0.08863176998333346,
      0.010653130439519135
    ],
    [
      0.13323832303178557,
      0.2508802620409173,
      0.8141371070943166,
      0.1712017448380573,
      0.8065721850258819,
      0.0886312124705516,
      0.01065202195592819
    ],
    [
      0.1332386508180626,
      0.25088028945743857,
      0.8141370580956752,
      0.17120125296416486,
      0.8065720952858874,
      0.08863059457928749,
      0.010652226412861633
    ],
    [
      0.13323993947424537,
      0.250880843305488,
      0.8141389843485703,
      0.1712029671767411,
      0.8065715244372539,
      0.08863106318791078,
      0.010653317874825294
    ],
    [
      0.1332397862334619,
      0.2508811090750484,
      0.8141380716882783,
      0.1712037005499166,
      0.8065698706523036,
      0.08862996440668909,
      0.01065387698993872
    ],
    [
      0.1332381802109675,
      0.25088169460332277,
      0.8141382645812608,
      0.1712012077176793,
      0.8065708640237497,
      0.088630079358373,
      0.010652771047978495
    ],
    [
      0.133238793600021,
      0.25088098492496913,
      0.814137659984787,
      0.17120107837454537,
      0.8065720403987653,
      0.0886307530528474,
      0.010652093092125043
    ],
    [
      0.13323829793571096,
      0.2508817835835859,
      0.814136737633314,
      0.1712022684315933,
      0.8065713638050095,
      0.0886300631731845,
      0.010653660095289817
    ],
    [
      0.13323861696972975,
      0.2508802250681436,
      0.8141372789058019,
      0.17120073097485294,
      0.8065718791550172,
      0.0886303471824924,
      0.0106524360779978
    ]
  ]
}