{
    "participantID": "oy",
    "modelType": "lognorm_LapseFree_sharedPrior",
    "fittedParams": [
        0.21365087734460833,
        0.1664710987614825,
        0.9972884708510001,
        0.9999999970197678,
        0.3571849427130406,
        0.23032099961191418,
        0.24586427115499976
    ],
    "AIC": 2346.9607099120367,
    "BIC": 2365.013630355686,
    "logLikelihood": -1169.4803549560183,
    "n_conditions": 674
}