{
    "participantID": "oy",
    "modelType": "switchingFree_LapseFree_sharedPrior",
    "fittedParams": [
        0.06458188815887733,
        0.1664710987614825,
        0.9972884708510001,
        0.20217707567944665,
        0.3571849427130406,
        0.07655358899606517,
        0.12208650537281092,
        0.11233111598485263
    ],
    "AIC": 2331.2333205642885,
    "BIC": 2353.79947111885,
    "logLikelihood": -1160.6166602821443,
    "n_conditions": 674
}