{
    "participantID": "oy",
    "model_type": "lognorm_LapseFree_sharedPrior",
    "simulated_file": "simulated_data/oy/oy_lognorm_LapseFree_sharedPrior_simulated.csv",
    "n_params": 42,
    "n_conditions": 674,
    "n_trials": 65130,
    "parameters": [
        0.14044172304045346,
        -0.047060802686158275,
        0.4013416072449073,
        0.07810255204244765,
        -0.001933058404794442,
        0.38847232220486305,
        0.1027891635473254,
        0.03392866147702561,
        0.38191730663159384,
        0.09385168063569987,
        0.029187549912484023,
        0.3740883632740922,
        0.1958104780623783,
        0.06806896249465287,
        0.36217959801223815,
        0.10027194330510947,
        0.0829367222405364,
        0.38260676522860065,
        0.0854515671496704,
        0.10045559507562768,
        0.3957337930041089,
        0.19878729095331596,
        -0.06034394222386598,
        0.46458967201877877,
        0.0,
        -0.008660174752972597,
        0.6287328242985273,
        0.10096260220338696,
        0.030150544639238722,
        0.507936231439006,
        0.008398270379188225,
        0.07252536023474238,
        0.6563902807019474,
        0.15928394251326475,
        0.06910106492048582,
        0.5624328680151932,
        0.0,
        0.13330709498525925,
        0.6568151390816233,
        0.00462220411579681,
        0.14453692126015713,
        0.6158449224495797
    ],
    "log_likelihood": -34855.8836337651,
    "AIC": 69795.7672675302,
    "BIC": 69985.32293218852,
    "success": true,
    "message": "CONVERGENCE: RELATIVE REDUCTION OF F <= FACTR*EPSMCH",
    "uniqueSensory": [
        0.1,
        1.2
    ],
    "uniqueStandard": [
        0.5
    ],
    "uniqueConflict": [
        -0.25,
        -0.17,
        -0.08,
        0.0,
        0.08,
        0.17,
        0.25
    ],
    "nStart": 1
}