{
    "participantID": "oy",
    "model_type": "lognorm_LapseFree_sharedPrior",
    "simulated_file": "simulated_data/oy/oy_lognorm_LapseFree_sharedPrior_simulated.csv",
    "n_params": 42,
    "n_conditions": 674,
    "n_trials": 65130,
    "parameters": [
        0.25,
        -1.0,
        0.5456301803489434,
        0.25,
        -1.0,
        0.7341194259610344,
        0.25,
        -1.0,
        0.67073107775025,
        0.25,
        -1.0,
        0.734553617115103,
        0.25,
        -1.0,
        0.8712286705157325,
        0.25,
        -1.0,
        0.74796987799294,
        0.25,
        -1.0,
        0.8721238988409602,
        0.25,
        -1.0,
        0.8670026629497667,
        0.25,
        -1.0,
        1.0183332493793886,
        0.25,
        -1.0,
        0.9611335493947653,
        0.25,
        -1.0,
        1.2057512912848372,
        0.25,
        -1.0,
        1.1440043300924159,
        0.25,
        -1.0,
        1.3935178265110015,
        0.25,
        -1.0,
        1.3043224795951511
    ],
    "log_likelihood": -39011.60275539667,
    "AIC": 78107.20551079334,
    "BIC": 78296.76117545165,
    "success": true,
    "message": "CONVERGENCE: REL_REDUCTION_OF_F_<=_FACTR*EPSMCH",
    "uniqueSensory": [
        0.1,
        1.2
    ],
    "uniqueStandard": [
        0.5
    ],
    "uniqueConflict": [
        -0.25,
        -0.17,
        -0.08,
        0.0,
        0.08,
        0.17,
        0.25
    ],
    "nStart": 1
}