{
    "participantID": "mt",
    "model_type": "lognorm_LapseFree_sharedPrior",
    "simulated_file": "simulated_data/mt/mt_lognorm_LapseFree_sharedPrior_simulated.csv",
    "n_params": 42,
    "n_conditions": 353,
    "n_trials": 64680,
    "parameters": [
        0.25,
        -1.0,
        1.5222392226925092,
        0.25,
        -1.0,
        2.0,
        0.25,
        -1.0,
        0.6399871643788551,
        0.25,
        -1.0,
        0.6546910916759048,
        0.25,
        -1.0,
        0.7417977328245146,
        0.25,
        -1.0,
        0.5923234006463783,
        0.25,
        -1.0,
        1.3268690271158188,
        0.25,
        -1.0,
        2.0,
        0.25,
        -1.0,
        1.2854534536183735,
        0.25,
        -1.0,
        0.7485596624037897,
        0.25,
        -1.0,
        1.3882202360002973,
        0.25,
        -1.0,
        1.8932912552512187,
        0.25,
        -1.0,
        1.6998898532228968,
        0.25,
        -0.8606182889592289,
        1.2545316632186685
    ],
    "log_likelihood": -40367.515007427945,
    "AIC": 80819.03001485589,
    "BIC": 80981.42167324708,
    "success": true,
    "message": "CONVERGENCE: REL_REDUCTION_OF_F_<=_FACTR*EPSMCH",
    "uniqueSensory": [
        0.1,
        1.2
    ],
    "uniqueStandard": [
        0.5
    ],
    "uniqueConflict": [
        -0.25,
        -0.17,
        -0.08,
        0.0,
        0.08,
        0.17,
        0.25
    ],
    "nStart": 1
}