{
    "participantID": "mt",
    "model_type": "lognorm_LapseFree_sharedPrior",
    "simulated_file": "simulated_data/mt/mt_lognorm_LapseFree_sharedPrior_simulated.csv",
    "n_params": 42,
    "n_conditions": 353,
    "n_trials": 64680,
    "parameters": [
        0.24399582244937013,
        -0.06997464905932249,
        0.16337778647643245,
        0.027883017229796223,
        -0.036621689345951745,
        0.20116938664538403,
        0.18282090185177524,
        -0.02380851458546902,
        0.17359209885237528,
        0.04462986621447182,
        0.019848439035445815,
        0.1987775287005446,
        0.20526170320691844,
        0.04240933990763184,
        0.20528373943481593,
        0.11700291430352296,
        0.06289398551365621,
        0.2340101479114842,
        0.025901436221580525,
        0.0647854213322857,
        0.2298300756437856,
        0.25,
        -0.29218468550976673,
        0.3159467990127637,
        0.041858056804487793,
        -0.194757342473677,
        0.37884501476175986,
        0.18808022996093876,
        -0.06228361059705438,
        0.3756990484053012,
        0.07770849868031555,
        0.0029517978964141373,
        0.35604247928633437,
        0.21705774929712382,
        0.11380143579135465,
        0.40810500344538375,
        0.19457290368514102,
        0.18284672478033848,
        0.3954000863757018,
        0.0056393373766834955,
        0.2624029999731141,
        0.4634907956465184
    ],
    "log_likelihood": -32782.45904728661,
    "AIC": 65648.91809457322,
    "BIC": 65811.30975296441,
    "success": true,
    "message": "CONVERGENCE: RELATIVE REDUCTION OF F <= FACTR*EPSMCH",
    "uniqueSensory": [
        0.1,
        1.2
    ],
    "uniqueStandard": [
        0.5
    ],
    "uniqueConflict": [
        -0.25,
        -0.17,
        -0.08,
        0.0,
        0.08,
        0.17,
        0.25
    ],
    "nStart": 1
}